####
#
# OBJ File Generated by Meshlab
#
####
# Object BLA.obj
#
# Vertices: 10346
# Faces: 20668
#
####
v -0.0899021327495575 -0.0472637861967087 0.0120193269103765
v -0.0898366868495941 -0.0472637861967087 0.0121635710820556
v -0.0899491831660271 -0.0472637861967087 0.0121937161311507
v -0.0900315418839455 -0.0472637861967087 0.0122760711237788
v -0.0900607854127884 -0.0472637861967087 0.0120878992602229
v -0.0900241807103157 -0.0472637861967087 0.0120638124644756
v -0.0898366868495941 -0.0472637861967087 0.0120135713368654
v -0.0897271186113358 -0.0472637861967087 0.0120299337431788
v -0.0897241830825806 -0.0472637861967087 0.0121937161311507
v -0.0896116867661476 -0.0472637861967087 0.0123885711655021
v -0.0896418243646622 -0.0472637861967087 0.0122760711237788
v -0.0894871950149536 -0.0472637861967087 0.0122526139020920
v -0.0896491855382919 -0.0472637861967087 0.0120638124644756
v -0.0895716547966003 -0.0472637861967087 0.0121232699602842
v -0.0895119234919548 -0.0472637861967087 0.0122010717168450
v -0.0896418243646622 -0.0472637861967087 0.0125010712072253
v -0.0895278006792068 -0.0472637861967087 0.0126012088730931
v -0.0897241830825806 -0.0472637861967087 0.0125834271311760
v -0.0896491855382919 -0.0472637861967087 0.0127133307978511
v -0.0898366868495941 -0.0472637861967087 0.0126135712489486
v -0.0898366868495941 -0.0472637861967087 0.0127635719254613
v -0.0899491831660271 -0.0472637861967087 0.0125834271311760
v -0.0900241807103157 -0.0472637861967087 0.0127133307978511
v -0.0900315418839455 -0.0472637861967087 0.0125010712072253
v -0.0901614427566528 -0.0472637861967087 0.0125760715454817
v -0.0900616869330406 -0.0472637861967087 0.0123885711655021
v -0.0902116820216179 -0.0472637861967087 0.0123885711655021
v -0.0901614427566528 -0.0472637861967087 0.0122010717168450
v -0.0894616842269897 -0.0472637861967087 0.0123885711655021
v -0.0894648879766464 -0.0472637861967087 0.0124375000596046
v -0.0895119234919548 -0.0472637861967087 0.0125760715454817
v -0.0868331715464592 0.0110623948276043 0.0125760715454817
v -0.0874728262424469 0.0109496042132378 0.0125760715454817
v -0.0868488103151321 0.0110596381127834 0.0126012088730931
v -0.0869683474302292 0.0110385604202747 0.0127133307978511
v -0.0867868512868881 0.0110705606639385 0.0124375000596046
v -0.0867836996912956 0.0110711194574833 0.0123885711655021
v -0.0868088230490685 0.0110666863620281 0.0122526139020920
v -0.0874728262424469 0.0109496042132378 0.0122010717168450
v -0.0875223055481911 0.0109408833086491 0.0123885711655021
v -0.0873736962676048 0.0109670832753181 0.0120878992602229
v -0.0873376503586769 0.0109734423458576 0.0120638124644756
v -0.0872174501419067 0.0109946355223656 0.0120193269103765
v -0.0873376503586769 0.0109734423458576 0.0127133307978511
v -0.0871530026197433 0.0110060013830662 0.0127635719254613
v -0.0869801044464111 0.0110364854335785 0.0127199357375503
v -0.0868331715464592 0.0110623948276043 0.0122010717168450
v -0.0868920013308525 0.0110520198941231 0.0121232699602842
v -0.0869683474302292 0.0110385604202747 0.0120638124644756
v -0.0870451033115387 0.0110250264406204 0.0120299337431788
v -0.0871530026197433 0.0110060013830662 0.0120135713368654
v -0.0876332819461823 -0.0330777764320374 0.0126162469387054
v -0.0876642465591431 -0.0330777764320374 0.0125686330720782
v -0.0877040848135948 -0.0330777764320374 0.0124565856531262
v -0.0877103060483932 -0.0330777764320374 0.0123885544016957
v -0.0876939669251442 -0.0330777764320374 0.0122790820896626
v -0.0876727849245071 -0.0330777764320374 0.0122250653803349
v -0.0876004695892334 -0.0330777764320374 0.0121234068647027
v -0.0875594317913055 -0.0330777764320374 0.0120879160240293
v -0.0874611735343933 -0.0330777764320374 0.0120353261008859
v -0.0874007716774940 -0.0330777764320374 0.0120193297043443
v -0.0872791931033134 -0.0330777764320374 0.0120177939534187
v -0.0872257724404335 -0.0330777764320374 0.0120299253612757
v -0.0871156826615334 -0.0330777764320374 0.0120846126228571
v -0.0870702415704727 -0.0330777764320374 0.0121233044192195
v -0.0869993865489960 -0.0330777764320374 0.0122218979522586
v -0.0869858041405678 -0.0330777764320374 0.0122526520863175
v -0.0869603082537651 -0.0330777764320374 0.0123885711655021
v -0.0869631171226501 -0.0330777764320374 0.0124343950301409
v -0.0870246216654778 -0.0330777764320374 0.0125985676422715
v -0.0871575474739075 -0.0330777764320374 0.0127187641337514
v -0.0873353108763695 -0.0330777764320374 0.0127635719254613
v -0.0874952524900436 -0.0330777764320374 0.0127277504652739
v -0.0875426083803177 -0.0330777764320374 0.0127010662108660
v -0.0868278890848160 -0.0320074297487736 0.0124343950301409
v -0.0867864638566971 -0.0309293698519468 0.0124343950301409
v -0.0868470296263695 -0.0309400502592325 0.0125985676422715
v -0.0868891626596451 -0.0320127904415131 0.0125985676422715
v -0.0870215818285942 -0.0320243760943413 0.0127187641337514
v -0.0871986672282219 -0.0320398695766926 0.0127635719254613
v -0.0873580053448677 -0.0320538096129894 0.0127277504652739
v -0.0869779437780380 -0.0309631321579218 0.0127187641337514
v -0.0871530026197433 -0.0309939999133348 0.0127635719254613
v -0.0873105153441429 -0.0310217738151550 0.0127277504652739
v -0.0873571485280991 -0.0310299973934889 0.0127010662108660
v -0.0874955058097839 -0.0320658385753632 0.0126162469387054
v -0.0874464511871338 -0.0310457423329353 0.0126162469387054
v -0.0874769464135170 -0.0310511197894812 0.0125686330720782
v -0.0875660404562950 -0.0320720113813877 0.0124565856531262
v -0.0875161811709404 -0.0310580376535654 0.0124565856531262
v -0.0875223055481911 -0.0310591179877520 0.0123885544016957
v -0.0875559598207474 -0.0320711284875870 0.0122790820896626
v -0.0875062122941017 -0.0310562811791897 0.0122790820896626
v -0.0874628201127052 -0.0320629775524139 0.0121234068647027
v -0.0874853506684303 -0.0310526024550200 0.0122250653803349
v -0.0874141380190849 -0.0310400463640690 0.0121234068647027
v -0.0873240530490875 -0.0320508368313313 0.0120353261008859
v -0.0873737186193466 -0.0310329180210829 0.0120879160240293
v -0.0872769579291344 -0.0310158561915159 0.0120353261008859
v -0.0872174650430679 -0.0310053676366806 0.0120193297043443
v -0.0871427580714226 -0.0320349782705307 0.0120177939534187
v -0.0869367122650146 -0.0309558622539043 0.0120846126228571
v -0.0869798734784126 -0.0320207253098488 0.0120846126228571
v -0.0870451331138611 -0.0309749804437160 0.0120299253612757
v -0.0870977342128754 -0.0309842545539141 0.0120177939534187
v -0.0868919640779495 -0.0309479720890522 0.0121233044192195
v -0.0868640169501305 -0.0320105887949467 0.0122218979522586
v -0.0868221819400787 -0.0309356674551964 0.0122218979522586
v -0.0868088081479073 -0.0309333093464375 0.0122526520863175
v -0.0868250876665115 -0.0320071838796139 0.0123885711655021
v -0.0867836996912956 -0.0309288818389177 0.0123885711655021
v -0.0900315418839455 -0.0492637865245342 0.0125010712072253
v -0.0900616869330406 -0.0492637865245342 0.0123885711655021
v -0.0900315418839455 -0.0492637865245342 0.0122760711237788
v -0.0896418243646622 -0.0492637865245342 0.0122760711237788
v -0.0896116867661476 -0.0492637865245342 0.0123885711655021
v -0.0896418243646622 -0.0492637865245342 0.0125010712072253
v -0.0898366868495941 -0.0492637865245342 0.0121635710820556
v -0.0897241830825806 -0.0492637865245342 0.0121937161311507
v -0.0899491831660271 -0.0492637865245342 0.0121937161311507
v -0.0897241830825806 -0.0492637865245342 0.0125834271311760
v -0.0898366868495941 -0.0492637865245342 0.0126135712489486
v -0.0899491831660271 -0.0492637865245342 0.0125834271311760
v -0.0947712883353233 -0.0472637861967087 0.0107718175277114
v -0.0946930795907974 -0.0472637861967087 0.0109135713428259
v -0.0948055759072304 -0.0472637861967087 0.0109437154605985
v -0.0948879346251488 -0.0472637861967087 0.0110260713845491
v -0.0949246436357498 -0.0472637861967087 0.0108436094596982
v -0.0948805809020996 -0.0472637861967087 0.0108138117939234
v -0.0946930795907974 -0.0472637861967087 0.0107635715976357
v -0.0946148708462715 -0.0472637861967087 0.0107718175277114
v -0.0945805758237839 -0.0472637861967087 0.0109437154605985
v -0.0944680795073509 -0.0472637861967087 0.0111385714262724
v -0.0944982245564461 -0.0472637861967087 0.0110260713845491
v -0.0943432822823524 -0.0472637861967087 0.0110034178942442
v -0.0945055782794952 -0.0472637861967087 0.0108138117939234
v -0.0944510549306870 -0.0472637861967087 0.0108521273359656
v -0.0943683162331581 -0.0472637861967087 0.0109510719776154
v -0.0946930795907974 -0.0472637861967087 0.0113635715097189
v -0.0947310030460358 -0.0472637861967087 0.0115116490051150
v -0.0948055759072304 -0.0472637861967087 0.0113334273919463
v -0.0948805809020996 -0.0472637861967087 0.0114633310586214
v -0.0948879346251488 -0.0472637861967087 0.0112510714679956
v -0.0950178354978561 -0.0472637861967087 0.0113260718062520
v -0.0949180796742439 -0.0472637861967087 0.0111385714262724
v -0.0950680747628212 -0.0472637861967087 0.0111385714262724
v -0.0950178354978561 -0.0472637861967087 0.0109510719776154
v -0.0944982245564461 -0.0472637861967087 0.0112510714679956
v -0.0943885892629623 -0.0472637861967087 0.0113574564456940
v -0.0945805758237839 -0.0472637861967087 0.0113334273919463
v -0.0945055782794952 -0.0472637861967087 0.0114633310586214
v -0.0946930795907974 -0.0472637861967087 0.0115135712549090
v -0.0943180769681931 -0.0472637861967087 0.0111385714262724
v -0.0943223461508751 -0.0472637861967087 0.0111949909478426
v -0.0943683162331581 -0.0472637861967087 0.0113260718062520
v -0.0892201140522957 0.0109056420624256 0.0113260718062520
v -0.0890895724296570 0.0109480582177639 0.0114633310586214
v -0.0889112502336502 0.0110060013830662 0.0115135712549090
v -0.0889856293797493 0.0109818316996098 0.0107718175277114
v -0.0890895724296570 0.0109480582177639 0.0108138117939234
v -0.0886810719966888 0.0110807903110981 0.0108521273359656
v -0.0887329280376434 0.0110639408230782 0.0108138117939234
v -0.0886023864150047 0.0111063569784164 0.0113260718062520
v -0.0889112502336502 0.0110060013830662 0.0107635715976357
v -0.0887493565678596 0.0110586024820805 0.0114727094769478
v -0.0887329280376434 0.0110639408230782 0.0114633310586214
v -0.0886216610670090 0.0111000910401344 0.0113574564456940
v -0.0888368710875511 0.0110301673412323 0.0107718175277114
v -0.0885586664080620 0.0111205615103245 0.0111949909478426
v -0.0885546058416367 0.0111218802630901 0.0111385714262724
v -0.0885785743594170 0.0111140944063663 0.0110034178942442
v -0.0886023864150047 0.0111063569784164 0.0109510719776154
v -0.0892678946256638 0.0108901187777519 0.0111385714262724
v -0.0892201140522957 0.0109056420624256 0.0109510719776154
v -0.0891314819455147 0.0109344422817230 0.0108436094596982
v -0.0893983170390129 -0.0299210511147976 0.0109808882698417
v -0.0893232449889183 -0.0299210511147976 0.0108734061941504
v -0.0892897844314575 -0.0299210511147976 0.0108437193557620
v -0.0891843065619469 -0.0299210511147976 0.0107854539528489
v -0.0891363173723221 -0.0299210511147976 0.0107718231156468
v -0.0890580788254738 -0.0299210511147976 0.0107635715976357
v -0.0894268676638603 -0.0299210511147976 0.0112065458670259
v -0.0894330814480782 -0.0299210511147976 0.0111385164782405
v -0.0894167274236679 -0.0299210511147976 0.0110290441662073
v -0.0890023261308670 -0.0299210511147976 0.0107677401974797
v -0.0889799445867538 -0.0299210511147976 0.0107718016952276
v -0.0888387933373451 -0.0299210511147976 0.0108343716710806
v -0.0888158679008484 -0.0299210511147976 0.0108522921800613
v -0.0887223556637764 -0.0299210511147976 0.0109715051949024
v -0.0887082368135452 -0.0299210511147976 0.0110035352408886
v -0.0886830836534500 -0.0299210511147976 0.0111385714262724
v -0.0886858925223351 -0.0299210511147976 0.0111843943595886
v -0.0887473896145821 -0.0299210511147976 0.0113485669717193
v -0.0888803228735924 -0.0299210511147976 0.0114687634631991
v -0.0890580788254738 -0.0299210511147976 0.0115135712549090
v -0.0892180576920509 -0.0299210511147976 0.0114777348935604
v -0.0892591178417206 -0.0299210511147976 0.0114551289007068
v -0.0893560796976089 -0.0299210511147976 0.0113662146031857
v -0.0893840789794922 -0.0299210511147976 0.0113239046186209
v -0.0892348363995552 -0.0290991384536028 0.0109808882698417
v -0.0891634374856949 -0.0290759410709143 0.0108734061941504
v -0.0892100855708122 -0.0295047853142023 0.0108734061941504
v -0.0885805785655975 -0.0294050797820091 0.0111843943595886
v -0.0885572806000710 -0.0288789868354797 0.0111843943595886
v -0.0886157676577568 -0.0288979932665825 0.0113485669717193
v -0.0886413231492043 -0.0294147022068501 0.0113485669717193
v -0.0887726172804832 -0.0294354967772961 0.0114687634631991
v -0.0889481827616692 -0.0294633042067289 0.0115135712549090
v -0.0891061946749687 -0.0294883288443089 0.0114777348935604
v -0.0887421891093254 -0.0289390701800585 0.0114687634631991
v -0.0889112502336502 -0.0289939995855093 0.0115135712549090
v -0.0890633985400200 -0.0290434360504150 0.0114777348935604
v -0.0891024470329285 -0.0290561243891716 0.0114551289007068
v -0.0892425179481506 -0.0295099206268787 0.0113662146031857
v -0.0891946628689766 -0.0290860868990421 0.0113662146031857
v -0.0892212986946106 -0.0290947407484055 0.0113239046186209
v -0.0893124341964722 -0.0295209940522909 0.0112065458670259
v -0.0892619863152504 -0.0291079618036747 0.0112065458670259
v -0.0892678946256638 -0.0291098821908236 0.0111385164782405
v -0.0893024206161499 -0.0295194089412689 0.0110290441662073
v -0.0892523452639580 -0.0291048288345337 0.0110290441662073
v -0.0891316160559654 -0.0290656015276909 0.0108437193557620
v -0.0890728607773781 -0.0294830501079559 0.0107854539528489
v -0.0889856591820717 -0.0290181767195463 0.0107718231156468
v -0.0889112502336502 -0.0289939995855093 0.0107635715976357
v -0.0888931155204773 -0.0294545814394951 0.0107677401974797
v -0.0890313014388084 -0.0290330052375793 0.0107854539528489
v -0.0887026935815811 -0.0289262365549803 0.0108343716710806
v -0.0887315943837166 -0.0294289998710155 0.0108343716710806
v -0.0888369381427765 -0.0289698541164398 0.0107718016952276
v -0.0888582244515419 -0.0289767701178789 0.0107677401974797
v -0.0886808857321739 -0.0289191510528326 0.0108522921800613
v -0.0886165872216225 -0.0294107832014561 0.0109715051949024
v -0.0885919556021690 -0.0288902539759874 0.0109715051949024
v -0.0885785296559334 -0.0288858935236931 0.0110035352408886
v -0.0885777994990349 -0.0294046401977539 0.0111385714262724
v -0.0885546058416367 -0.0288781188428402 0.0111385714262724
v -0.0946930795907974 -0.0492637865245342 0.0109135713428259
v -0.0945805758237839 -0.0492637865245342 0.0109437154605985
v -0.0944982245564461 -0.0492637865245342 0.0110260713845491
v -0.0944680795073509 -0.0492637865245342 0.0111385714262724
v -0.0948879346251488 -0.0492637865245342 0.0112510714679956
v -0.0944982245564461 -0.0492637865245342 0.0112510714679956
v -0.0945805758237839 -0.0492637865245342 0.0113334273919463
v -0.0946930795907974 -0.0492637865245342 0.0113635715097189
v -0.0948055759072304 -0.0492637865245342 0.0113334273919463
v -0.0948055759072304 -0.0492637865245342 0.0109437154605985
v -0.0948879346251488 -0.0492637865245342 0.0110260713845491
v -0.0949180796742439 -0.0492637865245342 0.0111385714262724
v -0.0921426266431808 -0.0472637861967087 0.0107718175277114
v -0.0920644253492355 -0.0472637861967087 0.0109135713428259
v -0.0921769216656685 -0.0472637861967087 0.0109437154605985
v -0.0922592803835869 -0.0472637861967087 0.0110260713845491
v -0.0922959893941879 -0.0472637861967087 0.0108436094596982
v -0.0922519192099571 -0.0472637861967087 0.0108138117939234
v -0.0920644253492355 -0.0472637861967087 0.0107635715976357
v -0.0919862166047096 -0.0472637861967087 0.0107718175277114
v -0.0919519215822220 -0.0472637861967087 0.0109437154605985
v -0.0918394252657890 -0.0472637861967087 0.0111385714262724
v -0.0918695628643036 -0.0472637861967087 0.0110260713845491
v -0.0917146205902100 -0.0472637861967087 0.0110034178942442
v -0.0918769240379333 -0.0472637861967087 0.0108138117939234
v -0.0918224006891251 -0.0472637861967087 0.0108521273359656
v -0.0917396619915962 -0.0472637861967087 0.0109510719776154
v -0.0920644253492355 -0.0472637861967087 0.0113635715097189
v -0.0921023488044739 -0.0472637861967087 0.0115116490051150
v -0.0921769216656685 -0.0472637861967087 0.0113334273919463
v -0.0922519192099571 -0.0472637861967087 0.0114633310586214
v -0.0922592803835869 -0.0472637861967087 0.0112510714679956
v -0.0923891812562943 -0.0472637861967087 0.0113260718062520
v -0.0922894254326820 -0.0472637861967087 0.0111385714262724
v -0.0924394205212593 -0.0472637861967087 0.0111385714262724
v -0.0923891812562943 -0.0472637861967087 0.0109510719776154
v -0.0918695628643036 -0.0472637861967087 0.0112510714679956
v -0.0917599350214005 -0.0472637861967087 0.0113574564456940
v -0.0919519215822220 -0.0472637861967087 0.0113334273919463
v -0.0918769240379333 -0.0472637861967087 0.0114633310586214
v -0.0920644253492355 -0.0472637861967087 0.0115135712549090
v -0.0916894227266312 -0.0472637861967087 0.0111385714262724
v -0.0916936919093132 -0.0472637861967087 0.0111949909478426
v -0.0917396619915962 -0.0472637861967087 0.0113260718062520
v -0.0867201164364815 0.0109056420624256 0.0113260718062520
v -0.0865895748138428 0.0109480582177639 0.0114633310586214
v -0.0864112526178360 0.0110060013830662 0.0115135712549090
v -0.0864856317639351 0.0109818316996098 0.0107718175277114
v -0.0865895748138428 0.0109480582177639 0.0108138117939234
v -0.0861810743808746 0.0110807903110981 0.0108521273359656
v -0.0862329304218292 0.0110639408230782 0.0108138117939234
v -0.0861023887991905 0.0111063569784164 0.0113260718062520
v -0.0864112526178360 0.0110060013830662 0.0107635715976357
v -0.0862493589520454 0.0110586024820805 0.0114727094769478
v -0.0862329304218292 0.0110639408230782 0.0114633310586214
v -0.0861216634511948 0.0111000910401344 0.0113574564456940
v -0.0863368734717369 0.0110301673412323 0.0107718175277114
v -0.0860586613416672 0.0111205615103245 0.0111949909478426
v -0.0860546082258224 0.0111218802630901 0.0111385714262724
v -0.0860785767436028 0.0111140944063663 0.0110034178942442
v -0.0861023887991905 0.0111063569784164 0.0109510719776154
v -0.0867678970098495 0.0108901187777519 0.0111385714262724
v -0.0867201164364815 0.0109056420624256 0.0109510719776154
v -0.0866314843297005 0.0109344422817230 0.0108436094596982
v -0.0870206803083420 -0.0306935943663120 0.0109808882698417
v -0.0869456082582474 -0.0306935943663120 0.0108734061941504
v -0.0869121477007866 -0.0306935943663120 0.0108437193557620
v -0.0868066474795341 -0.0306935943663120 0.0107854483649135
v -0.0867586731910706 -0.0306935943663120 0.0107718231156468
v -0.0866804420948029 -0.0306935943663120 0.0107635715976357
v -0.0870492309331894 -0.0306935943663120 0.0112065477296710
v -0.0870554372668266 -0.0306935943663120 0.0111385164782405
v -0.0870390906929970 -0.0306935943663120 0.0110290450975299
v -0.0866246670484543 -0.0306935943663120 0.0107677420601249
v -0.0866023078560829 -0.0306935943663120 0.0107718016952276
v -0.0864611342549324 -0.0306935943663120 0.0108343828469515
v -0.0864382237195969 -0.0306935943663120 0.0108522921800613
v -0.0863447040319443 -0.0306935943663120 0.0109715228900313
v -0.0863306000828743 -0.0306935943663120 0.0110035352408886
v -0.0863054394721985 -0.0306935943663120 0.0111385714262724
v -0.0863082483410835 -0.0306935943663120 0.0111843943595886
v -0.0863697528839111 -0.0306935943663120 0.0113485669717193
v -0.0865026786923409 -0.0306935943663120 0.0114687634631991
v -0.0866804420948029 -0.0306935943663120 0.0115135712549090
v -0.0868404135107994 -0.0306935943663120 0.0114777358248830
v -0.0868814811110497 -0.0306935943663120 0.0114551289007068
v -0.0869784355163574 -0.0306935943663120 0.0113662164658308
v -0.0870064422488213 -0.0306935943663120 0.0113239046186209
v -0.0867348387837410 -0.0290991384536028 0.0109808882698417
v -0.0866634398698807 -0.0290759410709143 0.0108734061941504
v -0.0867408663034439 -0.0298958700150251 0.0108734061941504
v -0.0861113592982292 -0.0297961663454771 0.0111843943595886
v -0.0860572755336761 -0.0288789868354797 0.0111843943595886
v -0.0861157700419426 -0.0288979932665825 0.0113485669717193
v -0.0861721038818359 -0.0298057869076729 0.0113485669717193
v -0.0863033980131149 -0.0298265814781189 0.0114687634631991
v -0.0864789634943008 -0.0298543889075518 0.0115135712549090
v -0.0866369754076004 -0.0298794154077768 0.0114777358248830
v -0.0862421914935112 -0.0289390701800585 0.0114687634631991
v -0.0864112526178360 -0.0289939995855093 0.0115135712549090
v -0.0865634009242058 -0.0290434360504150 0.0114777358248830
v -0.0866024494171143 -0.0290561243891716 0.0114551289007068
v -0.0867732912302017 -0.0299010071903467 0.0113662164658308
v -0.0866946652531624 -0.0290860868990421 0.0113662164658308
v -0.0867212936282158 -0.0290947407484055 0.0113239046186209
v -0.0868432149291039 -0.0299120806157589 0.0112065477296710
v -0.0867619886994362 -0.0291079618036747 0.0112065477296710
v -0.0867678970098495 -0.0291098821908236 0.0111385164782405
v -0.0868332013487816 -0.0299104955047369 0.0110290450975299
v -0.0867523476481438 -0.0291048288345337 0.0110290450975299
v -0.0866316184401512 -0.0290656015276909 0.0108437193557620
v -0.0866036191582680 -0.0298741329461336 0.0107854483649135
v -0.0864856541156769 -0.0290181767195463 0.0107718231156468
v -0.0864112526178360 -0.0289939995855093 0.0107635715976357
v -0.0864238813519478 -0.0298456642776728 0.0107677420601249
v -0.0865312814712524 -0.0290330015122890 0.0107854483649135
v -0.0862026810646057 -0.0289262309670448 0.0108343828469515
v -0.0862623602151871 -0.0298200827091932 0.0108343828469515
v -0.0863369405269623 -0.0289698559790850 0.0107718016952276
v -0.0863582044839859 -0.0289767645299435 0.0107677420601249
v -0.0861808881163597 -0.0289191510528326 0.0108522921800613
v -0.0861473605036736 -0.0298018679022789 0.0109715228900313
v -0.0860919430851936 -0.0288902521133423 0.0109715228900313
v -0.0860785320401192 -0.0288858935236931 0.0110035352408886
v -0.0861085802316666 -0.0297957267612219 0.0111385714262724
v -0.0860546082258224 -0.0288781188428402 0.0111385714262724
v -0.0920644253492355 -0.0492637865245342 0.0109135713428259
v -0.0919519215822220 -0.0492637865245342 0.0109437154605985
v -0.0918695628643036 -0.0492637865245342 0.0110260713845491
v -0.0918394252657890 -0.0492637865245342 0.0111385714262724
v -0.0922592803835869 -0.0492637865245342 0.0112510714679956
v -0.0918695628643036 -0.0492637865245342 0.0112510714679956
v -0.0919519215822220 -0.0492637865245342 0.0113334273919463
v -0.0920644253492355 -0.0492637865245342 0.0113635715097189
v -0.0921769216656685 -0.0492637865245342 0.0113334273919463
v -0.0921769216656685 -0.0492637865245342 0.0109437154605985
v -0.0922592803835869 -0.0492637865245342 0.0110260713845491
v -0.0922894254326820 -0.0492637865245342 0.0111385714262724
v -0.0500238761305809 0.0010359997395426 0.0130942733958364
v -0.0491972975432873 0.0010359997395426 0.0122676966711879
v -0.0511530004441738 0.0010359997395426 0.0111385714262724
v -0.0488947518169880 0.0010359997395426 0.0111385714262724
v -0.0491972975432873 0.0010359997395426 0.0100094461813569
v -0.0531087033450603 0.0010359997395426 0.0122676966711879
v -0.0522821247577667 0.0010359997395426 0.0130942733958364
v -0.0511530004441738 0.0010359997395426 0.0133968219161034
v -0.0522821247577667 0.0010359997395426 0.0091828694567084
v -0.0531087033450603 0.0010359997395426 0.0100094461813569
v -0.0534112490713596 0.0010359997395426 0.0111385714262724
v -0.0500238761305809 0.0010359997395426 0.0091828694567084
v -0.0511530004441738 0.0010359997395426 0.0088803218677640
v -0.0534112490713596 0.0110060013830662 0.0111385714262724
v -0.0531087033450603 0.0110060013830662 0.0122676966711879
v -0.0522821247577667 0.0110060013830662 0.0130942733958364
v -0.0511530004441738 0.0110060013830662 0.0133968219161034
v -0.0500238761305809 0.0110060013830662 0.0130942733958364
v -0.0491972975432873 0.0110060013830662 0.0122676966711879
v -0.0488947518169880 0.0110060013830662 0.0111385714262724
v -0.0491972975432873 0.0110060013830662 0.0100094461813569
v -0.0500238761305809 0.0110060013830662 0.0091828694567084
v -0.0511530004441738 0.0110060013830662 0.0088803218677640
v -0.0522821247577667 0.0110060013830662 0.0091828694567084
v -0.0531087033450603 0.0110060013830662 0.0100094461813569
v -0.0853404849767685 0.0157590769231319 0.0091828694567084
v -0.0860238745808601 0.0110060013830662 0.0091828694567084
v -0.0855954438447952 0.0110060013830662 0.0095034213736653
v -0.0845473930239677 0.0155262015759945 0.0100094461813569
v -0.0866039320826530 0.0110060013830662 0.0089480876922607
v -0.0864238739013672 0.0160771869122982 0.0088803218677640
v -0.0871530026197433 0.0110060013830662 0.0088803218677640
v -0.0877551287412643 0.0110060013830662 0.0089620752260089
v -0.0875072628259659 0.0163952969014645 0.0091828694567084
v -0.0882821232080460 0.0110060013830662 0.0091828694567084
v -0.0887498259544373 0.0110060013830662 0.0095417480915785
v -0.0883003547787666 0.0166281722486019 0.0100094461813569
v -0.0891087055206299 0.0110060013830662 0.0100094461813569
v -0.0893294960260391 0.0110060013830662 0.0105364453047514
v -0.0885906517505646 0.0167134068906307 0.0111385714262724
v -0.0894112512469292 0.0110060013830662 0.0111385714262724
v -0.0893434807658195 0.0110060013830662 0.0116876391693950
v -0.0883003547787666 0.0166281722486019 0.0122676966711879
v -0.0891087055206299 0.0110060013830662 0.0122676966711879
v -0.0887881517410278 0.0110060013830662 0.0126961264759302
v -0.0875072628259659 0.0163952969014645 0.0130942733958364
v -0.0882821232080460 0.0110060013830662 0.0130942733958364
v -0.0878078341484070 0.0110060013830662 0.0132997957989573
v -0.0864238739013672 0.0160771869122982 0.0133968219161034
v -0.0871530026197433 0.0110060013830662 0.0133968219161034
v -0.0845473930239677 0.0155262015759945 0.0122676966711879
v -0.0851972997188568 0.0110060013830662 0.0122676966711879
v -0.0853404849767685 0.0157590769231319 0.0130942733958364
v -0.0854804888367653 0.0110060013830662 0.0126559389755130
v -0.0856356322765350 0.0110060013830662 0.0128110814839602
v -0.0860238745808601 0.0110060013830662 0.0130942733958364
v -0.0866573154926300 0.0110060013830662 0.0133417490869761
v -0.0851972997188568 0.0110060013830662 0.0100094461813569
v -0.0849917754530907 0.0110060013830662 0.0104837417602539
v -0.0842570960521698 0.0154409669339657 0.0111385714262724
v -0.0848947539925575 0.0110060013830662 0.0111385714262724
v -0.0849498212337494 0.0110060013830662 0.0116342557594180
v -0.0823958069086075 0.0195166356861591 0.0111385714262724
v -0.0826503261923790 0.0196802057325840 0.0122676966711879
v -0.0833456814289093 0.0201270841062069 0.0130942733958364
v -0.0842955633997917 0.0207375325262547 0.0133968219161034
v -0.0852454453706741 0.0213479883968830 0.0130942733958364
v -0.0859408080577850 0.0217948667705059 0.0122676966711879
v -0.0861953273415565 0.0219584368169308 0.0111385714262724
v -0.0859408080577850 0.0217948667705059 0.0100094461813569
v -0.0852454453706741 0.0213479883968830 0.0091828694567084
v -0.0842955633997917 0.0207375325262547 0.0088803218677640
v -0.0833456814289093 0.0201270841062069 0.0091828694567084
v -0.0826503261923790 0.0196802057325840 0.0100094461813569
v -0.0794616565108299 0.0229028202593327 0.0111385714262724
v -0.0796597823500633 0.0231314711272717 0.0122676966711879
v -0.0802010744810104 0.0237561576068401 0.0130942733958364
v -0.0809404924511909 0.0246094949543476 0.0133968219161034
v -0.0816799104213715 0.0254628248512745 0.0130942733958364
v -0.0822212100028992 0.0260875113308430 0.0122676966711879
v -0.0824193358421326 0.0263161621987820 0.0111385714262724
v -0.0822212100028992 0.0260875113308430 0.0100094461813569
v -0.0816799104213715 0.0254628248512745 0.0091828694567084
v -0.0809404924511909 0.0246094949543476 0.0088803218677640
v -0.0802010744810104 0.0237561576068401 0.0091828694567084
v -0.0796597823500633 0.0231314711272717 0.0100094461813569
v -0.0756923630833626 0.0253251977264881 0.0111385714262724
v -0.0758180394768715 0.0256004072725773 0.0122676966711879
v -0.0761614143848419 0.0263522900640965 0.0130942733958364
v -0.0766304731369019 0.0273793749511242 0.0133968219161034
v -0.0770995244383812 0.0284064672887325 0.0130942733958364
v -0.0774428993463516 0.0291583426296711 0.0122676966711879
v -0.0775685831904411 0.0294335521757603 0.0111385714262724
v -0.0774428993463516 0.0291583426296711 0.0100094461813569
v -0.0770995244383812 0.0284064672887325 0.0091828694567084
v -0.0766304731369019 0.0273793749511242 0.0088803218677640
v -0.0761614143848419 0.0263522900640965 0.0091828694567084
v -0.0758180394768715 0.0256004072725773 0.0100094461813569
v -0.0713932812213898 0.0265875197947025 0.0111385714262724
v -0.0714363381266594 0.0268869884312153 0.0122676966711879
v -0.0715539753437042 0.0277051515877247 0.0130942733958364
v -0.0717146694660187 0.0288227833807468 0.0133968219161034
v -0.0718753561377525 0.0299404151737690 0.0130942733958364
v -0.0719929933547974 0.0307585783302784 0.0122676966711879
v -0.0720360502600670 0.0310580469667912 0.0111385714262724
v -0.0719929933547974 0.0307585783302784 0.0100094461813569
v -0.0718753561377525 0.0299404151737690 0.0091828694567084
v -0.0717146694660187 0.0288227833807468 0.0088803218677640
v -0.0715539753437042 0.0277051515877247 0.0091828694567084
v -0.0714363381266594 0.0268869884312153 0.0100094461813569
v -0.0669127181172371 0.0265875197947025 0.0111385714262724
v -0.0668696612119675 0.0268869884312153 0.0122676966711879
v -0.0667520239949226 0.0277051515877247 0.0130942733958364
v -0.0665913298726082 0.0288227833807468 0.0133968219161034
v -0.0664306432008743 0.0299404151737690 0.0130942733958364
v -0.0663130059838295 0.0307585783302784 0.0122676966711879
v -0.0662699490785599 0.0310580469667912 0.0111385714262724
v -0.0663130059838295 0.0307585783302784 0.0100094461813569
v -0.0664306432008743 0.0299404151737690 0.0091828694567084
v -0.0665913298726082 0.0288227833807468 0.0088803218677640
v -0.0667520239949226 0.0277051515877247 0.0091828694567084
v -0.0668696612119675 0.0268869884312153 0.0100094461813569
v -0.0626136437058449 0.0253251977264881 0.0111385714262724
v -0.0624879561364651 0.0256004072725773 0.0122676966711879
v -0.0621445849537849 0.0263522900640965 0.0130942733958364
v -0.0616755299270153 0.0273793749511242 0.0133968219161034
v -0.0612064749002457 0.0284064672887325 0.0130942733958364
v -0.0608630999922752 0.0291583426296711 0.0122676966711879
v -0.0607374198734760 0.0294335521757603 0.0111385714262724
v -0.0608630999922752 0.0291583426296711 0.0100094461813569
v -0.0612064749002457 0.0284064672887325 0.0091828694567084
v -0.0616755299270153 0.0273793749511242 0.0088803218677640
v -0.0621445849537849 0.0263522900640965 0.0091828694567084
v -0.0624879561364651 0.0256004072725773 0.0100094461813569
v -0.0588443465530872 0.0229028202593327 0.0111385714262724
v -0.0586462207138538 0.0231314711272717 0.0122676966711879
v -0.0581049248576164 0.0237561576068401 0.0130942733958364
v -0.0573655068874359 0.0246094949543476 0.0133968219161034
v -0.0566260889172554 0.0254628248512745 0.0130942733958364
v -0.0560847930610180 0.0260875113308430 0.0122676966711879
v -0.0558866672217846 0.0263161621987820 0.0111385714262724
v -0.0560847930610180 0.0260875113308430 0.0100094461813569
v -0.0566260889172554 0.0254628248512745 0.0091828694567084
v -0.0573655068874359 0.0246094949543476 0.0088803218677640
v -0.0581049248576164 0.0237561576068401 0.0091828694567084
v -0.0586462207138538 0.0231314711272717 0.0100094461813569
v -0.0559101961553097 0.0195166356861591 0.0111385714262724
v -0.0556556768715382 0.0196802057325840 0.0122676966711879
v -0.0549603179097176 0.0201270841062069 0.0130942733958364
v -0.0540104359388351 0.0207375325262547 0.0133968219161034
v -0.0530605576932430 0.0213479883968830 0.0130942733958364
v -0.0523651950061321 0.0217948667705059 0.0122676966711879
v -0.0521106757223606 0.0219584368169308 0.0111385714262724
v -0.0523651950061321 0.0217948667705059 0.0100094461813569
v -0.0530605576932430 0.0213479883968830 0.0091828694567084
v -0.0540104359388351 0.0207375325262547 0.0088803218677640
v -0.0549603179097176 0.0201270841062069 0.0091828694567084
v -0.0556556768715382 0.0196802057325840 0.0100094461813569
v -0.0540489032864571 0.0154409669339657 0.0111385714262724
v -0.0537586100399494 0.0155262015759945 0.0122676966711879
v -0.0529655143618584 0.0157590769231319 0.0130942733958364
v -0.0518821254372597 0.0160771869122982 0.0133968219161034
v -0.0507987402379513 0.0163952969014645 0.0130942733958364
v -0.0500056445598602 0.0166281722486019 0.0122676966711879
v -0.0497153513133526 0.0167134068906307 0.0111385714262724
v -0.0500056445598602 0.0166281722486019 0.0100094461813569
v -0.0507987402379513 0.0163952969014645 0.0091828694567084
v -0.0518821254372597 0.0160771869122982 0.0088803218677640
v -0.0529655143618584 0.0157590769231319 0.0091828694567084
v -0.0537586100399494 0.0155262015759945 0.0100094461813569
v -0.0856356322765350 -0.0289939995855093 0.0128110814839602
v -0.0866573154926300 -0.0289939995855093 0.0133417490869761
v -0.0878078341484070 -0.0289939995855093 0.0132997957989573
v -0.0887881517410278 -0.0289939995855093 0.0126961264759302
v -0.0893434807658195 -0.0289939995855093 0.0116876391693950
v -0.0893294960260391 -0.0289939995855093 0.0105364453047514
v -0.0887498259544373 -0.0289939995855093 0.0095417480915785
v -0.0877551287412643 -0.0289939995855093 0.0089620752260089
v -0.0866039320826530 -0.0289939995855093 0.0089480876922607
v -0.0855954438447952 -0.0289939995855093 0.0095034213736653
v -0.0849917754530907 -0.0289939995855093 0.0104837417602539
v -0.0849498212337494 -0.0289939995855093 0.0116342557594180
v -0.0854804888367653 -0.0289939995855093 0.0126559389755130
v -0.0857738777995110 -0.0289939995855093 0.0135272862389684
v -0.0855494439601898 -0.0289939995855093 0.0127421244978905
v -0.0847642868757248 -0.0289939995855093 0.0125176962465048
v -0.0843947529792786 -0.0289939995855093 0.0111385714262724
v -0.0847642868757248 -0.0289939995855093 0.0097594466060400
v -0.0857738777995110 -0.0289939995855093 0.0087498566135764
v -0.0871530026197433 -0.0289939995855093 0.0083803217858076
v -0.0885321274399757 -0.0289939995855093 0.0087498566135764
v -0.0895417183637619 -0.0289939995855093 0.0097594466060400
v -0.0899112522602081 -0.0289939995855093 0.0111385714262724
v -0.0895417183637619 -0.0289939995855093 0.0125176962465048
v -0.0885321274399757 -0.0289939995855093 0.0135272862389684
v -0.0871530026197433 -0.0289939995855093 0.0138968219980597
v -0.0895417183637619 0.0110060013830662 0.0097594466060400
v -0.0885321274399757 0.0110060013830662 0.0087498566135764
v -0.0871530026197433 0.0110060013830662 0.0083803217858076
v -0.0857738777995110 0.0110060013830662 0.0087498566135764
v -0.0847642868757248 0.0110060013830662 0.0097594466060400
v -0.0843947529792786 0.0110060013830662 0.0111385714262724
v -0.0847642868757248 0.0110060013830662 0.0125176962465048
v -0.0857738777995110 0.0110060013830662 0.0135272862389684
v -0.0871530026197433 0.0110060013830662 0.0138968219980597
v -0.0885321274399757 0.0110060013830662 0.0135272862389684
v -0.0895417183637619 0.0110060013830662 0.0125176962465048
v -0.0899112522602081 0.0110060013830662 0.0111385714262724
v -0.0608721673488617 -0.0135576501488686 0.0210216026753187
v -0.0594455413520336 -0.0135576501488686 0.0217565298080444
v -0.0606895610690117 -0.0135576501488686 0.0206671282649040
v -0.0592629350721836 -0.0135576501488686 0.0214020553976297
v -0.0574818328022957 -0.0135576501488686 0.0223195888102055
v -0.0589084587991238 -0.0135576501488686 0.0215846616774797
v -0.0576644390821457 -0.0135576501488686 0.0226740632206202
v -0.0590910650789738 -0.0135576501488686 0.0219391360878944
v -0.0581735335290432 -0.0135576501488686 0.0201580338180065
v -0.0585280060768127 -0.0135576501488686 0.0199754275381565
v -0.0598259940743446 -0.0135576501488686 0.0233657639473677
v -0.0601804666221142 -0.0135576501488686 0.0231831558048725
v -0.0405135490000248 -0.1449005007743835 0.0054312865249813
v -0.0409057028591633 -0.1449005007743835 0.0059527750127017
v -0.0408771634101868 -0.1449005007743835 0.0047432645224035
v -0.0421307832002640 -0.1449005007743835 0.0040026078931987
v -0.0413294099271297 -0.1449005007743835 0.0068063219077885
v -0.0429225899279118 -0.1449005007743835 0.0039373687468469
v -0.0421212166547775 -0.1449005007743835 0.0067410827614367
v -0.0437384508550167 -0.1449005007743835 0.0053124050609767
v -0.0433462969958782 -0.1449005007743835 0.0047909165732563
v -0.0433748401701450 -0.1449005007743835 0.0060004252009094
v -0.0411606803536415 -0.1449005007743835 0.0043363268487155
v -0.0430913195014000 -0.1449005007743835 0.0064073628745973
v -0.0410794764757156 -0.1449005007743835 0.0067796357907355
v -0.0411425121128559 -0.1449005007743835 0.0068131848238409
v -0.0410274676978588 -0.1449005007743835 0.0066845058463514
v -0.0409833453595638 -0.1449005007743835 0.0063375369645655
v -0.0431725233793259 -0.1449005007743835 0.0039640548638999
v -0.0431094877421856 -0.1449005007743835 0.0039305067621171
v -0.0432245321571827 -0.1449005007743835 0.0040591857396066
v -0.0432686544954777 -0.1449005007743835 0.0044061536900699
v -0.0416123382747173 -0.1449005007743835 0.0037873606197536
v -0.0414500273764133 -0.1449005007743835 0.0037574092857540
v -0.0413989536464214 -0.1449005007743835 0.0037754471413791
v -0.0426396615803242 -0.1449005007743835 0.0069563300348818
v -0.0428019724786282 -0.1449005007743835 0.0069862813688815
v -0.0428530462086201 -0.1449005007743835 0.0069682444445789
v -0.0413389094173908 -0.1449005007743835 0.0038391570560634
v -0.0403805933892727 -0.1449005007743835 0.0051862332038581
v -0.0403883978724480 -0.1449005007743835 0.0052485219202936
v -0.0403950326144695 -0.1449005007743835 0.0051385886035860
v -0.0404728986322880 -0.1449005007743835 0.0050449776463211
v -0.0429130904376507 -0.1449005007743835 0.0069045345298946
v -0.0438714101910591 -0.1449005007743835 0.0055574583820999
v -0.0438636019825935 -0.1449005007743835 0.0054951696656644
v -0.0438569672405720 -0.1449005007743835 0.0056051029823720
v -0.0437791012227535 -0.1449005007743835 0.0056987139396369
v -0.0405135490000248 -0.1449005007743835 0.0380287840962410
v -0.0409057028591633 -0.1449005007743835 0.0385502725839615
v -0.0408771634101868 -0.1449005007743835 0.0373407639563084
v -0.0421307832002640 -0.1449005007743835 0.0366001091897488
v -0.0413294099271297 -0.1449005007743835 0.0394038222730160
v -0.0429225899279118 -0.1449005007743835 0.0365348681807518
v -0.0421212166547775 -0.1449005007743835 0.0393385812640190
v -0.0437384508550167 -0.1449005007743835 0.0379099063575268
v -0.0433462969958782 -0.1449005007743835 0.0373884178698063
v -0.0433748401701450 -0.1449005007743835 0.0385979264974594
v -0.0411606803536415 -0.1449005007743835 0.0369338281452656
v -0.0430913195014000 -0.1449005007743835 0.0390048623085022
v -0.0410794764757156 -0.1449005007743835 0.0393771342933178
v -0.0411425121128559 -0.1449005007743835 0.0394106842577457
v -0.0410274676978588 -0.1449005007743835 0.0392820052802563
v -0.0409833453595638 -0.1449005007743835 0.0389350354671478
v -0.0431725233793259 -0.1449005007743835 0.0365615561604500
v -0.0431094877421856 -0.1449005007743835 0.0365280061960220
v -0.0432245321571827 -0.1449005007743835 0.0366566851735115
v -0.0432686544954777 -0.1449005007743835 0.0370036549866199
v -0.0416123382747173 -0.1449005007743835 0.0363848619163036
v -0.0414500273764133 -0.1449005007743835 0.0363549105823040
v -0.0413989536464214 -0.1449005007743835 0.0363729484379292
v -0.0426396615803242 -0.1449005007743835 0.0395538285374641
v -0.0428019724786282 -0.1449005007743835 0.0395837798714638
v -0.0428530462086201 -0.1449005007743835 0.0395657420158386
v -0.0413389094173908 -0.1449005007743835 0.0364366583526134
v -0.0403805933892727 -0.1449005007743835 0.0377837307751179
v -0.0403883978724480 -0.1449005007743835 0.0378460213541985
v -0.0403950326144695 -0.1449005007743835 0.0377360880374908
v -0.0404728986322880 -0.1449005007743835 0.0376424752175808
v -0.0429130904376507 -0.1449005007743835 0.0395020358264446
v -0.0438714101910591 -0.1449005007743835 0.0381549596786499
v -0.0438636019825935 -0.1449005007743835 0.0380926690995693
v -0.0438569672405720 -0.1449005007743835 0.0382026024162769
v -0.0437791012227535 -0.1449005007743835 0.0382962115108967
v 0.0130309378728271 -0.0135576501488686 0.0046191285364330
v 0.0128483315929770 -0.0135576501488686 0.0049736029468477
v 0.0144575675949454 -0.0135576501488686 0.0053540556691587
v 0.0142749575898051 -0.0135576501488686 0.0057085282169282
v 0.0160560589283705 -0.0135576501488686 0.0066260625608265
v 0.0162386689335108 -0.0135576501488686 0.0062715890817344
v 0.0146294338628650 -0.0135576501488686 0.0058911363594234
v 0.0148120401427150 -0.0135576501488686 0.0055366619490087
v 0.0155469691380858 -0.0135576501488686 0.0041100340895355
v 0.0151924928650260 -0.0135576501488686 0.0039274278096855
v 0.0138945085927844 -0.0135576501488686 0.0073177642188966
v 0.0135400323197246 -0.0135576501488686 0.0071351560764015
v 0.0160560589283705 -0.0135576501488686 0.0387220606207848
v 0.0162386689335108 -0.0135576501488686 0.0383675880730152
v 0.0146294338628650 -0.0135576501488686 0.0379871353507042
v 0.0148120401427150 -0.0135576501488686 0.0376326628029346
v 0.0130309378728271 -0.0135576501488686 0.0367151275277138
v 0.0128483315929770 -0.0135576501488686 0.0370696038007736
v 0.0144575675949454 -0.0135576501488686 0.0374500527977943
v 0.0142749575898051 -0.0135576501488686 0.0378045290708542
v 0.0135400323197246 -0.0135576501488686 0.0392311550676823
v 0.0138945085927844 -0.0135576501488686 0.0394137650728226
v 0.0151924928650260 -0.0135576501488686 0.0360234268009663
v 0.0155469691380858 -0.0135576501488686 0.0362060330808163
v -0.0837773531675339 0.0153000988066196 0.0111385714262724
v -0.0841319188475609 0.0154042057693005 0.0125176962465048
v -0.0851006135344505 0.0156886391341686 0.0135272862389684
v -0.0864238739013672 0.0160771869122982 0.0138968219980597
v -0.0877471342682838 0.0164657272398472 0.0135272862389684
v -0.0887158289551735 0.0167501680552959 0.0125176962465048
v -0.0890703946352005 0.0168542750179768 0.0111385714262724
v -0.0887158289551735 0.0167501680552959 0.0097594466060400
v -0.0877471342682838 0.0164657272398472 0.0087498566135764
v -0.0864238739013672 0.0160771869122982 0.0083803217858076
v -0.0851006135344505 0.0156886391341686 0.0087498566135764
v -0.0841319188475609 0.0154042057693005 0.0097594466060400
v -0.0819751769304276 0.0192463137209415 0.0111385714262724
v -0.0822860524058342 0.0194461010396481 0.0125176962465048
v -0.0831353738903999 0.0199919231235981 0.0135272862389684
v -0.0842955633997917 0.0207375325262547 0.0138968219980597
v -0.0854557603597641 0.0214831493794918 0.0135272862389684
v -0.0863050818443298 0.0220289714634418 0.0125176962465048
v -0.0866159498691559 0.0222287587821484 0.0111385714262724
v -0.0863050818443298 0.0220289714634418 0.0097594466060400
v -0.0854557603597641 0.0214831493794918 0.0087498566135764
v -0.0842955633997917 0.0207375325262547 0.0083803217858076
v -0.0831353738903999 0.0199919231235981 0.0087498566135764
v -0.0822860524058342 0.0194461010396481 0.0097594466060400
v -0.0791342258453369 0.0225249491631985 0.0111385714262724
v -0.0793762207031250 0.0228042192757130 0.0125176962465048
v -0.0800373554229736 0.0235672183334827 0.0135272862389684
v -0.0809404924511909 0.0246094949543476 0.0138968219980597
v -0.0818436294794083 0.0256517641246319 0.0135272862389684
v -0.0825047716498375 0.0264147631824017 0.0125176962465048
v -0.0827467665076256 0.0266940407454967 0.0111385714262724
v -0.0825047716498375 0.0264147631824017 0.0097594466060400
v -0.0818436294794083 0.0256517641246319 0.0087498566135764
v -0.0809404924511909 0.0246094949543476 0.0083803217858076
v -0.0800373554229736 0.0235672183334827 0.0087498566135764
v -0.0793762207031250 0.0228042192757130 0.0097594466060400
v -0.0754846557974815 0.0248703844845295 0.0111385714262724
v -0.0756381601095200 0.0252065248787403 0.0125176962465048
v -0.0760575607419014 0.0261248759925365 0.0135272862389684
v -0.0766304731369019 0.0273793749511242 0.0138968219980597
v -0.0772033780813217 0.0286338739097118 0.0135272862389684
v -0.0776227787137032 0.0295522250235081 0.0125176962465048
v -0.0777762904763222 0.0298883654177189 0.0111385714262724
v -0.0776227787137032 0.0295522250235081 0.0097594466060400
v -0.0772033780813217 0.0286338739097118 0.0087498566135764
v -0.0766304731369019 0.0273793749511242 0.0083803217858076
v -0.0760575607419014 0.0261248759925365 0.0087498566135764
v -0.0756381601095200 0.0252065248787403 0.0097594466060400
v -0.0713221281766891 0.0260926075279713 0.0111385714262724
v -0.0713747143745422 0.0264583863317966 0.0125176962465048
v -0.0715183988213539 0.0274576954543591 0.0135272862389684
v -0.0717146694660187 0.0288227833807468 0.0138968219980597
v -0.0719109401106834 0.0301878713071346 0.0135272862389684
v -0.0720546171069145 0.0311871878802776 0.0125176962465048
v -0.0721072033047676 0.0315529592335224 0.0111385714262724
v -0.0720546171069145 0.0311871878802776 0.0097594466060400
v -0.0719109401106834 0.0301878713071346 0.0087498566135764
v -0.0717146694660187 0.0288227833807468 0.0083803217858076
v -0.0715183988213539 0.0274576954543591 0.0087498566135764
v -0.0713747143745422 0.0264583863317966 0.0097594466060400
v -0.0669838711619377 0.0260926075279713 0.0111385714262724
v -0.0669312849640846 0.0264583863317966 0.0125176962465048
v -0.0667876005172729 0.0274576954543591 0.0135272862389684
v -0.0665913298726082 0.0288227833807468 0.0138968219980597
v -0.0663950592279434 0.0301878713071346 0.0135272862389684
v -0.0662513822317123 0.0311871878802776 0.0125176962465048
v -0.0661987960338593 0.0315529592335224 0.0111385714262724
v -0.0662513822317123 0.0311871878802776 0.0097594466060400
v -0.0663950592279434 0.0301878713071346 0.0087498566135764
v -0.0665913298726082 0.0288227833807468 0.0083803217858076
v -0.0667876005172729 0.0274576954543591 0.0087498566135764
v -0.0669312849640846 0.0264583863317966 0.0097594466060400
v -0.0628213509917259 0.0248703844845295 0.0111385714262724
v -0.0626678392291069 0.0252065248787403 0.0125176962465048
v -0.0622484385967255 0.0261248759925365 0.0135272862389684
v -0.0616755299270153 0.0273793749511242 0.0138968219980597
v -0.0611026212573051 0.0286338739097118 0.0135272862389684
v -0.0606832206249237 0.0295522250235081 0.0125176962465048
v -0.0605297125875950 0.0298883654177189 0.0111385714262724
v -0.0606832206249237 0.0295522250235081 0.0097594466060400
v -0.0611026212573051 0.0286338739097118 0.0087498566135764
v -0.0616755299270153 0.0273793749511242 0.0083803217858076
v -0.0622484385967255 0.0261248759925365 0.0087498566135764
v -0.0626678392291069 0.0252065248787403 0.0097594466060400
v -0.0591717772185802 0.0225249491631985 0.0111385714262724
v -0.0589297823607922 0.0228042192757130 0.0125176962465048
v -0.0582686401903629 0.0235672183334827 0.0135272862389684
v -0.0573655068874359 0.0246094949543476 0.0138968219980597
v -0.0564623735845089 0.0256517641246319 0.0135272862389684
v -0.0558012314140797 0.0264147631824017 0.0125176962465048
v -0.0555592365562916 0.0266940407454967 0.0111385714262724
v -0.0558012314140797 0.0264147631824017 0.0097594466060400
v -0.0564623735845089 0.0256517641246319 0.0087498566135764
v -0.0573655068874359 0.0246094949543476 0.0083803217858076
v -0.0582686401903629 0.0235672183334827 0.0087498566135764
v -0.0589297823607922 0.0228042192757130 0.0097594466060400
v -0.0563308224081993 0.0192463137209415 0.0111385714262724
v -0.0560199506580830 0.0194461010396481 0.0125176962465048
v -0.0551706291735172 0.0199919231235981 0.0135272862389684
v -0.0540104359388351 0.0207375325262547 0.0138968219980597
v -0.0528502427041531 0.0214831493794918 0.0135272862389684
v -0.0520009212195873 0.0220289714634418 0.0125176962465048
v -0.0516900494694710 0.0222287587821484 0.0111385714262724
v -0.0520009212195873 0.0220289714634418 0.0097594466060400
v -0.0528502427041531 0.0214831493794918 0.0087498566135764
v -0.0540104359388351 0.0207375325262547 0.0083803217858076
v -0.0551706291735172 0.0199919231235981 0.0087498566135764
v -0.0560199506580830 0.0194461010396481 0.0097594466060400
v -0.0545286498963833 0.0153000988066196 0.0111385714262724
v -0.0541740804910660 0.0154042057693005 0.0125176962465048
v -0.0532053858041763 0.0156886391341686 0.0135272862389684
v -0.0518821254372597 0.0160771869122982 0.0138968219980597
v -0.0505588650703430 0.0164657272398472 0.0135272862389684
v -0.0495901703834534 0.0167501680552959 0.0125176962465048
v -0.0492356047034264 0.0168542750179768 0.0111385714262724
v -0.0495901703834534 0.0167501680552959 0.0097594466060400
v -0.0505588650703430 0.0164657272398472 0.0087498566135764
v -0.0518821254372597 0.0160771869122982 0.0083803217858076
v -0.0532053858041763 0.0156886391341686 0.0087498566135764
v -0.0541740804910660 0.0154042057693005 0.0097594466060400
v -0.0539112500846386 0.0110060013830662 0.0111385714262724
v -0.0535417161881924 0.0110060013830662 0.0125176962465048
v -0.0525321252644062 0.0110060013830662 0.0135272862389684
v -0.0511530004441738 0.0110060013830662 0.0138968219980597
v -0.0497738756239414 0.0110060013830662 0.0135272862389684
v -0.0487642847001553 0.0110060013830662 0.0125176962465048
v -0.0483947508037090 0.0110060013830662 0.0111385714262724
v -0.0487642847001553 0.0110060013830662 0.0097594466060400
v -0.0497738756239414 0.0110060013830662 0.0087498566135764
v -0.0511530004441738 0.0110060013830662 0.0083803217858076
v -0.0525321252644062 0.0110060013830662 0.0087498566135764
v -0.0535417161881924 0.0110060013830662 0.0097594466060400
v -0.0572099834680557 -0.0112507492303848 0.0222325976938009
v -0.0586366094648838 -0.0112507492303848 0.0214976705610752
v -0.0579016841948032 -0.0112507492303848 0.0200710427016020
v -0.0586149990558624 -0.0112507492303848 0.0197035800665617
v -0.0593499243259430 -0.0112507492303848 0.0211302060633898
v -0.0607765540480614 -0.0112507492303848 0.0203952807933092
v -0.0611440166831017 -0.0112507492303848 0.0211085937917233
v -0.0597173869609833 -0.0112507492303848 0.0218435209244490
v -0.0604523159563541 -0.0112507492303848 0.0232701487839222
v -0.0597390010952950 -0.0112507492303848 0.0236376114189625
v -0.0590040758252144 -0.0112507492303848 0.0222109835594893
v -0.0575774461030960 -0.0112507492303848 0.0229459106922150
v -0.0421259999275208 -0.1504170000553131 0.0313325263559818
v -0.0469569638371468 -0.1504170000553131 0.0133031187579036
v -0.0446266904473305 -0.1504170000553131 0.0123378876596689
v -0.0421259999275208 -0.1504170000553131 0.0120086651295424
v -0.0396253094077110 -0.1504170000553131 0.0123378876596689
v -0.0396253094077110 -0.1504170000553131 0.0310033038258553
v -0.0372950360178947 -0.1504170000553131 0.0300380717962980
v -0.0446266904473305 -0.1504170000553131 0.0310033038258553
v -0.0469569638371468 -0.1504170000553131 0.0300380717962980
v -0.0489580146968365 -0.1504170000553131 0.0285026114434004
v -0.0504934750497341 -0.1504170000553131 0.0265015605837107
v -0.0514587089419365 -0.1504170000553131 0.0241712871938944
v -0.0517879314720631 -0.1504170000553131 0.0216705948114395
v -0.0324640721082687 -0.1504170000553131 0.0216705948114395
v -0.0372950360178947 -0.1504170000553131 0.0133031187579036
v -0.0327932946383953 -0.1504170000553131 0.0191699042916298
v -0.0352939851582050 -0.1504170000553131 0.0148385791108012
v -0.0337585248053074 -0.1504170000553131 0.0168396309018135
v -0.0514587089419365 -0.1504170000553131 0.0191699042916298
v -0.0504934750497341 -0.1504170000553131 0.0168396309018135
v -0.0489580146968365 -0.1504170000553131 0.0148385791108012
v -0.0327932946383953 -0.1504170000553131 0.0241712871938944
v -0.0337585248053074 -0.1504170000553131 0.0265015605837107
v -0.0352939851582050 -0.1504170000553131 0.0285026114434004
v -0.0403805933892727 -0.1469064950942993 0.0051862332038581
v -0.0403883978724480 -0.1469064950942993 0.0052485219202936
v -0.0405135490000248 -0.1469064950942993 0.0054312865249813
v -0.0409057028591633 -0.1469064950942993 0.0059527750127017
v -0.0409833453595638 -0.1469064950942993 0.0063375369645655
v -0.0410274676978588 -0.1469064950942993 0.0066845058463514
v -0.0410794764757156 -0.1469064950942993 0.0067796357907355
v -0.0411425121128559 -0.1469064950942993 0.0068131848238409
v -0.0413294099271297 -0.1469064950942993 0.0068063219077885
v -0.0421212166547775 -0.1469064950942993 0.0067410827614367
v -0.0426396615803242 -0.1469064950942993 0.0069563300348818
v -0.0428019724786282 -0.1469064950942993 0.0069862813688815
v -0.0428530462086201 -0.1469064950942993 0.0069682444445789
v -0.0429130904376507 -0.1469064950942993 0.0069045345298946
v -0.0430913195014000 -0.1469064950942993 0.0064073628745973
v -0.0433748401701450 -0.1469064950942993 0.0060004252009094
v -0.0437791012227535 -0.1469064950942993 0.0056987139396369
v -0.0438569672405720 -0.1469064950942993 0.0056051029823720
v -0.0438714101910591 -0.1469064950942993 0.0055574583820999
v -0.0438636019825935 -0.1469064950942993 0.0054951696656644
v -0.0437384508550167 -0.1469064950942993 0.0053124050609767
v -0.0433462969958782 -0.1469064950942993 0.0047909165732563
v -0.0432686544954777 -0.1469064950942993 0.0044061536900699
v -0.0432245321571827 -0.1469064950942993 0.0040591857396066
v -0.0431725233793259 -0.1469064950942993 0.0039640548638999
v -0.0431094877421856 -0.1469064950942993 0.0039305067621171
v -0.0429225899279118 -0.1469064950942993 0.0039373687468469
v -0.0421307832002640 -0.1469064950942993 0.0040026078931987
v -0.0416123382747173 -0.1469064950942993 0.0037873606197536
v -0.0414500273764133 -0.1469064950942993 0.0037574092857540
v -0.0413989536464214 -0.1469064950942993 0.0037754471413791
v -0.0413389094173908 -0.1469064950942993 0.0038391570560634
v -0.0411606803536415 -0.1469064950942993 0.0043363268487155
v -0.0408771634101868 -0.1469064950942993 0.0047432645224035
v -0.0404728986322880 -0.1469064950942993 0.0050449776463211
v -0.0403950326144695 -0.1469064950942993 0.0051385886035860
v -0.0403805933892727 -0.1469064950942993 0.0377837307751179
v -0.0403883978724480 -0.1469064950942993 0.0378460213541985
v -0.0405135490000248 -0.1469064950942993 0.0380287840962410
v -0.0409057028591633 -0.1469064950942993 0.0385502725839615
v -0.0409833453595638 -0.1469064950942993 0.0389350354671478
v -0.0410274676978588 -0.1469064950942993 0.0392820052802563
v -0.0410794764757156 -0.1469064950942993 0.0393771342933178
v -0.0411425121128559 -0.1469064950942993 0.0394106842577457
v -0.0413294099271297 -0.1469064950942993 0.0394038222730160
v -0.0421212166547775 -0.1469064950942993 0.0393385812640190
v -0.0426396615803242 -0.1469064950942993 0.0395538285374641
v -0.0428019724786282 -0.1469064950942993 0.0395837798714638
v -0.0428530462086201 -0.1469064950942993 0.0395657420158386
v -0.0429130904376507 -0.1469064950942993 0.0395020358264446
v -0.0430913195014000 -0.1469064950942993 0.0390048623085022
v -0.0433748401701450 -0.1469064950942993 0.0385979264974594
v -0.0437791012227535 -0.1469064950942993 0.0382962115108967
v -0.0438569672405720 -0.1469064950942993 0.0382026024162769
v -0.0438714101910591 -0.1469064950942993 0.0381549596786499
v -0.0438636019825935 -0.1469064950942993 0.0380926690995693
v -0.0437384508550167 -0.1469064950942993 0.0379099063575268
v -0.0433462969958782 -0.1469064950942993 0.0373884178698063
v -0.0432686544954777 -0.1469064950942993 0.0370036549866199
v -0.0432245321571827 -0.1469064950942993 0.0366566851735115
v -0.0431725233793259 -0.1469064950942993 0.0365615561604500
v -0.0431094877421856 -0.1469064950942993 0.0365280061960220
v -0.0429225899279118 -0.1469064950942993 0.0365348681807518
v -0.0421307832002640 -0.1469064950942993 0.0366001091897488
v -0.0416123382747173 -0.1469064950942993 0.0363848619163036
v -0.0414500273764133 -0.1469064950942993 0.0363549105823040
v -0.0413989536464214 -0.1469064950942993 0.0363729484379292
v -0.0413389094173908 -0.1469064950942993 0.0364366583526134
v -0.0411606803536415 -0.1469064950942993 0.0369338281452656
v -0.0408771634101868 -0.1469064950942993 0.0373407639563084
v -0.0404728986322880 -0.1469064950942993 0.0376424752175808
v -0.0403950326144695 -0.1469064950942993 0.0377360880374908
v 0.0165105145424604 -0.0112507492303848 0.0061845970340073
v 0.0150838894769549 -0.0112507492303848 0.0054496708326042
v 0.0158188138157129 -0.0112507492303848 0.0040230429731309
v 0.0151054998859763 -0.0112507492303848 0.0036555803380907
v 0.0143705746158957 -0.0112507492303848 0.0050822063349187
v 0.0129439486190677 -0.0112507492303848 0.0043472810648382
v 0.0125764859840274 -0.0112507492303848 0.0050605940632522
v 0.0140031119808555 -0.0112507492303848 0.0057955211959779
v 0.0132681867107749 -0.0112507492303848 0.0072221481241286
v 0.0139814978465438 -0.0112507492303848 0.0075896116904914
v 0.0147164268419147 -0.0112507492303848 0.0061629838310182
v 0.0161430519074202 -0.0112507492303848 0.0068979109637439
v 0.0165105145424604 -0.0112507492303848 0.0382805950939655
v 0.0150838894769549 -0.0112507492303848 0.0375456698238850
v 0.0158188138157129 -0.0112507492303848 0.0361190438270569
v 0.0151054998859763 -0.0112507492303848 0.0357515811920166
v 0.0143705746158957 -0.0112507492303848 0.0371782071888447
v 0.0129439486190677 -0.0112507492303848 0.0364432819187641
v 0.0125764859840274 -0.0112507492303848 0.0371565930545330
v 0.0140031119808555 -0.0112507492303848 0.0378915220499039
v 0.0132681867107749 -0.0112507492303848 0.0393181480467319
v 0.0139814978465438 -0.0112507492303848 0.0396856106817722
v 0.0147164268419147 -0.0112507492303848 0.0382589846849442
v 0.0161430519074202 -0.0112507492303848 0.0389939099550247
v -0.0539112500846386 0.0010359997395426 0.0111385714262724
v -0.0535417161881924 0.0010359997395426 0.0125176962465048
v -0.0525321252644062 0.0010359997395426 0.0135272862389684
v -0.0511530004441738 0.0010359997395426 0.0138968219980597
v -0.0497738756239414 0.0010359997395426 0.0135272862389684
v -0.0487642847001553 0.0010359997395426 0.0125176962465048
v -0.0483947508037090 0.0010359997395426 0.0111385714262724
v -0.0487642847001553 0.0010359997395426 0.0097594466060400
v -0.0497738756239414 0.0010359997395426 0.0087498566135764
v -0.0511530004441738 0.0010359997395426 0.0083803217858076
v -0.0525321252644062 0.0010359997395426 0.0087498566135764
v -0.0535417161881924 0.0010359997395426 0.0097594466060400
v -0.0592970773577690 -0.0112507492303848 0.0191659722477198
v -0.0580286756157875 -0.0112507492303848 0.0194414891302586
v -0.0570679716765881 -0.0112507492303848 0.0203142948448658
v -0.0566723756492138 -0.0112507492303848 0.0215505193918943
v -0.0605333000421524 -0.0112507492303848 0.0195615664124489
v -0.0614061057567596 -0.0112507492303848 0.0205222722142935
v -0.0616816245019436 -0.0112507492303848 0.0217906720936298
v -0.0612860284745693 -0.0112507492303848 0.0230268966406584
v -0.0603253208100796 -0.0112507492303848 0.0238997004926205
v -0.0590569227933884 -0.0112507492303848 0.0241752192378044
v -0.0578207001090050 -0.0112507492303848 0.0237796250730753
v -0.0569478943943977 -0.0112507492303848 0.0228189174085855
v -0.0396073684096336 -0.1504046469926834 0.0122709367424250
v -0.0372603796422482 -0.1504046469926834 0.0132430912926793
v -0.0352449715137482 -0.1504046469926834 0.0147895673289895
v -0.0336984954774380 -0.1504046469926834 0.0168049745261669
v -0.0327263399958611 -0.1504046469926834 0.0191519651561975
v -0.0323947593569756 -0.1504046469926834 0.0216705948114395
v -0.0327263399958611 -0.1504046469926834 0.0241892263293266
v -0.0336984954774380 -0.1504046469926834 0.0265362169593573
v -0.0352449715137482 -0.1504046469926834 0.0285516232252121
v -0.0372603796422482 -0.1504046469926834 0.0300980992615223
v -0.0396073684096336 -0.1504046469926834 0.0310702547430992
v -0.0421259999275208 -0.1504046469926834 0.0314018391072750
v -0.0446446314454079 -0.1504046469926834 0.0310702547430992
v -0.0469916202127934 -0.1504046469926834 0.0300980992615223
v -0.0490070283412933 -0.1504046469926834 0.0285516232252121
v -0.0505535043776035 -0.1504046469926834 0.0265362169593573
v -0.0515256598591805 -0.1504046469926834 0.0241892263293266
v -0.0518572442233562 -0.1504046469926834 0.0216705948114395
v -0.0515256598591805 -0.1504046469926834 0.0191519651561975
v -0.0505535043776035 -0.1504046469926834 0.0168049745261669
v -0.0490070283412933 -0.1504046469926834 0.0147895673289895
v -0.0469916202127934 -0.1504046469926834 0.0132430912926793
v -0.0446446314454079 -0.1504046469926834 0.0122709367424250
v -0.0421259999275208 -0.1504046469926834 0.0119393523782492
v -0.0395916402339935 -0.1503691077232361 0.0122122326865792
v -0.0372299924492836 -0.1503691077232361 0.0131904594600201
v -0.0352019965648651 -0.1503691077232361 0.0147465933114290
v -0.0336458645761013 -0.1503691077232361 0.0167745873332024
v -0.0326676368713379 -0.1503691077232361 0.0191362351179123
v -0.0323339812457561 -0.1503691077232361 0.0216705948114395
v -0.0326676368713379 -0.1503691077232361 0.0242049563676119
v -0.0336458645761013 -0.1503691077232361 0.0265666041523218
v -0.0352019965648651 -0.1503691077232361 0.0285945981740952
v -0.0372299924492836 -0.1503691077232361 0.0301507320255041
v -0.0395916402339935 -0.1503691077232361 0.0311289578676224
v -0.0421259999275208 -0.1503691077232361 0.0314626134932041
v -0.0446603596210480 -0.1503691077232361 0.0311289578676224
v -0.0470220074057579 -0.1503691077232361 0.0301507320255041
v -0.0490500032901764 -0.1503691077232361 0.0285945981740952
v -0.0506061352789402 -0.1503691077232361 0.0265666041523218
v -0.0515843629837036 -0.1503691077232361 0.0242049563676119
v -0.0519180186092854 -0.1503691077232361 0.0216705948114395
v -0.0515843629837036 -0.1503691077232361 0.0191362351179123
v -0.0506061352789402 -0.1503691077232361 0.0167745873332024
v -0.0490500032901764 -0.1503691077232361 0.0147465933114290
v -0.0470220074057579 -0.1503691077232361 0.0131904594600201
v -0.0446603596210480 -0.1503691077232361 0.0122122326865792
v -0.0421259999275208 -0.1503691077232361 0.0118785779923201
v -0.0395800583064556 -0.1503147482872009 0.0121690072119236
v -0.0372076146304607 -0.1503147482872009 0.0131517043337226
v -0.0351703539490700 -0.1503147482872009 0.0147149497643113
v -0.0336071103811264 -0.1503147482872009 0.0167522113770247
v -0.0326244123280048 -0.1503147482872009 0.0191246531903744
v -0.0322892330586910 -0.1503147482872009 0.0216705948114395
v -0.0326244123280048 -0.1503147482872009 0.0242165382951498
v -0.0336071103811264 -0.1503147482872009 0.0265889782458544
v -0.0351703539490700 -0.1503147482872009 0.0286262407898903
v -0.0372076146304607 -0.1503147482872009 0.0301894862204790
v -0.0395800583064556 -0.1503147482872009 0.0311721842736006
v -0.0421259999275208 -0.1503147482872009 0.0315073616802692
v -0.0446719415485859 -0.1503147482872009 0.0311721842736006
v -0.0470443852245808 -0.1503147482872009 0.0301894862204790
v -0.0490816459059715 -0.1503147482872009 0.0286262407898903
v -0.0506448894739151 -0.1503147482872009 0.0265889782458544
v -0.0516275875270367 -0.1503147482872009 0.0242165382951498
v -0.0519627667963505 -0.1503147482872009 0.0216705948114395
v -0.0516275875270367 -0.1503147482872009 0.0191246531903744
v -0.0506448894739151 -0.1503147482872009 0.0167522113770247
v -0.0490816459059715 -0.1503147482872009 0.0147149497643113
v -0.0470443852245808 -0.1503147482872009 0.0131517043337226
v -0.0446719415485859 -0.1503147482872009 0.0121690072119236
v -0.0421259999275208 -0.1503147482872009 0.0118338270112872
v -0.0401549115777016 -0.1469064950942993 0.0062465374357998
v -0.0408563315868378 -0.1469064950942993 0.0071148951537907
v -0.0412513092160225 -0.1469064950942993 0.0034007574431598
v -0.0423540398478508 -0.1469064950942993 0.0032274867407978
v -0.0399816408753395 -0.1469064950942993 0.0051438058726490
v -0.0433956682682037 -0.1469064950942993 0.0036287955008447
v -0.0440970882773399 -0.1469064950942993 0.0044971532188356
v -0.0430006906390190 -0.1469064950942993 0.0073429341427982
v -0.0418979600071907 -0.1469064950942993 0.0075162048451602
v -0.0442703589797020 -0.1469064950942993 0.0055998838506639
v -0.0403829514980316 -0.1469064950942993 0.0041021793149412
v -0.0438690483570099 -0.1469064950942993 0.0066415122710168
v -0.0401549115777016 -0.1469064950942993 0.0388440378010273
v -0.0408563315868378 -0.1469064950942993 0.0397123955190182
v -0.0412513092160225 -0.1469064950942993 0.0359982550144196
v -0.0423540398478508 -0.1469064950942993 0.0358249880373478
v -0.0399816408753395 -0.1469064950942993 0.0377413071691990
v -0.0433956682682037 -0.1469064950942993 0.0362262949347496
v -0.0440970882773399 -0.1469064950942993 0.0370946526527405
v -0.0430006906390190 -0.1469064950942993 0.0399404354393482
v -0.0418979600071907 -0.1469064950942993 0.0401137024164200
v -0.0442703589797020 -0.1469064950942993 0.0381973832845688
v -0.0403829514980316 -0.1469064950942993 0.0366996787488461
v -0.0438690483570099 -0.1469064950942993 0.0392390117049217
v 0.0146635761484504 -0.0112507492303848 0.0081272181123495
v 0.0133951781317592 -0.0112507492303848 0.0078517002984881
v 0.0124344704672694 -0.0112507492303848 0.0069788959808648
v 0.0120388781651855 -0.0112507492303848 0.0057426723651588
v 0.0158998016268015 -0.0112507492303848 0.0077316253446043
v 0.0167726036161184 -0.0112507492303848 0.0067709186114371
v 0.0170481223613024 -0.0112507492303848 0.0055025196634233
v 0.0166525300592184 -0.0112507492303848 0.0042662951163948
v 0.0156918223947287 -0.0112507492303848 0.0033934894017875
v 0.0144234253093600 -0.0112507492303848 0.0031179725192487
v 0.0131871988996863 -0.0112507492303848 0.0035135666839778
v 0.0123143931850791 -0.0112507492303848 0.0044742724858224
v 0.0146635761484504 -0.0112507492303848 0.0402232185006142
v 0.0133951781317592 -0.0112507492303848 0.0399476997554302
v 0.0124344704672694 -0.0112507492303848 0.0390748940408230
v 0.0120388781651855 -0.0112507492303848 0.0378386713564396
v 0.0158998016268015 -0.0112507492303848 0.0398276261985302
v 0.0167726036161184 -0.0112507492303848 0.0388669185340405
v 0.0170481223613024 -0.0112507492303848 0.0375985205173492
v 0.0166525300592184 -0.0112507492303848 0.0363622941076756
v 0.0156918223947287 -0.0112507492303848 0.0354894883930683
v 0.0144234253093600 -0.0112507492303848 0.0352139733731747
v 0.0131871988996863 -0.0112507492303848 0.0356095656752586
v 0.0123143931850791 -0.0112507492303848 0.0365702733397484
v -0.0575693473219872 -0.0122537501156330 0.0185498483479023
v -0.0563373826444149 -0.0117522515356541 0.0198444593697786
v -0.0562243573367596 -0.0122537501156330 0.0197717752307653
v -0.0558047518134117 -0.0117522515356541 0.0215089246630669
v -0.0556705258786678 -0.0122537501156330 0.0215024892240763
v -0.0561757087707520 -0.0117522515356541 0.0232167094945908
v -0.0560562536120415 -0.0122537501156330 0.0232782475650311
v -0.0573508627712727 -0.0117522515356541 0.0245102141052485
v -0.0572781786322594 -0.0122537501156330 0.0246232375502586
v -0.0590153299272060 -0.0117522515356541 0.0250428449362516
v -0.0590088926255703 -0.0122537501156330 0.0251770690083504
v -0.0607231147587299 -0.0117522515356541 0.0246718861162663
v -0.0607846528291702 -0.0122537501156330 0.0247913431376219
v -0.0620166175067425 -0.0117522515356541 0.0234967321157455
v -0.0621296428143978 -0.0122537501156330 0.0235694162547588
v -0.0625492483377457 -0.0117522515356541 0.0218322668224573
v -0.0626834705471992 -0.0122537501156330 0.0218387022614479
v -0.0621782913804054 -0.0117522515356541 0.0201244819909334
v -0.0622977465391159 -0.0122537501156330 0.0200629439204931
v -0.0610031373798847 -0.0117522515356541 0.0188309773802757
v -0.0610758215188980 -0.0122537501156330 0.0187179539352655
v -0.0593386702239513 -0.0117522515356541 0.0182983446866274
v -0.0593451075255871 -0.0122537501156330 0.0181641224771738
v -0.0576308853924274 -0.0117522515356541 0.0186693053692579
v -0.0566461645066738 -0.0113851279020309 0.0200430341064930
v -0.0561714507639408 -0.0113851279020309 0.0215265043079853
v -0.0565020740032196 -0.0113851279020309 0.0230485834181309
v -0.0575494393706322 -0.0113851279020309 0.0242014303803444
v -0.0590329095721245 -0.0113851279020309 0.0246761441230774
v -0.0605549886822701 -0.0113851279020309 0.0243455227464437
v -0.0617078356444836 -0.0113851279020309 0.0232981555163860
v -0.0621825493872166 -0.0113851279020309 0.0218146871775389
v -0.0618519261479378 -0.0113851279020309 0.0202926080673933
v -0.0608045607805252 -0.0113851279020309 0.0191397592425346
v -0.0593210905790329 -0.0113851279020309 0.0186650473624468
v -0.0577990114688873 -0.0113851279020309 0.0189956687390804
v -0.0390175208449364 -0.1464508026838303 0.0332715958356857
v -0.0421259999275208 -0.1464508026838303 0.0336808338761330
v -0.0452344790101051 -0.1464508026838303 0.0332715958356857
v -0.0481311194598675 -0.1464508026838303 0.0320717655122280
v -0.0506185218691826 -0.1464508026838303 0.0301631167531013
v -0.0525271706283092 -0.1464508026838303 0.0276757143437862
v -0.0537270009517670 -0.1464508026838303 0.0247790738940239
v -0.0541362389922142 -0.1464508026838303 0.0216705948114395
v -0.0537270009517670 -0.1464508026838303 0.0185621175915003
v -0.0525271706283092 -0.1464508026838303 0.0156654771417379
v -0.0506185218691826 -0.1464508026838303 0.0131780747324228
v -0.0481311194598675 -0.1464508026838303 0.0112694241106510
v -0.0452344790101051 -0.1464508026838303 0.0100695956498384
v -0.0421259999275208 -0.1464508026838303 0.0096603566780686
v -0.0390175208449364 -0.1464508026838303 0.0100695956498384
v -0.0361208803951740 -0.1464508026838303 0.0112694241106510
v -0.0336334779858589 -0.1464508026838303 0.0131780747324228
v -0.0317248292267323 -0.1464508026838303 0.0156654771417379
v -0.0305250007659197 -0.1464508026838303 0.0185621175915003
v -0.0301157627254725 -0.1464508026838303 0.0216705948114395
v -0.0305250007659197 -0.1464508026838303 0.0247790738940239
v -0.0317248292267323 -0.1464508026838303 0.0276757143437862
v -0.0336334779858589 -0.1464508026838303 0.0301631167531013
v -0.0361208803951740 -0.1464508026838303 0.0320717655122280
v -0.0441933386027813 -0.1467989981174469 0.0068777292035520
v -0.0446693077683449 -0.1467989981174469 0.0056423111818731
v -0.0444638021290302 -0.1467989981174469 0.0043344195000827
v -0.0436318852007389 -0.1467989981174469 0.0033045071177185
v -0.0423964634537697 -0.1467989981174469 0.0028285360895097
v -0.0410885736346245 -0.1467989981174469 0.0030340435914695
v -0.0400586612522602 -0.1467989981174469 0.0038659623824060
v -0.0395826920866966 -0.1467989981174469 0.0051013804040849
v -0.0397881977260113 -0.1467989981174469 0.0064092711545527
v -0.0406201146543026 -0.1467989981174469 0.0074391835369170
v -0.0418555364012718 -0.1467989981174469 0.0079151540994644
v -0.0431634262204170 -0.1467989981174469 0.0077096479944885
v -0.0444307327270508 -0.1465052962303162 0.0070506525225937
v -0.0449613630771637 -0.1465052962303162 0.0056733689270914
v -0.0447322577238083 -0.1465052962303162 0.0042152903042734
v -0.0438048057258129 -0.1465052962303162 0.0030671111308038
v -0.0424275211989880 -0.1465052962303162 0.0025364845059812
v -0.0409694463014603 -0.1465052962303162 0.0027655898593366
v -0.0398212671279907 -0.1465052962303162 0.0036930381320417
v -0.0392906367778778 -0.1465052962303162 0.0050703226588666
v -0.0395197421312332 -0.1465052962303162 0.0065284003503621
v -0.0404471941292286 -0.1465052962303162 0.0076765795238316
v -0.0418244786560535 -0.1465052962303162 0.0082072066143155
v -0.0432825535535812 -0.1465052962303162 0.0079781012609601
v -0.0445176251232624 -0.1461040973663330 0.0071139470674098
v -0.0450682602822781 -0.1461040973663330 0.0056847366504371
v -0.0448305159807205 -0.1461040973663330 0.0041716876439750
v -0.0438681021332741 -0.1461040973663330 0.0029802187345922
v -0.0424388907849789 -0.1461040973663330 0.0024295854382217
v -0.0409258417785168 -0.1461040973663330 0.0026673278771341
v -0.0397343747317791 -0.1461040973663330 0.0036297435872257
v -0.0391837395727634 -0.1461040973663330 0.0050589549355209
v -0.0394214838743210 -0.1461040973663330 0.0065720039419830
v -0.0403838977217674 -0.1461040973663330 0.0077634719200432
v -0.0418131090700626 -0.1461040973663330 0.0083141047507524
v -0.0433261580765247 -0.1461040973663330 0.0080763623118401
v -0.0441933386027813 -0.1467989981174469 0.0394752286374569
v -0.0446693077683449 -0.1467989981174469 0.0382398106157780
v -0.0444638021290302 -0.1467989981174469 0.0369319207966328
v -0.0436318852007389 -0.1467989981174469 0.0359020084142685
v -0.0423964634537697 -0.1467989981174469 0.0354260355234146
v -0.0410885736346245 -0.1467989981174469 0.0356315411627293
v -0.0400586612522602 -0.1467989981174469 0.0364634618163109
v -0.0395826920866966 -0.1467989981174469 0.0376988798379898
v -0.0397881977260113 -0.1467989981174469 0.0390067696571350
v -0.0406201146543026 -0.1467989981174469 0.0400366820394993
v -0.0418555364012718 -0.1467989981174469 0.0405126549303532
v -0.0431634262204170 -0.1467989981174469 0.0403071492910385
v -0.0444307327270508 -0.1465052962303162 0.0396481528878212
v -0.0449613630771637 -0.1465052962303162 0.0382708683609962
v -0.0447322577238083 -0.1465052962303162 0.0368127897381783
v -0.0438048057258129 -0.1465052962303162 0.0356646105647087
v -0.0424275211989880 -0.1465052962303162 0.0351339839398861
v -0.0409694463014603 -0.1465052962303162 0.0353630892932415
v -0.0398212671279907 -0.1465052962303162 0.0362905375659466
v -0.0392906367778778 -0.1465052962303162 0.0376678220927715
v -0.0395197421312332 -0.1465052962303162 0.0391259007155895
v -0.0404471941292286 -0.1465052962303162 0.0402740798890591
v -0.0418244786560535 -0.1465052962303162 0.0408047065138817
v -0.0432825535535812 -0.1465052962303162 0.0405756011605263
v -0.0445176251232624 -0.1461040973663330 0.0397114455699921
v -0.0450682602822781 -0.1461040973663330 0.0382822342216969
v -0.0448305159807205 -0.1461040973663330 0.0367691852152348
v -0.0438681021332741 -0.1461040973663330 0.0355777181684971
v -0.0424388907849789 -0.1461040973663330 0.0350270867347717
v -0.0409258417785168 -0.1461040973663330 0.0352648273110390
v -0.0397343747317791 -0.1461040973663330 0.0362272448837757
v -0.0391837395727634 -0.1461040973663330 0.0376564562320709
v -0.0394214838743210 -0.1461040973663330 0.0391695052385330
v -0.0403838977217674 -0.1461040973663330 0.0403609722852707
v -0.0418131090700626 -0.1461040973663330 0.0409116037189960
v -0.0433261580765247 -0.1461040973663330 0.0406738631427288
v 0.0161511506885290 -0.0122537501156330 0.0025018486194313
v 0.0173831190913916 -0.0117522515356541 0.0037964596413076
v 0.0174961406737566 -0.0122537501156330 0.0037237755022943
v 0.0179157499223948 -0.0117522515356541 0.0054609249345958
v 0.0180499721318483 -0.0122537501156330 0.0054544894956052
v 0.0175447892397642 -0.0117522515356541 0.0071687088347971
v 0.0176642481237650 -0.0122537501156330 0.0072302478365600
v 0.0163696352392435 -0.0117522515356541 0.0084622139111161
v 0.0164423193782568 -0.0122537501156330 0.0085752364248037
v 0.0147051727399230 -0.0117522515356541 0.0089948456734419
v 0.0147116063162684 -0.0122537501156330 0.0091290678828955
v 0.0129973879083991 -0.0117522515356541 0.0086238849908113
v 0.0129358498379588 -0.0122537501156330 0.0087433429434896
v 0.0117038814350963 -0.0117522515356541 0.0074487323872745
v 0.0115908598527312 -0.0122537501156330 0.0075214165262878
v 0.0111712506040931 -0.0117522515356541 0.0057842670939863
v 0.0110370283946395 -0.0122537501156330 0.0057907025329769
v 0.0115422112867236 -0.0117522515356541 0.0040764822624624
v 0.0114227524027228 -0.0122537501156330 0.0040149441920221
v 0.0127173615619540 -0.0117522515356541 0.0027829776518047
v 0.0126446811482310 -0.0122537501156330 0.0026699542067945
v 0.0143818287178874 -0.0117522515356541 0.0022503449581563
v 0.0143753951415420 -0.0122537501156330 0.0021161227487028
v 0.0160896126180887 -0.0117522515356541 0.0026213056407869
v 0.0170743335038424 -0.0113851279020309 0.0039950343780220
v 0.0175490472465754 -0.0113851279020309 0.0054785045795143
v 0.0172184240072966 -0.0113851279020309 0.0070005827583373
v 0.0161710586398840 -0.0113851279020309 0.0081534301862121
v 0.0146875930950046 -0.0113851279020309 0.0086281429976225
v 0.0131655139848590 -0.0113851279020309 0.0082975216209888
v 0.0120126632973552 -0.0113851279020309 0.0072501557879150
v 0.0115379532799125 -0.0113851279020309 0.0057666874490678
v 0.0118685727939010 -0.0113851279020309 0.0042446083389223
v 0.0129159381613135 -0.0113851279020309 0.0030917595140636
v 0.0143994083628058 -0.0113851279020309 0.0026170476339757
v 0.0159214865416288 -0.0113851279020309 0.0029476690106094
v 0.0161511506885290 -0.0122537501156330 0.0345978476107121
v 0.0173831190913916 -0.0117522515356541 0.0358924604952335
v 0.0174961406737566 -0.0122537501156330 0.0358197763562202
v 0.0179157499223948 -0.0117522515356541 0.0375569239258766
v 0.0180499721318483 -0.0122537501156330 0.0375504903495312
v 0.0175447892397642 -0.0117522515356541 0.0392647087574005
v 0.0176642481237650 -0.0122537501156330 0.0393262468278408
v 0.0163696352392435 -0.0117522515356541 0.0405582152307034
v 0.0164423193782568 -0.0122537501156330 0.0406712368130684
v 0.0147051727399230 -0.0117522515356541 0.0410908460617065
v 0.0147116063162684 -0.0122537501156330 0.0412250682711601
v 0.0129973879083991 -0.0117522515356541 0.0407198853790760
v 0.0129358498379588 -0.0122537501156330 0.0408393442630768
v 0.0117038814350963 -0.0117522515356541 0.0395447313785553
v 0.0115908598527312 -0.0122537501156330 0.0396174155175686
v 0.0111712506040931 -0.0117522515356541 0.0378802679479122
v 0.0110370283946395 -0.0122537501156330 0.0378867015242577
v 0.0115422112867236 -0.0117522515356541 0.0361724831163883
v 0.0114227524027228 -0.0122537501156330 0.0361109450459480
v 0.0127173615619540 -0.0117522515356541 0.0348789766430855
v 0.0126446811482310 -0.0122537501156330 0.0347659550607204
v 0.0143818287178874 -0.0117522515356541 0.0343463458120823
v 0.0143753951415420 -0.0122537501156330 0.0342121236026287
v 0.0160896126180887 -0.0117522515356541 0.0347173064947128
v 0.0170743335038424 -0.0113851279020309 0.0360910333693027
v 0.0175490472465754 -0.0113851279020309 0.0375745035707951
v 0.0172184240072966 -0.0113851279020309 0.0390965826809406
v 0.0161710586398840 -0.0113851279020309 0.0402494296431541
v 0.0146875930950046 -0.0113851279020309 0.0407241433858871
v 0.0131655139848590 -0.0113851279020309 0.0403935201466084
v 0.0120126632973552 -0.0113851279020309 0.0393461547791958
v 0.0115379532799125 -0.0113851279020309 0.0378626845777035
v 0.0118685727939010 -0.0113851279020309 0.0363406091928482
v 0.0129159381613135 -0.0113851279020309 0.0351877585053444
v 0.0143994083628058 -0.0113851279020309 0.0347130484879017
v 0.0159214865416288 -0.0113851279020309 0.0350436680018902
v -0.0483947508037090 -0.0089940018951893 0.0111390948295593
v -0.0487642847001553 -0.0089940018951893 0.0125182196497917
v -0.0497738756239414 -0.0089940018951893 0.0135278096422553
v -0.0511530004441738 -0.0089940018951893 0.0138973454013467
v -0.0525321252644062 -0.0089940018951893 0.0135278096422553
v -0.0535417161881924 -0.0089940018951893 0.0125182196497917
v -0.0539112500846386 -0.0089940018951893 0.0111390948295593
v -0.0535417161881924 -0.0089940018951893 0.0097599700093269
v -0.0525321252644062 -0.0089940018951893 0.0087503809481859
v -0.0511530004441738 -0.0089940018951893 0.0083808451890945
v -0.0497738756239414 -0.0089940018951893 0.0087503809481859
v -0.0487642847001553 -0.0089940018951893 0.0097599700093269
v -0.0590088926255703 -0.0138083994388580 0.0251770690083504
v -0.0572781786322594 -0.0138083994388580 0.0246232375502586
v -0.0560562536120415 -0.0138083994388580 0.0232782475650311
v -0.0556705258786678 -0.0138083994388580 0.0215024892240763
v -0.0562243573367596 -0.0138083994388580 0.0197717752307653
v -0.0575693473219872 -0.0138083994388580 0.0185498483479023
v -0.0593451075255871 -0.0138083994388580 0.0181641224771738
v -0.0610758215188980 -0.0138083994388580 0.0187179539352655
v -0.0622977465391159 -0.0138083994388580 0.0200629439204931
v -0.0626834705471992 -0.0138083994388580 0.0218387022614479
v -0.0621296428143978 -0.0138083994388580 0.0235694162547588
v -0.0607846528291702 -0.0138083994388580 0.0247913431376219
v -0.0421259999275208 -0.1463524550199509 0.0337065942585468
v -0.0390108525753021 -0.1463524550199509 0.0332964770495892
v -0.0361079983413219 -0.1463524550199509 0.0320940762758255
v -0.0336152613162994 -0.1463524550199509 0.0301813334226608
v -0.0317025184631348 -0.1463524550199509 0.0276885945349932
v -0.0305001176893711 -0.1463524550199509 0.0247857421636581
v -0.0300900004804134 -0.1463524550199509 0.0216705948114395
v -0.0305001176893711 -0.1463524550199509 0.0185554493218660
v -0.0317025184631348 -0.1463524550199509 0.0156525950878859
v -0.0336152613162994 -0.1463524550199509 0.0131598580628633
v -0.0361079983413219 -0.1463524550199509 0.0112471133470535
v -0.0390108525753021 -0.1463524550199509 0.0100447116419673
v -0.0421259999275208 -0.1463524550199509 0.0096345953643322
v -0.0452411472797394 -0.1463524550199509 0.0100447116419673
v -0.0481440015137196 -0.1463524550199509 0.0112471133470535
v -0.0506367385387421 -0.1463524550199509 0.0131598580628633
v -0.0525494813919067 -0.1463524550199509 0.0156525950878859
v -0.0537518821656704 -0.1463524550199509 0.0185554493218660
v -0.0541619993746281 -0.1463524550199509 0.0216705948114395
v -0.0537518821656704 -0.1463524550199509 0.0247857421636581
v -0.0525494813919067 -0.1463524550199509 0.0276885945349932
v -0.0506367385387421 -0.1463524550199509 0.0301813334226608
v -0.0481440015137196 -0.1463524550199509 0.0320940762758255
v -0.0452411472797394 -0.1463524550199509 0.0332964770495892
v -0.0409258417785168 -0.1454019993543625 0.0026673278771341
v -0.0424388907849789 -0.1454019993543625 0.0024295854382217
v -0.0438681021332741 -0.1454019993543625 0.0029802187345922
v -0.0448305159807205 -0.1454019993543625 0.0041716876439750
v -0.0450682602822781 -0.1454019993543625 0.0056847366504371
v -0.0445176251232624 -0.1454019993543625 0.0071139470674098
v -0.0433261580765247 -0.1454019993543625 0.0080763623118401
v -0.0418131090700626 -0.1454019993543625 0.0083141047507524
v -0.0403838977217674 -0.1454019993543625 0.0077634719200432
v -0.0394214838743210 -0.1454019993543625 0.0065720039419830
v -0.0391837395727634 -0.1454019993543625 0.0050589549355209
v -0.0397343747317791 -0.1454019993543625 0.0036297435872257
v -0.0409258417785168 -0.1454019993543625 0.0352648273110390
v -0.0424388907849789 -0.1454019993543625 0.0350270867347717
v -0.0438681021332741 -0.1454019993543625 0.0355777181684971
v -0.0448305159807205 -0.1454019993543625 0.0367691852152348
v -0.0450682602822781 -0.1454019993543625 0.0382822342216969
v -0.0445176251232624 -0.1454019993543625 0.0397114455699921
v -0.0433261580765247 -0.1454019993543625 0.0406738631427288
v -0.0418131090700626 -0.1454019993543625 0.0409116037189960
v -0.0403838977217674 -0.1454019993543625 0.0403609722852707
v -0.0394214838743210 -0.1454019993543625 0.0391695052385330
v -0.0391837395727634 -0.1454019993543625 0.0376564562320709
v -0.0397343747317791 -0.1454019993543625 0.0362272448837757
v 0.0147116063162684 -0.0138083994388580 0.0091290678828955
v 0.0164423193782568 -0.0138083994388580 0.0085752364248037
v 0.0176642481237650 -0.0138083994388580 0.0072302478365600
v 0.0180499721318483 -0.0138083994388580 0.0054544894956052
v 0.0174961406737566 -0.0138083994388580 0.0037237755022943
v 0.0161511506885290 -0.0138083994388580 0.0025018486194313
v 0.0143753951415420 -0.0138083994388580 0.0021161227487028
v 0.0126446811482310 -0.0138083994388580 0.0026699542067945
v 0.0114227524027228 -0.0138083994388580 0.0040149441920221
v 0.0110370283946395 -0.0138083994388580 0.0057907025329769
v 0.0115908598527312 -0.0138083994388580 0.0075214165262878
v 0.0129358498379588 -0.0138083994388580 0.0087433429434896
v 0.0147116063162684 -0.0138083994388580 0.0412250682711601
v 0.0164423193782568 -0.0138083994388580 0.0406712368130684
v 0.0176642481237650 -0.0138083994388580 0.0393262468278408
v 0.0180499721318483 -0.0138083994388580 0.0375504903495312
v 0.0174961406737566 -0.0138083994388580 0.0358197763562202
v 0.0161511506885290 -0.0138083994388580 0.0345978476107121
v 0.0143753951415420 -0.0138083994388580 0.0342121236026287
v 0.0126446811482310 -0.0138083994388580 0.0347659550607204
v 0.0114227524027228 -0.0138083994388580 0.0361109450459480
v 0.0110370283946395 -0.0138083994388580 0.0378867015242577
v 0.0115908598527312 -0.0138083994388580 0.0396174155175686
v 0.0129358498379588 -0.0138083994388580 0.0408393442630768
v -0.0480437017977238 -0.0089940018951893 0.0165245607495308
v -0.0457675345242023 -0.0089940018951893 0.0142483953386545
v -0.0449343994259834 -0.0089940018951893 0.0111390948295593
v -0.0457675345242023 -0.0089940018951893 0.0080297952517867
v -0.0480437017977238 -0.0089940018951893 0.0057536303065717
v -0.0511530004441738 -0.0089940018951893 0.0049204952083528
v -0.0542622990906239 -0.0089940018951893 0.0057536303065717
v -0.0565384663641453 -0.0089940018951893 0.0080297952517867
v -0.0573716014623642 -0.0089940018951893 0.0111390948295593
v -0.0565384663641453 -0.0089940018951893 0.0142483953386545
v -0.0542622990906239 -0.0089940018951893 0.0165245607495308
v -0.0511530004441738 -0.0089940018951893 0.0173576958477497
v -0.0624270886182785 -0.0140089988708496 0.0222969837486744
v -0.0624831020832062 -0.0140089988708496 0.0218290966004133
v -0.0624367482960224 -0.0140089988708496 0.0216705948114395
v -0.0624270886182785 -0.0140089988708496 0.0210442077368498
v -0.0620452798902988 -0.0139821246266365 0.0235151648521423
v -0.0625832900404930 -0.0139821246266365 0.0218338984996080
v -0.0619609169661999 -0.0140089988708496 0.0234609115868807
v -0.0606927871704102 -0.0140089988708496 0.0246130153536797
v -0.0607387199997902 -0.0139821246266365 0.0247021783143282
v -0.0590185001492500 -0.0140089988708496 0.0249766986817122
v -0.0590136982500553 -0.0139821246266365 0.0250768829137087
v -0.0573866851627827 -0.0140089988708496 0.0244545135647058
v -0.0573324300348759 -0.0139821246266365 0.0245388746261597
v -0.0562345795333385 -0.0140089988708496 0.0231863819062710
v -0.0561454184353352 -0.0139821246266365 0.0232323147356510
v -0.0558708980679512 -0.0140089988708496 0.0215120948851109
v -0.0557707138359547 -0.0139821246266365 0.0215072929859161
v -0.0563930831849575 -0.0140089988708496 0.0198802780359983
v -0.0563087202608585 -0.0139821246266365 0.0198260266333818
v -0.0576612129807472 -0.0140089988708496 0.0187281761318445
v -0.0576152801513672 -0.0139821246266365 0.0186390113085508
v -0.0593355000019073 -0.0140089988708496 0.0183644928038120
v -0.0593403019011021 -0.0139821246266365 0.0182643085718155
v -0.0609673149883747 -0.0140089988708496 0.0188866760581732
v -0.0610215701162815 -0.0139821246266365 0.0188023149967194
v -0.0621194206178188 -0.0140089988708496 0.0201548095792532
v -0.0622085817158222 -0.0139821246266365 0.0201088767498732
v -0.0562469623982906 -0.0139086991548538 0.0197863113135099
v -0.0556973703205585 -0.0139086991548538 0.0215037763118744
v -0.0560801438987255 -0.0139086991548538 0.0232659392058849
v -0.0572927147150040 -0.0139086991548538 0.0246006324887276
v -0.0590101815760136 -0.0139086991548538 0.0251502245664597
v -0.0607723444700241 -0.0139086991548538 0.0247674509882927
v -0.0621070377528667 -0.0139086991548538 0.0235548801720142
v -0.0626566261053085 -0.0139086991548538 0.0218374151736498
v -0.0622738562524319 -0.0139086991548538 0.0200752504169941
v -0.0610612854361534 -0.0139086991548538 0.0187405589967966
v -0.0593438185751438 -0.0139086991548538 0.0181909669190645
v -0.0575816556811333 -0.0139086991548538 0.0185737386345863
v -0.0390108525753021 -0.1445996016263962 0.0332964770495892
v -0.0421259999275208 -0.1445996016263962 0.0337065942585468
v -0.0452411472797394 -0.1445996016263962 0.0332964770495892
v -0.0481440015137196 -0.1445996016263962 0.0320940762758255
v -0.0506367385387421 -0.1445996016263962 0.0301813334226608
v -0.0525494813919067 -0.1445996016263962 0.0276885945349932
v -0.0537518821656704 -0.1445996016263962 0.0247857421636581
v -0.0541619993746281 -0.1445996016263962 0.0216705948114395
v -0.0537518821656704 -0.1445996016263962 0.0185554493218660
v -0.0525494813919067 -0.1445996016263962 0.0156525950878859
v -0.0506367385387421 -0.1445996016263962 0.0131598580628633
v -0.0481440015137196 -0.1445996016263962 0.0112471133470535
v -0.0452411472797394 -0.1445996016263962 0.0100447116419673
v -0.0421259999275208 -0.1445996016263962 0.0096345953643322
v -0.0390108525753021 -0.1445996016263962 0.0100447116419673
v -0.0361079983413219 -0.1445996016263962 0.0112471133470535
v -0.0336152613162994 -0.1445996016263962 0.0131598580628633
v -0.0317025184631348 -0.1445996016263962 0.0156525950878859
v -0.0305001176893711 -0.1445996016263962 0.0185554493218660
v -0.0300900004804134 -0.1445996016263962 0.0216705948114395
v -0.0305001176893711 -0.1445996016263962 0.0247857421636581
v -0.0317025184631348 -0.1445996016263962 0.0276885945349932
v -0.0336152613162994 -0.1445996016263962 0.0301813334226608
v -0.0361079983413219 -0.1445996016263962 0.0320940762758255
v -0.0390857979655266 -0.1454019993543625 0.0031573097221553
v -0.0383858382701874 -0.1454019993543625 0.0049741039983928
v -0.0386880561709404 -0.1454019993543625 0.0068974713794887
v -0.0399114638566971 -0.1454019993543625 0.0084120482206345
v -0.0417282581329346 -0.1454019993543625 0.0091120060533285
v -0.0436516255140305 -0.1454019993543625 0.0088097909465432
v -0.0451662018895149 -0.1454019993543625 0.0075863809324801
v -0.0458661615848541 -0.1454019993543625 0.0057695875875652
v -0.0455639436841011 -0.1454019993543625 0.0038462202064693
v -0.0443405359983444 -0.1454019993543625 0.0023316419683397
v -0.0425237417221069 -0.1454019993543625 0.0016316840192303
v -0.0406003743410110 -0.1454019993543625 0.0019339000573382
v -0.0390857979655266 -0.1454019993543625 0.0357548110187054
v -0.0383858382701874 -0.1454019993543625 0.0375716015696526
v -0.0386880561709404 -0.1454019993543625 0.0394949689507484
v -0.0399114638566971 -0.1454019993543625 0.0410095490515232
v -0.0417282581329346 -0.1454019993543625 0.0417095050215721
v -0.0436516255140305 -0.1454019993543625 0.0414072908461094
v -0.0451662018895149 -0.1454019993543625 0.0401838794350624
v -0.0458661615848541 -0.1454019993543625 0.0383670888841152
v -0.0455639436841011 -0.1454019993543625 0.0364437215030193
v -0.0443405359983444 -0.1454019993543625 0.0349291414022446
v -0.0425237417221069 -0.1454019993543625 0.0342291854321957
v -0.0406003743410110 -0.1454019993543625 0.0345313996076584
v 0.0105014918372035 -0.0105206221342087 0.0287299677729607
v 0.0105003258213401 -0.0105203762650490 0.0286959521472454
v 0.0100204525515437 0.0004705006431323 0.0287918690592051
v 0.0105118444189429 -0.0105208046734333 0.0288026817142963
v 0.0100876418873668 0.0004712494264822 0.0290425531566143
v 0.0105388676747680 -0.0105203725397587 0.0288886595517397
v 0.0102710193023086 0.0004776532005053 0.0292261000722647
v 0.0105214780196548 0.0004880020569544 0.0292933490127325
v 0.0110013475641608 -0.0105028748512268 0.0291974339634180
v 0.0107556050643325 -0.0105130411684513 0.0291328746825457
v 0.0107508925721049 -0.0105132237076759 0.0291301850229502
v 0.0101655116304755 0.0004737565468531 0.0291446354240179
v 0.0105728944763541 -0.0105194747447968 0.0289557427167892
v 0.0105675151571631 -0.0105196312069893 0.0289466381072998
v 0.0100876418873668 0.0004712494264822 0.0230748876929283
v 0.0105675151571631 -0.0105196312069893 0.0231708027422428
v 0.0101672662422061 0.0004738198767882 0.0229710396379232
v 0.0105728944763541 -0.0105194747447968 0.0231616981327534
v 0.0102710193023086 0.0004776532005053 0.0228913407772779
v 0.0107508925721049 -0.0105132237076759 0.0229872558265924
v 0.0105214780196548 0.0004880020569544 0.0228240918368101
v 0.0107556050643325 -0.0105130411684513 0.0229845661669970
v 0.0110013475641608 -0.0105028748512268 0.0229200068861246
v 0.0100204525515437 0.0004705006431323 0.0233255717903376
v 0.0105003258213401 -0.0105203762650490 0.0234214887022972
v 0.0105014918372035 -0.0105206221342087 0.0233874730765820
v 0.0105118444189429 -0.0105208046734333 0.0233147591352463
v 0.0105388676747680 -0.0105203725397587 0.0232287812978029
v 0.0105675151571631 -0.0105196312069893 0.0201703887432814
v 0.0105388676747680 -0.0105203725397587 0.0201124101877213
v 0.0100876418873668 0.0004712494264822 0.0202663037925959
v 0.0105118444189429 -0.0105208046734333 0.0200264323502779
v 0.0100204525515437 0.0004705006431323 0.0200156196951866
v 0.0105014918372035 -0.0105206221342087 0.0199537165462971
v 0.0105003258213401 -0.0105203762650490 0.0199197027832270
v 0.0105728944763541 -0.0105194747447968 0.0201794933527708
v 0.0101655116304755 0.0004737565468531 0.0203683860599995
v 0.0107508925721049 -0.0105132237076759 0.0203539337962866
v 0.0102710193023086 0.0004776532005053 0.0204498507082462
v 0.0107556050643325 -0.0105130411684513 0.0203566234558821
v 0.0105214780196548 0.0004880020569544 0.0205170996487141
v 0.0110013475641608 -0.0105028748512268 0.0204211845993996
v 0.0100204525515437 0.0004705006431323 0.0145493224263191
v 0.0105003258213401 -0.0105203762650490 0.0146452374756336
v 0.0100876418873668 0.0004712494264822 0.0142986364662647
v 0.0105014918372035 -0.0105206221342087 0.0146112237125635
v 0.0105118444189429 -0.0105208046734333 0.0145385088399053
v 0.0105388676747680 -0.0105203725397587 0.0144525310024619
v 0.0105675151571631 -0.0105196312069893 0.0143945524469018
v 0.0101672662422061 0.0004738198767882 0.0141947893425822
v 0.0105728944763541 -0.0105194747447968 0.0143854478374124
v 0.0102710193023086 0.0004776532005053 0.0141150904819369
v 0.0107508925721049 -0.0105132237076759 0.0142110064625740
v 0.0105214780196548 0.0004880020569544 0.0140478406101465
v 0.0107556050643325 -0.0105130411684513 0.0142083168029785
v 0.0110013475641608 -0.0105028748512268 0.0141437565907836
v 0.0178496036678553 -0.0140089988708496 0.0054640951566398
v 0.0176439862698317 -0.0140089988708496 0.0067812274210155
v 0.0176439862698317 -0.0140089988708496 0.0044639646075666
v 0.0174117777496576 -0.0139821246266365 0.0037780269049108
v 0.0179497878998518 -0.0139821246266365 0.0054592913947999
v 0.0173274185508490 -0.0140089988708496 0.0038322783075273
v 0.0160592850297689 -0.0140089988708496 0.0026801764033735
v 0.0161052178591490 -0.0139821246266365 0.0025910115800798
v 0.0143849989399314 -0.0140089988708496 0.0023164930753410
v 0.0143801970407367 -0.0139821246266365 0.0022163069806993
v 0.0127531839534640 -0.0140089988708496 0.0028386763297021
v 0.0126989325508475 -0.0139821246266365 0.0027543152682483
v 0.0116010820493102 -0.0140089988708496 0.0041068098507822
v 0.0115119172260165 -0.0139821246266365 0.0040608770214021
v 0.0112373968586326 -0.0140089988708496 0.0057810950092971
v 0.0111372126266360 -0.0139821246266365 0.0057858987711370
v 0.0117595819756389 -0.0140089988708496 0.0074129118584096
v 0.0116752190515399 -0.0139821246266365 0.0074671641923487
v 0.0130277154967189 -0.0140089988708496 0.0085650142282248
v 0.0129817826673388 -0.0139821246266365 0.0086541781201959
v 0.0147019987925887 -0.0140089988708496 0.0089286975562572
v 0.0147068044170737 -0.0139821246266365 0.0090288827195764
v 0.0163338165730238 -0.0140089988708496 0.0084065143018961
v 0.0163880679756403 -0.0139821246266365 0.0084908753633499
v 0.0174859184771776 -0.0140089988708496 0.0071383812464774
v 0.0175750833004713 -0.0139821246266365 0.0071843150071800
v 0.0174735356122255 -0.0139086991548538 0.0037383115850389
v 0.0180231276899576 -0.0139086991548538 0.0054557765834033
v 0.0176403541117907 -0.0139086991548538 0.0072179394774139
v 0.0164277832955122 -0.0139086991548538 0.0085526313632727
v 0.0147103210911155 -0.0139086991548538 0.0091022234410048
v 0.0129481544718146 -0.0139086991548538 0.0087194507941604
v 0.0116134649142623 -0.0139086991548538 0.0075068795122206
v 0.0110638728365302 -0.0139086991548538 0.0057894154451787
v 0.0114466426894069 -0.0139086991548538 0.0040272506885231
v 0.0126592172309756 -0.0139086991548538 0.0026925592683256
v 0.0143766803666949 -0.0139086991548538 0.0021429671905935
v 0.0161388423293829 -0.0139086991548538 0.0025257389061153
v 0.0178496036678553 -0.0140089988708496 0.0375600941479206
v 0.0176439862698317 -0.0140089988708496 0.0388772264122963
v 0.0176439862698317 -0.0140089988708496 0.0365599654614925
v 0.0174117777496576 -0.0139821246266365 0.0358740277588367
v 0.0179497878998518 -0.0139821246266365 0.0375552922487259
v 0.0173274185508490 -0.0140089988708496 0.0359282791614532
v 0.0160592850297689 -0.0140089988708496 0.0347761772572994
v 0.0161052178591490 -0.0139821246266365 0.0346870124340057
v 0.0143849989399314 -0.0140089988708496 0.0344124920666218
v 0.0143801970407367 -0.0139821246266365 0.0343123078346252
v 0.0127531839534640 -0.0140089988708496 0.0349346771836281
v 0.0126989325508475 -0.0139821246266365 0.0348503142595291
v 0.0116010820493102 -0.0140089988708496 0.0362028107047081
v 0.0115119172260165 -0.0139821246266365 0.0361568778753281
v 0.0112373968586326 -0.0140089988708496 0.0378770940005779
v 0.0111372126266360 -0.0139821246266365 0.0378818996250629
v 0.0117595819756389 -0.0140089988708496 0.0395089127123356
v 0.0116752190515399 -0.0139821246266365 0.0395631641149521
v 0.0130277154967189 -0.0140089988708496 0.0406610146164894
v 0.0129817826673388 -0.0139821246266365 0.0407501794397831
v 0.0147019987925887 -0.0140089988708496 0.0410246960818768
v 0.0147068044170737 -0.0139821246266365 0.0411248840391636
v 0.0163338165730238 -0.0140089988708496 0.0405025146901608
v 0.0163880679756403 -0.0139821246266365 0.0405868738889694
v 0.0174859184771776 -0.0140089988708496 0.0392343811690807
v 0.0175750833004713 -0.0139821246266365 0.0392803139984608
v 0.0174735356122255 -0.0139086991548538 0.0358343124389648
v 0.0180231276899576 -0.0139086991548538 0.0375517755746841
v 0.0176403541117907 -0.0139086991548538 0.0393139384686947
v 0.0164277832955122 -0.0139086991548538 0.0406486317515373
v 0.0147103210911155 -0.0139086991548538 0.0411982238292694
v 0.0129481544718146 -0.0139086991548538 0.0408154502511024
v 0.0116134649142623 -0.0139086991548538 0.0396028794348240
v 0.0110638728365302 -0.0139086991548538 0.0378854162991047
v 0.0114466426894069 -0.0139086991548538 0.0361232496798038
v 0.0126592172309756 -0.0139086991548538 0.0347885601222515
v 0.0143766803666949 -0.0139086991548538 0.0342389680445194
v 0.0161388423293829 -0.0139086991548538 0.0346217378973961
v -0.0511530004441738 -0.0092949010431767 0.0046195960603654
v -0.0479134060442448 -0.0091444514691830 0.0055279540829360
v -0.0478932484984398 -0.0092949010431767 0.0054930425249040
v -0.0455418601632118 -0.0091444514691830 0.0078995013609529
v -0.0455069467425346 -0.0092949010431767 0.0078793447464705
v -0.0446738116443157 -0.0091444514691830 0.0111390948295593
v -0.0446335002779961 -0.0092949010431767 0.0111390948295593
v -0.0455418601632118 -0.0091444514691830 0.0143786892294884
v -0.0455069467425346 -0.0092949010431767 0.0143988449126482
v -0.0479134060442448 -0.0091444514691830 0.0167502351105213
v -0.0478932484984398 -0.0092949010431767 0.0167851485311985
v -0.0511530004441738 -0.0091444514691830 0.0176182817667723
v -0.0511530004441738 -0.0092949010431767 0.0176585949957371
v -0.0543925948441029 -0.0091444514691830 0.0167502351105213
v -0.0544127486646175 -0.0092949010431767 0.0167851485311985
v -0.0567641407251358 -0.0091444514691830 0.0143786892294884
v -0.0567990541458130 -0.0092949010431767 0.0143988449126482
v -0.0576321855187416 -0.0091444514691830 0.0111390948295593
v -0.0576725006103516 -0.0092949010431767 0.0111390948295593
v -0.0567641407251358 -0.0091444514691830 0.0078995013609529
v -0.0567990541458130 -0.0092949010431767 0.0078793447464705
v -0.0543925948441029 -0.0091444514691830 0.0055279540829360
v -0.0544127486646175 -0.0092949010431767 0.0054930425249040
v -0.0511530004441738 -0.0091444514691830 0.0046599092893302
v -0.0479684732854366 -0.0090343132615089 0.0056233364157379
v -0.0456372424960136 -0.0090343132615089 0.0079545704647899
v -0.0447839498519897 -0.0090343132615089 0.0111390948295593
v -0.0456372424960136 -0.0090343132615089 0.0143236201256514
v -0.0479684732854366 -0.0090343132615089 0.0166548546403646
v -0.0511530004441738 -0.0090343132615089 0.0175081454217434
v -0.0543375238776207 -0.0090343132615089 0.0166548546403646
v -0.0566687583923340 -0.0090343132615089 0.0143236201256514
v -0.0575220510363579 -0.0090343132615089 0.0111390948295593
v -0.0566687583923340 -0.0090343132615089 0.0079545704647899
v -0.0543375238776207 -0.0090343132615089 0.0056233364157379
v -0.0511530004441738 -0.0090343132615089 0.0047700456343591
v -0.0105675132945180 -0.0105196312069893 0.0143945524469018
v -0.0105388695374131 -0.0105203725397587 0.0144525310024619
v -0.0100876400247216 0.0004712494264822 0.0142986364662647
v -0.0105118462815881 -0.0105208046734333 0.0145385088399053
v -0.0100204544141889 0.0004705006431323 0.0145493224263191
v -0.0105014936998487 -0.0105206221342087 0.0146112237125635
v -0.0105003239586949 -0.0105203762650490 0.0146452374756336
v -0.0105728963389993 -0.0105194747447968 0.0143854478374124
v -0.0101655097678304 0.0004737565468531 0.0141965560615063
v -0.0107508907094598 -0.0105132237076759 0.0142110064625740
v -0.0102710211649537 0.0004776532005053 0.0141150904819369
v -0.0107556032016873 -0.0105130411684513 0.0142083168029785
v -0.0105214761570096 0.0004880020569544 0.0140478406101465
v -0.0110013475641608 -0.0105028748512268 0.0141437565907836
v -0.0105003239586949 -0.0105203762650490 0.0199197027832270
v -0.0105014936998487 -0.0105206221342087 0.0199537165462971
v -0.0100204544141889 0.0004705006431323 0.0200156196951866
v -0.0105118462815881 -0.0105208046734333 0.0200264323502779
v -0.0100876400247216 0.0004712494264822 0.0202663037925959
v -0.0105388695374131 -0.0105203725397587 0.0201124101877213
v -0.0105675132945180 -0.0105196312069893 0.0201703887432814
v -0.0101672681048512 0.0004738198767882 0.0203701518476009
v -0.0105728963389993 -0.0105194747447968 0.0201794933527708
v -0.0102710211649537 0.0004776532005053 0.0204498507082462
v -0.0107508907094598 -0.0105132237076759 0.0203539337962866
v -0.0105214761570096 0.0004880020569544 0.0205170996487141
v -0.0107556032016873 -0.0105130411684513 0.0203566234558821
v -0.0110013475641608 -0.0105028748512268 0.0204211845993996
v -0.0105675132945180 -0.0105196312069893 0.0231708027422428
v -0.0100876400247216 0.0004712494264822 0.0230748876929283
v -0.0105728963389993 -0.0105194747447968 0.0231616981327534
v -0.0101655097678304 0.0004737565468531 0.0229728054255247
v -0.0107508907094598 -0.0105132237076759 0.0229872558265924
v -0.0102710211649537 0.0004776532005053 0.0228913407772779
v -0.0107556032016873 -0.0105130411684513 0.0229845661669970
v -0.0105214761570096 0.0004880020569544 0.0228240918368101
v -0.0110013475641608 -0.0105028748512268 0.0229200068861246
v -0.0105388695374131 -0.0105203725397587 0.0232287812978029
v -0.0105118462815881 -0.0105208046734333 0.0233147591352463
v -0.0100204544141889 0.0004705006431323 0.0233255717903376
v -0.0105014936998487 -0.0105206221342087 0.0233874730765820
v -0.0105003239586949 -0.0105203762650490 0.0234214887022972
v -0.0100204544141889 0.0004705006431323 0.0287918690592051
v -0.0105003239586949 -0.0105203762650490 0.0286959521472454
v -0.0100876400247216 0.0004712494264822 0.0290425531566143
v -0.0105014936998487 -0.0105206221342087 0.0287299677729607
v -0.0105118462815881 -0.0105208046734333 0.0288026817142963
v -0.0105388695374131 -0.0105203725397587 0.0288886595517397
v -0.0105675132945180 -0.0105196312069893 0.0289466381072998
v -0.0101672681048512 0.0004738198767882 0.0291464012116194
v -0.0105728963389993 -0.0105194747447968 0.0289557427167892
v -0.0102710211649537 0.0004776532005053 0.0292261000722647
v -0.0107508907094598 -0.0105132237076759 0.0291301850229502
v -0.0105214761570096 0.0004880020569544 0.0292933490127325
v -0.0107556032016873 -0.0105130411684513 0.0291328746825457
v -0.0110013475641608 -0.0105028748512268 0.0291974339634180
v 0.0002498615358490 -0.0040923692286015 0.0126749761402607
v -0.0000000011306651 -0.0040999986231327 0.0126748932525516
v -0.0000000011306651 -0.0040999986231327 0.0306662973016500
v -0.0020613458473235 0.0035441147629172 0.0305834580212831
v -0.0016504649538547 0.0037531259004027 0.0127599984407425
v -0.0006413806113414 0.0040495172142982 0.0305779799818993
v -0.0001731116499286 0.0040963366627693 0.0127637172117829
v -0.0000000011306650 0.0040999986231327 0.0305774342268705
v -0.0000000011306651 0.0040999986231327 0.0127637572586536
v 0.0002498615358490 0.0040923692286015 0.0305775161832571
v 0.0016547765117139 0.0037512260023504 0.0305812135338783
v 0.0014666232746094 0.0038287045899779 0.0127608170732856
v 0.0020499962847680 0.0035506936255842 0.0305833872407675
v 0.0020499962847680 0.0035506899002939 0.0127578042447567
v 0.0028991389553994 0.0028991366270930 0.0305904466658831
v 0.0027574251871556 0.0030342268291861 0.0127522069960833
v 0.0035506959538907 0.0020499902311713 0.0305996499955654
v 0.0032833691220731 0.0024554843548685 0.0127459354698658
v 0.0035506959538907 0.0020499902311713 0.0127415414899588
v 0.0036670181434602 0.0018338116351515 0.0306019932031631
v 0.0040827048942447 0.0003760086547118 0.0306177902966738
v 0.0039444109424949 0.0011187011841685 0.0127314487472177
v 0.0041000014171004 0.0000000002168581 0.0306218657642603
v 0.0041000014171004 0.0000000002168579 0.0127193257212639
v 0.0039444109424949 -0.0011187007185072 0.0306339878588915
v 0.0040827048942447 -0.0003760082472581 0.0127152502536774
v 0.0035506959538907 -0.0020499897655100 0.0306440815329552
v 0.0036670181434602 -0.0018338111694902 0.0126994522288442
v 0.0035506959538907 -0.0020499897655100 0.0126971099525690
v 0.0032833691220731 -0.0024554838892072 0.0306484755128622
v 0.0028991389553994 -0.0028991361614317 0.0126879075542092
v 0.0027574251871556 -0.0030342300888151 0.0306547470390797
v 0.0020499962847680 -0.0035506931599230 0.0126808462664485
v 0.0016547765117139 -0.0037512255366892 0.0126786734908819
v 0.0014666232746094 -0.0038287078496069 0.0306633580476046
v 0.0020499962847680 -0.0035506931599230 0.0306603442877531
v -0.0040677757933736 -0.0005130243953317 0.0127137526869774
v -0.0040999995544553 0.0000000002168576 0.0127193257212639
v -0.0040999995544553 0.0000000002168581 0.0306218657642603
v -0.0040914202108979 0.0002649279485922 0.0127221960574389
v -0.0039112428203225 0.0012296552304178 0.0306085404008627
v -0.0037154045421630 0.0017336981836706 0.0127381132915616
v -0.0035506945569068 0.0020499902311713 0.0305996499955654
v -0.0035506945569068 0.0020499902311713 0.0127415414899588
v -0.0031972017604858 0.0025666693691164 0.0305940508842468
v -0.0028991375584155 0.0028991366270930 0.0127507429569960
v -0.0020499948877841 0.0035506936255842 0.0127578042447567
v -0.0040914202108979 -0.0002649275411386 0.0306247361004353
v -0.0037154045421630 -0.0017336977180094 0.0306406542658806
v -0.0035507057327777 -0.0020499972160906 0.0126970978453755
v -0.0035506945569068 -0.0020499897655100 0.0306440815329552
v -0.0033367772120982 -0.0023824160452932 0.0126935029402375
v -0.0028991375584155 -0.0028991361614317 0.0306532829999924
v -0.0020500023383647 -0.0035507006105036 0.0126808425411582
v -0.0020499948877841 -0.0035506931599230 0.0306603442877531
v -0.0018472124356776 -0.0036603023763746 0.0126796597614884
v -0.0016504649538547 -0.0037531254347414 0.0306625384837389
v -0.0001731116499286 -0.0040963366627693 0.0306662581861019
v -0.0624343380331993 -0.0145105011761189 0.0235512200742960
v -0.0623334981501102 -0.0145105011761189 0.0237159579992294
v -0.0624367482960224 -0.0145105011761189 0.0216705948114395
v -0.0623334981501102 -0.0145105011761189 0.0196252334862947
v -0.0624343380331993 -0.0145105011761189 0.0197899714112282
v -0.0629382506012917 -0.0145105011761189 0.0216705948114395
v -0.0623325332999229 -0.0140089988708496 0.0196157116442919
v -0.0623325332999229 -0.0140089988708496 0.0237254798412323
v -0.0610598139464855 -0.0140089988708496 0.0249317232519388
v -0.0591770000755787 -0.0140089988708496 0.0254362225532532
v -0.0572941862046719 -0.0140089988708496 0.0249317232519388
v -0.0559158734977245 -0.0140089988708496 0.0235534086823463
v -0.0554113723337650 -0.0140089988708496 0.0216705948114395
v -0.0559158734977245 -0.0140089988708496 0.0197877828031778
v -0.0572941862046719 -0.0140089988708496 0.0184094663709402
v -0.0591770000755787 -0.0140089988708496 0.0179049689322710
v -0.0610598139464855 -0.0140089988708496 0.0184094663709402
v -0.0104029411450028 0.0009108858648688 0.0228287670761347
v -0.0104938345029950 0.0009185189846903 0.0228203348815441
v -0.0103099690750241 0.0009032378438860 0.0228556506335735
v -0.0099941277876496 0.0008805210236460 0.0233218148350716
v -0.0100280167534947 0.0008818136993796 0.0231406316161156
v -0.0101388664916158 0.0008897187653929 0.0229691118001938
v -0.0102204987779260 0.0008960554841906 0.0229022074490786
v -0.0099679017439485 0.0019640813115984 0.0228846874088049
v -0.0099229784682393 0.0019649306777865 0.0229425057768822
v -0.0096072973683476 0.0030315855983645 0.0227835886180401
v -0.0096818367019296 0.0030236023012549 0.0226652212440968
v -0.0097125777974725 0.0030242467764765 0.0226311422884464
v -0.0101373950019479 0.0019767137710005 0.0227599553763866
v -0.0102002965286374 0.0018048437777907 0.0227756220847368
v -0.0103242555633187 0.0014494361821562 0.0228016357868910
v -0.0102480882778764 0.0014409723225981 0.0228253751993179
v -0.0095759863033891 0.0030450301710516 0.0228711087256670
v -0.0098600732162595 0.0019745382014662 0.0230731200426817
v -0.0092279063537717 0.0040486901998520 0.0224664006382227
v -0.0100771086290479 0.0019702168647200 0.0227925106883049
v -0.0100199179723859 0.0019659029785544 0.0228342879563570
v -0.0096537480130792 0.0030245932284743 0.0227022636681795
v -0.0095610404387116 0.0030640775803477 0.0229601748287678
v -0.0086862342432141 0.0050479993224144 0.0222849659621716
v -0.0091942260041833 0.0040615424513817 0.0225511789321899
v -0.0092188687995076 0.0040664859116077 0.0224633049219847
v -0.0099229784682393 0.0019649306777865 0.0203986857086420
v -0.0096072973683476 0.0030315855983645 0.0205576010048389
v -0.0095759863033891 0.0030450301710516 0.0204700827598572
v -0.0091942260041833 0.0040615424513817 0.0207900106906891
v -0.0086862342432141 0.0050479993224144 0.0210562255233526
v -0.0095133082941175 0.0032107124570757 0.0204229839146137
v -0.0092188687995076 0.0040664859116077 0.0208778865635395
v -0.0097125777974725 0.0030242467764765 0.0207100491970778
v -0.0092279063537717 0.0040486901998520 0.0208747908473015
v -0.0096537480130792 0.0030245932284743 0.0206389259546995
v -0.0098467702046037 0.0024971889797598 0.0205625053495169
v -0.0100199179723859 0.0019659029785544 0.0205069035291672
v -0.0101735005155206 0.0014341177884489 0.0204783994704485
v -0.0102480882778764 0.0014409723225981 0.0205158162862062
v -0.0099941277876496 0.0008805210236460 0.0200193766504526
v -0.0098600732162595 0.0019745382014662 0.0202680695801973
v -0.0100293206050992 0.0008818956557661 0.0202038940042257
v -0.0100433947518468 0.0014270918909460 0.0203643962740898
v -0.0101406211033463 0.0008898491505533 0.0203738454729319
v -0.0103099690750241 0.0009032378438860 0.0204855408519506
v -0.0099331485107541 0.0025022441986948 0.0206394214183092
v -0.0101373950019479 0.0019767137710005 0.0205812342464924
v -0.0102002965286374 0.0018048437777907 0.0205655694007874
v -0.0103242555633187 0.0014494361821562 0.0205395556986332
v -0.0104938345029950 0.0009185189846903 0.0205208566039801
v -0.0104029411450028 0.0009108858648688 0.0205124244093895
v -0.0104029411450028 0.0009108858648688 0.0140525167807937
v -0.0104938345029950 0.0009185189846903 0.0140440836548805
v -0.0103099690750241 0.0009032378438860 0.0140794003382325
v -0.0099941277876496 0.0008805210236460 0.0145455645397305
v -0.0100280167534947 0.0008818136993796 0.0143643822520971
v -0.0101388664916158 0.0008897187653929 0.0141928615048528
v -0.0102204987779260 0.0008960554841906 0.0141259580850601
v -0.0099679017439485 0.0019640813115984 0.0141084371134639
v -0.0099229784682393 0.0019649306777865 0.0141662564128637
v -0.0096072973683476 0.0030315855983645 0.0140073392540216
v -0.0096818367019296 0.0030236023012549 0.0138889709487557
v -0.0097125777974725 0.0030242467764765 0.0138548910617828
v -0.0101373950019479 0.0019767137710005 0.0139837060123682
v -0.0102002965286374 0.0018048437777907 0.0139993717893958
v -0.0103242555633187 0.0014494361821562 0.0140253854915500
v -0.0102480882778764 0.0014409723225981 0.0140491249039769
v -0.0095759863033891 0.0030450301710516 0.0140948574990034
v -0.0098600732162595 0.0019745382014662 0.0142968706786633
v -0.0092279063537717 0.0040486901998520 0.0136901503428817
v -0.0100771086290479 0.0019702168647200 0.0140162603929639
v -0.0100199179723859 0.0019659029785544 0.0140580367296934
v -0.0096537480130792 0.0030245932284743 0.0139260143041611
v -0.0095610404387116 0.0030640775803477 0.0141839245334268
v -0.0086862342432141 0.0050479993224144 0.0135087156668305
v -0.0091942260041833 0.0040615424513817 0.0137749295681715
v -0.0092188687995076 0.0040664859116077 0.0136870546266437
v 0.0099941296502948 0.0008805210236460 0.0145455645397305
v 0.0100293187424541 0.0008818956557661 0.0143610481172800
v 0.0101406192407012 0.0008898491505533 0.0141910947859287
v 0.0103099709376693 0.0009032378438860 0.0140794003382325
v 0.0104029430076480 0.0009108858648688 0.0140525167807937
v 0.0104938363656402 0.0009185189846903 0.0140440836548805
v 0.0104029430076480 0.0009108858648688 0.0205124244093895
v 0.0104938363656402 0.0009185189846903 0.0205208566039801
v 0.0103088645264506 0.0009031484369189 0.0204850994050503
v 0.0099941296502948 0.0008805210236460 0.0200193766504526
v 0.0100280148908496 0.0008818136993796 0.0202005580067635
v 0.0101388683542609 0.0008897187653929 0.0203720796853304
v 0.0102205006405711 0.0008960554841906 0.0204389821738005
v 0.0099941296502948 0.0008805210236460 0.0233218148350716
v 0.0100293187424541 0.0008818956557661 0.0231372974812984
v 0.0101406192407012 0.0008898491505533 0.0229673460125923
v 0.0103099709376693 0.0009032378438860 0.0228556506335735
v 0.0104029430076480 0.0009108858648688 0.0228287670761347
v 0.0104938363656402 0.0009185189846903 0.0228203348815441
v 0.0104029430076480 0.0009108858648688 0.0292886737734079
v 0.0104938363656402 0.0009185189846903 0.0292971059679985
v 0.0103088645264506 0.0009031484369189 0.0292613487690687
v 0.0099941296502948 0.0008805210236460 0.0287956260144711
v 0.0100280148908496 0.0008818136993796 0.0289768092334270
v 0.0101388683542609 0.0008897187653929 0.0291483290493488
v 0.0102205006405711 0.0008960554841906 0.0292152334004641
v -0.0099229784682393 0.0019649306777865 0.0291749350726604
v -0.0096072973683476 0.0030315855983645 0.0293338522315025
v -0.0095759863033891 0.0030450301710516 0.0292463321238756
v -0.0091942260041833 0.0040615424513817 0.0295662619173527
v -0.0086862342432141 0.0050479993224144 0.0298324748873711
v -0.0095133082941175 0.0032107124570757 0.0291992332786322
v -0.0092188687995076 0.0040664859116077 0.0296541359275579
v -0.0097125777974725 0.0030242467764765 0.0294862985610962
v -0.0092279063537717 0.0040486901998520 0.0296510402113199
v -0.0096537480130792 0.0030245932284743 0.0294151771813631
v -0.0098467702046037 0.0024971889797598 0.0293387547135353
v -0.0100199179723859 0.0019659029785544 0.0292831528931856
v -0.0101735005155206 0.0014341177884489 0.0292546506971121
v -0.0102480882778764 0.0014409723225981 0.0292920656502247
v -0.0099941277876496 0.0008805210236460 0.0287956260144711
v -0.0098600732162595 0.0019745382014662 0.0290443208068609
v -0.0100293206050992 0.0008818956557661 0.0289801433682442
v -0.0100433947518468 0.0014270918909460 0.0291406456381083
v -0.0101406211033463 0.0008898491505533 0.0291500948369503
v -0.0103099690750241 0.0009032378438860 0.0292617902159691
v -0.0099331485107541 0.0025022441986948 0.0294156707823277
v -0.0101373950019479 0.0019767137710005 0.0293574854731560
v -0.0102002965286374 0.0018048437777907 0.0293418187648058
v -0.0103242555633187 0.0014494361821562 0.0293158050626516
v -0.0104938345029950 0.0009185189846903 0.0292971059679985
v -0.0104029411450028 0.0009108858648688 0.0292886737734079
v -0.0389589332044125 -0.1443990021944046 0.0334902442991734
v -0.0389848947525024 -0.1444258689880371 0.0333933606743813
v -0.0360076986253262 -0.1443990021944046 0.0322678014636040
v -0.0360578484833241 -0.1444258689880371 0.0321809388697147
v -0.0334734171628952 -0.1443990021944046 0.0303231775760651
v -0.0335443392395973 -0.1444258689880371 0.0302522554993629
v -0.0315287932753563 -0.1443990021944046 0.0277888961136341
v -0.0316156558692455 -0.1444258689880371 0.0277387462556362
v -0.0303063523024321 -0.1443990021944046 0.0248376596719027
v -0.0304032340645790 -0.1444258689880371 0.0248117018491030
v -0.0298894010484219 -0.1443990021944046 0.0216705948114395
v -0.0299897007644176 -0.1444258689880371 0.0216705948114395
v -0.0303063523024321 -0.1443990021944046 0.0185035299509764
v -0.0304032340645790 -0.1444258689880371 0.0185294896364212
v -0.0315287932753563 -0.1443990021944046 0.0155522953718901
v -0.0316156558692455 -0.1444258689880371 0.0156024452298880
v -0.0334734171628952 -0.1443990021944046 0.0130180120468140
v -0.0335443392395973 -0.1444258689880371 0.0130889350548387
v -0.0360076986253262 -0.1443990021944046 0.0110733890905976
v -0.0360578484833241 -0.1444258689880371 0.0111602507531643
v -0.0389589332044125 -0.1443990021944046 0.0098509471863508
v -0.0389848947525024 -0.1444258689880371 0.0099478298798203
v -0.0421259999275208 -0.1443990021944046 0.0094339950010180
v -0.0421259999275208 -0.1444258689880371 0.0095342947170138
v -0.0452930666506290 -0.1443990021944046 0.0098509471863508
v -0.0452671051025391 -0.1444258689880371 0.0099478298798203
v -0.0482443012297153 -0.1443990021944046 0.0110733890905976
v -0.0481941513717175 -0.1444258689880371 0.0111602507531643
v -0.0507785826921463 -0.1443990021944046 0.0130180120468140
v -0.0507076606154442 -0.1444258689880371 0.0130889350548387
v -0.0527232065796852 -0.1443990021944046 0.0155522953718901
v -0.0526363439857960 -0.1444258689880371 0.0156024452298880
v -0.0539456494152546 -0.1443990021944046 0.0185035299509764
v -0.0538487657904625 -0.1444258689880371 0.0185294896364212
v -0.0543625988066196 -0.1443990021944046 0.0216705948114395
v -0.0542622990906239 -0.1444258689880371 0.0216705948114395
v -0.0539456494152546 -0.1443990021944046 0.0248376596719027
v -0.0538487657904625 -0.1444258689880371 0.0248117018491030
v -0.0527232065796852 -0.1443990021944046 0.0277888961136341
v -0.0526363439857960 -0.1444258689880371 0.0277387462556362
v -0.0507785826921463 -0.1443990021944046 0.0303231775760651
v -0.0507076606154442 -0.1444258689880371 0.0302522554993629
v -0.0482443012297153 -0.1443990021944046 0.0322678014636040
v -0.0481941513717175 -0.1444258689880371 0.0321809388697147
v -0.0452930666506290 -0.1443990021944046 0.0334902442991734
v -0.0452671051025391 -0.1444258689880371 0.0333933606743813
v -0.0421259999275208 -0.1443990021944046 0.0339071974158287
v -0.0421259999275208 -0.1444258689880371 0.0338068939745426
v -0.0390038974583149 -0.1444993019104004 0.0333224385976791
v -0.0360945612192154 -0.1444993019104004 0.0321173518896103
v -0.0335962586104870 -0.1444993019104004 0.0302003361284733
v -0.0316792428493500 -0.1444993019104004 0.0277020335197449
v -0.0304741580039263 -0.1444993019104004 0.0247926972806454
v -0.0300631243735552 -0.1444993019104004 0.0216705948114395
v -0.0304741580039263 -0.1444993019104004 0.0185484942048788
v -0.0316792428493500 -0.1444993019104004 0.0156391579657793
v -0.0335962586104870 -0.1444993019104004 0.0131408544257283
v -0.0360945612192154 -0.1444993019104004 0.0112238386645913
v -0.0390038974583149 -0.1444993019104004 0.0100187519565225
v -0.0421259999275208 -0.1444993019104004 0.0096077201887965
v -0.0452481023967266 -0.1444993019104004 0.0100187519565225
v -0.0481574386358261 -0.1444993019104004 0.0112238386645913
v -0.0506557412445545 -0.1444993019104004 0.0131408544257283
v -0.0525727570056915 -0.1444993019104004 0.0156391579657793
v -0.0537778437137604 -0.1444993019104004 0.0185484942048788
v -0.0541888773441315 -0.1444993019104004 0.0216705948114395
v -0.0537778437137604 -0.1444993019104004 0.0247926972806454
v -0.0525727570056915 -0.1444993019104004 0.0277020335197449
v -0.0506557412445545 -0.1444993019104004 0.0302003361284733
v -0.0481574386358261 -0.1444993019104004 0.0321173518896103
v -0.0452481023967266 -0.1444993019104004 0.0333224385976791
v -0.0421259999275208 -0.1444993019104004 0.0337334722280502
v -0.0421259999275208 -0.1443990021944046 0.0016105951508507
v -0.0406003743410110 -0.1443990021944046 0.0019339000573382
v -0.0390857979655266 -0.1443990021944046 0.0031573097221553
v -0.0383858382701874 -0.1443990021944046 0.0049741039983928
v -0.0386880561709404 -0.1443990021944046 0.0068974713794887
v -0.0399114638566971 -0.1443990021944046 0.0084120482206345
v -0.0417282581329346 -0.1443990021944046 0.0091120060533285
v -0.0436516255140305 -0.1443990021944046 0.0088097909465432
v -0.0451662018895149 -0.1443990021944046 0.0075863809324801
v -0.0458661615848541 -0.1443990021944046 0.0057695875875652
v -0.0455639436841011 -0.1443990021944046 0.0038462202064693
v -0.0443405359983444 -0.1443990021944046 0.0023316419683397
v -0.0425237417221069 -0.1443990021944046 0.0016316840192303
v -0.0421259999275208 -0.1443990021944046 0.0417305938899517
v -0.0436516255140305 -0.1443990021944046 0.0414072908461094
v -0.0451662018895149 -0.1443990021944046 0.0401838794350624
v -0.0458661615848541 -0.1443990021944046 0.0383670888841152
v -0.0455639436841011 -0.1443990021944046 0.0364437215030193
v -0.0443405359983444 -0.1443990021944046 0.0349291414022446
v -0.0425237417221069 -0.1443990021944046 0.0342291854321957
v -0.0406003743410110 -0.1443990021944046 0.0345313996076584
v -0.0390857979655266 -0.1443990021944046 0.0357548110187054
v -0.0383858382701874 -0.1443990021944046 0.0375716015696526
v -0.0386880561709404 -0.1443990021944046 0.0394949689507484
v -0.0399114638566971 -0.1443990021944046 0.0410095490515232
v -0.0417282581329346 -0.1443990021944046 0.0417095050215721
v 0.0099679036065936 0.0019640813115984 0.0292327534407377
v 0.0099229803308845 0.0019649306777865 0.0291749350726604
v 0.0096072955057025 0.0030315855983645 0.0293338522315025
v 0.0096818385645747 0.0030236023012549 0.0294522196054459
v 0.0097125759348273 0.0030242467764765 0.0294862985610962
v 0.0101373931393027 0.0019767137710005 0.0293574854731560
v 0.0102002983912826 0.0018048437777907 0.0293418187648058
v 0.0103242574259639 0.0014494361821562 0.0293158050626516
v 0.0102480901405215 0.0014409723225981 0.0292920656502247
v 0.0095759881660342 0.0030450301710516 0.0292463321238756
v 0.0098600750789046 0.0019745382014662 0.0290443208068609
v 0.0092279082164168 0.0040486901998520 0.0296510402113199
v 0.0100771067664027 0.0019702168647200 0.0293249301612377
v 0.0100199198350310 0.0019659029785544 0.0292831528931856
v 0.0096537498757243 0.0030245932284743 0.0294151771813631
v 0.0095610385760665 0.0030640775803477 0.0291572660207748
v 0.0086862361058593 0.0050479993224144 0.0298324748873711
v 0.0091942278668284 0.0040615424513817 0.0295662619173527
v 0.0092188706621528 0.0040664859116077 0.0296541359275579
v 0.0170879792422056 -0.0105028748512268 0.0291974339634180
v 0.0107556050643325 -0.0106655992567539 0.0290999207645655
v 0.0105729131028056 -0.0105981342494488 0.0289368219673634
v 0.0105729131028056 -0.0106827579438686 0.0288803298026323
v 0.0105729131028056 -0.0107393041253090 0.0287957433611155
v 0.0105729131028056 -0.0107591636478901 0.0286959521472454
v 0.0105745149776340 -0.0107617750763893 0.0286959521472454
v 0.0107556050643325 -0.0109023600816727 0.0288633126765490
v 0.0107556050643325 -0.0109356641769409 0.0286959521472454
v 0.0110013475641608 -0.0109617933630943 0.0288879424333572
v 0.0110013475641608 -0.0109999999403954 0.0286959521472454
v 0.0107556050643325 -0.0108075216412544 0.0290051735937595
v 0.0110013475641608 -0.0108529999852180 0.0290506817400455
v 0.0110013475641608 -0.0109335407614708 0.0289454385638237
v 0.0110013475641608 -0.0106901898980141 0.0291593708097935
v 0.0110013475641608 -0.0107517726719379 0.0291287992149591
v 0.0105729131028056 -0.0107393041253090 0.0233216974884272
v 0.0105729131028056 -0.0106827579438686 0.0232371110469103
v 0.0105729131028056 -0.0105981342494488 0.0231806188821793
v 0.0107556050643325 -0.0106655992567539 0.0230175200849771
v 0.0110013475641608 -0.0106901898980141 0.0229580700397491
v 0.0107556050643325 -0.0109023600816727 0.0232541281729937
v 0.0107556050643325 -0.0108075216412544 0.0231122672557831
v 0.0110013475641608 -0.0108529999852180 0.0230667591094971
v 0.0110013475641608 -0.0107517726719379 0.0229886416345835
v 0.0105729131028056 -0.0107591636478901 0.0234214887022972
v 0.0105745149776340 -0.0107617750763893 0.0234214887022972
v 0.0107556050643325 -0.0109356641769409 0.0234214887022972
v 0.0110013475641608 -0.0109335407614708 0.0231720022857189
v 0.0110013475641608 -0.0109617933630943 0.0232294984161854
v 0.0110013475641608 -0.0109999999403954 0.0234214887022972
v 0.0170879792422056 -0.0105028748512268 0.0229200068861246
v 0.0099229803308845 0.0019649306777865 0.0229425057768822
v 0.0096072955057025 0.0030315855983645 0.0227835886180401
v 0.0095759881660342 0.0030450301710516 0.0228711087256670
v 0.0102480901405215 0.0014409723225981 0.0228253751993179
v 0.0103242574259639 0.0014494361821562 0.0228016357868910
v 0.0101373931393027 0.0019767137710005 0.0227599553763866
v 0.0091942278668284 0.0040615424513817 0.0225511789321899
v 0.0086862361058593 0.0050479993224144 0.0222849659621716
v 0.0095133101567626 0.0032107124570757 0.0229182075709105
v 0.0100199198350310 0.0019659029785544 0.0228342879563570
v 0.0098467720672488 0.0024971889797598 0.0227786861360073
v 0.0101735023781657 0.0014341177884489 0.0228627901524305
v 0.0096537498757243 0.0030245932284743 0.0227022636681795
v 0.0092279082164168 0.0040486901998520 0.0224664006382227
v 0.0098600750789046 0.0019745382014662 0.0230731200426817
v 0.0100433928892016 0.0014270918909460 0.0229767952114344
v 0.0099331503733993 0.0025022441986948 0.0227017700672150
v 0.0097125759348273 0.0030242467764765 0.0226311422884464
v 0.0099679036065936 0.0019640813115984 0.0204565040767193
v 0.0099229803308845 0.0019649306777865 0.0203986857086420
v 0.0096072955057025 0.0030315855983645 0.0205576010048389
v 0.0096818385645747 0.0030236023012549 0.0206759702414274
v 0.0097125759348273 0.0030242467764765 0.0207100491970778
v 0.0101373931393027 0.0019767137710005 0.0205812342464924
v 0.0102002983912826 0.0018048437777907 0.0205655694007874
v 0.0103242574259639 0.0014494361821562 0.0205395556986332
v 0.0102480901405215 0.0014409723225981 0.0205158162862062
v 0.0095759881660342 0.0030450301710516 0.0204700827598572
v 0.0098600750789046 0.0019745382014662 0.0202680695801973
v 0.0092279082164168 0.0040486901998520 0.0208747908473015
v 0.0100771067664027 0.0019702168647200 0.0205486807972193
v 0.0100199198350310 0.0019659029785544 0.0205069035291672
v 0.0096537498757243 0.0030245932284743 0.0206389259546995
v 0.0095610385760665 0.0030640775803477 0.0203810166567564
v 0.0086862361058593 0.0050479993224144 0.0210562255233526
v 0.0091942278668284 0.0040615424513817 0.0207900106906891
v 0.0092188706621528 0.0040664859116077 0.0208778865635395
v 0.0105729131028056 -0.0107393041253090 0.0145454471930861
v 0.0105729131028056 -0.0106827579438686 0.0144608616828918
v 0.0105729131028056 -0.0105981342494488 0.0144043676555157
v 0.0107556050643325 -0.0106655992567539 0.0142412697896361
v 0.0110013475641608 -0.0106901898980141 0.0141818197444081
v 0.0107556050643325 -0.0109023600816727 0.0144778769463301
v 0.0107556050643325 -0.0108075216412544 0.0143360160291195
v 0.0110013475641608 -0.0108529999852180 0.0142905097454786
v 0.0110013475641608 -0.0107517726719379 0.0142123922705650
v 0.0105729131028056 -0.0107591636478901 0.0146452374756336
v 0.0105745149776340 -0.0107617750763893 0.0146452374756336
v 0.0107556050643325 -0.0109356641769409 0.0146452374756336
v 0.0110013475641608 -0.0109335407614708 0.0143957519903779
v 0.0110013475641608 -0.0109617933630943 0.0144532471895218
v 0.0110013475641608 -0.0109999999403954 0.0146452374756336
v 0.0107556050643325 -0.0106655992567539 0.0203236714005470
v 0.0105729131028056 -0.0105981342494488 0.0201605726033449
v 0.0105729131028056 -0.0106827579438686 0.0201040785759687
v 0.0105729131028056 -0.0107393041253090 0.0200194939970970
v 0.0105729131028056 -0.0107591636478901 0.0199197027832270
v 0.0105745149776340 -0.0107617750763893 0.0199197027832270
v 0.0107556050643325 -0.0109023600816727 0.0200870633125305
v 0.0107556050643325 -0.0109356641769409 0.0199197027832270
v 0.0110013475641608 -0.0109617933630943 0.0201116930693388
v 0.0110013475641608 -0.0109999999403954 0.0199197027832270
v 0.0107556050643325 -0.0108075216412544 0.0202289242297411
v 0.0110013475641608 -0.0108529999852180 0.0202744323760271
v 0.0110013475641608 -0.0109335407614708 0.0201691891998053
v 0.0110013475641608 -0.0106901898980141 0.0203831214457750
v 0.0110013475641608 -0.0107517726719379 0.0203525479882956
v 0.0170879792422056 -0.0105028748512268 0.0204211845993996
v 0.0170879792422056 -0.0105028748512268 0.0141437565907836
v 0.0099229803308845 0.0019649306777865 0.0141662564128637
v 0.0096072955057025 0.0030315855983645 0.0140073392540216
v 0.0095759881660342 0.0030450301710516 0.0140948574990034
v 0.0091942278668284 0.0040615424513817 0.0137749295681715
v 0.0086862361058593 0.0050479993224144 0.0135087156668305
v 0.0095133101567626 0.0032107124570757 0.0141419572755694
v 0.0092188706621528 0.0040664859116077 0.0136870546266437
v 0.0097125759348273 0.0030242467764765 0.0138548910617828
v 0.0092279082164168 0.0040486901998520 0.0136901503428817
v 0.0096537498757243 0.0030245932284743 0.0139260143041611
v 0.0098467720672488 0.0024971889797598 0.0140024358406663
v 0.0100199198350310 0.0019659029785544 0.0140580367296934
v 0.0101735023781657 0.0014341177884489 0.0140865407884121
v 0.0102480901405215 0.0014409723225981 0.0140491249039769
v 0.0098600750789046 0.0019745382014662 0.0142968706786633
v 0.0100433928892016 0.0014270918909460 0.0142005449160933
v 0.0099331503733993 0.0025022441986948 0.0139255197718740
v 0.0101373931393027 0.0019767137710005 0.0139837060123682
v 0.0102002983912826 0.0018048437777907 0.0139993717893958
v 0.0103242574259639 0.0014494361821562 0.0140253854915500
v 0.0183047484606504 -0.0145105011761189 0.0056225950829685
v 0.0178008358925581 -0.0145105011761189 0.0037419698201120
v 0.0178008358925581 -0.0145105011761189 0.0075032203458250
v 0.0176439862698317 -0.0145105011761189 0.0034932787530124
v 0.0176439862698317 -0.0145105011761189 0.0077519123442471
v 0.0176439862698317 -0.0140089988708496 0.0034855580888689
v 0.0176439862698317 -0.0140089988708496 0.0077596339397132
v 0.0164263118058443 -0.0140089988708496 0.0088837230578065
v 0.0145434988662601 -0.0140089988708496 0.0093882214277983
v 0.0126606887206435 -0.0140089988708496 0.0088837230578065
v 0.0112823722884059 -0.0140089988708496 0.0075054089538753
v 0.0107778748497367 -0.0140089988708496 0.0056225950829685
v 0.0112823722884059 -0.0140089988708496 0.0037397830747068
v 0.0126606887206435 -0.0140089988708496 0.0023614666424692
v 0.0145434988662601 -0.0140089988708496 0.0018569690873846
v 0.0164263118058443 -0.0140089988708496 0.0023614666424692
v 0.0183047484606504 -0.0145105011761189 0.0377185940742493
v 0.0178008358925581 -0.0145105011761189 0.0358379706740379
v 0.0178008358925581 -0.0145105011761189 0.0395992211997509
v 0.0176439862698317 -0.0145105011761189 0.0355892777442932
v 0.0176439862698317 -0.0145105011761189 0.0398479104042053
v 0.0176439862698317 -0.0140089988708496 0.0355815589427948
v 0.0176439862698317 -0.0140089988708496 0.0398556329309940
v 0.0164263118058443 -0.0140089988708496 0.0344574674963951
v 0.0145434988662601 -0.0140089988708496 0.0339529700577259
v 0.0126606887206435 -0.0140089988708496 0.0344574674963951
v 0.0112823722884059 -0.0140089988708496 0.0358357839286327
v 0.0107778748497367 -0.0140089988708496 0.0377185940742493
v 0.0112823722884059 -0.0140089988708496 0.0396014079451561
v 0.0126606887206435 -0.0140089988708496 0.0409797243773937
v 0.0145434988662601 -0.0140089988708496 0.0414842218160629
v 0.0164263118058443 -0.0140089988708496 0.0409797243773937
v -0.0478932484984398 -0.0106991007924080 0.0167851485311985
v -0.0455069467425346 -0.0106991007924080 0.0143988449126482
v -0.0446335002779961 -0.0106991007924080 0.0111390948295593
v -0.0455069467425346 -0.0106991007924080 0.0078793447464705
v -0.0478932484984398 -0.0106991007924080 0.0054930425249040
v -0.0511530004441738 -0.0106991007924080 0.0046195960603654
v -0.0544127486646175 -0.0106991007924080 0.0054930425249040
v -0.0567990541458130 -0.0106991007924080 0.0078793447464705
v -0.0576725006103516 -0.0106991007924080 0.0111390948295593
v -0.0567990541458130 -0.0106991007924080 0.0143988449126482
v -0.0544127486646175 -0.0106991007924080 0.0167851485311985
v -0.0511530004441738 -0.0106991007924080 0.0176585949957371
v -0.0000000011306653 -0.0050828121602535 0.0116922333836555
v 0.0003102782939095 -0.0050733350217342 0.0116923162713647
v 0.0020549024920911 -0.0046497024595737 0.0116960136219859
v 0.0036001529078931 -0.0035915782209486 0.0117052476853132
v 0.0045537119731307 -0.0022686531301588 0.0117167923599482
v 0.0050699105486274 -0.0004583520640153 0.0117325903847814
v 0.0048981783911586 0.0013977813068777 0.0117487888783216
v 0.0040772957727313 0.0030577967409045 0.0117632756009698
v 0.0034241739194840 0.0037764834705740 0.0117695471271873
v 0.0018212522845715 0.0047630667686462 0.0117781572043896
v -0.0000000011306652 0.0050999633967876 0.0117810973897576
v -0.0046137953177094 0.0021614844445139 0.0117554534226656
v -0.0036001552361995 0.0036087299231440 0.0117680840194225
v -0.0020495515782386 0.0046692118048668 0.0117773385718465
v -0.0002149690117221 0.0050954110920429 0.0117810573428869
v -0.0007964681717567 -0.0050201192498207 0.0116927810013294
v -0.0025597822386771 -0.0043925121426582 0.0116982581093907
v -0.0039702886715531 -0.0031787154730409 0.0117088500410318
v -0.0050807306542993 0.0003375636588316 0.0117395361885428
v -0.0048569897189736 -0.0015184094663709 0.0117233395576477
v 0.0086274174973369 0.0050162263214588 0.0120298638939857
v 0.0085567077621818 0.0049763210117817 0.0119242491200566
v 0.0069863004609942 0.0070223994553089 0.0119417896494269
v -0.0007480095955543 0.0095364190638065 0.0118198134005070
v -0.0024661582428962 0.0092412121593952 0.0118172373622656
v -0.0025127839762717 0.0094149149954319 0.0118522299453616
v -0.0049833590164781 0.0081588700413704 0.0118077918887138
v -0.0048543708398938 0.0084450915455818 0.0118437996134162
v -0.0067376838997006 0.0067750588059425 0.0117957154288888
v -0.0068652154877782 0.0069022886455059 0.0118303894996643
v -0.0082519212737679 0.0048016272485256 0.0117784934118390
v -0.0084685320034623 0.0049260929226875 0.0118464063853025
v 0.0048543727025390 0.0084450915455818 0.0118437996134162
v 0.0022190648596734 0.0093038901686668 0.0118177840486169
v 0.0025127853732556 0.0094149149954319 0.0118522299453616
v -0.0000000011306651 0.0097456984221935 0.0118551049381495
v 0.0084685338661075 0.0049260929226875 0.0118464063853025
v 0.0082519231364131 0.0048016272485256 0.0117784934118390
v 0.0061825765296817 0.0072877407073975 0.0118001895025373
v 0.0068652173504233 0.0069022886455059 0.0118303894996643
v 0.0047642616555095 0.0082893185317516 0.0118089308962226
v 0.0070664165541530 0.0071010328829288 0.0121120363473892
v 0.0086547834798694 0.0050314590334892 0.0120946299284697
v 0.0086862361058593 0.0050479993224144 0.0122799742966890
v 0.0049399388954043 0.0085923224687576 0.0119552481919527
v 0.0025570604484528 0.0095791779458523 0.0119637083262205
v -0.0000000011306650 0.0099157691001892 0.0119665935635567
v -0.0025570590514690 0.0095791779458523 0.0119637083262205
v -0.0049399370327592 0.0085923224687576 0.0119552481919527
v -0.0069862985983491 0.0070223994553089 0.0119417896494269
v -0.0086274193599820 0.0050162263214588 0.0120298638939857
v 0.0049966117367148 0.0086890012025833 0.0121253924444318
v 0.0025864045601338 0.0096872039139271 0.0121337873861194
v -0.0000000011306651 0.0100276693701744 0.0121366512030363
v -0.0025864031631500 0.0096872039139271 0.0121337873861194
v -0.0049966098740697 0.0086890012025833 0.0121253924444318
v -0.0070664184167981 0.0071010328829288 0.0121120363473892
v -0.0086547816172242 0.0050314590334892 0.0120946299284697
v 0.0070922812446952 0.0071252807974815 0.0122971963137388
v 0.0050149997696280 0.0087192356586456 0.0123104108497500
v 0.0025959562044591 0.0097212344408035 0.0123187182471156
v -0.0000000011306651 0.0100630000233650 0.0123215513303876
v -0.0025959548074752 0.0097212344408035 0.0123187182471156
v -0.0050150016322732 0.0087192356586456 0.0123104108497500
v -0.0070922793820500 0.0071252807974815 0.0122971963137388
v -0.0086862342432141 0.0050479993224144 0.0122799742966890
v -0.0178067814558744 -0.0107492506504059 0.0121421143412590
v -0.0177757460623980 -0.0107655636966228 0.0119579657912254
v -0.0177479647099972 -0.0107810236513615 0.0118920030072331
v -0.0176789071410894 -0.0108199901878834 0.0117882844060659
v -0.0175890810787678 -0.0108711570501328 0.0117085464298725
v -0.0173724703490734 -0.0109956227242947 0.0116406334564090
v -0.0178067814558744 -0.0107492506504059 0.0136465756222606
v -0.0170879829674959 -0.0105028748512268 0.0141437565907836
v -0.0172287095338106 -0.0105515718460083 0.0141345690935850
v -0.0174210853874683 -0.0106179676949978 0.0140882795676589
v -0.0174882672727108 -0.0106410942971706 0.0140608716756105
v -0.0176461078226566 -0.0106952451169491 0.0139616746455431
v -0.0177527070045471 -0.0107315219938755 0.0138376709073782
v -0.0177779365330935 -0.0107399970293045 0.0137877706438303
v -0.0105745131149888 -0.0107617750763893 0.0146452374756336
v -0.0105729112401605 -0.0107591636478901 0.0146452374756336
v -0.0105729112401605 -0.0107393041253090 0.0145454471930861
v -0.0105729112401605 -0.0105981342494488 0.0144043676555157
v -0.0107556032016873 -0.0106655992567539 0.0142412697896361
v -0.0105729112401605 -0.0106827579438686 0.0144608616828918
v -0.0110013475641608 -0.0106901898980141 0.0141818197444081
v -0.0110013475641608 -0.0107517726719379 0.0142123922705650
v -0.0107556032016873 -0.0108075216412544 0.0143360160291195
v -0.0110013475641608 -0.0109999999403954 0.0146452374756336
v -0.0107569405809045 -0.0109364129602909 0.0146452374756336
v -0.0110013475641608 -0.0109617933630943 0.0144532471895218
v -0.0107556032016873 -0.0109023600816727 0.0144778769463301
v -0.0110013475641608 -0.0109335407614708 0.0143957519903779
v -0.0110013475641608 -0.0108529999852180 0.0142905097454786
v -0.0107569405809045 -0.0109364129602909 0.0199197027832270
v -0.0110013475641608 -0.0109999999403954 0.0199197027832270
v -0.0110013475641608 -0.0109617933630943 0.0201116930693388
v -0.0105729112401605 -0.0105981342494488 0.0201605726033449
v -0.0105729112401605 -0.0106827579438686 0.0201040785759687
v -0.0105729112401605 -0.0107393041253090 0.0200194939970970
v -0.0105729112401605 -0.0107591636478901 0.0199197027832270
v -0.0105745131149888 -0.0107617750763893 0.0199197027832270
v -0.0107556032016873 -0.0109023600816727 0.0200870633125305
v -0.0110013475641608 -0.0109335407614708 0.0201691891998053
v -0.0107556032016873 -0.0108075216412544 0.0202289242297411
v -0.0110013475641608 -0.0106901898980141 0.0203831214457750
v -0.0107556032016873 -0.0106655992567539 0.0203236714005470
v -0.0110013475641608 -0.0107517726719379 0.0203525479882956
v -0.0110013475641608 -0.0108529999852180 0.0202744323760271
v -0.0170879829674959 -0.0105028748512268 0.0204211845993996
v -0.0173616874963045 -0.0105974897742271 0.0204577017575502
v -0.0178067814558744 -0.0107492506504059 0.0209183637052774
v -0.0178067442029715 -0.0107492730021477 0.0209117997437716
v -0.0175938773900270 -0.0106773637235165 0.0205634720623493
v -0.0177228637039661 -0.0107214115560055 0.0206833425909281
v -0.0177996344864368 -0.0107471495866776 0.0208469517529011
v -0.0175018701702356 -0.0106457695364952 0.0205104872584343
v -0.0178067814558744 -0.0107492506504059 0.0224228259176016
v -0.0170879829674959 -0.0105028748512268 0.0229200068861246
v -0.0172275509685278 -0.0105511732399464 0.0229109749197960
v -0.0174373965710402 -0.0106235854327679 0.0228584930300713
v -0.0176381692290306 -0.0106925293803215 0.0227445606142282
v -0.0177499800920486 -0.0107305981218815 0.0226184464991093
v -0.0178067442029715 -0.0107492730021477 0.0224293898791075
v -0.0177752450108528 -0.0107390992343426 0.0225702617317438
v -0.0105745131149888 -0.0107617750763893 0.0234214887022972
v -0.0105729112401605 -0.0107591636478901 0.0234214887022972
v -0.0105729112401605 -0.0107393041253090 0.0233216974884272
v -0.0105729112401605 -0.0105981342494488 0.0231806188821793
v -0.0107556032016873 -0.0106655992567539 0.0230175200849771
v -0.0105729112401605 -0.0106827579438686 0.0232371110469103
v -0.0110013475641608 -0.0106901898980141 0.0229580700397491
v -0.0110013475641608 -0.0107517726719379 0.0229886416345835
v -0.0107556032016873 -0.0108075216412544 0.0231122672557831
v -0.0110013475641608 -0.0109999999403954 0.0234214887022972
v -0.0107569405809045 -0.0109364129602909 0.0234214887022972
v -0.0110013475641608 -0.0109617933630943 0.0232294984161854
v -0.0107556032016873 -0.0109023600816727 0.0232541281729937
v -0.0110013475641608 -0.0109335407614708 0.0231720022857189
v -0.0110013475641608 -0.0108529999852180 0.0230667591094971
v -0.0107569405809045 -0.0109364129602909 0.0286959521472454
v -0.0110013475641608 -0.0109999999403954 0.0286959521472454
v -0.0110013475641608 -0.0109617933630943 0.0288879424333572
v -0.0105729112401605 -0.0105981342494488 0.0289368219673634
v -0.0105729112401605 -0.0106827579438686 0.0288803298026323
v -0.0105729112401605 -0.0107393041253090 0.0287957433611155
v -0.0105729112401605 -0.0107591636478901 0.0286959521472454
v -0.0105745131149888 -0.0107617750763893 0.0286959521472454
v -0.0107556032016873 -0.0109023600816727 0.0288633126765490
v -0.0110013475641608 -0.0109335407614708 0.0289454385638237
v -0.0107556032016873 -0.0108075216412544 0.0290051735937595
v -0.0110013475641608 -0.0106901898980141 0.0291593708097935
v -0.0107556032016873 -0.0106655992567539 0.0290999207645655
v -0.0110013475641608 -0.0107517726719379 0.0291287992149591
v -0.0110013475641608 -0.0108529999852180 0.0290506817400455
v -0.0170879829674959 -0.0105028748512268 0.0291974339634180
v -0.0173616874963045 -0.0105974897742271 0.0292339511215687
v -0.0178067814558744 -0.0107492506504059 0.0296946149319410
v -0.0178067442029715 -0.0107492730021477 0.0296880509704351
v -0.0175938773900270 -0.0106773637235165 0.0293397214263678
v -0.0177228637039661 -0.0107214115560055 0.0294595938175917
v -0.0177996344864368 -0.0107471495866776 0.0296232029795647
v -0.0175018701702356 -0.0106457695364952 0.0292867384850979
v -0.0178067814558744 -0.0107492506504059 0.0311990771442652
v -0.0086862342432141 0.0050479993224144 0.0310612153261900
v -0.0000000011306651 0.0050999633967876 0.0315600931644440
v 0.0003102782939095 0.0050904825329781 0.0315601751208305
v 0.0020549024920911 0.0046668536961079 0.0315638743340969
v 0.0036001529078931 0.0036087299231440 0.0315731056034565
v 0.0045537119731307 0.0022858048323542 0.0315846502780914
v 0.0050699105486274 0.0004754999827128 0.0316004492342472
v 0.0048981783911586 -0.0013806296046823 0.0316166467964649
v 0.0040772957727313 -0.0030406487639993 0.0316311344504356
v 0.0034241739194840 -0.0037593354936689 0.0316374078392982
v 0.0018212522845715 -0.0047459192574024 0.0316460169851780
v -0.0000000011306651 -0.0050828121602535 0.0316489562392235
v -0.0002149690117221 -0.0050782635807991 0.0316489189863205
v -0.0020495515782386 -0.0046520605683327 0.0316451974213123
v -0.0036001552361995 -0.0035915782209486 0.0316359438002110
v -0.0046137953177094 -0.0021443327423185 0.0316233150660992
v -0.0050807306542993 -0.0003204120148439 0.0316073969006538
v -0.0048569897189736 0.0015355611685663 0.0315911993384361
v -0.0039702886715531 0.0031958671752363 0.0315767116844654
v -0.0007964681717567 0.0050372704863548 0.0315606407821178
v -0.0025597822386771 0.0044096633791924 0.0315661169588566
v -0.0070664258673787 0.0071010403335094 0.0312291197478771
v -0.0070922793820500 0.0071252807974815 0.0310439933091402
v -0.0056310901418328 0.0077239237725735 0.0315371938049793
v -0.0044613452628255 0.0084569156169891 0.0315307974815369
v -0.0048544229939580 0.0084451809525490 0.0314973518252373
v -0.0086547927930951 0.0050314664840698 0.0312465261667967
v -0.0086274193599820 0.0050162263214588 0.0313113257288933
v -0.0069863358512521 0.0070224404335022 0.0313993468880653
v -0.0085567543283105 0.0049763508141041 0.0314168892800808
v -0.0068652899935842 0.0069023631513119 0.0315107591450214
v -0.0084685320034623 0.0049260929226875 0.0314947851002216
v -0.0082519212737679 0.0048016272485256 0.0315626971423626
v -0.0050150016322732 0.0087192356586456 0.0310307797044516
v -0.0049966173246503 0.0086890123784542 0.0312157645821571
v -0.0049399668350816 0.0085923708975315 0.0313858874142170
v -0.0025959548074752 0.0097212344408035 0.0310224723070860
v -0.0025864068884403 0.0096872188150883 0.0312073696404696
v -0.0025570739526302 0.0095792300999165 0.0313774272799492
v -0.0025128137785941 0.0094150118529797 0.0314889214932919
v -0.0024661582428962 0.0092412047088146 0.0315239541232586
v -0.0000000011306649 0.0100630000233650 0.0310196392238140
v -0.0000000011306650 0.0100276842713356 0.0312045048922300
v -0.0000000011306651 0.0099158249795437 0.0313745439052582
v -0.0000000011306650 0.0097458027303219 0.0314860455691814
v -0.0000000011306650 0.0095658749341965 0.0315211191773415
v -0.0177757460623980 -0.0107655636966228 0.0313832238316536
v -0.0177479647099972 -0.0107810236513615 0.0314491875469685
v -0.0176789071410894 -0.0108199901878834 0.0315529070794582
v -0.0175890810787678 -0.0108711570501328 0.0316326431930065
v -0.0173724703490734 -0.0109956227242947 0.0317005589604378
v -0.0621438398957253 -0.0112982727587223 0.0193133689463139
v -0.0624591335654259 -0.0113217979669571 0.0197772700339556
v -0.0621438398957253 -0.0112982727587223 0.0240278225392103
v -0.0624592565000057 -0.0113213621079922 0.0235639624297619
v -0.0627541244029999 -0.0113870240747929 0.0229183845221996
v -0.0610716417431831 -0.0112982727587223 0.0249522104859352
v -0.0606713145971298 -0.0112982727587223 0.0251527912914753
v -0.0591770000755787 -0.0112982727587223 0.0254598781466484
v -0.0588414184749126 -0.0112982727587223 0.0254449900239706
v -0.0572823584079742 -0.0112982727587223 0.0249522104859352
v -0.0570917800068855 -0.0112982727587223 0.0248345360159874
v -0.0558953844010830 -0.0112982727587223 0.0235652364790440
v -0.0558408237993717 -0.0112982727587223 0.0234674215316772
v -0.0553877167403698 -0.0112982727587223 0.0216705948114395
v -0.0558408237993717 -0.0112982727587223 0.0198737680912018
v -0.0558953844010830 -0.0112982727587223 0.0197759550064802
v -0.0570917800068855 -0.0112982727587223 0.0185066554695368
v -0.0572823584079742 -0.0112982727587223 0.0183889809995890
v -0.0588414184749126 -0.0112982727587223 0.0178962014615536
v -0.0627541393041611 -0.0113870278000832 0.0204228404909372
v -0.0628732070326805 -0.0114258639514446 0.0208411216735840
v -0.0629648640751839 -0.0114610865712166 0.0216700285673141
v -0.0628625229001045 -0.0114220529794693 0.0225467216223478
v -0.0591770000755787 -0.0112982727587223 0.0178813133388758
v -0.0606713145971298 -0.0112982727587223 0.0181883983314037
v -0.0610716417431831 -0.0112982727587223 0.0183889809995890
v 0.0038417454343289 0.0087570771574974 0.0315281786024570
v 0.0050606904551387 0.0081108883023262 0.0315338186919689
v 0.0048544248566031 0.0084451809525490 0.0314973518252373
v 0.0025959562044591 0.0097212344408035 0.0310224723070860
v 0.0025864082854241 0.0096872188150883 0.0312073696404696
v 0.0025570753496140 0.0095792300999165 0.0313774272799492
v 0.0025128114502877 0.0094150118529797 0.0314889214932919
v 0.0050149997696280 0.0087192356586456 0.0310307797044516
v 0.0049966191872954 0.0086890123784542 0.0312157645821571
v 0.0049399649724364 0.0085923708975315 0.0313858874142170
v 0.0070922812446952 0.0071252807974815 0.0310439933091402
v 0.0070664277300239 0.0071010403335094 0.0312291197478771
v 0.0069863377138972 0.0070224404335022 0.0313993468880653
v 0.0068652881309390 0.0069023631513119 0.0315107591450214
v 0.0067376708611846 0.0067750439047813 0.0315454751253128
v 0.0086862361058593 0.0050479993224144 0.0310612153261900
v 0.0086547946557403 0.0050314664840698 0.0312465261667967
v 0.0086274174973369 0.0050162263214588 0.0313113257288933
v 0.0084685338661075 0.0049260929226875 0.0314947851002216
v 0.0082519231364131 0.0048016272485256 0.0315626971423626
v -0.0524646863341331 -0.0561349987983704 0.0016105951508507
v -0.0317873135209084 -0.0561349987983704 0.0016105951508507
v -0.0524646863341331 -0.1413899958133698 0.0016105951508507
v -0.0317873135209084 -0.1413899958133698 0.0016105951508507
v -0.0524646863341331 -0.1443990021944046 0.0016105951508507
v -0.0317873135209084 -0.1443990021944046 0.0016105951508507
v -0.0524646863341331 -0.1443990021944046 0.0417305938899517
v -0.0317873135209084 -0.1443990021944046 0.0417305938899517
v -0.0253084152936935 -0.1443990021944046 0.0066219787113369
v -0.0253084152936935 -0.1443990021944046 0.0367192141711712
v -0.0210449323058128 -0.1443990021944046 0.0297254454344511
v -0.0195585004985332 -0.1443990021944046 0.0216705948114395
v -0.0589435845613480 -0.1443990021944046 0.0367192141711712
v -0.0210449323058128 -0.1443990021944046 0.0136157460510731
v -0.0589435845613480 -0.1443990021944046 0.0066219787113369
v -0.0632070675492287 -0.1443990021944046 0.0136157460510731
v -0.0646935030817986 -0.1443990021944046 0.0216705948114395
v -0.0632070675492287 -0.1443990021944046 0.0297254454344511
v -0.0317873135209084 -0.1413899958133698 0.0417305938899517
v -0.0524646863341331 -0.1413899958133698 0.0417305938899517
v -0.0283186007291079 -0.0511200018227100 0.0038198879919946
v -0.0317873135209084 -0.0511200018227100 0.0016105951508507
v -0.0320444293320179 -0.0511199980974197 0.0016105951508507
v -0.0279376152902842 -0.0511200018227100 0.0042717861942947
v -0.0259427838027477 -0.0511200018227100 0.0061100157909095
v -0.0253084152936935 -0.0511200018227100 0.0066219787113369
v -0.0237995646893978 -0.0511200018227100 0.0087025538086891
v -0.0228567197918892 -0.0511200018227100 0.0099238138645887
v -0.0220680702477694 -0.0511200018227100 0.0115855522453785
v -0.0210449323058128 -0.0511200018227100 0.0136157460510731
v -0.0206573400646448 -0.0511200018227100 0.0151036046445370
v -0.0200336668640375 -0.0511200018227100 0.0170639716088772
v -0.0202737487852573 -0.0511200018227100 0.0165221039205790
v -0.0317873135209084 -0.0561349987983704 0.0417305938899517
v -0.0524646863341331 -0.0561349987983704 0.0417305938899517
v -0.0524646863341331 -0.0511200018227100 0.0417305938899517
v -0.0559334009885788 -0.0511200018227100 0.0395213030278683
v -0.0589435845613480 -0.0511200018227100 0.0367192141711712
v -0.0613952800631523 -0.0511200018227100 0.0334173776209354
v -0.0632070675492287 -0.0511200018227100 0.0297254454344511
v -0.0643187835812569 -0.0511200018227100 0.0257660225033760
v -0.0646935030817986 -0.0511200018227100 0.0216705948114395
v -0.0643187835812569 -0.0511200018227100 0.0175751689821482
v -0.0589435845613480 -0.0511200018227100 0.0066219787113369
v -0.0613952800631523 -0.0511200018227100 0.0099238138645887
v -0.0632070675492287 -0.0511200018227100 0.0136157460510731
v -0.0524646863341331 -0.0511200018227100 0.0016105951508507
v -0.0559334009885788 -0.0511200018227100 0.0038198879919946
v -0.0628254264593124 -0.0111979544162750 0.0229252260178328
v -0.0627861842513084 -0.0112592726945877 0.0229173973202705
v -0.0629982948303223 -0.0113258436322212 0.0216700304299593
v -0.0629428029060364 -0.0111106075346470 0.0203834697604179
v -0.0630103200674057 -0.0110924653708935 0.0203617010265589
v -0.0632577240467072 -0.0111629217863083 0.0216700024902821
v -0.0626001954078674 -0.0111000910401344 0.0198079459369183
v -0.0622143633663654 -0.0110861957073212 0.0192573349922895
v -0.0622511170804501 -0.0110485404729843 0.0192281343042850
v -0.0631338357925415 -0.0111044123768806 0.0230236444622278
v -0.0628151595592499 -0.0110340304672718 0.0236487574875355
v -0.0627070888876915 -0.0110381320118904 0.0235902480781078
v -0.0631338506937027 -0.0111044161021709 0.0203175842761993
v -0.0633493438363075 -0.0111744888126850 0.0211021471768618
v -0.0632255077362061 -0.0111318193376064 0.0227658487856388
v -0.0627628341317177 -0.0113241784274578 0.0229154415428638
v -0.0629728585481644 -0.0113947577774525 0.0216700304299593
v -0.0621625781059265 -0.0111832693219185 0.0240427106618881
v -0.0621829628944397 -0.0111348293721676 0.0240589063614607
v -0.0622143633663654 -0.0110861957073212 0.0240838564932346
v -0.0628790929913521 -0.0111466236412525 0.0229390189051628
v -0.0622511170804501 -0.0110485404729843 0.0241130571812391
v -0.0628791078925133 -0.0111466236412525 0.0204022079706192
v -0.0622913055121899 -0.0110218413174152 0.0191962029784918
v -0.0623367540538311 -0.0110049769282341 0.0191600937396288
v -0.0626973956823349 -0.0110183805227280 0.0195173323154449
v -0.0623794235289097 -0.0109999999403954 0.0191261917352676
v -0.0631951987743378 -0.0111223794519901 0.0228579752147198
v -0.0630103051662445 -0.0110924616456032 0.0229795277118683
v -0.0631951466202736 -0.0111427046358585 0.0223354157060385
v -0.0631800368428230 -0.0111752785742283 0.0216700118035078
v -0.0630490630865097 -0.0111911445856094 0.0210301782935858
v -0.0621625781059265 -0.0111832693219185 0.0192984789609909
v -0.0625245571136475 -0.0112079195678234 0.0198402833193541
v -0.0627861917018890 -0.0112592764198780 0.0204238295555115
v -0.0629887953400612 -0.0112432315945625 0.0210372526198626
v -0.0631057247519493 -0.0112088955938816 0.0216700211167336
v -0.0631201341748238 -0.0111566968262196 0.0223235432058573
v -0.0629427880048752 -0.0111106038093567 0.0229577589780092
v -0.0630486235022545 -0.0111910142004490 0.0223134756088257
v -0.0630431696772575 -0.0112612321972847 0.0216700285673141
v -0.0629452988505363 -0.0113069601356983 0.0210408084094524
v -0.0622913055121899 -0.0110218413174152 0.0241449885070324
v -0.0623794235289097 -0.0109999999403954 0.0242149978876114
v -0.0253084152936935 -0.0511200018227100 0.0367192141711712
v -0.0276649072766304 -0.0511200018227100 0.0388434045016766
v -0.0283186007291079 -0.0511200018227100 0.0395213030278683
v -0.0307375583797693 -0.0511200018227100 0.0410183779895306
v -0.0317873135209084 -0.0511200018227100 0.0417305938899517
v -0.0320443883538246 -0.0511199980974197 0.0417305938899517
v -0.0200336761772633 -0.0511200018227100 0.0262772459536791
v -0.0202737487852573 -0.0511200018227100 0.0268190875649452
v -0.0210449323058128 -0.0511200018227100 0.0297254454344511
v -0.0219086688011885 -0.0511200018227100 0.0314321666955948
v -0.0228567197918892 -0.0511200018227100 0.0334173776209354
v -0.0232301000505686 -0.0511200018227100 0.0337938405573368
v -0.0252577252686024 -0.0511200018227100 0.0364857800304890
v 0.0176663268357515 -0.0107040628790855 0.0293962303549051
v 0.0175981316715479 -0.0106788203120232 0.0293426513671875
v 0.0174888577312231 -0.0106412954628468 0.0292807780206203
v 0.0173643510788679 -0.0105984099209309 0.0292350705713034
v 0.0172292012721300 -0.0105517432093620 0.0292068477720022
v 0.0178209636360407 -0.0107738189399242 0.0296944007277489
v 0.0177947524935007 -0.0107610151171684 0.0295680854469538
v 0.0177579540759325 -0.0107435360550880 0.0294999219477177
v 0.0172379445284605 -0.0107210390269756 0.0291584972292185
v 0.0170879792422056 -0.0106862708926201 0.0291609726846218
v 0.0177208911627531 -0.0109999999403954 0.0288601219654083
v 0.0175303984433413 -0.0109999999403954 0.0287727825343609
v 0.0174754764884710 -0.0109725818037987 0.0289269667118788
v 0.0177767034620047 -0.0109602175652981 0.0291372053325176
v 0.0179051216691732 -0.0109999999403954 0.0289894584566355
v 0.0178370680660009 -0.0109999999403954 0.0289352834224701
v 0.0174236577004194 -0.0108868330717087 0.0290717482566833
v 0.0172575060278177 -0.0108714625239372 0.0290460977703333
v 0.0175225343555212 -0.0107820034027100 0.0292229261249304
v 0.0173847917467356 -0.0107532218098640 0.0291794817894697
v 0.0170879792422056 -0.0109999999403954 0.0286959521472454
v 0.0170879792422056 -0.0109335407614708 0.0289454385638237
v 0.0170879792422056 -0.0108546577394009 0.0290490165352821
v 0.0170879792422056 -0.0107517726719379 0.0291287992149591
v 0.0176455434411764 -0.0108066089451313 0.0292881056666374
v 0.0177189540117979 -0.0109119825065136 0.0292036477476358
v 0.0176686588674784 -0.0108471810817719 0.0292615089565516
v 0.0170879792422056 -0.0106862708926201 0.0229564681649208
v 0.0170879792422056 -0.0107517726719379 0.0229886416345835
v 0.0170879792422056 -0.0108546577394009 0.0230684243142605
v 0.0170879792422056 -0.0109335407614708 0.0231720022857189
v 0.0170879792422056 -0.0109999999403954 0.0234214887022972
v 0.0171805378049612 -0.0109999999403954 0.0234179906547070
v 0.0173243228346109 -0.0109999999403954 0.0233998168259859
v 0.0174754764884710 -0.0109725818037987 0.0231904741376638
v 0.0174236577004194 -0.0108868330717087 0.0230456925928593
v 0.0172575060278177 -0.0108714625239372 0.0230713430792093
v 0.0175303984433413 -0.0109999999403954 0.0233446583151817
v 0.0172292012721300 -0.0105517432093620 0.0229105930775404
v 0.0172379445284605 -0.0107210390269756 0.0229589436203241
v 0.0173643510788679 -0.0105984099209309 0.0228823702782393
v 0.0173847917467356 -0.0107532218098640 0.0229379590600729
v 0.0174888577312231 -0.0106412954628468 0.0228366628289223
v 0.0175225343555212 -0.0107820034027100 0.0228945147246122
v 0.0174955707043409 -0.0106436051428318 0.0228335410356522
v 0.0176455434411764 -0.0108066089451313 0.0228293351829052
v 0.0175981316715479 -0.0106788203120232 0.0227747894823551
v 0.0179051216691732 -0.0109999999403954 0.0231279823929071
v 0.0177767034620047 -0.0109602175652981 0.0229802355170250
v 0.0177189540117979 -0.0109119825065136 0.0229137931019068
v 0.0176686588674784 -0.0108471810817719 0.0228559318929911
v 0.0178043227642775 -0.0107655115425587 0.0225241072475910
v 0.0178194027394056 -0.0107731111347675 0.0224548541009426
v 0.0178209636360407 -0.0107738189399242 0.0224230401217937
v 0.0177722144871950 -0.0107498951256275 0.0225944034755230
v 0.0178209636360407 -0.0107738189399242 0.0209181495010853
v 0.0176663268357515 -0.0107040628790855 0.0206199791282415
v 0.0175981316715479 -0.0106788203120232 0.0205664020031691
v 0.0174888577312231 -0.0106412954628468 0.0205045286566019
v 0.0173643510788679 -0.0105984099209309 0.0204588193446398
v 0.0172292012721300 -0.0105517432093620 0.0204305984079838
v 0.0177947524935007 -0.0107610151171684 0.0207918360829353
v 0.0177579540759325 -0.0107435360550880 0.0207236707210541
v 0.0170879792422056 -0.0109999999403954 0.0146452374756336
v 0.0170879792422056 -0.0109335407614708 0.0143957519903779
v 0.0170879792422056 -0.0106862708926201 0.0141802178695798
v 0.0170879792422056 -0.0107517726719379 0.0142123922705650
v 0.0170879792422056 -0.0108546577394009 0.0142921749502420
v 0.0172379445284605 -0.0107210390269756 0.0203822478652000
v 0.0170879792422056 -0.0106862708926201 0.0203847233206034
v 0.0177208911627531 -0.0109999999403954 0.0200838707387447
v 0.0175303984433413 -0.0109999999403954 0.0199965331703424
v 0.0174754764884710 -0.0109725818037987 0.0201507173478603
v 0.0177767034620047 -0.0109602175652981 0.0203609541058540
v 0.0179051216691732 -0.0109999999403954 0.0202132090926170
v 0.0178370680660009 -0.0109999999403954 0.0201590321958065
v 0.0174236577004194 -0.0108868330717087 0.0202954988926649
v 0.0172575060278177 -0.0108714625239372 0.0202698484063148
v 0.0175225343555212 -0.0107820034027100 0.0204466767609119
v 0.0173847917467356 -0.0107532218098640 0.0204032324254513
v 0.0170879792422056 -0.0109999999403954 0.0199197027832270
v 0.0170879792422056 -0.0109335407614708 0.0201691891998053
v 0.0170879792422056 -0.0108546577394009 0.0202727671712637
v 0.0170879792422056 -0.0107517726719379 0.0203525479882956
v 0.0176455434411764 -0.0108066089451313 0.0205118563026190
v 0.0177189540117979 -0.0109119825065136 0.0204273983836174
v 0.0176686588674784 -0.0108471810817719 0.0204852595925331
v 0.0171805378049612 -0.0109999999403954 0.0146417412906885
v 0.0173243228346109 -0.0109999999403954 0.0146235665306449
v 0.0174754764884710 -0.0109725818037987 0.0144142229110003
v 0.0174236577004194 -0.0108868330717087 0.0142694422975183
v 0.0172575060278177 -0.0108714625239372 0.0142950927838683
v 0.0175303984433413 -0.0109999999403954 0.0145684070885181
v 0.0175225343555212 -0.0107820034027100 0.0141182634979486
v 0.0176455434411764 -0.0108066089451313 0.0140530839562416
v 0.0175981316715479 -0.0106788203120232 0.0139985391870141
v 0.0172292012721300 -0.0105517432093620 0.0141343437135220
v 0.0172379445284605 -0.0107210390269756 0.0141826933249831
v 0.0174955707043409 -0.0106436051428318 0.0140572907403111
v 0.0174888577312231 -0.0106412954628468 0.0140604116022587
v 0.0173847917467356 -0.0107532218098640 0.0141617087647319
v 0.0173643510788679 -0.0105984099209309 0.0141061209142208
v 0.0173318330198526 -0.0105871893465519 0.0141147561371326
v 0.0179051216691732 -0.0109999999403954 0.0143517311662436
v 0.0177767034620047 -0.0109602175652981 0.0142039861530066
v 0.0177189540117979 -0.0109119825065136 0.0141375428065658
v 0.0176686588674784 -0.0108471810817719 0.0140796815976501
v 0.0178194027394056 -0.0107731111347675 0.0136786028742790
v 0.0178209636360407 -0.0107738189399242 0.0136467907577753
v 0.0177722144871950 -0.0107498951256275 0.0138181522488594
v 0.0178043227642775 -0.0107655115425587 0.0137478569522500
v 0.0178209636360407 -0.0107738189399242 0.0121419001370668
v 0.0167021136730909 -0.0112982727587223 0.0025082672946155
v 0.0164371114224195 -0.0113076940178871 0.0023404858075082
v 0.0156728867441416 -0.0113866589963436 0.0020063403062522
v 0.0183313619345427 -0.0114610865712166 0.0056213545612991
v 0.0182689186185598 -0.0114310495555401 0.0049361786805093
v 0.0181592721492052 -0.0113864839076996 0.0044916640035808
v 0.0178259257227182 -0.0113076157867908 0.0037291343323886
v 0.0176578257232904 -0.0112982727587223 0.0034639793448150
v 0.0176578257232904 -0.0112982727587223 0.0077812117524445
v 0.0178256761282682 -0.0113077051937580 0.0075160930864513
v 0.0182002577930689 -0.0114019587635994 0.0066125434823334
v 0.0126498071476817 -0.0113076008856297 0.0023403032682836
v 0.0123848831281066 -0.0112982727587223 0.0025082672946155
v 0.0151157444342971 -0.0114399045705795 0.0018780225655064
v 0.0145434988662601 -0.0114610865712166 0.0018347328295931
v 0.0134131601080298 -0.0113865509629250 0.0020066364668310
v 0.0112618869170547 -0.0112982727587223 0.0037279534153640
v 0.0111559992656112 -0.0112982727587223 0.0039245053194463
v 0.0107542192563415 -0.0112982727587223 0.0056225950829685
v 0.0107565848156810 -0.0112982727587223 0.0057565416209400
v 0.0112844398245215 -0.0112982727587223 0.0075557795353234
v 0.0126103153452277 -0.0112982727587223 0.0088816536590457
v 0.0144095523282886 -0.0112982727587223 0.0094095095992088
v 0.0145434988662601 -0.0112982727587223 0.0094118779525161
v 0.0162415895611048 -0.0112982727587223 0.0090100951492786
v 0.0164381396025419 -0.0112982727587223 0.0089042102918029
v 0.0167255755513906 -0.0111489370465279 0.0024744211696088
v 0.0176916737109423 -0.0111489370465279 0.0034405193291605
v 0.0167528446763754 -0.0110872052609921 0.0024350783787668
v 0.0177310165017843 -0.0110872052609921 0.0034132502041757
v 0.0167882461100817 -0.0110398754477501 0.0023840009234846
v 0.0177820939570665 -0.0110398754477501 0.0033778487704694
v 0.0168424751609564 -0.0110049769282341 0.0023057623766363
v 0.0178603325039148 -0.0110049769282341 0.0033236178569496
v 0.0168735217303038 -0.0109999999403954 0.0022609732113779
v 0.0179051216691732 -0.0109999999403954 0.0032925750128925
v 0.0176916737109423 -0.0111489370465279 0.0399006716907024
v 0.0176578257232904 -0.0112982727587223 0.0398772098124027
v 0.0167021136730909 -0.0112982727587223 0.0408329218626022
v 0.0167145784944296 -0.0111882388591766 0.0408509038388729
v 0.0167255755513906 -0.0111489370465279 0.0408667698502541
v 0.0177310165017843 -0.0110872052609921 0.0399279408156872
v 0.0167528446763754 -0.0110872052609921 0.0409061126410961
v 0.0167882461100817 -0.0110398754477501 0.0409571900963783
v 0.0168735217303038 -0.0109999999403954 0.0410802178084850
v 0.0179051216691732 -0.0109999999403954 0.0400486178696156
v 0.0168424751609564 -0.0110049769282341 0.0410354286432266
v 0.0178603325039148 -0.0110049769282341 0.0400175713002682
v 0.0177820939570665 -0.0110398754477501 0.0399633422493935
v 0.0164381396025419 -0.0112982727587223 0.0344369821250439
v 0.0162415895611048 -0.0112982727587223 0.0343310944736004
v 0.0176578257232904 -0.0112982727587223 0.0355599783360958
v 0.0178259257227182 -0.0113076157867908 0.0358251333236694
v 0.0181592721492052 -0.0113864839076996 0.0365876629948616
v 0.0182689186185598 -0.0114310495555401 0.0370321795344353
v 0.0164371933788061 -0.0113076008856297 0.0410008877515793
v 0.0178256761282682 -0.0113077051937580 0.0396120920777321
v 0.0182002577930689 -0.0114019587635994 0.0387085415422916
v 0.0183313619345427 -0.0114610865712166 0.0377173535525799
v 0.0145434988662601 -0.0114610865712166 0.0415064580738544
v 0.0156738404184580 -0.0113865509629250 0.0413345545530319
v 0.0134141137823462 -0.0113866589963436 0.0413348488509655
v 0.0139712532982230 -0.0114399045705795 0.0414631702005863
v 0.0123848831281066 -0.0112982727587223 0.0408329218626022
v 0.0126498891040683 -0.0113076940178871 0.0410007052123547
v 0.0145434988662601 -0.0112982727587223 0.0339293144643307
v 0.0144095523282886 -0.0112982727587223 0.0339316800236702
v 0.0126103153452277 -0.0112982727587223 0.0344595387578011
v 0.0112844398245215 -0.0112982727587223 0.0357854105532169
v 0.0107565848156810 -0.0112982727587223 0.0375846475362778
v 0.0107542192563415 -0.0112982727587223 0.0377185940742493
v 0.0111559992656112 -0.0112982727587223 0.0394166857004166
v 0.0112618869170547 -0.0112982727587223 0.0396132357418537
v -0.0479134060442448 -0.0108495503664017 0.0167502351105213
v -0.0455418601632118 -0.0108495503664017 0.0143786892294884
v -0.0446738116443157 -0.0108495503664017 0.0111390948295593
v -0.0455418601632118 -0.0108495503664017 0.0078995013609529
v -0.0479134060442448 -0.0108495503664017 0.0055279540829360
v -0.0511530004441738 -0.0108495503664017 0.0046599092893302
v -0.0543925948441029 -0.0108495503664017 0.0055279540829360
v -0.0567641407251358 -0.0108495503664017 0.0078995013609529
v -0.0576321855187416 -0.0108495503664017 0.0111390948295593
v -0.0567641407251358 -0.0108495503664017 0.0143786892294884
v -0.0543925948441029 -0.0108495503664017 0.0167502351105213
v -0.0511530004441738 -0.0108495503664017 0.0176182817667723
v -0.0479684732854366 -0.0109596885740757 0.0166548546403646
v -0.0456372424960136 -0.0109596885740757 0.0143236201256514
v -0.0447839498519897 -0.0109596885740757 0.0111390948295593
v -0.0456372424960136 -0.0109596885740757 0.0079545704647899
v -0.0479684732854366 -0.0109596885740757 0.0056233364157379
v -0.0511530004441738 -0.0109596885740757 0.0047700456343591
v -0.0543375238776207 -0.0109596885740757 0.0056233364157379
v -0.0566687583923340 -0.0109596885740757 0.0079545704647899
v -0.0575220510363579 -0.0109596885740757 0.0111390948295593
v -0.0566687583923340 -0.0109596885740757 0.0143236201256514
v -0.0543375238776207 -0.0109596885740757 0.0166548546403646
v -0.0511530004441738 -0.0109596885740757 0.0175081454217434
v -0.0480437017977238 -0.0109999999403954 0.0165245607495308
v -0.0457675345242023 -0.0109999999403954 0.0142483953386545
v -0.0449343994259834 -0.0109999999403954 0.0111390948295593
v -0.0457675345242023 -0.0109999999403954 0.0080297952517867
v -0.0480437017977238 -0.0109999999403954 0.0057536303065717
v -0.0511530004441738 -0.0109999999403954 0.0049204952083528
v -0.0542622990906239 -0.0109999999403954 0.0057536303065717
v -0.0565384663641453 -0.0109999999403954 0.0080297952517867
v -0.0573716014623642 -0.0109999999403954 0.0111390948295593
v -0.0565384663641453 -0.0109999999403954 0.0142483953386545
v -0.0542622990906239 -0.0109999999403954 0.0165245607495308
v -0.0511530004441738 -0.0109999999403954 0.0173576958477497
v 0.0177704375237226 -0.0110485404729843 0.0078592635691166
v 0.0177318621426821 -0.0110861919820309 0.0078325252979994
v 0.0162819568067789 -0.0110861919820309 0.0090906219556928
v 0.0122445216402411 -0.0110049769282341 0.0023057623766363
v 0.0122134787961841 -0.0109999999403954 0.0022609732113779
v 0.0117580732330680 -0.0109999999403954 0.0026275101117790
v 0.0164651442319155 -0.0109999999403954 0.0092332195490599
v 0.0179051216691732 -0.0109999999403954 0.0079526165500283
v 0.0178603325039148 -0.0110049769282341 0.0079215718433261
v 0.0145434988662601 -0.0109999999403954 0.0097127659246325
v 0.0151698468253016 -0.0109999999403954 0.0096645234152675
v 0.0163259934633970 -0.0110218375921249 0.0091784745454788
v 0.0154661489650607 -0.0109999999403954 0.0096073402091861
v 0.0144028952345252 -0.0110218375921249 0.0095977429300547
v 0.0125142252072692 -0.0110218375921249 0.0090436488389969
v 0.0126720173284411 -0.0109999999403954 0.0092594660818577
v 0.0111964745447040 -0.0109999999403954 0.0079735293984413
v 0.0111224455758929 -0.0110218375921249 0.0076518706046045
v 0.0104877343401313 -0.0109999999403954 0.0061519970186055
v 0.0105683533474803 -0.0110218375921249 0.0057632005773485
v 0.0106751462444663 -0.0109999999403954 0.0042940187267959
v 0.0109876198694110 -0.0110218375921249 0.0038401014171541
v 0.0122775873169303 -0.0110218375921249 0.0023534665815532
v 0.0176774989813566 -0.0111832693219185 0.0077948463149369
v 0.0162523146718740 -0.0111832693219185 0.0090314913541079
v 0.0144087066873908 -0.0111832693219185 0.0094334287568927
v 0.0125981075689197 -0.0111832693219185 0.0089022386819124
v 0.0112638575956225 -0.0111832693219185 0.0075679901055992
v 0.0107326647266746 -0.0111832693219185 0.0057573872618377
v 0.0111346049234271 -0.0111832693219185 0.0039137802086771
v 0.0123712485656142 -0.0111832693219185 0.0024885958991945
v 0.0144063709303737 -0.0110861919820309 0.0094995312392712
v 0.0125643601641059 -0.0110861919820309 0.0089591275900602
v 0.0112069686874747 -0.0110861919820309 0.0076017347164452
v 0.0106665631756186 -0.0110861919820309 0.0057597267441452
v 0.0110754733905196 -0.0110861919820309 0.0038841399364173
v 0.0123335709795356 -0.0110861919820309 0.0024342346005142
v 0.0178126301616430 -0.0110218375921249 0.0078885080292821
v 0.0173749942332506 -0.0109999999403954 0.0116405952721834
v 0.0174216572195292 -0.0109999999403954 0.0116422260180116
v 0.0177930723875761 -0.0107883960008621 0.0119671169668436
v 0.0177621487528086 -0.0108055956661701 0.0118917888030410
v 0.0177056808024645 -0.0108374245464802 0.0118032246828079
v 0.0176032651215792 -0.0108957253396511 0.0117083312943578
v -0.0173750109970570 -0.0109999999403954 0.0116405952721834
v -0.0180681180208921 -0.0109999999403954 0.0119702965021133
v -0.0179736595600843 -0.0109634846448898 0.0119550731033087
v -0.0179240666329861 -0.0109999999403954 0.0118499770760536
v -0.0178616400808096 -0.0108775720000267 0.0119563285261393
v -0.0178571473807096 -0.0109999999403954 0.0118025457486510
v -0.0177826732397079 -0.0109553150832653 0.0117867821827531
v -0.0177124943584204 -0.0109999999403954 0.0117204980924726
v -0.0178871173411608 -0.0108536183834076 0.0121402926743031
v -0.0179917085915804 -0.0109335966408253 0.0121388966217637
v -0.0181135870516300 -0.0109834223985672 0.0121380267664790
v -0.0180969592183828 -0.0109999999403954 0.0119970897212625
v -0.0182410944253206 -0.0109999999403954 0.0121377380564809
v -0.0176137592643499 -0.0109999999403954 0.0116808302700520
v -0.0179120805114508 -0.0108769871294498 0.0136465756222606
v -0.0182410944253206 -0.0109999999403954 0.0136465756222606
v -0.0180778205394745 -0.0109726786613464 0.0136465756222606
v -0.0178228188306093 -0.0108409486711025 0.0138711612671614
v -0.0172371733933687 -0.0107219256460667 0.0141835240647197
v -0.0170879829674959 -0.0106873773038387 0.0141806649044156
v -0.0182314347475767 -0.0109999999403954 0.0137750254943967
v -0.0180636309087276 -0.0109999999403954 0.0141793610528111
v -0.0178102571517229 -0.0109792761504650 0.0142451515421271
v -0.0177029017359018 -0.0109999999403954 0.0144916661083698
v -0.0174754615873098 -0.0109735801815987 0.0144180869683623
v -0.0170879829674959 -0.0109999999403954 0.0146452374756336
v -0.0170879829674959 -0.0109335407614708 0.0143957519903779
v -0.0170879829674959 -0.0108564049005508 0.0142939444631338
v -0.0176448784768581 -0.0108071267604828 0.0140541968867183
v -0.0175221078097820 -0.0107826702296734 0.0141193382441998
v -0.0173840913921595 -0.0107540078461170 0.0141630610451102
v -0.0174231510609388 -0.0108881406486034 0.0142720788717270
v -0.0172567386180162 -0.0108729526400566 0.0142972189933062
v -0.0177187956869602 -0.0109129436314106 0.0141395451501012
v -0.0179205927997828 -0.0109285302460194 0.0139178643003106
v -0.0170879829674959 -0.0107517726719379 0.0142123922705650
v -0.0170879829674959 -0.0109999999403954 0.0199197027832270
v -0.0170879829674959 -0.0109335407614708 0.0201691891998053
v -0.0170879829674959 -0.0105942003428936 0.0204119868576527
v -0.0170879829674959 -0.0108564496040344 0.0202709492295980
v -0.0170879829674959 -0.0107517726719379 0.0203525479882956
v -0.0170879829674959 -0.0106874071061611 0.0203842632472515
v -0.0179178696125746 -0.0108819939196110 0.0209101215004921
v -0.0178853943943977 -0.0108520835638046 0.0209106113761663
v -0.0178196858614683 -0.0108403861522675 0.0206885170191526
v -0.0173692777752876 -0.0106762647628784 0.0204363130033016
v -0.0174204446375370 -0.0108879357576370 0.0202921647578478
v -0.0181499272584915 -0.0109999999403954 0.0205286517739296
v -0.0182409938424826 -0.0109999999403954 0.0209052357822657
v -0.0181157961487770 -0.0109841190278530 0.0209071282297373
v -0.0178333185613155 -0.0109999999403954 0.0201559122651815
v -0.0173589624464512 -0.0109999999403954 0.0199476405978203
v -0.0174723807722330 -0.0109735503792763 0.0201458428055048
v -0.0178054645657539 -0.0109792202711105 0.0203159283846617
v -0.0177145209163427 -0.0109126307070255 0.0204223282635212
v -0.0179170574992895 -0.0109282881021500 0.0206407029181719
v -0.0176410954445601 -0.0108064040541649 0.0205082315951586
v -0.0179902836680412 -0.0109328180551529 0.0209090262651443
v -0.0176139678806067 -0.0107434652745724 0.0205399692058563
v -0.0173989143222570 -0.0108253695070744 0.0203528199344873
v -0.0173816960304976 -0.0107535235583782 0.0204013306647539
v -0.0179903432726860 -0.0109328106045723 0.0209183637052774
v -0.0182410944253206 -0.0109999999403954 0.0209183637052774
v -0.0179903432726860 -0.0109328106045723 0.0224228259176016
v -0.0180705580860376 -0.0109701156616211 0.0224228259176016
v -0.0182410944253206 -0.0109999999403954 0.0224228259176016
v -0.0178853794932365 -0.0108520686626434 0.0224305801093578
v -0.0179902836680412 -0.0109328180551529 0.0224321652203798
v -0.0181157346814871 -0.0109841004014015 0.0224340613931417
v -0.0182409938424826 -0.0109999999403954 0.0224359538406134
v -0.0172359254211187 -0.0107216462492943 0.0229598488658667
v -0.0170879829674959 -0.0106873773038387 0.0229569151997566
v -0.0173816904425621 -0.0107534974813461 0.0229398477822542
v -0.0182295553386211 -0.0109999999403954 0.0225633084774017
v -0.0180556401610374 -0.0109999999403954 0.0229664444923401
v -0.0178054198622704 -0.0109791979193687 0.0230252090841532
v -0.0177026633173227 -0.0109999999403954 0.0232680458575487
v -0.0174723546952009 -0.0109735243022442 0.0231952723115683
v -0.0170879829674959 -0.0109999999403954 0.0234214887022972
v -0.0170879829674959 -0.0109335407614708 0.0231720022857189
v -0.0170879829674959 -0.0108564049005508 0.0230701938271523
v -0.0176410842686892 -0.0108063854277134 0.0228329487144947
v -0.0175188090652227 -0.0107819996774197 0.0228969566524029
v -0.0174204297363758 -0.0108878985047340 0.0230489838868380
v -0.0172553248703480 -0.0108728185296059 0.0230735614895821
v -0.0177144929766655 -0.0109126009047031 0.0229188315570354
v -0.0179170221090317 -0.0109282657504082 0.0227004699409008
v -0.0178196728229523 -0.0108403675258160 0.0226526688784361
v -0.0170879829674959 -0.0107517726719379 0.0229886416345835
v -0.0170879829674959 -0.0109999999403954 0.0286959521472454
v -0.0170879829674959 -0.0109335407614708 0.0289454385638237
v -0.0170879829674959 -0.0108564496040344 0.0290472004562616
v -0.0170879829674959 -0.0107517726719379 0.0291287992149591
v -0.0170879829674959 -0.0105942003428936 0.0291882380843163
v -0.0170879829674959 -0.0106874071061611 0.0291605126112700
v -0.0173692777752876 -0.0106762647628784 0.0292125623673201
v -0.0174204446375370 -0.0108879357576370 0.0290684141218662
v -0.0181499272584915 -0.0109999999403954 0.0293049011379480
v -0.0182409938424826 -0.0109999999403954 0.0296814870089293
v -0.0181157961487770 -0.0109841190278530 0.0296833794564009
v -0.0178333185613155 -0.0109999999403954 0.0289321616292000
v -0.0173589624464512 -0.0109999999403954 0.0287238899618387
v -0.0174723807722330 -0.0109735503792763 0.0289220940321684
v -0.0178054645657539 -0.0109792202711105 0.0290921777486801
v -0.0177145209163427 -0.0109126307070255 0.0291985776275396
v -0.0179170574992895 -0.0109282881021500 0.0294169541448355
v -0.0176410954445601 -0.0108064040541649 0.0292844809591770
v -0.0176139678806067 -0.0107434652745724 0.0293162185698748
v -0.0178196858614683 -0.0108403861522675 0.0294647663831711
v -0.0173989143222570 -0.0108253695070744 0.0291290711611509
v -0.0173816960304976 -0.0107535235583782 0.0291775800287724
v -0.0179902836680412 -0.0109328180551529 0.0296852756291628
v -0.0178853943943977 -0.0108520835638046 0.0296868607401848
v -0.0182410944253206 -0.0109999999403954 0.0296946149319410
v -0.0180778205394745 -0.0109726786613464 0.0296946149319410
v -0.0179120805114508 -0.0108769871294498 0.0296946149319410
v -0.0182410944253206 -0.0109999999403954 0.0312034524977207
v -0.0178871173411608 -0.0108536183834076 0.0312008988112211
v -0.0179917085915804 -0.0109335966408253 0.0312022939324379
v -0.0181135870516300 -0.0109834223985672 0.0312031637877226
v -0.0173750128597021 -0.0109999999403954 0.0317005962133408
v -0.0176084954291582 -0.0109999999403954 0.0316620916128159
v -0.0177332647144794 -0.0109999999403954 0.0316105820238590
v -0.0177369192242622 -0.0109999999403954 0.0316087566316128
v -0.0178410094231367 -0.0109999999403954 0.0315492190420628
v -0.0177826732397079 -0.0109553150832653 0.0315544083714485
v -0.0179398264735937 -0.0109999999403954 0.0314792618155479
v -0.0178616400808096 -0.0108775720000267 0.0313848629593849
v -0.0179736595600843 -0.0109634846448898 0.0313861183822155
v -0.0180571414530277 -0.0109999999403954 0.0313809327781200
v -0.0181068535894156 -0.0109999999403954 0.0313353613018990
v -0.0181358456611633 -0.0109999999403954 0.0313078574836254
v 0.0173749942332506 -0.0109999999403954 0.0317005962133408
v 0.0123068308457732 -0.0110485404729843 0.0409455336630344
v 0.0123335560783744 -0.0110861659049988 0.0409069769084454
v 0.0110754510387778 -0.0110861659049988 0.0394570641219616
v 0.0109231611713767 -0.0109999999403954 0.0396219268441200
v 0.0122134787961841 -0.0109999999403954 0.0410802178084850
v 0.0122445216402411 -0.0110049769282341 0.0410354286432266
v 0.0111224045976996 -0.0110218189656734 0.0356892943382263
v 0.0104533089324832 -0.0109999999403954 0.0377154164016247
v 0.0105683049187064 -0.0110218189656734 0.0375779904425144
v 0.0109875751659274 -0.0110218189656734 0.0395011119544506
v 0.0178126711398363 -0.0110218189656734 0.0354526564478874
v 0.0178603325039148 -0.0110049769282341 0.0354196168482304
v 0.0163260158151388 -0.0110218189656734 0.0341626703739166
v 0.0179051216691732 -0.0109999999403954 0.0353885740041733
v 0.0174906458705664 -0.0109999999403954 0.0348824262619019
v 0.0157840196043253 -0.0109999999403954 0.0338210985064507
v 0.0144028952345252 -0.0110218189656734 0.0337434001266956
v 0.0139960451051593 -0.0109999999403954 0.0336652360856533
v 0.0125141991302371 -0.0110218189656734 0.0342974998056889
v 0.0121979592368007 -0.0109999999403954 0.0343677885830402
v 0.0109082525596023 -0.0109999999403954 0.0358438827097416
v 0.0123712448403239 -0.0111832544207573 0.0408525988459587
v 0.0111345974728465 -0.0111832544207573 0.0394274145364761
v 0.0107326610013843 -0.0111832544207573 0.0375838018953800
v 0.0112638501450419 -0.0111832544207573 0.0357731990516186
v 0.0125981038436294 -0.0111832544207573 0.0344389453530312
v 0.0144087066873908 -0.0111832544207573 0.0339077562093735
v 0.0162523183971643 -0.0111832544207573 0.0343096926808357
v 0.0176775027066469 -0.0111832544207573 0.0355463400483131
v 0.0106665370985866 -0.0110861659049988 0.0375814624130726
v 0.0112069463357329 -0.0110861659049988 0.0357394441962242
v 0.0125643489882350 -0.0110861659049988 0.0343820415437222
v 0.0144063672050834 -0.0110861659049988 0.0338416323065758
v 0.0162819679826498 -0.0110861659049988 0.0342505462467670
v 0.0177310165017843 -0.0110872052609921 0.0355092510581017
v 0.0122775612398982 -0.0110218189656734 0.0409877635538578
v -0.0607455857098103 -0.0110218413174152 0.0253258738666773
v -0.0607068352401257 -0.0110861957073212 0.0181056242436171
v -0.0606807507574558 -0.0111832693219185 0.0251747854053974
v -0.0588392987847328 -0.0111832693219185 0.0254688281565905
v -0.0609549768269062 -0.0109999999403954 0.0179870966821909
v -0.0607455857098103 -0.0110218413174152 0.0180153176188469
v -0.0601132214069366 -0.0109999999403954 0.0176890287548304
v -0.0588247403502464 -0.0110218413174152 0.0177085958421230
v -0.0595402456820011 -0.0109999999403954 0.0175966154783964
v -0.0562848225235939 -0.0109999999403954 0.0245627723634243
v -0.0570009686052799 -0.0110218413174152 0.0250002220273018
v -0.0570138357579708 -0.0110218413174152 0.0250085964798927
v -0.0571972765028477 -0.0110218413174152 0.0251205544918776
v -0.0573047325015068 -0.0110218413174152 0.0251800287514925
v -0.0579806677997112 -0.0109999999403954 0.0255819018930197
v -0.0588247403502464 -0.0110218413174152 0.0256325937807560
v -0.0591770000755787 -0.0109999999403954 0.0257607661187649
v -0.0621407814323902 -0.0109999999403954 0.0244893319904804
v -0.0617119893431664 -0.0109999999403954 0.0248804576694965
v -0.0609549768269062 -0.0109999999403954 0.0253540929406881
v -0.0606807507574558 -0.0111832693219185 0.0181664060801268
v -0.0588392987847328 -0.0111832693219185 0.0178723633289337
v -0.0570786111056805 -0.0111832693219185 0.0184866711497307
v -0.0558197535574436 -0.0111832693219185 0.0198624189943075
v -0.0570786111056805 -0.0111832693219185 0.0248545203357935
v -0.0558197535574436 -0.0111832693219185 0.0234787706285715
v -0.0553637854754925 -0.0111832693219185 0.0216705948114395
v -0.0588334426283836 -0.0110861957073212 0.0178064815700054
v -0.0570422112941742 -0.0110861957073212 0.0184314455837011
v -0.0557615198194981 -0.0110861957073212 0.0198310557752848
v -0.0552976429462433 -0.0110861957073212 0.0216705948114395
v -0.0557615198194981 -0.0110861957073212 0.0235101338475943
v -0.0570422112941742 -0.0110861957073212 0.0249097459018230
v -0.0588334426283836 -0.0110861957073212 0.0255347099155188
v -0.0607068352401257 -0.0110861957073212 0.0252355672419071
v -0.0569881349802017 -0.0110218413174152 0.0183493923395872
v -0.0556749999523163 -0.0110218413174152 0.0197844579815865
v -0.0551993735134602 -0.0110218413174152 0.0216705948114395
v -0.0556749999523163 -0.0110218413174152 0.0235567335039377
v -0.0569881349802017 -0.0110218413174152 0.0249917991459370
v -0.0570917129516602 -0.0110218413174152 0.0250577908009291
v -0.0570396706461906 -0.0110218413174152 0.0250251945108175
v -0.0578666627407074 -0.0110218413174152 0.0254261959344149
v -0.0574139691889286 -0.0110218413174152 0.0252361577004194
v -0.0553146153688431 -0.0109999999403954 0.0230165142565966
v -0.0551301203668118 -0.0109999999403954 0.0210772082209587
v -0.0558370165526867 -0.0109999999403954 0.0193096864968538
v -0.0573201738297939 -0.0109999999403954 0.0180261731147766
v -0.0591770000755787 -0.0109999999403954 0.0175804235041142
v 0.0174216572195292 -0.0109999999403954 0.0316989645361900
v 0.0178209636360407 -0.0107738189399242 0.0311992913484573
v 0.0177930723875761 -0.0107883960008621 0.0313740745186806
v 0.0177621487528086 -0.0108055956661701 0.0314494036138058
v 0.0177056808024645 -0.0108374245464802 0.0315379649400711
v 0.0176032651215792 -0.0108957253396511 0.0316328592598438
v 0.0156690496951342 -0.0112592838704586 0.0019738725386560
v 0.0157619509845972 -0.0111040584743023 0.0016232816269621
v 0.0152314705774188 -0.0111608766019344 0.0014738341560587
v 0.0145421614870429 -0.0111915431916714 0.0014055290957913
v 0.0145422322675586 -0.0111752785742283 0.0016195619245991
v 0.0145422508940101 -0.0112088955938816 0.0016938721528277
v 0.0151201663538814 -0.0111910924315453 0.0017406990518793
v 0.0157219339162111 -0.0110925436019897 0.0017480192473158
v 0.0151144294068217 -0.0112431496381760 0.0018010413041338
v 0.0145422657951713 -0.0112612321972847 0.0017564253648743
v 0.0151120154187083 -0.0113068148493767 0.0018445992609486
v 0.0145422695204616 -0.0113258436322212 0.0018013020744547
v 0.0145422657951713 -0.0113947577774525 0.0018267383566126
v 0.0157026518136263 -0.0111108124256134 0.0018161007901654
v 0.0156864393502474 -0.0111468508839607 0.0018802838167176
v 0.0162366237491369 -0.0110995210707188 0.0021130139939487
v 0.0162086989730597 -0.0112072192132473 0.0021900027059019
v 0.0145422099158168 -0.0111629180610180 0.0015418691327795
v 0.0134163787588477 -0.0113238021731377 0.0019980552606285
v 0.0136683760210872 -0.0111432000994682 0.0015165483346209
v 0.0133424466475844 -0.0110910944640636 0.0016830445965752
v 0.0133628277108073 -0.0110923200845718 0.0017488164594397
v 0.0133821358904243 -0.0111106075346470 0.0018168644746765
v 0.0133983744308352 -0.0111466534435749 0.0018810102483258
v 0.0134098706766963 -0.0111979059875011 0.0019350381335244
v 0.0134158050641418 -0.0112590715289116 0.0019745468162000
v -0.0518308766186237 -0.0511200018227100 0.0016105951508507
v -0.0298029631376266 -0.0510940439999104 0.0028238925151527
v -0.0349213033914566 -0.0510913394391537 0.0003333681961522
v -0.0349142327904701 -0.0510589554905891 0.0003124320646748
v -0.0298193544149399 -0.0511127747595310 0.0028489599935710
v -0.0322967655956745 -0.0511127747595310 0.0014445328852162
v -0.0349437631666660 -0.0511200018227100 0.0003998795291409
v -0.0349318049848080 -0.0511127747595310 0.0003644687822089
v -0.0254990328103304 -0.0510984510183334 0.0064928256906569
v -0.0210646465420723 -0.0511127747595310 0.0137885371223092
v -0.0202054195106030 -0.0510913394391537 0.0165060050785542
v -0.0206078290939331 -0.0511127747595310 0.0151379266753793
v -0.0202373694628477 -0.0511127747595310 0.0165135320276022
v -0.0201761256903410 -0.0510205738246441 0.0164991021156311
v -0.0201839096844196 -0.0510589554905891 0.0165009368211031
v -0.0221810881048441 -0.0510589554905891 0.0111643495038152
v -0.0221948549151421 -0.0511000454425812 0.0112074837088585
v -0.0222031828016043 -0.0510940439999104 0.0111759882420301
v -0.0254525560885668 -0.0510589554905891 0.0064990115351975
v -0.0282727796584368 -0.0510205738246441 0.0038765068165958
v -0.0254466403275728 -0.0510205738246441 0.0064936294220388
v -0.0231067035347223 -0.0510205738246441 0.0095541737973690
v -0.0221740119159222 -0.0510205738246441 0.0111606223508716
v -0.0297849196940660 -0.0510205738246441 0.0027962992899120
v -0.0297892969101667 -0.0510589554905891 0.0028029917739332
v -0.0254689007997513 -0.0510913394391537 0.0065138838253915
v -0.0237137936055660 -0.0511127747595310 0.0087594334036112
v -0.0349116772413254 -0.0510205738246441 0.0003048548242077
v -0.0198927931487560 -0.0494127571582794 0.0170676279813051
v -0.0199671182781458 -0.0494126230478287 0.0169609803706408
v -0.0199485104531050 -0.0493018217384815 0.0169491562992334
v -0.0198045521974564 -0.0491341575980186 0.0168576762080193
v -0.0196919795125723 -0.0491140000522137 0.0168318133801222
v -0.0192622561007738 -0.0491140000522137 0.0172170139849186
v -0.0201617535203695 -0.0494122728705406 0.0164989009499550
v -0.0201427470892668 -0.0493082441389561 0.0164944268763065
v -0.0198911577463150 -0.0492002703249454 0.0169127117842436
v -0.0200740788131952 -0.0492001995444298 0.0164782572537661
v -0.0199676752090454 -0.0491316355764866 0.0164532046765089
v -0.0198688749223948 -0.0491140000522137 0.0164299402385950
v -0.0195119306445122 -0.0491342023015022 0.0171825457364321
v -0.0195757001638412 -0.0492004789412022 0.0172630548477173
v -0.0196178685873747 -0.0493022538721561 0.0173162929713726
v -0.0196314509958029 -0.0494132265448570 0.0173334404826164
v -0.0191849134862423 -0.0493028238415718 0.0175544712692499
v -0.0191920325160027 -0.0494140125811100 0.0175749175250530
v -0.0193125009536743 -0.0494137965142727 0.0175271388143301
v -0.0191287845373154 -0.0491342656314373 0.0173932723701000
v -0.0191625971347094 -0.0492007546126842 0.0174903795123100
v -0.0186972636729479 -0.0494148992002010 0.0176585949957371
v -0.0186972636729479 -0.0493034645915031 0.0176372006535530
v -0.0186972636729479 -0.0492644496262074 0.0176182817667723
v -0.0186972636729479 -0.0491543114185333 0.0175081454217434
v -0.0186972636729479 -0.0491140000522137 0.0173576958477497
v -0.0187116507440805 -0.0510196983814240 0.0176585949957371
v -0.0192059930413961 -0.0510199964046478 0.0175750702619553
v -0.0193269047886133 -0.0510200671851635 0.0175271444022655
v -0.0196454506367445 -0.0510202571749687 0.0173337627202272
v -0.0199072025716305 -0.0510204136371613 0.0170676242560148
v -0.0199812278151512 -0.0510204583406448 0.0169614627957344
v -0.0185529328882694 -0.0494148992002010 0.0176585949957371
v -0.0185529328882694 -0.0493041388690472 0.0176374688744545
v -0.0185529328882694 -0.0492644496262074 0.0176182817667723
v -0.0185529328882694 -0.0492021329700947 0.0175704639405012
v -0.0185529328882694 -0.0491140000522137 0.0173576958477497
v -0.0185529328882694 -0.0491543114185333 0.0175081454217434
v -0.0185389276593924 -0.0511200018227100 0.0177588947117329
v -0.0187116507440805 -0.0511200018227100 0.0177588947117329
v -0.0187116507440805 -0.0511065609753132 0.0177087448537350
v -0.0185389276593924 -0.0510196983814240 0.0176585949957371
v -0.0187116507440805 -0.0510568432509899 0.0176657252013683
v -0.0185389276593924 -0.0510566197335720 0.0176656376570463
v -0.0187116507440805 -0.0510698482394218 0.0176720321178436
v -0.0185389276593924 -0.0510698482394218 0.0176720321178436
v -0.0187116507440805 -0.0510909743607044 0.0176883265376091
v -0.0185389276593924 -0.0510906241834164 0.0176879726350307
v -0.0185389276593924 -0.0511065609753132 0.0177087448537350
v -0.0192157961428165 -0.0510910786688328 0.0176032483577728
v -0.0192083641886711 -0.0510570555925369 0.0175818856805563
v -0.0197076909244061 -0.0511200018227100 0.0174123980104923
v -0.0200353972613811 -0.0511132776737213 0.0169959161430597
v -0.0191111136227846 -0.0511200018227100 0.0177084766328335
v -0.0194589961320162 -0.0511200018227100 0.0175744369626045
v -0.0192270558327436 -0.0511132441461086 0.0176356192678213
v -0.0188679099082947 -0.0511200018227100 0.0177513360977173
v -0.0199874285608530 -0.0510573908686638 0.0169654078781605
v -0.0200065393000841 -0.0510912388563156 0.0169775616377592
v -0.0196499768644571 -0.0510572455823421 0.0173394810408354
v -0.0196640249341726 -0.0510911718010902 0.0173572301864624
v -0.0195585004985332 -0.0511200018227100 0.0216705948114395
v -0.0199072062969208 -0.0510204136371613 0.0262735616415739
v -0.0199814513325691 -0.0510204583406448 0.0263800807297230
v -0.0199876539409161 -0.0510573945939541 0.0263761375099421
v -0.0193269010633230 -0.0510200671851635 0.0258140508085489
v -0.0196457803249359 -0.0510202571749687 0.0260076876729727
v -0.0196503065526485 -0.0510572493076324 0.0260019712150097
v -0.0199396200478077 -0.0511200018227100 0.0261536408215761
v -0.0197660345584154 -0.0511200018227100 0.0259771943092346
v -0.0196856185793877 -0.0511132664978504 0.0259573850780725
v -0.0187116507440805 -0.0510196983814240 0.0256825946271420
v -0.0192063879221678 -0.0510199964046478 0.0257662571966648
v -0.0187116507440805 -0.0510568469762802 0.0256754644215107
v -0.0192087609320879 -0.0510570593178272 0.0257594417780638
v -0.0187116507440805 -0.0510698482394218 0.0256691575050354
v -0.0192161984741688 -0.0510910823941231 0.0257380772382021
v -0.0187116507440805 -0.0511065609753132 0.0256324447691441
v -0.0192393660545349 -0.0511200018227100 0.0256715379655361
v -0.0187116507440805 -0.0511200018227100 0.0255822949111462
v -0.0194587949663401 -0.0511200018227100 0.0257666576653719
v -0.0196643620729446 -0.0510911755263805 0.0259842239320278
v -0.0200067721307278 -0.0510912425816059 0.0263639874756336
v -0.0200356394052505 -0.0511132813990116 0.0263456385582685
v -0.0202372409403324 -0.0511127226054668 0.0268276892602444
v -0.0202053543180227 -0.0510912723839283 0.0268352013081312
v -0.0201838910579681 -0.0510589107871056 0.0268402583897114
v -0.0201761256903410 -0.0510205738246441 0.0268420875072479
v -0.0185389276593924 -0.0510196983814240 0.0256825946271420
v -0.0185389276593924 -0.0510566197335720 0.0256755538284779
v -0.0185389276593924 -0.0510698482394218 0.0256691575050354
v -0.0185389276593924 -0.0510906241834164 0.0256532188504934
v -0.0185389276593924 -0.0511065609753132 0.0256324447691441
v -0.0185389276593924 -0.0511200018227100 0.0255822949111462
v -0.0518308728933334 -0.0511200018227100 0.0417305938899517
v -0.0521874204277992 -0.0511200018227100 0.0415541529655457
v -0.0556414835155010 -0.0511200018227100 0.0393883772194386
v -0.0572106540203094 -0.0511200018227100 0.0380730740725994
v -0.0586524754762650 -0.0511200018227100 0.0366192981600761
v -0.0611065663397312 -0.0511200018227100 0.0333464816212654
v -0.0620981119573116 -0.0511200018227100 0.0315550677478313
v -0.0629210546612740 -0.0511200018227100 0.0296802110970020
v -0.0640347898006439 -0.0511200018227100 0.0257440358400345
v -0.0643161907792091 -0.0511200018227100 0.0237159486860037
v -0.0644102543592453 -0.0511200018227100 0.0216705948114395
v -0.0599547773599625 -0.0511200018227100 0.0083018699660897
v -0.0586524754762650 -0.0511200018227100 0.0067218919284642
v -0.0640347898006439 -0.0511200018227100 0.0175971537828445
v -0.0635684356093407 -0.0511200018227100 0.0156034566462040
v -0.0629210546612740 -0.0511200018227100 0.0136609794571996
v -0.0611065663397312 -0.0511200018227100 0.0099947098642588
v -0.0556414835155010 -0.0511200018227100 0.0039528119377792
v -0.0539640858769417 -0.0511200018227100 0.0027907672338188
v -0.0521874204277992 -0.0511200018227100 0.0017870360752568
v 0.0134179508313537 -0.0112592838704586 0.0413673184812069
v 0.0133650666102767 -0.0110925436019897 0.0415931716561317
v 0.0133250495418906 -0.0111040584743023 0.0417179092764854
v 0.0138555271551013 -0.0111608766019344 0.0418673567473888
v 0.0145448399707675 -0.0111915431916714 0.0419356636703014
v 0.0154186254367232 -0.0111432000994682 0.0418246425688267
v 0.0157445538789034 -0.0110910944640636 0.0416581444442272
v 0.0157241728156805 -0.0110923200845718 0.0415923744440079
v 0.0157048646360636 -0.0111106075346470 0.0415243245661259
v 0.0145447654649615 -0.0111752785742283 0.0417216308414936
v 0.0145447468385100 -0.0112088955938816 0.0416473187506199
v 0.0139668313786387 -0.0111910924315453 0.0416004918515682
v 0.0139725720509887 -0.0112431496381760 0.0415401495993137
v 0.0145447356626391 -0.0112612321972847 0.0415847636759281
v 0.0139749823138118 -0.0113068148493767 0.0414965897798538
v 0.0145447319373488 -0.0113258436322212 0.0415398888289928
v 0.0145447319373488 -0.0113947577774525 0.0415144525468349
v 0.0133843449875712 -0.0111108124256134 0.0415250882506371
v 0.0134005574509501 -0.0111468508839607 0.0414609052240849
v 0.0128503767773509 -0.0110995210707188 0.0412281751632690
v 0.0128783015534282 -0.0112072192132473 0.0411511883139610
v 0.0145447915419936 -0.0111629180610180 0.0417993217706680
v 0.0156886223703623 -0.0111466534435749 0.0414601787924767
v 0.0156771261245012 -0.0111979059875011 0.0414061546325684
v 0.0156711917370558 -0.0112590715289116 0.0413666442036629
v 0.0156706180423498 -0.0113238021731377 0.0413431338965893
v -0.0486240647733212 -0.0113541372120380 0.0011228224029765
v -0.0486661680042744 -0.0115809291601181 0.0008491644402966
v -0.0514055006206036 -0.0115747340023518 0.0019241379341111
v -0.0487212762236595 -0.0120669826865196 0.0004883253714070
v -0.0484842136502266 -0.0110146366059780 0.0020191068761051
v -0.0485545396804810 -0.0111224539577961 0.0015708369901404
v -0.0510955862700939 -0.0111176371574402 0.0025836280547082
v -0.0623773261904716 -0.0111176371574402 0.0157842002809048
v -0.0484459437429905 -0.0109999999403954 0.0022609732113779
v -0.0560665801167488 -0.0111176371574402 0.0058457381092012
v -0.0548262447118759 -0.0109999999403954 0.0056899613700807
v -0.0599295049905777 -0.0111176371574402 0.0103656845167279
v -0.0595938898622990 -0.0109999999403954 0.0111089609563351
v -0.0620996803045273 -0.0109999999403954 0.0174600686877966
v -0.0630770474672318 -0.0115747340023518 0.0155808152630925
v -0.0639441534876823 -0.0115747340023518 0.0216705948114395
v -0.0602157972753048 -0.0109999999403954 0.0311276596039534
v -0.0623773261904716 -0.0111176371574402 0.0275569893419743
v -0.0599295049905777 -0.0111176371574402 0.0329755060374737
v -0.0560665801167488 -0.0111176371574402 0.0374954529106617
v -0.0557936392724514 -0.0109999999403954 0.0368320904672146
v -0.0510955862700939 -0.0111176371574402 0.0407575629651546
v -0.0500293672084808 -0.0109999999403954 0.0404911488294601
v -0.0514055006206036 -0.0115747340023518 0.0414170511066914
v -0.0486651249229908 -0.0115742161870003 0.0424852222204208
v -0.0485937334597111 -0.0112349987030029 0.0420223325490952
v -0.0487543083727360 -0.0127562545239925 0.0430706106126308
v -0.0487369149923325 -0.0122945979237556 0.0429558344185352
v -0.0516055002808571 -0.0122950002551079 0.0418426431715488
v -0.0487037934362888 -0.0118765942752361 0.0427380688488483
v -0.0486661605536938 -0.0115808844566345 0.0424919836223125
v -0.0641668215394020 -0.0129884965717793 0.0257685836404562
v -0.0636535808444023 -0.0129884965717793 0.0279279537498951
v -0.0635285973548889 -0.0122950002551079 0.0278916265815496
v -0.0610514953732491 -0.0129884965717793 0.0336879491806030
v -0.0609416216611862 -0.0122950002551079 0.0336181819438934
v -0.0569451227784157 -0.0129884965717793 0.0384927466511726
v -0.0568590909242630 -0.0122950002551079 0.0383950844407082
v -0.0557229295372963 -0.0129884965717793 0.0394951477646828
v -0.0516608580946922 -0.0129884965717793 0.0419604368507862
v -0.0487566553056240 -0.0129884965717793 0.0430861413478851
v -0.0645445436239243 -0.0129884965717793 0.0216705948114395
v -0.0644143894314766 -0.0122950002551079 0.0216705948114395
v -0.0641668215394020 -0.0129884965717793 0.0175726078450680
v -0.0635285973548889 -0.0122950002551079 0.0154495639726520
v -0.0636535808444023 -0.0129884965717793 0.0154132358729839
v -0.0609416216611862 -0.0122950002551079 0.0097230095416307
v -0.0610514953732491 -0.0129884965717793 0.0096532413735986
v -0.0568590909242630 -0.0122950002551079 0.0049461065791547
v -0.0569451227784157 -0.0129884965717793 0.0048484443686903
v -0.0487566553056240 -0.0129884965717793 0.0002550495555624
v -0.0516055002808571 -0.0122950002551079 0.0014985477318987
v -0.0516608580946922 -0.0129884965717793 0.0013807540526614
v -0.0557229295372963 -0.0129884965717793 0.0038460413925350
v -0.0630770474672318 -0.0115747340023518 0.0277603752911091
v -0.0605446510016918 -0.0115747340023518 0.0333661101758480
v -0.0565482527017593 -0.0115747340023518 0.0380422286689281
v -0.0484459437429905 -0.0109999999403954 0.0410802178084850
v -0.0565482527017593 -0.0115747340023518 0.0052989604882896
v -0.0605446510016918 -0.0115747340023518 0.0099750794470310
v -0.0186972636729479 -0.0494148992002010 0.0256825946271420
v -0.0185529328882694 -0.0494148992002010 0.0256825946271420
v -0.0186972636729479 -0.0493034645915031 0.0257039908319712
v -0.0185529328882694 -0.0493041388690472 0.0257037226110697
v -0.0186972636729479 -0.0492644496262074 0.0257229078561068
v -0.0185529328882694 -0.0492644496262074 0.0257229078561068
v -0.0186972636729479 -0.0492010638117790 0.0257718004286289
v -0.0185529328882694 -0.0492021329700947 0.0257707275450230
v -0.0186972636729479 -0.0491543114185333 0.0258330460637808
v -0.0185529328882694 -0.0491543114185333 0.0258330460637808
v -0.0186972636729479 -0.0491140000522137 0.0259834956377745
v -0.0185529328882694 -0.0491140000522137 0.0259834956377745
v -0.0193125046789646 -0.0494137965142727 0.0258140470832586
v -0.0191916450858116 -0.0494140125811100 0.0257661379873753
v -0.0191845316439867 -0.0493028238415718 0.0257865861058235
v -0.0191284455358982 -0.0491342656314373 0.0259477999061346
v -0.0191290304064751 -0.0491140000522137 0.0260635837912560
v -0.0196024719625711 -0.0491140000522137 0.0263935923576355
v -0.0191622320562601 -0.0492007546126842 0.0258506834506989
v -0.0195116475224495 -0.0491342023015022 0.0261584222316742
v -0.0195753946900368 -0.0492004789412022 0.0260778944939375
v -0.0196175482124090 -0.0493022538721561 0.0260246451944113
v -0.0196311268955469 -0.0494132265448570 0.0260074939578772
v -0.0199482925236225 -0.0493018217384815 0.0263916905969381
v -0.0199668966233730 -0.0494126230478287 0.0263798609375954
v -0.0198927894234657 -0.0494127571582794 0.0262735672295094
v -0.0198043584823608 -0.0491341575980186 0.0264832098037004
v -0.0198909491300583 -0.0492002703249454 0.0264281518757343
v -0.0201617535203695 -0.0494122728705406 0.0268422886729240
v -0.0201427470892668 -0.0493082441389561 0.0268467646092176
v -0.0200740788131952 -0.0492001995444298 0.0268629323691130
v -0.0199676752090454 -0.0491316355764866 0.0268879868090153
v -0.0198688749223948 -0.0491140000522137 0.0269112512469292
v -0.0237136855721474 -0.0511127226054668 0.0345818325877190
v -0.0275392178446054 -0.0511127226054668 0.0387860611081123
v -0.0298123881220818 -0.0510821677744389 0.0405367687344551
v -0.0298346783965826 -0.0510961413383484 0.0405351445078850
v -0.0322967059910297 -0.0511127226054668 0.0418967753648758
v -0.0310497097671032 -0.0511196218430996 0.0412086471915245
v -0.0229604430496693 -0.0511198565363884 0.0333731062710285
v -0.0221890732645988 -0.0510965436697006 0.0321322083473206
v -0.0221850201487541 -0.0510825216770172 0.0321540124714375
v -0.0210645236074924 -0.0511127226054668 0.0295526999980211
v -0.0349116772413254 -0.0510205738246441 0.0430363379418850
v -0.0349142290651798 -0.0510589107871056 0.0430287756025791
v -0.0297892857342958 -0.0510589107871056 0.0405382141470909
v -0.0349212810397148 -0.0510912723839283 0.0430078841745853
v -0.0349317640066147 -0.0511127226054668 0.0429768450558186
v -0.0254525430500507 -0.0510589107871056 0.0368421934545040
v -0.0231067035347223 -0.0510205738246441 0.0337870158255100
v -0.0254466403275728 -0.0510205738246441 0.0368475615978241
v -0.0282727796584368 -0.0510205738246441 0.0394646860659122
v -0.0297849196940660 -0.0510205738246441 0.0405448935925961
v -0.0221740119159222 -0.0510205738246441 0.0321805700659752
v -0.0221810713410378 -0.0510589107871056 0.0321768485009670
v -0.0254688505083323 -0.0510912723839283 0.0368273518979549
v -0.0254517290741205 -0.0510985627770424 0.0367961712181568
v -0.0349437631666660 -0.0511200018227100 0.0429413095116615
v 0.0178178977221251 -0.0108445622026920 0.0294635482132435
v 0.0180767718702555 -0.0109917260706425 0.0296944007277489
v 0.0179011244326830 -0.0109277628362179 0.0294160377234221
v 0.0179758835583925 -0.0109395310282707 0.0296944007277489
v 0.0178874526172876 -0.0108639635145664 0.0296944007277489
v 0.0181852448731661 -0.0110196545720100 0.0296944007277489
v 0.0181336384266615 -0.0110130347311497 0.0293769836425781
v 0.0178173985332251 -0.0108443684875965 0.0226534195244312
v 0.0179005395621061 -0.0109276920557022 0.0227007362991571
v 0.0179549735039473 -0.0109355375170708 0.0225683301687241
v 0.0181852448731661 -0.0110196545720100 0.0224230401217937
v 0.0179747436195612 -0.0109387636184692 0.0224230401217937
v 0.0181064065545797 -0.0110098272562027 0.0228129252791405
v 0.0180001761764288 -0.0109841600060463 0.0227557029575109
v 0.0181852448731661 -0.0110196545720100 0.0209181495010853
v 0.0180767718702555 -0.0109917260706425 0.0209181495010853
v 0.0178874526172876 -0.0108639635145664 0.0209181495010853
v 0.0179747436195612 -0.0109387636184692 0.0209181495010853
v 0.0178178977221251 -0.0108445622026920 0.0206872988492250
v 0.0179011244326830 -0.0109277628362179 0.0206397864967585
v 0.0181336384266615 -0.0110130347311497 0.0206007324159145
v 0.0178173985332251 -0.0108443684875965 0.0138771692290902
v 0.0180001761764288 -0.0109841600060463 0.0139794526621699
v 0.0179005395621061 -0.0109276920557022 0.0139244860038161
v 0.0181852448731661 -0.0110196545720100 0.0136467907577753
v 0.0179758835583925 -0.0109395310282707 0.0136467907577753
v 0.0181064065545797 -0.0110098272562027 0.0140366740524769
v 0.0179549735039473 -0.0109355375170708 0.0137920798733830
v 0.0181852634996176 -0.0110196582973003 0.0121376086026430
v 0.0178893301635981 -0.0108656361699104 0.0121402973309159
v 0.0179867278784513 -0.0109461098909378 0.0121388928964734
v 0.0176344644278288 -0.0109999999403954 0.0116902505978942
v 0.0177287887781858 -0.0109999999403954 0.0117328809574246
v 0.0178419072180986 -0.0109999999403954 0.0118026416748762
v 0.0178656745702028 -0.0108862668275833 0.0119656678289175
v 0.0179051291197538 -0.0109999999403954 0.0118516115471721
v 0.0179579723626375 -0.0109647028148174 0.0119645074009895
v 0.0180509854108095 -0.0110053122043610 0.0119896028190851
v 0.0183393564075232 -0.0113947577774525 0.0056213620118797
v 0.0184180755168200 -0.0110925436019897 0.0068010292015970
v 0.0185428131371737 -0.0111040584743023 0.0068410453386605
v 0.0186922606080770 -0.0111608766019344 0.0063105677254498
v 0.0187605675309896 -0.0111915431916714 0.0056212558411062
v 0.0186495464295149 -0.0111432000994682 0.0047474703751504
v 0.0184830483049154 -0.0110910944640636 0.0044215410016477
v 0.0184172783046961 -0.0110923200845718 0.0044419220648706
v 0.0185465347021818 -0.0111752785742283 0.0056213284842670
v 0.0184722226113081 -0.0112088955938816 0.0056213489733636
v 0.0184253957122564 -0.0111910924315453 0.0061992625705898
v 0.0183650534600019 -0.0112431496381760 0.0061935256235301
v 0.0184096675366163 -0.0112612321972847 0.0056213601492345
v 0.0183214936405420 -0.0113068148493767 0.0061911116354167
v 0.0183647926896811 -0.0113258436322212 0.0056213657371700
v 0.0183499921113253 -0.0111108124256134 0.0067817489616573
v 0.0182858090847731 -0.0111468508839607 0.0067655374296010
v 0.0180530790239573 -0.0110995210707188 0.0073157208971679
v 0.0181922223418951 -0.0112592838704586 0.0067481449805200
v 0.0179760921746492 -0.0112072192132473 0.0072877933271229
v 0.0186242256313562 -0.0111629180610180 0.0056213061325252
v 0.0181680377572775 -0.0113238021731377 0.0044954749755561
v 0.0181915480643511 -0.0112590715289116 0.0044949012808502
v 0.0182310584932566 -0.0111979059875011 0.0044889668934047
v 0.0182850863784552 -0.0111466534435749 0.0044774706475437
v 0.0183492321521044 -0.0111106075346470 0.0044612321071327
v 0.0179051216691732 -0.0109999999403954 0.0026135961525142
v 0.0178700890392065 -0.0109999999403954 0.0024602743797004
v 0.0177604090422392 -0.0109999999403954 0.0023286356590688
v 0.0175525005906820 -0.0109999999403954 0.0022609732113779
v 0.0176020506769419 -0.0109999999403954 0.0022644172422588
v 0.0175525005906820 -0.0109999999403954 0.0410802178084850
v 0.0177058186382055 -0.0109999999403954 0.0410451851785183
v 0.0178374592214823 -0.0109999999403954 0.0409355051815510
v 0.0179051216691732 -0.0109999999403954 0.0407275967299938
v 0.0179016757756472 -0.0109999999403954 0.0407771468162537
v 0.0185428131371737 -0.0111040584743023 0.0389370433986187
v 0.0186922606080770 -0.0111608766019344 0.0384065657854080
v 0.0187605675309896 -0.0111915431916714 0.0377172566950321
v 0.0185465347021818 -0.0111752785742283 0.0377173274755478
v 0.0184722226113081 -0.0112088955938816 0.0377173461019993
v 0.0184253957122564 -0.0111910924315453 0.0382952615618706
v 0.0184180755168200 -0.0110925436019897 0.0388970300555229
v 0.0183650534600019 -0.0112431496381760 0.0382895246148109
v 0.0184096675366163 -0.0112612321972847 0.0377173610031605
v 0.0183214936405420 -0.0113068148493767 0.0382871106266975
v 0.0183647926896811 -0.0113258436322212 0.0377173647284508
v 0.0183393564075232 -0.0113947577774525 0.0377173610031605
v 0.0183499921113253 -0.0111108124256134 0.0388777479529381
v 0.0182858090847731 -0.0111468508839607 0.0388615354895592
v 0.0180530790239573 -0.0110995210707188 0.0394117198884487
v 0.0181922223418951 -0.0112592838704586 0.0388441458344460
v 0.0179760921746492 -0.0112072192132473 0.0393837913870811
v 0.0186242256313562 -0.0111629180610180 0.0377173051238060
v 0.0181680377572775 -0.0113238021731377 0.0365914739668369
v 0.0186495464295149 -0.0111432000994682 0.0368434712290764
v 0.0184830483049154 -0.0110910944640636 0.0365175418555737
v 0.0184172783046961 -0.0110923200845718 0.0365379229187965
v 0.0183492321521044 -0.0111106075346470 0.0365572310984135
v 0.0182850863784552 -0.0111466534435749 0.0365734696388245
v 0.0182310584932566 -0.0111979059875011 0.0365849658846855
v 0.0181915480643511 -0.0112590715289116 0.0365909002721310
v 0.0179051291197538 -0.0109999999403954 0.0314895808696747
v 0.0178426112979650 -0.0109999999403954 0.0315380431711674
v 0.0176911149173975 -0.0109999999403954 0.0316269621253014
v 0.0179633144289255 -0.0109303072094917 0.0312020219862461
v 0.0180509854108095 -0.0110053122043610 0.0313515886664391
v 0.0180770661681890 -0.0109915882349014 0.0312030911445618
v 0.0181852634996176 -0.0110196582973003 0.0312035810202360
v 0.0179579723626375 -0.0109647028148174 0.0313766822218895
v 0.0178656745702028 -0.0108862668275833 0.0313755236566067
v 0.0175525005906820 -0.0111226290464401 0.0015703601529822
v 0.0175525005906820 -0.0110126733779907 0.0020358334295452
v 0.0177736002951860 -0.0110126733779907 0.0020798123441637
v 0.0181302633136511 -0.0110126733779907 0.0026135961525142
v 0.0180862825363874 -0.0110126733779907 0.0023924945853651
v 0.0179610382765532 -0.0110126733779907 0.0022050547413528
v 0.0184550751000643 -0.0129884965717793 0.0004345843335614
v 0.0175525005906820 -0.0129884965717793 0.0002550495555624
v 0.0175525005906820 -0.0120354667305946 0.0005053834756836
v 0.0183592755347490 -0.0120354667305946 0.0006658615311608
v 0.0187317710369825 -0.0129884965717793 0.0005710361292586
v 0.0190432313829660 -0.0120354667305946 0.0011228633811697
v 0.0192202422767878 -0.0129884965717793 0.0009458524873480
v 0.0195002350956202 -0.0120354667305946 0.0018068173667416
v 0.0196607131510973 -0.0120354667305946 0.0026135961525142
v 0.0197823923081160 -0.0122989788651466 0.0026135961525142
v 0.0195950586348772 -0.0129884965717793 0.0014343218645081
v 0.0197315122932196 -0.0129884965717793 0.0017110196640715
v 0.0199110452085733 -0.0129884965717793 0.0026135961525142
v 0.0181104559451342 -0.0113320350646973 0.0012665720423684
v 0.0185834672302008 -0.0113320350646973 0.0015826275339350
v 0.0185957346111536 -0.0111226290464401 0.0026135961525142
v 0.0190105084329844 -0.0113320350646973 0.0026135961525142
v 0.0188995245844126 -0.0113320350646973 0.0020556407980621
v 0.0193173754960299 -0.0115813687443733 0.0026135961525142
v 0.0175525005906820 -0.0115813687443733 0.0008487192681059
v 0.0175525005906820 -0.0113320350646973 0.0011555881937966
v -0.0487363114953041 -0.0511200018227100 0.0003893388202414
v -0.0350079350173473 -0.0511200018227100 0.0003893388202414
v -0.0349094010889530 -0.0494122728705406 0.0002908086171374
v -0.0303514674305916 -0.0494122728705406 0.0024213115684688
v -0.0282641574740410 -0.0494122728705406 0.0038654315285385
v -0.0254823174327612 -0.0494122728705406 0.0064337193034589
v -0.0230948645621538 -0.0494122728705406 0.0095466328784823
v -0.0219143964350224 -0.0494122728705406 0.0116373691707850
v -0.0350079350173473 -0.0510205738246441 0.0002890409668908
v -0.0350079350173473 -0.0510572679340839 0.0002963406732306
v -0.0350079350173473 -0.0510703548789024 0.0003027686616406
v -0.0350079350173473 -0.0511130467057228 0.0003526409855112
v -0.0350079350173473 -0.0511067062616348 0.0003394404193386
v -0.0350079350173473 -0.0510909557342529 0.0003187482943758
v -0.0348524190485477 -0.0493371523916721 0.0002993767848238
v -0.0347227528691292 -0.0492783747613430 0.0003201415529475
v -0.0303424745798111 -0.0493133254349232 0.0024061198346317
v -0.0345742441713810 -0.0492362529039383 0.0003445608308539
v -0.0343871749937534 -0.0491978786885738 0.0003760693361983
v -0.0303044673055410 -0.0492001995444298 0.0023444737307727
v -0.0216448847204447 -0.0491140000522137 0.0115035818889737
v -0.0252603907138109 -0.0491140000522137 0.0062305503524840
v -0.0228716935962439 -0.0491140000522137 0.0093371067196131
v -0.0218986012041569 -0.0493136271834373 0.0116297341883183
v -0.0218337178230286 -0.0492001995444298 0.0115973195061088
v -0.0280140899121761 -0.0491140000522137 0.0036789844743907
v -0.0301944762468338 -0.0491140000522137 0.0021646558307111
v -0.0341871567070484 -0.0491679310798645 0.0004105971893296
v -0.0338097326457500 -0.0491306707262993 0.0004780044546351
v -0.0337527170777321 -0.0491269715130329 0.0004884352674708
v -0.0330257862806320 -0.0491140000522137 0.0006937118014321
v -0.0333147533237934 -0.0491140000522137 0.0005706896772608
v -0.0349090285599232 -0.0494060926139355 0.0002908123424277
v -0.0348988957703114 -0.0493796318769455 0.0002922111889347
v -0.0254734326153994 -0.0493305586278439 0.0064255786128342
v -0.0173492860049009 -0.0491140000522137 0.0026135961525142
v -0.0173492860049009 -0.0491140000522137 0.0161540955305099
v -0.0164667703211308 -0.0491140000522137 0.0005706896772608
v -0.0164758935570717 -0.0491140000522137 0.0005793174495921
v -0.0171534158289433 -0.0491140000522137 0.0015836538514122
v -0.0180923175066710 -0.0491140000522137 0.0172660760581493
v -0.0174409076571465 -0.0491140000522137 0.0166146922856569
v -0.0177018251270056 -0.0491140000522137 0.0170051697641611
v -0.0170895792543888 -0.0492629371583462 0.0161540955305099
v -0.0170702748000622 -0.0493022352457047 0.0161540955305099
v -0.0171830821782351 -0.0493023805320263 0.0167214926332235
v -0.0171995945274830 -0.0491538755595684 0.0161540955305099
v -0.0171374473720789 -0.0492012053728104 0.0161540955305099
v -0.0172451306134462 -0.0492012761533260 0.0166957899928093
v -0.0180500112473965 -0.0491350442171097 0.0173682160675526
v -0.0179853662848473 -0.0493034124374390 0.0175242871046066
v -0.0173390377312899 -0.0491349324584007 0.0166568905115128
v -0.0176237765699625 -0.0491349771618843 0.0170832220464945
v -0.0175518430769444 -0.0492014773190022 0.0171551574021578
v -0.0180110316723585 -0.0492017753422260 0.0174623224884272
v -0.0175043791532516 -0.0493027940392494 0.0172026231884956
v -0.0179771725088358 -0.0494138933718204 0.0175440721213818
v -0.0174890663474798 -0.0494130440056324 0.0172179378569126
v -0.0171629227697849 -0.0494124740362167 0.0167298428714275
v -0.0170483980327845 -0.0494122728705406 0.0161540955305099
v -0.0171421710401773 -0.0510572046041489 0.0167326256632805
v -0.0171259939670563 -0.0510863512754440 0.0167407970875502
v -0.0174541138112545 -0.0510908402502537 0.0172388646751642
v -0.0179518684744835 -0.0510907396674156 0.0175713226199150
v -0.0179604236036539 -0.0510568618774414 0.0175506677478552
v -0.0174699351191521 -0.0510570704936981 0.0172230415046215
v -0.0173285715281963 -0.0511199794709682 0.0172048155218363
v -0.0174301359802485 -0.0511130094528198 0.0172628425061703
v -0.0172735285013914 -0.0511169880628586 0.0171008314937353
v -0.0172297265380621 -0.0511114411056042 0.0170100890100002
v -0.0173317808657885 -0.0511200018227100 0.0172115731984377
v -0.0174041185528040 -0.0511200018227100 0.0172888599336147
v -0.0179247725754976 -0.0511200018227100 0.0176367368549109
v -0.0171271804720163 -0.0510867312550545 0.0167445279657841
v -0.0171730741858482 -0.0510999821126461 0.0168755240738392
v -0.0172240585088730 -0.0511105172336102 0.0169976092875004
v -0.0170562360435724 -0.0510545037686825 0.0164436418563128
v -0.0170586928725243 -0.0510563179850578 0.0164593979716301
v -0.0171226263046265 -0.0510852634906769 0.0167300980538130
v -0.0179388746619225 -0.0511129833757877 0.0176026914268732
v -0.0171488896012306 -0.0510205104947090 0.0167298428714275
v -0.0174750387668610 -0.0510203205049038 0.0172179378569126
v -0.0179631542414427 -0.0510200336575508 0.0175440721213818
v -0.0170343630015850 -0.0510205738246441 0.0161540955305099
v -0.0179212819784880 -0.0511200018227100 0.0257059037685394
v -0.0173987839370966 -0.0511200018227100 0.0260576903820038
v -0.0173317752778530 -0.0511200018227100 0.0261296126991510
v -0.0170343630015850 -0.0510205738246441 0.0271870959550142
v -0.0171448551118374 -0.0510205104947090 0.0266211871057749
v -0.0170588437467813 -0.0510547757148743 0.0268839970231056
v -0.0171381160616875 -0.0510572083294392 0.0266184508800507
v -0.0170591920614243 -0.0510550290346146 0.0268818326294422
v -0.0171224046498537 -0.0510854236781597 0.0266112778335810
v -0.0174490120261908 -0.0510908439755440 0.0261074490845203
v -0.0171307399868965 -0.0510881990194321 0.0265848077833652
v -0.0171269476413727 -0.0510869547724724 0.0265967044979334
v -0.0174249224364758 -0.0511130094528198 0.0260835848748684
v -0.0172240342944860 -0.0511105097830296 0.0263436548411846
v -0.0172166284173727 -0.0511092394590378 0.0263602230697870
v -0.0174649078398943 -0.0510570704936981 0.0261231977492571
v -0.0174700375646353 -0.0510203205049038 0.0261282790452242
v -0.0179598815739155 -0.0510200373828411 0.0257984790951014
v -0.0179354641586542 -0.0511129833757877 0.0257399175316095
v -0.0179485306143761 -0.0510907433927059 0.0257712546736002
v -0.0179571341723204 -0.0510568656027317 0.0257918909192085
v -0.0179853662848473 -0.0493034124374390 0.0258169025182724
v -0.0180110316723585 -0.0492017753422260 0.0258788689970970
v -0.0171374473720789 -0.0492012053728104 0.0271870959550142
v -0.0171995945274830 -0.0491538755595684 0.0271870959550142
v -0.0173390377312899 -0.0491349324584007 0.0266842991113663
v -0.0180500112473965 -0.0491350442171097 0.0259729735553265
v -0.0180923175066710 -0.0491140000522137 0.0260751135647297
v -0.0176237765699625 -0.0491349771618843 0.0262579694390297
v -0.0177018251270056 -0.0491140000522137 0.0263360217213631
v -0.0174409076571465 -0.0491140000522137 0.0267264973372221
v -0.0173492860049009 -0.0491140000522137 0.0271870959550142
v -0.0175518430769444 -0.0492014773190022 0.0261860340833664
v -0.0172451306134462 -0.0492012761533260 0.0266454014927149
v -0.0170895792543888 -0.0492629371583462 0.0271870959550142
v -0.0175043791532516 -0.0493027940392494 0.0261385682970285
v -0.0171830821782351 -0.0493023805320263 0.0266196988523006
v -0.0170702748000622 -0.0493022352457047 0.0271870959550142
v -0.0170483980327845 -0.0494122728705406 0.0271870959550142
v -0.0171414017677307 -0.0494124367833138 0.0266663637012243
v -0.0171629227697849 -0.0494124740362167 0.0266113486140966
v -0.0174890663474798 -0.0494130440056324 0.0261232536286116
v -0.0179771725088358 -0.0494138933718204 0.0257971193641424
v -0.0487363114953041 -0.0511200018227100 0.0429518520832062
v -0.0350079350173473 -0.0511200018227100 0.0429518520832062
v -0.0487514175474644 -0.0510308146476746 0.0430515334010124
v -0.0487515106797218 -0.0510205738246441 0.0430521480739117
v -0.0522327050566673 -0.0510205738246441 0.0416436456143856
v -0.0522099509835243 -0.0511067062616348 0.0017425151308998
v -0.0487436689436436 -0.0511074885725975 0.0003408299526200
v -0.0522265061736107 -0.0510703548789024 0.0017097940435633
v -0.0487494319677353 -0.0510703623294830 0.0003027723869309
v -0.0487490035593510 -0.0510749034583569 0.0003055961569771
v -0.0522327050566673 -0.0510205738246441 0.0016975452890620
v -0.0487515106797218 -0.0510205738246441 0.0002890409668908
v -0.0487514175474644 -0.0510308146476746 0.0002896556397900
v -0.0487490035593510 -0.0510749034583569 0.0430355966091156
v -0.0487494319677353 -0.0510703623294830 0.0430384166538715
v -0.0522265061736107 -0.0510703548789024 0.0416313968598843
v -0.0522099509835243 -0.0511067062616348 0.0415986776351929
v -0.0487436689436436 -0.0511074885725975 0.0430003590881824
v -0.0556717440485954 -0.0511067062616348 0.0039131394587457
v -0.0586894787847996 -0.0511067062616348 0.0066884201951325
v -0.0611490644514561 -0.0511067062616348 0.0099685667082667
v -0.0629676133394241 -0.0511067062616348 0.0136430449783802
v -0.0640838518738747 -0.0511067062616348 0.0175880342721939
v -0.0644601508975029 -0.0511067062616348 0.0216705948114395
v -0.0640838518738747 -0.0511067062616348 0.0257531572133303
v -0.0629676133394241 -0.0511067062616348 0.0296981465071440
v -0.0611490644514561 -0.0511067062616348 0.0333726257085800
v -0.0586894787847996 -0.0511067062616348 0.0366527698934078
v -0.0556717440485954 -0.0511067062616348 0.0394280515611172
v -0.0556939877569675 -0.0510703548789024 0.0394572094082832
v -0.0587166771292686 -0.0510703548789024 0.0366773717105389
v -0.0611803010106087 -0.0510703548789024 0.0333918370306492
v -0.0630018338561058 -0.0510703548789024 0.0297113265842199
v -0.0641199052333832 -0.0510703548789024 0.0257598608732224
v -0.0644968301057816 -0.0510703548789024 0.0216705948114395
v -0.0641199052333832 -0.0510703548789024 0.0175813306123018
v -0.0630018338561058 -0.0510703548789024 0.0136298639699817
v -0.0611803010106087 -0.0510703548789024 0.0099493525922298
v -0.0587166771292686 -0.0510703548789024 0.0066638202406466
v -0.0556939877569675 -0.0510703548789024 0.0038839816115797
v -0.0557023137807846 -0.0510205738246441 0.0394681207835674
v -0.0587268583476543 -0.0510205738246441 0.0366865806281567
v -0.0611919909715652 -0.0510205738246441 0.0333990305662155
v -0.0630146488547325 -0.0510205738246441 0.0297162607312202
v -0.0641333982348442 -0.0510205738246441 0.0257623698562384
v -0.0645105540752411 -0.0510205738246441 0.0216705948114395
v -0.0641333982348442 -0.0510205738246441 0.0175788216292858
v -0.0630146488547325 -0.0510205738246441 0.0136249298229814
v -0.0611919909715652 -0.0510205738246441 0.0099421599879861
v -0.0587268583476543 -0.0510205738246441 0.0066546122543514
v -0.0557023137807846 -0.0510205738246441 0.0038730683736503
v 0.0175525005906820 -0.0129884965717793 0.0430861413478851
v 0.0175525005906820 -0.0120354667305946 0.0428358092904091
v 0.0175525005906820 -0.0115813687443733 0.0424924716353416
v 0.0175525005906820 -0.0113320350646973 0.0421856045722961
v 0.0175525005906820 -0.0110126733779907 0.0413053594529629
v 0.0175525005906820 -0.0111226290464401 0.0417708307504654
v -0.0558132715523243 -0.0300569999963045 0.0037276106886566
v -0.0487791486084461 -0.0300569999963045 0.0432350933551788
v -0.0558132715523243 -0.0300569999963045 0.0396135784685612
v -0.0487791486084461 -0.0300569999963045 0.0001060956856236
v -0.0613478161394596 -0.0300569999963045 0.0098463045433164
v -0.0643132627010345 -0.0300569999963045 0.0175453796982765
v -0.0643132627010345 -0.0300569999963045 0.0257958117872477
v -0.0613478161394596 -0.0300569999963045 0.0334948860108852
v -0.0301944594830275 -0.0491140000522137 0.0411765612661839
v -0.0171534158289433 -0.0491140000522137 0.0417575351893902
v -0.0333147533237934 -0.0491140000522137 0.0427705012261868
v -0.0164758935570717 -0.0491140000522137 0.0427618734538555
v -0.0164667703211308 -0.0491140000522137 0.0427705012261868
v -0.0268087312579155 -0.0491140000522137 0.0386477746069431
v -0.0252603963017464 -0.0491140000522137 0.0371106378734112
v -0.0173492860049009 -0.0491140000522137 0.0407275967299938
v -0.0220681205391884 -0.0491140000522137 0.0326490066945553
v -0.0199429653584957 -0.0491140000522137 0.0272164493799210
v -0.0217358041554689 -0.0491316355764866 0.0317924767732620
v -0.0303452033549547 -0.0493287481367588 0.0409308001399040
v -0.0303514674305916 -0.0494122728705406 0.0409198813140392
v -0.0282641574740410 -0.0494122728705406 0.0394757613539696
v -0.0219143964350224 -0.0494122728705406 0.0317038223147392
v -0.0218986179679632 -0.0493136830627918 0.0317114442586899
v -0.0230948645621538 -0.0494122728705406 0.0337945595383644
v -0.0254695490002632 -0.0493142977356911 0.0369191505014896
v -0.0254823174327612 -0.0494122728705406 0.0369074717164040
v -0.0349035263061523 -0.0493878684937954 0.0430496558547020
v -0.0349094010889530 -0.0494122728705406 0.0430503822863102
v -0.0348738953471184 -0.0493527688086033 0.0430451668798923
v -0.0346854850649834 -0.0492663420736790 0.0430149734020233
v -0.0343977101147175 -0.0491997376084328 0.0429669171571732
v -0.0346123203635216 -0.0492457821965218 0.0430029444396496
v -0.0338069573044777 -0.0491304695606232 0.0428626798093319
v -0.0341886989772320 -0.0491681322455406 0.0429308637976646
v -0.0343832820653915 -0.0491972155869007 0.0429644584655762
v -0.0335986800491810 -0.0491193607449532 0.0428242534399033
v -0.0337529554963112 -0.0491269789636135 0.0428528003394604
v -0.0275079887360334 -0.0491392277181149 0.0390963517129421
v -0.0273601077497005 -0.0491422340273857 0.0389624759554863
v -0.0276570376008749 -0.0491363853216171 0.0392290167510509
v -0.0275823678821325 -0.0491377860307693 0.0391628369688988
v -0.0264977104961872 -0.0491635724902153 0.0381345413625240
v -0.0270678773522377 -0.0491487272083759 0.0386911481618881
v -0.0218337178230286 -0.0492001995444298 0.0317438729107380
v -0.0254158824682236 -0.0492001995444298 0.0369682908058167
v -0.0275265555828810 -0.0491388626396656 0.0391130000352859
v -0.0275451410561800 -0.0491385012865067 0.0391296297311783
v -0.0350079350173473 -0.0510205738246441 0.0430521480739117
v -0.0350079350173473 -0.0510572679340839 0.0430448502302170
v -0.0350079350173473 -0.0510703548789024 0.0430384203791618
v -0.0350079350173473 -0.0510909557342529 0.0430224426090717
v -0.0350079350173473 -0.0511067062616348 0.0430017486214638
v 0.0185957346111536 -0.0111226290464401 0.0407275967299938
v 0.0181302633136511 -0.0110126733779907 0.0407275967299938
v 0.0180862825363874 -0.0110126733779907 0.0409486964344978
v 0.0183592755347490 -0.0120354667305946 0.0426753312349319
v 0.0177736002951860 -0.0110126733779907 0.0412613786756992
v 0.0179610382765532 -0.0110126733779907 0.0411361344158649
v 0.0199110452085733 -0.0129884965717793 0.0407275967299938
v 0.0197823923081160 -0.0122989788651466 0.0407275967299938
v 0.0197315122932196 -0.0129884965717793 0.0416301712393761
v 0.0195002350956202 -0.0120354667305946 0.0415343716740608
v 0.0195950586348772 -0.0129884965717793 0.0419068671762943
v 0.0190432313829660 -0.0120354667305946 0.0422183275222778
v 0.0184550751000643 -0.0129884965717793 0.0429066084325314
v 0.0187317710369825 -0.0129884965717793 0.0427701547741890
v 0.0192202422767878 -0.0129884965717793 0.0423953384160995
v 0.0188995245844126 -0.0113320350646973 0.0412855520844460
v 0.0185834672302008 -0.0113320350646973 0.0417585633695126
v 0.0181104559451342 -0.0113320350646973 0.0420746169984341
v 0.0196607131510973 -0.0120354667305946 0.0407275967299938
v 0.0193173754960299 -0.0115813687443733 0.0407275967299938
v 0.0190105084329844 -0.0113320350646973 0.0407275967299938
v 0.0200600009411573 -0.0300569999963045 0.0026135961525142
v 0.0197240579873323 -0.0300569999963045 0.0013598458608612
v 0.0188062507659197 -0.0300569999963045 0.0004420367768034
v 0.0175525005906820 -0.0300569999963045 0.0001060956856236
v -0.0349571853876114 -0.0494123101234436 0.0002789323916659
v -0.0350056290626526 -0.0494122728705406 0.0002750059356913
v -0.0346679873764515 -0.0490662753582001 0.0002719865879044
v -0.0342471562325954 -0.0489235557615757 0.0002707404782996
v -0.0342302359640598 -0.0489931516349316 0.0002800164511427
v -0.0349612496793270 -0.0492824241518974 0.0002738734474406
v -0.0348476283252239 -0.0492605119943619 0.0002819685032591
v -0.0350037105381489 -0.0493859685957432 0.0002747768303379
v -0.0341984778642654 -0.0491222068667412 0.0003533208509907
v -0.0346309728920460 -0.0492085553705692 0.0003102229675278
v -0.0347921177744865 -0.0491329357028008 0.0002725677331910
v -0.0346516147255898 -0.0491670407354832 0.0002892793854699
v -0.0342132598161697 -0.0490622334182262 0.0003081423928961
v -0.0333147533237934 -0.0488157272338867 0.0002697998424992
v -0.0333147533237934 -0.0489650629460812 0.0003109810641035
v -0.0337649248540401 -0.0490194186568260 0.0003307549050078
v -0.0333147533237934 -0.0490256622433662 0.0003577148308977
v -0.0337606780230999 -0.0490566305816174 0.0003642359515652
v -0.0333147533237934 -0.0490741245448589 0.0004209981998429
v -0.0337545163929462 -0.0491109341382980 0.0004449443658814
v -0.0337571762502193 -0.0490874201059341 0.0004029100527987
v -0.0333147533237934 -0.0491089560091496 0.0005158329149708
v -0.0164667703211308 -0.0488157272338867 0.0002697998424992
v -0.0164667703211308 -0.0489650629460812 0.0003109810641035
v -0.0164667703211308 -0.0490267947316170 0.0003588510444388
v -0.0164667703211308 -0.0490741245448589 0.0004209981998429
v -0.0164667703211308 -0.0490930862724781 0.0004604657879099
v -0.0156398061662912 -0.0492427498102188 0.0003087049117312
v -0.0156661663204432 -0.0492737330496311 0.0003351097693667
v -0.0158461462706327 -0.0492108203470707 0.0003813368966803
v -0.0161614418029785 -0.0489442311227322 0.0002854106714949
v -0.0158593468368053 -0.0490268021821976 0.0002803126117215
v -0.0158885437995195 -0.0490896925330162 0.0003074103733525
v -0.0156106827780604 -0.0492084324359894 0.0002889664610848
v -0.0154099697247148 -0.0493024550378323 0.0002740485360846
v -0.0153833990916610 -0.0494122728705406 0.0002750059356913
v -0.0154418433085084 -0.0494123250246048 0.0002807372948155
v -0.0155547605827451 -0.0491301380097866 0.0002725435188040
v -0.0163263846188784 -0.0490203052759171 0.0003446632763371
v -0.0161811970174313 -0.0490291304886341 0.0003312093904242
v -0.0159141104668379 -0.0491445921361446 0.0003507019719109
v -0.0154980598017573 -0.0494122728705406 0.0002977097174153
v -0.0155039457604289 -0.0493870936334133 0.0002987341722474
v -0.0161391999572515 -0.0488549880683422 0.0002701425692067
v -0.0155360279604793 -0.0493474267423153 0.0003053838154301
v -0.0156109118834138 -0.0492993257939816 0.0003220712533221
v -0.0163347683846951 -0.0490877740085125 0.0004311086377129
v -0.0161968078464270 -0.0490949228405952 0.0004026381066069
v -0.0160557553172112 -0.0491139963269234 0.0003756558289751
v -0.0163389295339584 -0.0491189397871494 0.0005292700370774
v -0.0161960627883673 -0.0491347052156925 0.0004840096225962
v -0.0160706508904696 -0.0491562075912952 0.0004456130554900
v -0.0153690511360765 -0.0576438754796982 0.0003468425711617
v -0.0154918255284429 -0.0535280741751194 0.0003340052207932
v -0.0154855521395802 -0.0576438754796982 0.0003703119000420
v -0.0170570556074381 -0.0491323955357075 0.0016216816147789
v -0.0172456949949265 -0.0491323955357075 0.0026135961525142
v -0.0169563647359610 -0.0492012053728104 0.0016614155611023
v -0.0171374473720789 -0.0492012053728104 0.0026135961525142
v -0.0171995945274830 -0.0491538755595684 0.0026135961525142
v -0.0168735310435295 -0.0494122728705406 0.0016941031208262
v -0.0170483980327845 -0.0494122728705406 0.0026135961525142
v -0.0170676950365305 -0.0493088476359844 0.0026135961525142
v -0.0162686668336391 -0.0494122728705406 0.0007974704494700
v -0.0168914813548326 -0.0493088476359844 0.0016870194813237
v -0.0170895792543888 -0.0492629371583462 0.0026135961525142
v -0.0162819568067789 -0.0493088476359844 0.0007834782591090
v -0.0163299981504679 -0.0492012053728104 0.0007329055806622
v -0.0164045486599207 -0.0491323955357075 0.0006544248899445
v -0.0170399155467749 -0.0511070489883423 0.0164313614368439
v -0.0171479247510433 -0.0511517487466335 0.0169864092022181
v -0.0171155072748661 -0.0511438436806202 0.0168597381561995
v -0.0170874800533056 -0.0511285103857517 0.0167264752089977
v -0.0172215793281794 -0.0511409044265747 0.0172115880995989
v -0.0171836744993925 -0.0511511936783791 0.0171045307070017
v -0.0171820893883705 -0.0511598773300648 0.0172115880995989
v -0.0170308910310268 -0.0514182746410370 0.0172115880995989
v -0.0170720722526312 -0.0512689352035522 0.0172115880995989
v -0.0170442610979080 -0.0512974560260773 0.0169491264969110
v -0.0170320458710194 -0.0512860640883446 0.0166583955287933
v -0.0170383229851723 -0.0512320920825005 0.0166816692799330
v -0.0170338656753302 -0.0510774739086628 0.0162530299276114
v -0.0170330870896578 -0.0511667840182781 0.0164137370884418
v -0.0170844085514545 -0.0512166582047939 0.0169695876538754
v -0.0171010885387659 -0.0512192957103252 0.0170946978032589
v -0.0171192251145840 -0.0512079186737537 0.0172115880995989
v -0.0170570667833090 -0.0511779636144638 0.0167050566524267
v -0.0170481130480766 -0.0510806888341904 0.0164456348866224
v -0.0170308910310268 -0.0514182746410370 0.0261296033859253
v -0.0170720722526312 -0.0512689352035522 0.0261296033859253
v -0.0171219520270824 -0.0512052327394485 0.0261296033859253
v -0.0171820893883705 -0.0511598773300648 0.0261296033859253
v -0.0172253306955099 -0.0511394590139389 0.0261296033859253
v -0.0172817055135965 -0.0511241964995861 0.0261296033859253
v -0.0170312058180571 -0.0513823851943016 0.0264025516808033
v -0.0170320458710194 -0.0512860678136349 0.0266827959567308
v -0.0170386750251055 -0.0512305609881878 0.0266588609665632
v -0.0171881988644600 -0.0511264353990555 0.0263480301946402
v -0.0172342248260975 -0.0511287227272987 0.0262332223355770
v -0.0171078220009804 -0.0511050149798393 0.0266045164316893
v -0.0170484427362680 -0.0510798208415508 0.0268950816243887
v -0.0170401204377413 -0.0511062294244766 0.0269093867391348
v -0.0171503592282534 -0.0511499494314194 0.0263543073087931
v -0.0171158276498318 -0.0511795096099377 0.0263620372861624
v -0.0170860476791859 -0.0512143783271313 0.0263710208237171
v -0.0170886833220720 -0.0511269643902779 0.0266140457242727
v -0.0170309394598007 -0.0514128990471363 0.0262308102101088
v -0.0170450080186129 -0.0512951090931892 0.0263914745301008
v -0.0170578341931105 -0.0511763617396355 0.0266354400664568
v -0.0170483980327845 -0.0494122728705406 0.0407275967299938
v -0.0170676950365305 -0.0493088476359844 0.0407275967299938
v -0.0170895792543888 -0.0492629371583462 0.0407275967299938
v -0.0171374473720789 -0.0492012053728104 0.0407275967299938
v -0.0171995945274830 -0.0491538755595684 0.0407275967299938
v -0.0172456949949265 -0.0491323955357075 0.0407275967299938
v -0.0155104240402579 -0.0493755899369717 0.0430411659181118
v -0.0156116476282477 -0.0492989160120487 0.0430189520120621
v -0.0162819568067789 -0.0493088476359844 0.0425577126443386
v -0.0168735310435295 -0.0494122728705406 0.0416470877826214
v -0.0168914813548326 -0.0493088476359844 0.0416541695594788
v -0.0169563647359610 -0.0492012053728104 0.0416797734797001
v -0.0170570556074381 -0.0491323955357075 0.0417195111513138
v -0.0162055026739836 -0.0491333454847336 0.0428542345762253
v -0.0164045486599207 -0.0491323955357075 0.0426867678761482
v -0.0163299981504679 -0.0492012053728104 0.0426082834601402
v -0.0159333758056164 -0.0491871833801270 0.0429356805980206
v -0.0161982197314501 -0.0491343773901463 0.0428565070033073
v -0.0156666003167629 -0.0492735505104065 0.0430059768259525
v -0.0156857166439295 -0.0492656305432320 0.0430013276636600
v -0.0158822890371084 -0.0492006056010723 0.0429499745368958
v -0.0162686668336391 -0.0494122728705406 0.0425437204539776
v -0.0154980598017573 -0.0494122728705406 0.0430434793233871
v -0.0154985962435603 -0.0494047254323959 0.0430434383451939
v -0.0163042899221182 -0.0494122728705406 0.0425092056393623
v -0.0487653315067291 -0.0405496954917908 0.0001976633211598
v -0.0487653315067291 -0.0405496954917908 0.0431435257196426
v 0.0175525005906820 -0.0300569999963045 0.0432350933551788
v -0.0154918255284429 -0.0535280741751194 0.0430071875452995
v -0.0154855521395802 -0.0576438754796982 0.0429708771407604
v -0.0154280709102750 -0.0576439276337624 0.0429885014891624
v -0.0153690511360765 -0.0576438754796982 0.0429943464696407
v -0.0153833990916610 -0.0494122728705406 0.0430661849677563
v -0.0154414912685752 -0.0494123250246048 0.0430605225265026
v -0.0158282630145550 -0.0489622540771961 0.0430701114237309
v -0.0164667703211308 -0.0488157272338867 0.0430713891983032
v -0.0161601994186640 -0.0489427112042904 0.0430563464760780
v -0.0164667703211308 -0.0489650629460812 0.0430302098393440
v -0.0164667703211308 -0.0490257330238819 0.0429834052920341
v -0.0154142221435905 -0.0492937155067921 0.0430672205984592
v -0.0156107572838664 -0.0492077358067036 0.0430523902177811
v -0.0159241799265146 -0.0491675771772861 0.0429644025862217
v -0.0158875845372677 -0.0490891560912132 0.0430342555046082
v -0.0156400781124830 -0.0492423325777054 0.0430325679481030
v -0.0159133635461330 -0.0491444505751133 0.0429908931255341
v -0.0162015538662672 -0.0491176433861256 0.0428974553942680
v -0.0155327608808875 -0.0491489879786968 0.0430684834718704
v -0.0158581659197807 -0.0490258634090424 0.0430612154304981
v -0.0161801613867283 -0.0490282587707043 0.0430107824504375
v -0.0161887519061565 -0.0490645878016949 0.0429775714874268
v -0.0164667703211308 -0.0490741245448589 0.0429201945662498
v -0.0161959491670132 -0.0490946546196938 0.0429391935467720
v -0.0164667703211308 -0.0491089634597301 0.0428253337740898
v -0.0333147533237934 -0.0488157272338867 0.0430713891983032
v -0.0333147533237934 -0.0489650629460812 0.0430302098393440
v -0.0333147533237934 -0.0490257441997528 0.0429833941161633
v -0.0333147533237934 -0.0490741245448589 0.0429201945662498
v -0.0333147533237934 -0.0490928217768669 0.0428813882172108
v -0.0349835753440857 -0.0493203029036522 0.0430669859051704
v -0.0350056290626526 -0.0494122728705406 0.0430661849677563
v -0.0349571630358696 -0.0494123101234436 0.0430622547864914
v -0.0348792038857937 -0.0491951927542686 0.0430680774152279
v -0.0348474681377411 -0.0492604449391365 0.0430592112243176
v -0.0346514992415905 -0.0491670481860638 0.0430518910288811
v -0.0343902111053467 -0.0489621944725513 0.0430701114237309
v -0.0342318229377270 -0.0489935688674450 0.0430611632764339
v -0.0338689312338829 -0.0488520823419094 0.0430710725486279
v -0.0335358753800392 -0.0490853413939476 0.0429108217358589
v -0.0337574183940887 -0.0490874387323856 0.0429382734000683
v -0.0342148356139660 -0.0490625388920307 0.0430330857634544
v -0.0342000387609005 -0.0491224303841591 0.0429880097508430
v -0.0346308685839176 -0.0492085479199886 0.0430309474468231
v -0.0335398167371750 -0.0490166991949081 0.0429975017905235
v -0.0337651669979095 -0.0490194857120514 0.0430103950202465
v 0.0188062507659197 -0.0300569999963045 0.0428991541266441
v 0.0197240579873323 -0.0300569999963045 0.0419813469052315
v 0.0200600009411573 -0.0300569999963045 0.0407275967299938
v 0.0175525005906820 -0.0576438754796982 0.0003468425711617
v 0.0186858754605055 -0.0576438754796982 0.0006505300989375
v 0.0195155646651983 -0.0576438754796982 0.0014802193036303
v 0.0198192540556192 -0.0576438754796982 0.0026135961525142
v -0.0154033666476607 -0.0579712763428688 0.0004767527570948
v -0.0153585830703378 -0.0579608306288719 0.0004632932832465
v -0.0153456563130021 -0.0580885931849480 0.0006251273443922
v -0.0153276016935706 -0.0581410005688667 0.0008483225246891
v -0.0153942564502358 -0.0580960996448994 0.0006518376758322
v -0.0154033256694674 -0.0580820478498936 0.0006245331605896
v -0.0153658790513873 -0.0578162856400013 0.0003790160408244
v -0.0154236638918519 -0.0577819347381592 0.0003734020283446
v -0.0153678050264716 -0.0577490180730820 0.0003589274128899
v -0.0154793513938785 -0.0577802956104279 0.0003899628063664
v -0.0154846766963601 -0.0576928406953812 0.0003730928292498
v -0.0154478391632438 -0.0579689927399158 0.0004884334048256
v -0.0154587337747216 -0.0579229891300201 0.0004545984556898
v -0.0154755795374513 -0.0578171499073505 0.0004018632462248
v -0.0162272360175848 -0.0576438754796982 0.0008572296937928
v -0.0169765613973141 -0.0576438754796982 0.0026135961525142
v -0.0168085973709822 -0.0576438754796982 0.0017252688994631
v -0.0167886093258858 -0.0576438754796982 0.0016759013524279
v -0.0169765613973141 -0.0576438754796982 0.0407275967299938
v -0.0168085973709822 -0.0576438754796982 0.0416159220039845
v -0.0162272360175848 -0.0576438754796982 0.0424839593470097
v -0.0153276016935706 -0.0581410005688667 0.0424928665161133
v -0.0153325954452157 -0.0581374093890190 0.0425527691841125
v -0.0153973167762160 -0.0580926649272442 0.0426968522369862
v -0.0153429647907615 -0.0581039935350418 0.0426819324493408
v -0.0154403923079371 -0.0579973421990871 0.0428269729018211
v -0.0153493704274297 -0.0580619350075722 0.0427631475031376
v -0.0153558170422912 -0.0579975433647633 0.0428440198302269
v -0.0154557684436440 -0.0579402968287468 0.0428746826946735
v -0.0153630850836635 -0.0578834004700184 0.0429310612380505
v -0.0154761122539639 -0.0578172840178013 0.0429395362734795
v -0.0154200745746493 -0.0578379929065704 0.0429475307464600
v -0.0154834156855941 -0.0577259697020054 0.0429636500775814
v 0.0175525005906820 -0.0576438754796982 0.0429943464696407
v 0.0198192540556192 -0.0576438754796982 0.0407275967299938
v 0.0196467060595751 -0.0576438754796982 0.0415950454771519
v 0.0195155646651983 -0.0576438754796982 0.0418609715998173
v 0.0184199493378401 -0.0576438754796982 0.0428218021988869
v 0.0186858754605055 -0.0576438754796982 0.0426906608045101
v 0.0191553365439177 -0.0576438754796982 0.0423304326832294
v 0.0195310283452272 -0.0579619966447353 0.0113704828545451
v 0.0193522330373526 -0.0580368004739285 0.0113210612908006
v 0.0194598864763975 -0.0580470152199268 0.0113422330468893
v 0.0193817224353552 -0.0581367798149586 0.0112216444686055
v 0.0194900501519442 -0.0581100322306156 0.0112454639747739
v 0.0195034760981798 -0.0581029318273067 0.0112680932506919
v 0.0196483861654997 -0.0579897537827492 0.0113446507602930
v 0.0196591820567846 -0.0579951852560043 0.0113254385069013
v 0.0197220277041197 -0.0579208284616470 0.0113404747098684
v 0.0196075830608606 -0.0580485500395298 0.0112715438008308
v 0.0196706037968397 -0.0579958856105804 0.0112856701016426
v 0.0196666438132524 -0.0579969882965088 0.0113052902743220
v 0.0197329837828875 -0.0579203255474567 0.0112998215481639
v 0.0196031313389540 -0.0579545274376869 0.0113813541829586
v 0.0196347404271364 -0.0579806976020336 0.0113612357527018
v 0.0196999106556177 -0.0578131042420864 0.0114084724336863
v 0.0196951273828745 -0.0579097084701061 0.0113769499585032
v 0.0197798330336809 -0.0576444417238235 0.0114003363996744
v 0.0197381991893053 -0.0576442927122116 0.0114190671592951
v 0.0197693165391684 -0.0577383488416672 0.0113969277590513
v 0.0197405572980642 -0.0578278936445713 0.0113889956846833
v 0.0198192540556192 -0.0576438754796982 0.0113206384703517
v 0.0198088567703962 -0.0576442927122116 0.0113650932908058
v 0.0198086183518171 -0.0577411465346813 0.0113176153972745
v 0.0197990629822016 -0.0577420145273209 0.0113595351576805
v 0.0197630617767572 -0.0578693263232708 0.0113067515194416
v 0.0197692196816206 -0.0578353516757488 0.0113519737496972
v 0.0193177703768015 -0.0581410005688667 0.0112076653167605
v 0.0193129945546389 -0.0581393428146839 0.0112251909449697
v 0.0193046461790800 -0.0581277087330818 0.0112558053806424
v 0.0194966588169336 -0.0580993033945560 0.0112871071323752
v 0.0194883663207293 -0.0580914989113808 0.0113053247332573
v 0.0192991998046637 -0.0581119321286678 0.0112757915630937
v 0.0194790381938219 -0.0580796301364899 0.0113213285803795
v 0.0192950014024973 -0.0580913536250591 0.0112911863252521
v 0.0192933101207018 -0.0580782555043697 0.0112973945215344
v 0.0192913915961981 -0.0580415762960911 0.0113044297322631
v 0.0196925755590200 -0.0576438754796982 0.0114174028858542
v 0.0196520183235407 -0.0578154213726521 0.0114047946408391
v 0.0198151338845491 -0.0577029250562191 0.0320218764245510
v 0.0197866130620241 -0.0578163228929043 0.0320289172232151
v 0.0197765436023474 -0.0578357800841331 0.0320102497935295
v 0.0195615757256746 -0.0580379515886307 0.0319987833499908
v 0.0194790381938219 -0.0580796301364899 0.0320198610424995
v 0.0194598864763975 -0.0580470152199268 0.0319989584386349
v 0.0196892376989126 -0.0576914362609386 0.0319251269102097
v 0.0196925755590200 -0.0576438754796982 0.0319237895309925
v 0.0197381991893053 -0.0576442927122116 0.0319221243262291
v 0.0196232963353395 -0.0578654222190380 0.0319446772336960
v 0.0193046461790800 -0.0581277087330818 0.0320853851735592
v 0.0192991998046637 -0.0581119321286678 0.0320653989911079
v 0.0193905327469110 -0.0581046119332314 0.0320423319935799
v 0.0192950014024973 -0.0580913536250591 0.0320500060915947
v 0.0197317171841860 -0.0579221956431866 0.0320416577160358
v 0.0196705777198076 -0.0579959116876125 0.0320555269718170
v 0.0196666438132524 -0.0579969882965088 0.0320358984172344
v 0.0195532683283091 -0.0580818392336369 0.0320817343890667
v 0.0196591820567846 -0.0579951852560043 0.0320157520473003
v 0.0195828955620527 -0.0580553188920021 0.0320338122546673
v 0.0196483861654997 -0.0579897537827492 0.0319965407252312
v 0.0193177703768015 -0.0581410005688667 0.0321335233747959
v 0.0193081069737673 -0.0581340268254280 0.0320980772376060
v 0.0194151308387518 -0.0581312142312527 0.0321122184395790
v 0.0194039661437273 -0.0581259056925774 0.0320757627487183
v 0.0194966588169336 -0.0580993033945560 0.0320540852844715
v 0.0198192540556192 -0.0576438754796982 0.0320205539464951
v 0.0198170859366655 -0.0576440952718258 0.0319998264312744
v 0.0198088567703962 -0.0576442927122116 0.0319760963320732
v 0.0197692196816206 -0.0578353516757488 0.0319892168045044
v 0.0197974126785994 -0.0576444007456303 0.0319580808281898
v 0.0197570789605379 -0.0578327439725399 0.0319692268967628
v 0.0197798330336809 -0.0576444417238235 0.0319408550858498
v 0.0197405572980642 -0.0578278936445713 0.0319521948695183
v 0.0196999106556177 -0.0578131042420864 0.0319327190518379
v 0.0192933101207018 -0.0580782555043697 0.0320437960326672
v 0.0192913915961981 -0.0580415762960911 0.0320367589592934
v 0.0194802191108465 -0.0579940192401409 0.0319848507642746
v 0.0196031313389540 -0.0579545274376869 0.0319598354399204
v 0.0196347404271364 -0.0579806976020336 0.0319799557328224
v 0.0198420416563749 -0.0550325736403465 0.0319907180964947
v 0.0198420416563749 -0.0550325736403465 0.0113504715263844
v 0.0198420416563749 -0.0550325736403465 0.0147079518064857
v 0.0198420416563749 -0.0550325736403465 0.0181892737746239
v 0.0198420416563749 -0.0550325736403465 0.0286332387477160
v 0.0198420416563749 -0.0550325736403465 0.0251519177109003
v 0.0198420416563749 -0.0550325736403465 0.0216705948114395
v -0.0122402226552367 -0.0581410005688667 0.0078291324898601
v -0.0114776277914643 -0.0581410005688667 0.0075278445146978
v -0.0130410389974713 -0.0581123158335686 0.0085053564980626
v -0.0096264900639653 -0.0581337548792362 0.0075556836090982
v -0.0098066711798310 -0.0581410005688667 0.0074756317771971
v -0.0091631496325135 -0.0581410005688667 0.0076699345372617
v -0.0079959454014897 -0.0581410005688667 0.0084324898198247
v -0.0080220410600305 -0.0581337548792362 0.0084593137726188
v -0.0102492617443204 -0.0581410005688667 0.0074136271141469
v -0.0105315009132028 -0.0581410005688667 0.0074026077054441
v -0.0132989557459950 -0.0581410005688667 0.0086802095174789
v -0.0130904586985707 -0.0581410005688667 0.0084554627537727
v -0.0132484799250960 -0.0581408850848675 0.0086294533684850
v -0.0132768200710416 -0.0581408366560936 0.0086631663143635
v -0.0132861742749810 -0.0581408180296421 0.0086744781583548
v -0.0133947515860200 -0.0581405386328697 0.0088130338117480
v -0.0136497737839818 -0.0581391714513302 0.0092057874426246
v -0.0140768336132169 -0.0581410005688667 0.0102310413494706
v -0.0139972744509578 -0.0581337548792362 0.0100695136934519
v -0.0140230329707265 -0.0581337548792362 0.0119107477366924
v -0.0140405548736453 -0.0581410005688667 0.0119919441640377
v -0.0131346518173814 -0.0581337548792362 0.0135236913338304
v -0.0131617216393352 -0.0581410005688667 0.0135495308786631
v -0.0096406498923898 -0.0580764338374138 0.0076101697050035
v -0.0096423039212823 -0.0580415762960911 0.0076165362261236
v -0.0109032811596990 -0.0580415762960911 0.0075225043110549
v -0.0114526720717549 -0.0580700151622295 0.0076204719953239
v -0.0114515284076333 -0.0580415762960911 0.0076246955431998
v -0.0123963737860322 -0.0580415762960911 0.0080346688628197
v -0.0130244838073850 -0.0580763332545757 0.0085220821201801
v -0.0130198756232858 -0.0580415762960911 0.0085267210379243
v -0.0135178146883845 -0.0580415762960911 0.0091455299407244
v -0.0139430472627282 -0.0580763965845108 0.0100846840068698
v -0.0130891716107726 -0.0580415762960911 0.0134802777320147
v -0.0130949532613158 -0.0580799393355846 0.0134857958182693
v -0.0139620332047343 -0.0580415762960911 0.0118955140933394
v -0.0139684015884995 -0.0580763965845108 0.0118971085175872
v -0.0140441088005900 -0.0580415762960911 0.0106337005272508
v -0.0139367254450917 -0.0580415762960911 0.0100864479318261
v -0.0080449143424630 -0.0581123158335686 0.0084828240796924
v -0.0096347415819764 -0.0581123158335686 0.0075874305330217
v -0.0080603109672666 -0.0580799393355846 0.0084986519068480
v -0.0080658840015531 -0.0580415762960911 0.0085043786093593
v -0.0131109254434705 -0.0581123158335686 0.0135010425001383
v -0.0139912096783519 -0.0581123158335686 0.0119028007611632
v -0.0139656858518720 -0.0581123158335686 0.0100783482193947
v -0.0132721262052655 -0.0581408441066742 0.0086575243622065
v -0.0132674193009734 -0.0581408552825451 0.0086518917232752
v -0.0133231235668063 -0.0581407397985458 0.0087200915440917
v -0.0079305591061711 -0.0580785907804966 0.0085898377001286
v -0.0076970616355538 -0.0581410005688667 0.0085455523803830
v -0.0077717201784253 -0.0581343024969101 0.0085786115378141
v -0.0078841866925359 -0.0581410005688667 0.0085090771317482
v -0.0079378047958016 -0.0580423288047314 0.0085947839543223
v -0.0077789360657334 -0.0580786317586899 0.0086349686607718
v -0.0077795134857297 -0.0580426231026649 0.0086423903703690
v -0.0076143452897668 -0.0580423288047314 0.0086359549313784
v -0.0076205963268876 -0.0580785907804966 0.0086294254288077
v -0.0077760564163327 -0.0581123568117619 0.0086124837398529
v -0.0079207243397832 -0.0581123344600201 0.0085694277659059
v -0.0074716517701745 -0.0580799058079720 0.0085735898464918
v -0.0076249809935689 -0.0581123381853104 0.0086071984842420
v -0.0074825743213296 -0.0581122599542141 0.0085544437170029
v -0.0074988054111600 -0.0581337139010429 0.0085259974002838
v -0.0075173983350396 -0.0581410005688667 0.0084934001788497
v -0.0074676992371678 -0.0580415762960911 0.0085805170238018
v 0.0122275529429317 -0.0581277087330818 0.0093263685703278
v 0.0122406771406531 -0.0581410005688667 0.0092782285064459
v 0.0122142983600497 -0.0580415762960911 0.0093749929219484
v 0.0122162131592631 -0.0580782555043697 0.0093679577112198
v 0.0122179081663489 -0.0580913536250591 0.0093617485836148
v 0.0122221028432250 -0.0581119321286678 0.0093463547527790
v 0.0193177703768015 -0.0581410005688667 0.0026135961525142
v 0.0195053201168776 -0.0581046119332314 0.0026135961525142
v 0.0196691136807203 -0.0579973533749580 0.0026135961525142
v 0.0197793599218130 -0.0578355565667152 0.0026135961525142
v 0.0193046275526285 -0.0581410005688667 0.0023983712308109
v 0.0190145578235388 -0.0581410005688667 0.0016241999110207
v 0.0192436892539263 -0.0581046119332314 0.0016371862730011
v 0.0193855408579111 -0.0579973533749580 0.0015552876284346
v 0.0194810163229704 -0.0578355565667152 0.0015001645078883
v 0.0183888059109449 -0.0581410005688667 0.0010589355370030
v 0.0185289103537798 -0.0581046119332314 0.0009224036475644
v 0.0186108071357012 -0.0579973533749580 0.0007805539062247
v 0.0186659302562475 -0.0578355565667152 0.0006850784411654
v 0.0175525005906820 -0.0581410005688667 0.0008483225246891
v 0.0175525005906820 -0.0581046119332314 0.0006607765099034
v 0.0175525005906820 -0.0579973533749580 0.0004969810834154
v 0.0175525005906820 -0.0578355565667152 0.0003867348423228
v -0.0162047203630209 -0.0578172430396080 0.0008807157864794
v -0.0158368386328220 -0.0581410005688667 0.0011789345880970
v -0.0159973092377186 -0.0581115856766701 0.0010970731964335
v -0.0161233693361282 -0.0579973086714745 0.0009655760368332
v -0.0169440247118473 -0.0578172430396080 0.0026135961525142
v -0.0167783070355654 -0.0578172430396080 0.0017371469875798
v -0.0169079266488552 -0.0578927733004093 0.0026135961525142
v -0.0166688673198223 -0.0579973086714745 0.0017800679197535
v -0.0168264713138342 -0.0579973086714745 0.0026135961525142
v -0.0167245659977198 -0.0580745376646519 0.0026135961525142
v -0.0164992809295654 -0.0581115856766701 0.0018465755274519
v -0.0166443102061749 -0.0581115856766701 0.0026135961525142
v -0.0162483397871256 -0.0581410005688667 0.0017055267235264
v -0.0164750814437866 -0.0581410005688667 0.0026135961525142
v -0.0169440247118473 -0.0578172430396080 0.0407275967299938
v -0.0169079266488552 -0.0578927733004093 0.0407275967299938
v -0.0168264713138342 -0.0579973086714745 0.0407275967299938
v -0.0167245659977198 -0.0580745376646519 0.0407275967299938
v -0.0166443102061749 -0.0581115856766701 0.0407275967299938
v -0.0164750814437866 -0.0581410005688667 0.0407275967299938
v -0.0162047203630209 -0.0578172430396080 0.0424604751169682
v -0.0161233693361282 -0.0579973086714745 0.0423756130039692
v -0.0159973092377186 -0.0581115856766701 0.0422441177070141
v -0.0160654447972775 -0.0581410005688667 0.0419170297682285
v -0.0163796525448561 -0.0581410005688667 0.0413271933794022
v -0.0164992809295654 -0.0581115856766701 0.0414946153759956
v -0.0166688673198223 -0.0579973086714745 0.0415611229836941
v -0.0167783070355654 -0.0578172430396080 0.0416040420532227
v 0.0175525005906820 -0.0581410005688667 0.0424928665161133
v 0.0175525005906820 -0.0581046119332314 0.0426804162561893
v 0.0175525005906820 -0.0579973533749580 0.0428442098200321
v 0.0175525005906820 -0.0578355565667152 0.0429544560611248
v 0.0191271286457777 -0.0578355565667152 0.0423022247850895
v 0.0177677217870951 -0.0581410005688667 0.0424797236919403
v 0.0185418929904699 -0.0581410005688667 0.0421896539628506
v 0.0182998124510050 -0.0581046119332314 0.0425317659974098
v 0.0189333502203226 -0.0581046119332314 0.0421084463596344
v 0.0183624941855669 -0.0579973533749580 0.0426830910146236
v 0.0190491732209921 -0.0579973533749580 0.0422242693603039
v 0.0184046830981970 -0.0578355565667152 0.0427849441766739
v 0.0196098517626524 -0.0578355565667152 0.0415797792375088
v 0.0195079948753119 -0.0579973533749580 0.0415375903248787
v 0.0193566698580980 -0.0581046119332314 0.0414749048650265
v 0.0191071573644876 -0.0581410005688667 0.0415639020502567
v 0.0193177703768015 -0.0581410005688667 0.0407275967299938
v 0.0195053201168776 -0.0581046119332314 0.0407275967299938
v 0.0196691136807203 -0.0579973533749580 0.0407275967299938
v 0.0197793599218130 -0.0578355565667152 0.0407275967299938
v 0.0122142983600497 -0.0580415762960911 0.0339661985635757
v 0.0122162131592631 -0.0580782555043697 0.0339732319116592
v 0.0122179081663489 -0.0580913536250591 0.0339794419705868
v 0.0122221028432250 -0.0581119321286678 0.0339948348701000
v 0.0122275529429317 -0.0581277087330818 0.0340148210525513
v 0.0122406771406531 -0.0581410005688667 0.0340629629790783
v -0.0036663424689323 -0.0581410005688667 0.0363916009664536
v 0.0004561569367070 -0.0580799095332623 0.0367420651018620
v 0.0004568237636704 -0.0581122674047947 0.0367641001939774
v -0.0075173983350396 -0.0581410005688667 0.0348477885127068
v -0.0074988128617406 -0.0581337213516235 0.0348152071237564
v 0.0045386580750346 -0.0581337213516235 0.0361071303486824
v 0.0045499084517360 -0.0581410005688667 0.0361429192125797
v 0.0033568840008229 -0.0581410005688667 0.0364651978015900
v -0.0074825780466199 -0.0581122674047947 0.0347867533564568
v -0.0074716554954648 -0.0580799095332623 0.0347676016390324
v -0.0074676992371678 -0.0580415762960911 0.0347606725990772
v -0.0036420982796699 -0.0580415762960911 0.0362942703068256
v -0.0016067039687186 -0.0580415762960911 0.0366550944745541
v 0.0004559147928376 -0.0580415762960911 0.0367340892553329
v 0.0045198267325759 -0.0580415762960911 0.0360472388565540
v 0.0045222220942378 -0.0580799095332623 0.0360548496246338
v 0.0045288344845176 -0.0581122674047947 0.0360758826136589
v 0.0014046232681721 -0.0581410005688667 0.0367761142551899
v 0.0004589471791405 -0.0581410005688667 0.0368343405425549
v -0.0016189005691558 -0.0581410005688667 0.0367546416819096
v -0.0076198996976018 -0.0580785945057869 0.0347118340432644
v -0.0076143452897668 -0.0580423250794411 0.0347052365541458
v -0.0077786045148969 -0.0580786354839802 0.0347061790525913
v -0.0077795134857297 -0.0580426231026649 0.0346987992525101
v -0.0078310081735253 -0.0581410005688667 0.0348118878901005
v -0.0077714258804917 -0.0581343024969101 0.0347625426948071
v -0.0076404968276620 -0.0581410005688667 0.0348024033010006
v -0.0080603184178472 -0.0580799169838428 0.0348425321280956
v -0.0079208249226213 -0.0581123381853104 0.0347716920077801
v -0.0080449366942048 -0.0581122823059559 0.0348583422601223
v -0.0080220857635140 -0.0581337288022041 0.0348818302154541
v -0.0079959454014897 -0.0581410005688667 0.0349087007343769
v -0.0079378047958016 -0.0580423250794411 0.0347464084625244
v -0.0079306634142995 -0.0580785945057869 0.0347512774169445
v -0.0077757397666574 -0.0581123568117619 0.0347286686301231
v -0.0076243178918958 -0.0581123381853104 0.0347340591251850
v -0.0080658840015531 -0.0580415762960911 0.0348368100821972
v -0.0131346033886075 -0.0581337288022041 0.0298175457865000
v -0.0131109012290835 -0.0581122823059559 0.0298401713371277
v -0.0139911761507392 -0.0581122823059559 0.0314383991062641
v -0.0114776203408837 -0.0581410005688667 0.0358133204281330
v -0.0096170762553811 -0.0581410005688667 0.0358217433094978
v -0.0105478996410966 -0.0581410005688667 0.0359385088086128
v -0.0130904363468289 -0.0581410005688667 0.0348857007920742
v -0.0121487444266677 -0.0581410005688667 0.0355591401457787
v -0.0140333315357566 -0.0581410005688667 0.0332817621529102
v -0.0133518753573298 -0.0581410005688667 0.0345974266529083
v -0.0140875326469541 -0.0581410005688667 0.0330616869032383
v -0.0140229696407914 -0.0581337288022041 0.0314304605126381
v -0.0140341958031058 -0.0581410005688667 0.0313261896371841
v -0.0131617216393352 -0.0581410005688667 0.0297916587442160
v -0.0139684090390801 -0.0580764152109623 0.0314440838992596
v -0.0130949458107352 -0.0580799169838428 0.0298554021865129
v -0.0130891716107726 -0.0580415762960911 0.0298609118908644
v -0.0135178146883845 -0.0580415762960911 0.0341956615447998
v -0.0130244875326753 -0.0580763779580593 0.0348191298544407
v -0.0139430398121476 -0.0580763816833496 0.0332565121352673
v -0.0139620332047343 -0.0580415762960911 0.0314456745982170
v -0.0140441088005900 -0.0580415762960911 0.0327074900269508
v -0.0139367254450917 -0.0580415762960911 0.0332547426223755
v -0.0130198756232858 -0.0580415762960911 0.0348144695162773
v -0.0123963737860322 -0.0580415762960911 0.0353065207600594
v -0.0114532308652997 -0.0580763779580593 0.0357228256762028
v -0.0114515284076333 -0.0580415762960911 0.0357164964079857
v -0.0109032811596990 -0.0580415762960911 0.0358186885714531
v -0.0114593440666795 -0.0581122823059559 0.0357454977929592
v -0.0130410147830844 -0.0581122823059559 0.0348358117043972
v -0.0139656541869044 -0.0581122823059559 0.0332628339529037
v -0.0088362144306302 -0.0581410005688667 0.0355192087590694
v -0.0096411975100636 -0.0580699965357780 0.0357288829982281
v -0.0096423039212823 -0.0580415762960911 0.0357246547937393
v -0.0130050005391240 -0.0580785907804966 0.0297247841954231
v -0.0130514977499843 -0.0581410005688667 0.0294917169958353
v -0.0130177317187190 -0.0581343024969101 0.0295660588890314
v -0.0130861969664693 -0.0581410005688667 0.0296791791915894
v -0.0129999862983823 -0.0580423288047314 0.0297319814562798
v -0.0129613084718585 -0.0580786317586899 0.0295727401971817
v -0.0129538821056485 -0.0580426231026649 0.0295732468366623
v -0.0129618821665645 -0.0580423288047314 0.0294081456959248
v -0.0129683529958129 -0.0580785907804966 0.0294144600629807
v -0.0129838185384870 -0.0581123568117619 0.0295700747519732
v -0.0130255026742816 -0.0581123344600201 0.0297151431441307
v -0.0130255995318294 -0.0580799095332623 0.0292660538107157
v -0.0129905370995402 -0.0581123381853104 0.0294190552085638
v -0.0130446469411254 -0.0581122711300850 0.0292771607637405
v -0.0130729461088777 -0.0581337213516235 0.0292936619371176
v -0.0131053486838937 -0.0581410005688667 0.0293125566095114
v -0.0130187077447772 -0.0580415762960911 0.0292620342224836
v -0.0130255995318294 -0.0580799095332623 0.0140751367434859
v -0.0130187077447772 -0.0580415762960911 0.0140791554003954
v -0.0148376589640975 -0.0580415762960911 0.0190323069691658
v -0.0131053486838937 -0.0581410005688667 0.0140286330133677
v -0.0130729461088777 -0.0581337213516235 0.0140475286170840
v -0.0149364033713937 -0.0581410005688667 0.0190147478133440
v -0.0148892970755696 -0.0580849088728428 0.0192758049815893
v -0.0149030545726418 -0.0580865480005741 0.0193575918674469
v -0.0148455137386918 -0.0580799095332623 0.0190309099853039
v -0.0148751204833388 -0.0580832585692406 0.0191940944641829
v -0.0149364257231355 -0.0581410005688667 0.0243264455348253
v -0.0144862988963723 -0.0581410005688667 0.0261758361011744
v -0.0148376589640975 -0.0580415762960911 0.0243088845163584
v -0.0150793073698878 -0.0580820478498936 0.0216702818870544
v -0.0150351980701089 -0.0581048503518105 0.0203442908823490
v -0.0149538768455386 -0.0580929368734360 0.0196854677051306
v -0.0148857934400439 -0.0580844990909100 0.0192553699016571
v -0.0148822618648410 -0.0580840855836868 0.0192349404096603
v -0.0130446469411254 -0.0581122711300850 0.0140640297904611
v -0.0150779234245420 -0.0581410005688667 0.0199955459684134
v -0.0129684312269092 -0.0580785907804966 0.0139272073283792
v -0.0130677549168468 -0.0581410005688667 0.0137112988159060
v -0.0130176553502679 -0.0581343024969101 0.0137757724151015
v -0.0130579946562648 -0.0581410005688667 0.0139016946777701
v -0.0129618821665645 -0.0580423288047314 0.0139330448582768
v -0.0129612227901816 -0.0580786317586899 0.0137691739946604
v -0.0129538821056485 -0.0580426231026649 0.0137679437175393
v -0.0129999862983823 -0.0580423288047314 0.0136092081665993
v -0.0130048124119639 -0.0580785907804966 0.0136168524622917
v -0.0129837384447455 -0.0581123568117619 0.0137718068435788
v -0.0129906116053462 -0.0581123344600201 0.0139225888997316
v -0.0130253238603473 -0.0581123381853104 0.0136264720931649
v -0.0036438305396587 -0.0580779276788235 0.0070399739779532
v -0.0038886081892997 -0.0581410005688667 0.0070067704655230
v -0.0036572676617652 -0.0581337139010429 0.0069860150106251
v -0.0056782113388181 -0.0581410005688667 0.0076026660390198
v -0.0068223113194108 -0.0581410005688667 0.0081205042079091
v 0.0004559147928376 -0.0580415762960911 0.0066071017645299
v 0.0004561308596749 -0.0580779351294041 0.0065999408252537
v 0.0045198267325759 -0.0580415762960911 0.0072939530946314
v 0.0045222220942378 -0.0580799058079720 0.0072863441891968
v -0.0036420982796699 -0.0580415762960911 0.0070469225756824
v -0.0016067039687186 -0.0580415762960911 0.0066860965453088
v 0.0004568237636704 -0.0581122599542141 0.0065770973451436
v -0.0036493514198810 -0.0581122599542141 0.0070177935995162
v 0.0045499084517360 -0.0581410005688667 0.0071982736699283
v 0.0045386543497443 -0.0581337139010429 0.0072340746410191
v 0.0004589471791405 -0.0581410005688667 0.0065068737603724
v 0.0045288307592273 -0.0581122599542141 0.0072653167881072
v -0.0000000011306651 -0.0581410005688667 0.0064999074675143
v 0.0197144951671362 -0.0551320016384125 0.0114460997283459
v 0.0197417456656694 -0.0551320016384125 0.0114496285095811
v 0.0197601374238729 -0.0551302991807461 0.0114477882161736
v 0.0197916422039270 -0.0551187060773373 0.0114360572770238
v 0.0198026355355978 -0.0551114007830620 0.0114287380129099
v 0.0198283139616251 -0.0550823546946049 0.0113998018205166
v 0.0121870553120971 -0.0551320016384125 0.0093938838690519
v -0.0080716358497739 -0.0551320016384125 0.0085342638194561
v -0.0078895473852754 -0.0551320016384125 0.0086485240608454
v -0.0076763452962041 -0.0551320016384125 0.0086760437116027
v -0.0074712084606290 -0.0551320016384125 0.0086117647588253
v -0.0093446793034673 -0.0551320016384125 0.0077349995262921
v -0.0109006119892001 -0.0551320016384125 0.0075477543286979
v -0.0123829832300544 -0.0551320016384125 0.0080562420189381
v -0.0134963700547814 -0.0551320016384125 0.0091591253876686
v -0.0140188848599792 -0.0551320016384125 0.0106366099789739
v -0.0130592351779342 -0.0551320016384125 0.0134748099371791
v -0.0138463964685798 -0.0551320016384125 0.0121942460536957
v -0.0129874283447862 -0.0551320016384125 0.0140759442001581
v -0.0129212075844407 -0.0551320016384125 0.0138714276254177
v -0.0129467053338885 -0.0551320016384125 0.0136579740792513
v -0.0129874283447862 -0.0551320016384125 0.0292652472853661
v -0.0148059567436576 -0.0551320016384125 0.0243418645113707
v -0.0148059567436576 -0.0551320016384125 0.0189993251115084
v -0.0130592351779342 -0.0551320016384125 0.0298663806170225
v -0.0129467053338885 -0.0551320016384125 0.0296832174062729
v -0.0129212075844407 -0.0551320016384125 0.0294697638601065
v -0.0138463964685798 -0.0551320016384125 0.0311469435691833
v -0.0140188848599792 -0.0551320016384125 0.0327045805752277
v -0.0134963700547814 -0.0551320016384125 0.0341820642352104
v -0.0123829832300544 -0.0551320016384125 0.0352849476039410
v -0.0109006119892001 -0.0551320016384125 0.0357934348285198
v -0.0080716358497739 -0.0551320016384125 0.0348069258034229
v -0.0093446793034673 -0.0551320016384125 0.0356061905622482
v -0.0074712084606290 -0.0551320016384125 0.0347294248640537
v -0.0076763452962041 -0.0551320016384125 0.0346651449799538
v -0.0078895473852754 -0.0551320016384125 0.0346926674246788
v 0.0197144951671362 -0.0551320016384125 0.0318950898945332
v 0.0121870553120971 -0.0551320016384125 0.0339473076164722
v 0.0198283139616251 -0.0550823546946049 0.0319413878023624
v 0.0198026355355978 -0.0551114007830620 0.0319124534726143
v 0.0197417456656694 -0.0551320016384125 0.0318915620446205
v 0.0197601374238729 -0.0551302991807461 0.0318934023380280
v 0.0197916422039270 -0.0551187060773373 0.0319051332771778
v 0.0198283139616251 -0.0550823546946049 0.0147079518064857
v 0.0197417456656694 -0.0551320016384125 0.0115589192137122
v 0.0197916422039270 -0.0551187060773373 0.0147079518064857
v 0.0197916422039270 -0.0551187060773373 0.0286332387477160
v 0.0197417456656694 -0.0551320016384125 0.0317822694778442
v 0.0198283139616251 -0.0550823546946049 0.0286332387477160
v 0.0198283139616251 -0.0550823546946049 0.0251519177109003
v 0.0198283139616251 -0.0550823546946049 0.0216705948114395
v 0.0198283139616251 -0.0550823546946049 0.0181892737746239
v 0.0197916422039270 -0.0551187060773373 0.0251519177109003
v 0.0197916422039270 -0.0551187060773373 0.0216705948114395
v 0.0197916422039270 -0.0551187060773373 0.0181892737746239
v 0.0197417456656694 -0.0551320016384125 0.0286332387477160
v 0.0197417456656694 -0.0551320016384125 0.0251519177109003
v 0.0197417456656694 -0.0551320016384125 0.0216705948114395
v 0.0197417456656694 -0.0551320016384125 0.0181892737746239
v 0.0197417456656694 -0.0551320016384125 0.0147079518064857
v 0.0198593977838755 -0.0551320016384125 0.0317507460713387
v 0.0198593977838755 -0.0551320016384125 0.0115904454141855
v -0.0016039956826717 -0.0551320016384125 0.0366298481822014
v 0.0045327497646213 -0.0551320016384125 0.0360165424644947
v 0.0050200847908854 -0.0580417886376381 0.0361666046082973
v 0.0051241768524051 -0.0580415762960911 0.0363125242292881
v 0.0050148880109191 -0.0580786392092705 0.0361719354987144
v 0.0051182797178626 -0.0580762587487698 0.0363152883946896
v 0.0049990667030215 -0.0581123679876328 0.0361881740391254
v 0.0050969859585166 -0.0581122785806656 0.0363252870738506
v 0.0049752322956920 -0.0581343136727810 0.0362126342952251
v 0.0050639910623431 -0.0581351295113564 0.0363407768309116
v 0.0048718480393291 -0.0580418631434441 0.0360664688050747
v 0.0048688454553485 -0.0580786913633347 0.0360733084380627
v 0.0048597259446979 -0.0581123940646648 0.0360940769314766
v 0.0048459945246577 -0.0581343211233616 0.0361253470182419
v 0.0049108108505607 -0.0581410005688667 0.0362046658992767
v 0.0050333878025413 -0.0581410005688667 0.0363551452755928
v 0.0046975566074252 -0.0580417886376381 0.0360251627862453
v 0.0046971542760730 -0.0580786392092705 0.0360325947403908
v 0.0046959174796939 -0.0581123679876328 0.0360552296042442
v 0.0046940548345447 -0.0581343136727810 0.0360893234610558
v 0.0047374470159411 -0.0581410005688667 0.0361300930380821
v 0.0120938932523131 -0.0581340454518795 0.0340925343334675
v 0.0120765483006835 -0.0581410005688667 0.0341531671583652
v 0.0119868991896510 -0.0581340491771698 0.0341997519135475
v 0.0119734620675445 -0.0581410005688667 0.0343016870319843
v 0.0119233680889010 -0.0581340454518795 0.0343373045325279
v 0.0119466139003634 -0.0581410005688667 0.0344857797026634
v 0.0119129372760653 -0.0581351295113564 0.0344887934625149
v 0.0118766343221068 -0.0581122785806656 0.0344920419156551
v 0.0118532022461295 -0.0580762587487698 0.0344941392540932
v 0.0118690570816398 -0.0580783970654011 0.0343228280544281
v 0.0118906898424029 -0.0581119991838932 0.0343285948038101
v 0.0119407502934337 -0.0580784454941750 0.0341676101088524
v 0.0119591383263469 -0.0581120252609253 0.0341804176568985
v 0.0120614869520068 -0.0580783970654011 0.0340466164052486
v 0.0120743950828910 -0.0581119991838932 0.0340649075806141
v 0.0120572512969375 -0.0580417700111866 0.0340406186878681
v 0.0119347041472793 -0.0580418407917023 0.0341633968055248
v 0.0118619604036212 -0.0580417737364769 0.0343209393322468
v 0.0118467165157199 -0.0580415762960911 0.0344947203993797
v 0.0119835836812854 -0.0551320016384125 0.0340582951903343
v 0.0119065036997199 -0.0551320016384125 0.0341458879411221
v 0.0118517493829131 -0.0551320016384125 0.0342489220201969
v 0.0118197193369269 -0.0551320016384125 0.0344784744083881
v 0.0198593977838755 -0.0559343993663788 0.0115904454141855
v 0.0198593977838755 -0.0559343993663788 0.0317507460713387
v 0.0118197193369269 -0.0551320016384125 0.0088627180084586
v 0.0118467165157199 -0.0580415762960911 0.0088464701548219
v 0.0118618374690413 -0.0580417700111866 0.0090195955708623
v 0.0118517493829131 -0.0551320016384125 0.0090922676026821
v 0.0119342980906367 -0.0580418407917023 0.0091772088780999
v 0.0119065036997199 -0.0551320016384125 0.0091953026130795
v 0.0120566776022315 -0.0580417737364769 0.0093002291396260
v 0.0119835836812854 -0.0551320016384125 0.0092828972265124
v 0.0120774349197745 -0.0581410005688667 0.0091889984905720
v 0.0120933940634131 -0.0581340454518795 0.0092483544722199
v 0.0120738549157977 -0.0581119991838932 0.0092759579420090
v 0.0120609207078815 -0.0580783970654011 0.0092942342162132
v 0.0119403516873717 -0.0580784454941750 0.0091730067506433
v 0.0119587546214461 -0.0581120252609253 0.0091602252796292
v 0.0119865452870727 -0.0581340491771698 0.0091409282758832
v 0.0119740655645728 -0.0581410005688667 0.0090406695380807
v 0.0118689341470599 -0.0580783970654011 0.0090177133679390
v 0.0118905743584037 -0.0581119991838932 0.0090119764208794
v 0.0119232600554824 -0.0581340454518795 0.0090033104643226
v 0.0119466139003634 -0.0581410005688667 0.0088554099202156
v 0.0119129484519362 -0.0581351332366467 0.0088523970916867
v 0.0118766380473971 -0.0581122823059559 0.0088491477072239
v 0.0118532022461295 -0.0580762624740601 0.0088470503687859
v 0.0118245510384440 -0.0581410005688667 0.0357969626784325
v 0.0109702004119754 -0.0581410005688667 0.0373047105967999
v 0.0094965538010001 -0.0581410005688667 0.0382521487772465
v 0.0058208545669913 -0.0581410005688667 0.0374464951455593
v 0.0061492538079619 -0.0581410005688667 0.0377233587205410
v 0.0075085153803229 -0.0581410005688667 0.0383532606065273
v 0.0091987429186702 -0.0581410005688667 0.0383394919335842
v 0.0108716515824199 -0.0581410005688667 0.0059359162114561
v 0.0106538338586688 -0.0581410005688667 0.0057388148270547
v 0.0092740533873439 -0.0581410005688667 0.0050211711786687
v 0.0118164112791419 -0.0581410005688667 0.0075159319676459
v 0.0116849793121219 -0.0581410005688667 0.0071413912810385
v 0.0074331713840365 -0.0581410005688667 0.0050061433576047
v 0.0083249015733600 -0.0581410005688667 0.0048951073549688
v 0.0090299239382148 -0.0581410005688667 0.0049641164951026
v 0.0066154366359115 -0.0581410005688667 0.0053220274858177
v 0.0057298755273223 -0.0581410005688667 0.0059841959737241
v 0.0050333878025413 -0.0581410005688667 0.0069860466755927
v 0.0049176318570971 -0.0581410005688667 0.0071313572116196
v 0.0047463728114963 -0.0581410005688667 0.0072092930786312
v 0.0049752732738853 -0.0581340454518795 0.0071292682550848
v 0.0050639836117625 -0.0581351332366467 0.0070004104636610
v 0.0049988469108939 -0.0581120066344738 0.0071535115130246
v 0.0050969822332263 -0.0581122823059559 0.0070159020833671
v 0.0050144558772445 -0.0580784082412720 0.0071695628575981
v 0.0051182797178626 -0.0580762624740601 0.0070259007625282
v 0.0050195781514049 -0.0580417886376381 0.0071748313494027
v 0.0051241768524051 -0.0580415762960911 0.0070286686532199
v 0.0048714717850089 -0.0580418631434441 0.0072748861275613
v 0.0048685139045119 -0.0580784603953362 0.0072681331075728
v 0.0048595210537314 -0.0581120327115059 0.0072476067580283
v 0.0048459460958838 -0.0581340529024601 0.0072166225872934
v 0.0046974448487163 -0.0580417886376381 0.0073158466257155
v 0.0046970462426543 -0.0580784082412720 0.0073085096664727
v 0.0046958317980170 -0.0581120066344738 0.0072861579246819
v 0.0046939952298999 -0.0581340454518795 0.0072523993439972
v 0.0045327497646213 -0.0551320016384125 0.0073246485553682
v -0.0016039956826717 -0.0551320016384125 0.0067113437689841
v 0.0115782050415874 -0.0551320016384125 0.0093715051189065
v -0.0136186657473445 -0.0551320016384125 0.0123651986941695
v -0.0126615157350898 -0.0551320016384125 0.0136374421417713
v 0.0115782050415874 -0.0551320016384125 0.0339696854352951
v -0.0126615157350898 -0.0551320016384125 0.0297037474811077
v -0.0136186657473445 -0.0551320016384125 0.0309759918600321
v -0.0091758938506246 -0.0551320016384125 0.0353768505156040
v -0.0079127782955766 -0.0551320016384125 0.0344076864421368
v -0.0079127782955766 -0.0551320016384125 0.0089335059747100
v -0.0091758938506246 -0.0551320016384125 0.0079643409699202
v -0.0107433581724763 -0.0551320016384125 0.0356557592749596
v -0.0122632579877973 -0.0551320016384125 0.0351817943155766
v -0.0133943567052484 -0.0551320016384125 0.0340613685548306
v -0.0138827050104737 -0.0551320016384125 0.0325460284948349
v 0.0051048649474978 -0.0551320016384125 0.0357697419822216
v 0.0049898205325007 -0.0551320016384125 0.0360974073410034
v 0.0048863431438804 -0.0551320016384125 0.0360359475016594
v 0.0047712055966258 -0.0551320016384125 0.0360009111464024
v -0.0015604172367603 -0.0551320016384125 0.0365840345621109
v 0.0051048649474978 -0.0551320016384125 0.0075714509002864
v -0.0015604172367603 -0.0551320016384125 0.0067571573890746
v 0.0051389550790191 -0.0551320016384125 0.0070570646785200
v 0.0060011958703399 -0.0551320016384125 0.0061042946763337
v 0.0058659417554736 -0.0551320016384125 0.0060258745215833
v 0.0075059263035655 -0.0551320016384125 0.0052725817076862
v 0.0074358796700835 -0.0551320016384125 0.0051352321170270
v 0.0092250807210803 -0.0551320016384125 0.0052940729074180
v 0.0092408424243331 -0.0551320016384125 0.0051423921249807
v 0.0107085509225726 -0.0551320016384125 0.0061631421558559
v 0.0108036613091826 -0.0551320016384125 0.0060454639606178
v 0.0115679232403636 -0.0551320016384125 0.0076522459276021
v 0.0117111792787910 -0.0551320016384125 0.0076057030819356
v -0.0147293591871858 -0.0551320016384125 0.0188614185899496
v 0.0115679232403636 -0.0551320016384125 0.0356889441609383
v 0.0117111792787910 -0.0551320016384125 0.0357354879379272
v 0.0107085509225726 -0.0551320016384125 0.0371780507266521
v 0.0108036613091826 -0.0551320016384125 0.0372957289218903
v 0.0092250807210803 -0.0551320016384125 0.0380471162497997
v 0.0092408424243331 -0.0551320016384125 0.0381987988948822
v 0.0075059263035655 -0.0551320016384125 0.0380686074495316
v 0.0074358796700835 -0.0551320016384125 0.0382059589028358
v 0.0060011958703399 -0.0551320016384125 0.0372368954122066
v 0.0058659417554736 -0.0551320016384125 0.0373153164982796
v 0.0051389550790191 -0.0551320016384125 0.0362841263413429
v 0.0047052381560206 -0.0551320016384125 0.0073474938981235
v 0.0047712055966258 -0.0551320016384125 0.0073402817361057
v 0.0048863431438804 -0.0551320016384125 0.0073052444495261
v 0.0049898205325007 -0.0551320016384125 0.0072437827475369
v 0.0050396015867591 -0.0551320016384125 0.0071999025531113
v -0.0138827050104737 -0.0551320016384125 0.0107951611280441
v -0.0133943567052484 -0.0551320016384125 0.0092798210680485
v -0.0122632579877973 -0.0551320016384125 0.0081593943759799
v -0.0107433581724763 -0.0551320016384125 0.0076854317449033
v -0.0147293591871858 -0.0551320016384125 0.0244797728955746
v 0.0117811663076282 -0.0559343993663788 0.0094258887693286
v 0.0115782050415874 -0.0559343993663788 0.0093715051189065
v 0.0115679232403636 -0.0559343993663788 0.0076522459276021
v 0.0107085509225726 -0.0559343993663788 0.0061631421558559
v 0.0092250807210803 -0.0559343993663788 0.0052940729074180
v 0.0075059263035655 -0.0559343993663788 0.0052725817076862
v 0.0060011958703399 -0.0559343993663788 0.0061042946763337
v 0.0051048649474978 -0.0559343993663788 0.0075714509002864
v -0.0015604172367603 -0.0559343993663788 0.0067571573890746
v -0.0079127782955766 -0.0559343993663788 0.0089335059747100
v -0.0091758938506246 -0.0559343993663788 0.0079643409699202
v -0.0107433581724763 -0.0559343993663788 0.0076854317449033
v -0.0122632579877973 -0.0559343993663788 0.0081593943759799
v -0.0133943567052484 -0.0559343993663788 0.0092798210680485
v -0.0138827050104737 -0.0559343993663788 0.0107951611280441
v -0.0136186657473445 -0.0559343993663788 0.0123651986941695
v -0.0126615157350898 -0.0559343993663788 0.0136374421417713
v -0.0147293591871858 -0.0559343993663788 0.0188614185899496
v -0.0147293591871858 -0.0559343993663788 0.0244797728955746
v -0.0126615157350898 -0.0559343993663788 0.0297037474811077
v -0.0136186657473445 -0.0559343993663788 0.0309759918600321
v -0.0138827050104737 -0.0559343993663788 0.0325460284948349
v -0.0133943567052484 -0.0559343993663788 0.0340613685548306
v -0.0122632579877973 -0.0559343993663788 0.0351817943155766
v -0.0107433581724763 -0.0559343993663788 0.0356557592749596
v -0.0091758938506246 -0.0559343993663788 0.0353768505156040
v -0.0079127782955766 -0.0559343993663788 0.0344076864421368
v -0.0015604172367603 -0.0559343993663788 0.0365840345621109
v 0.0051048649474978 -0.0559343993663788 0.0357697419822216
v 0.0060011958703399 -0.0559343993663788 0.0372368954122066
v 0.0075059263035655 -0.0559343993663788 0.0380686074495316
v 0.0092250807210803 -0.0559343993663788 0.0380471162497997
v 0.0107085509225726 -0.0559343993663788 0.0371780507266521
v 0.0115679232403636 -0.0559343993663788 0.0356889441609383
v 0.0115782050415874 -0.0559343993663788 0.0339696854352951
v 0.0117811663076282 -0.0559343993663788 0.0339152999222279
v 0.0050871847197413 -0.0563054457306862 0.0362168140709400
v 0.0051068020984530 -0.0571773648262024 0.0362627059221268
v 0.0051348609849811 -0.0559343993663788 0.0362919494509697
v 0.0050810603424907 -0.0559343993663788 0.0362021028995514
v 0.0051212897524238 -0.0574937313795090 0.0362954810261726
v 0.0051267324015498 -0.0575354397296906 0.0363075733184814
v 0.0052867447957397 -0.0580415762960911 0.0366188026964664
v 0.0091697787865996 -0.0581049844622612 0.0382673591375351
v 0.0092539479956031 -0.0581046119332314 0.0382453799247742
v 0.0092557100579143 -0.0581122785806656 0.0382521934807301
v 0.0092336116358638 -0.0581209287047386 0.0382685028016567
v 0.0074721937999129 -0.0581214241683483 0.0382834188640118
v 0.0117839789018035 -0.0581351295113564 0.0358158238232136
v 0.0117445131763816 -0.0581072606146336 0.0358039177954197
v 0.0117255030199885 -0.0580735988914967 0.0357986651360989
v 0.0117201386019588 -0.0580415762960911 0.0357972569763660
v 0.0113622089847922 -0.0580429472029209 0.0366202630102634
v 0.0113630546256900 -0.0580415762960911 0.0366188026964664
v 0.0106538562104106 -0.0580889843404293 0.0374867506325245
v 0.0108086680993438 -0.0580849386751652 0.0373408757150173
v 0.0108196130022407 -0.0581084974110126 0.0373527668416500
v 0.0109601942822337 -0.0580798424780369 0.0371792800724506
v 0.0100967837497592 -0.0581122785806656 0.0379044488072395
v 0.0100805191323161 -0.0580983012914658 0.0379000157117844
v 0.0084988540038466 -0.0581066161394119 0.0383662320673466
v 0.0083540035411716 -0.0581122785806656 0.0383757017552853
v 0.0074404170736670 -0.0581049174070358 0.0382572934031487
v 0.0074504008516669 -0.0581122785806656 0.0382669307291508
v 0.0068788146600127 -0.0581014268100262 0.0380588658154011
v 0.0057426495477557 -0.0580817908048630 0.0372381955385208
v 0.0058822920545936 -0.0580860413610935 0.0373814105987549
v 0.0058692460879683 -0.0581122785806656 0.0373955480754375
v 0.0060418052598834 -0.0580898858606815 0.0375267080962658
v 0.0066037653014064 -0.0581122785806656 0.0379329584538937
v 0.0053052743896842 -0.0580503903329372 0.0366504266858101
v 0.0108472099527717 -0.0581134743988514 0.0373323224484921
v 0.0112926168367267 -0.0580590404570103 0.0367352180182934
v 0.0113522736355662 -0.0580481663346291 0.0366372950375080
v 0.0118043897673488 -0.0559343993663788 0.0353256314992905
v 0.0117265870794654 -0.0565889403223991 0.0357272624969482
v 0.0058610392734408 -0.0559343993663788 0.0373203158378601
v 0.0074341064319015 -0.0559343993663788 0.0382127314805984
v 0.0092426678165793 -0.0559343993663788 0.0382055565714836
v 0.0108086047694087 -0.0559343993663788 0.0373006872832775
v 0.0117179332301021 -0.0559343993663788 0.0357373356819153
v 0.0196587983518839 -0.3504923880100250 0.0297903921455145
v 0.0196587983518839 -0.0559343993663788 0.0297903921455145
v 0.0194263253360987 -0.0559343993663788 0.0308448169380426
v 0.0194263253360987 -0.3504923880100250 0.0308448169380426
v 0.0187720116227865 -0.0559343993663788 0.0317037254571915
v 0.0187720116227865 -0.3504923880100250 0.0317037254571915
v 0.0178171824663877 -0.0559343993663788 0.0322078615427017
v 0.0178171824663877 -0.3504923880100250 0.0322078615427017
v 0.0196587983518839 -0.0559343993663788 0.0135507984086871
v 0.0196587983518839 -0.3504923880100250 0.0135507984086871
v 0.0178171824663877 -0.3504923880100250 0.0111333290114999
v 0.0178171824663877 -0.0559343993663788 0.0111333290114999
v 0.0187720116227865 -0.0559343993663788 0.0116374641656876
v 0.0187720116227865 -0.3504923880100250 0.0116374641656876
v 0.0194263253360987 -0.0559343993663788 0.0124963745474815
v 0.0194263253360987 -0.3504923880100250 0.0124963745474815
v 0.0118021583184600 -0.0559343993663788 0.0338910333812237
v 0.0118896244093776 -0.0559343993663788 0.0338405817747116
v 0.0118896244093776 -0.0559343993663788 0.0095006069168448
v 0.0118021583184600 -0.0559343993663788 0.0094501553103328
v 0.0113624176010489 -0.0580426938831806 0.0067212893627584
v 0.0117201386019588 -0.0580415762960911 0.0075439340434968
v 0.0117265870794654 -0.0565889403223991 0.0076139266602695
v 0.0118043897673488 -0.0559343993663788 0.0080155609175563
v 0.0117179332301021 -0.0559343993663788 0.0076038572005928
v 0.0108086047694087 -0.0559343993663788 0.0060405055992305
v 0.0092426678165793 -0.0559343993663788 0.0051356325857341
v 0.0074341064319015 -0.0559343993663788 0.0051284576766193
v 0.0058610392734408 -0.0559343993663788 0.0060208770446479
v 0.0051348609849811 -0.0559343993663788 0.0070492425002158
v 0.0117255030199885 -0.0580735579133034 0.0075425687246025
v 0.0117489835247397 -0.0581122823059559 0.0075355456210673
v 0.0058536073192954 -0.0581255629658699 0.0059373355470598
v 0.0074262386187911 -0.0581410005688667 0.0050083599053323
v 0.0058821318671107 -0.0581241957843304 0.0059133390896022
v 0.0059959469363093 -0.0580889843404293 0.0058544403873384
v 0.0056895902380347 -0.0580798424780369 0.0061619342304766
v 0.0052875904366374 -0.0580429472029209 0.0067209298722446
v 0.0052867447957397 -0.0580415762960911 0.0067223892547190
v 0.0074055446311831 -0.0581409819424152 0.0050152367912233
v 0.0074193133041263 -0.0581409968435764 0.0050105764530599
v 0.0074646202847362 -0.0581049807369709 0.0050776875577867
v 0.0070090359076858 -0.0581308789551258 0.0051886956207454
v 0.0068788109347224 -0.0581013709306717 0.0052823270671070
v 0.0066058253869414 -0.0581134743988514 0.0054056826047599
v 0.0091577647253871 -0.0581051297485828 0.0050708740018308
v 0.0084988540038466 -0.0581066198647022 0.0049749589525163
v 0.0083542680367827 -0.0581335425376892 0.0049331835471094
v 0.0078926337882876 -0.0581391155719757 0.0049403789453208
v 0.0076621649786830 -0.0581405274569988 0.0049659064970911
v 0.0092539442703128 -0.0581047199666500 0.0050958110950887
v 0.0092557137832046 -0.0581122823059559 0.0050889919511974
v 0.0100805154070258 -0.0580983236432076 0.0054411753080785
v 0.0100967874750495 -0.0581122823059559 0.0054367384873331
v 0.0106268664821982 -0.0580894760787487 0.0058307568542659
v 0.0108224367722869 -0.0581122823059559 0.0059860679320991
v 0.0108087649568915 -0.0580848865211010 0.0060004121623933
v 0.0109123131260276 -0.0580816119909286 0.0061086132191122
v 0.0075474260374904 -0.0581408813595772 0.0049841902218759
v 0.0074902316555381 -0.0581409707665443 0.0049947141669691
v 0.0113445250317454 -0.0580503903329372 0.0066907634027302
v 0.0073781935498118 -0.0581409074366093 0.0050250119529665
v 0.0073240725323558 -0.0581405125558376 0.0050458158366382
v 0.0072175255045295 -0.0581385977566242 0.0050907391123474
v 0.0074616847559810 -0.0581409931182861 0.0050003207288682
v 0.0053571863099933 -0.0580590404570103 0.0066059730015695
v 0.0052975257858634 -0.0580481663346291 0.0067038950510323
v 0.0051267324015498 -0.0575354397296906 0.0070336186327040
v 0.0051215915009379 -0.0574972219765186 0.0070450301282108
v 0.0050981370732188 -0.0568530000746250 0.0070985374040902
v 0.0050810603424907 -0.0559343993663788 0.0071390890516341
v 0.0117503507062793 -0.0559343993663788 0.0339777059853077
v 0.0117473257705569 -0.0559343993663788 0.0340786315500736
v 0.0050258031114936 -0.0559343993663788 0.0072813215665519
v 0.0049675917252898 -0.0559343993663788 0.0073652747087181
v 0.0117503507062793 -0.0559343993663788 0.0093634864315391
v 0.0117473257705569 -0.0559343993663788 0.0092625580728054
v 0.0118182776495814 -0.0559343993663788 0.0081348577514291
v 0.0118182776495814 -0.0559343993663788 0.0352063328027725
v 0.0048755807802081 -0.0559343993663788 0.0359315201640129
v 0.0049675917252898 -0.0559343993663788 0.0359759144484997
v 0.0050258031114936 -0.0559343993663788 0.0360598675906658
v -0.0128536606207490 -0.0559343993663788 0.0296407453715801
v -0.0129050044342875 -0.0559343993663788 0.0297158751636744
v -0.0078479582443833 -0.0559343993663788 0.0345992222428322
v -0.0077579999342561 -0.0559343993663788 0.0345855019986629
v -0.0076712379232049 -0.0559343993663788 0.0346129350364208
v -0.0015931401867419 -0.0559343993663788 0.0366310067474842
v 0.0047736344859004 -0.0559343993663788 0.0359381958842278
v -0.0138096092268825 -0.0559343993663788 0.0310463663190603
v -0.0140256630256772 -0.0559343993663788 0.0326406806707382
v -0.0135077824816108 -0.0559343993663788 0.0341639406979084
v -0.0123647497966886 -0.0559343993663788 0.0352961905300617
v -0.0108366506174207 -0.0559343993663788 0.0357996076345444
v -0.0092444578185678 -0.0559343993663788 0.0355684533715248
v -0.0079225981608033 -0.0559343993663788 0.0346512794494629
v 0.0048755807802081 -0.0559343993663788 0.0074096708558500
v 0.0047736344859004 -0.0559343993663788 0.0074029951356351
v -0.0015931401867419 -0.0559343993663788 0.0067101833410561
v -0.0076712379232049 -0.0559343993663788 0.0087282555177808
v -0.0077579999342561 -0.0559343993663788 0.0087556894868612
v -0.0078479582443833 -0.0559343993663788 0.0087419673800468
v -0.0079225981608033 -0.0559343993663788 0.0086899129673839
v -0.0092444578185678 -0.0559343993663788 0.0077727385796607
v -0.0108366506174207 -0.0559343993663788 0.0075415833853185
v -0.0123647497966886 -0.0559343993663788 0.0080450009554625
v -0.0135077824816108 -0.0559343993663788 0.0091772507876158
v -0.0140256630256772 -0.0559343993663788 0.0107005098834634
v -0.0138096092268825 -0.0559343993663788 0.0122948233038187
v -0.0129050044342875 -0.0559343993663788 0.0136253144592047
v -0.0128536606207490 -0.0559343993663788 0.0137004442512989
v -0.0128407916054130 -0.0559343993663788 0.0137905292212963
v -0.0128690460696816 -0.0559343993663788 0.0138770304620266
v -0.0147978430613875 -0.0559343993663788 0.0189547426998615
v -0.0147978430613875 -0.0559343993663788 0.0243864487856627
v -0.0128690460696816 -0.0559343993663788 0.0294641610234976
v -0.0128407916054130 -0.0559343993663788 0.0295506622642279
v -0.0079225981608033 -0.3504923880100250 0.0086899129673839
v -0.0078479582443833 -0.3504923880100250 0.0087419673800468
v -0.0077579999342561 -0.3504923880100250 0.0087556894868612
v -0.0076712379232049 -0.3504923880100250 0.0087282555177808
v -0.0129050044342875 -0.3504923880100250 0.0136253144592047
v -0.0138096092268825 -0.3504923880100250 0.0122948233038187
v -0.0140256630256772 -0.3504923880100250 0.0107005098834634
v -0.0135077824816108 -0.3504923880100250 0.0091772507876158
v -0.0123647497966886 -0.3504923880100250 0.0080450009554625
v -0.0108366506174207 -0.3504923880100250 0.0075415833853185
v -0.0092444578185678 -0.3504923880100250 0.0077727385796607
v -0.0128690460696816 -0.3504923880100250 0.0138770304620266
v -0.0128407916054130 -0.3504923880100250 0.0137905292212963
v -0.0128536606207490 -0.3504923880100250 0.0137004442512989
v -0.0128690460696816 -0.3504923880100250 0.0294641610234976
v -0.0147978430613875 -0.3504923880100250 0.0243864487856627
v -0.0147978430613875 -0.3504923880100250 0.0189547426998615
v -0.0129050044342875 -0.3504923880100250 0.0297158751636744
v -0.0128536606207490 -0.3504923880100250 0.0296407453715801
v -0.0128407916054130 -0.3504923880100250 0.0295506622642279
v -0.0079225981608033 -0.3504923880100250 0.0346512794494629
v -0.0092444578185678 -0.3504923880100250 0.0355684533715248
v -0.0108366506174207 -0.3504923880100250 0.0357996076345444
v -0.0123647497966886 -0.3504923880100250 0.0352961905300617
v -0.0135077824816108 -0.3504923880100250 0.0341639406979084
v -0.0140256630256772 -0.3504923880100250 0.0326406806707382
v -0.0138096092268825 -0.3504923880100250 0.0310463663190603
v -0.0076712379232049 -0.3504923880100250 0.0346129350364208
v -0.0077579999342561 -0.3504923880100250 0.0345855019986629
v -0.0078479582443833 -0.3504923880100250 0.0345992222428322
v 0.0047736344859004 -0.3504923880100250 0.0359381958842278
v -0.0015931401867419 -0.3504923880100250 0.0366310067474842
v 0.0050258031114936 -0.3504923880100250 0.0360598675906658
v 0.0049675917252898 -0.3504923880100250 0.0359759144484997
v 0.0048755807802081 -0.3504923880100250 0.0359315201640129
v 0.0068788332864642 -0.3504923880100250 0.0380588732659817
v 0.0055778538808227 -0.3504923880100250 0.0370457619428635
v 0.0100804967805743 -0.3504923880100250 0.0379000268876553
v 0.0084988540038466 -0.3504923880100250 0.0383662320673466
v 0.0112748024985194 -0.3504923880100250 0.0367631167173386
v 0.0118182776495814 -0.3504923880100250 0.0352063328027725
v 0.0117473257705569 -0.3504923880100250 0.0340786315500736
v 0.0118896244093776 -0.3504923880100250 0.0338405817747116
v 0.0118021583184600 -0.3504923880100250 0.0338910333812237
v 0.0117503507062793 -0.3504923880100250 0.0339777059853077
v 0.0118896244093776 -0.3504923880100250 0.0095006069168448
v 0.0117503507062793 -0.3504923880100250 0.0093634864315391
v 0.0117473257705569 -0.3504923880100250 0.0092625580728054
v 0.0118021583184600 -0.3504923880100250 0.0094501553103328
v 0.0100804967805743 -0.3504923880100250 0.0054411622695625
v 0.0118182776495814 -0.3504923880100250 0.0081348577514291
v 0.0112748024985194 -0.3504923880100250 0.0065780752338469
v 0.0084988540038466 -0.3504923880100250 0.0049749589525163
v 0.0068788332864642 -0.3504923880100250 0.0052823177538812
v 0.0055778538808227 -0.3504923880100250 0.0062954309396446
v 0.0050258031114936 -0.3504923880100250 0.0072813215665519
v 0.0047736344859004 -0.3504923880100250 0.0074029951356351
v 0.0048755807802081 -0.3504923880100250 0.0074096708558500
v 0.0049675917252898 -0.3504923880100250 0.0073652747087181
v -0.0015931401867419 -0.3504923880100250 0.0067101833410561
v -0.0859030038118362 -0.0472637861967087 0.0126885715872049
v -0.0859030038118362 -0.0472637861967087 0.0128885712474585
v -0.0860529989004135 -0.0472637861967087 0.0126483794301748
v -0.0861530005931854 -0.0472637861967087 0.0128215840086341
v -0.0861628055572510 -0.0472637861967087 0.0125385718420148
v -0.0863360166549683 -0.0472637861967087 0.0126385716721416
v -0.0862030014395714 -0.0472637861967087 0.0123885711655021
v -0.0864029973745346 -0.0472637861967087 0.0123885711655021
v -0.0861628055572510 -0.0472637861967087 0.0122385714203119
v -0.0863360166549683 -0.0472637861967087 0.0121385715901852
v -0.0860529989004135 -0.0472637861967087 0.0121287638321519
v -0.0861530005931854 -0.0472637861967087 0.0119555592536926
v -0.0859030038118362 -0.0472637861967087 0.0120885716751218
v -0.0859030038118362 -0.0472637861967087 0.0118885710835457
v -0.0857530012726784 -0.0472637861967087 0.0121287638321519
v -0.0856529995799065 -0.0472637861967087 0.0119555592536926
v -0.0856431946158409 -0.0472637861967087 0.0122385714203119
v -0.0854699909687042 -0.0472637861967087 0.0121385715901852
v -0.0856029987335205 -0.0472637861967087 0.0123885711655021
v -0.0854030027985573 -0.0472637861967087 0.0123885711655021
v -0.0856431946158409 -0.0472637861967087 0.0125385718420148
v -0.0854699909687042 -0.0472637861967087 0.0126385716721416
v -0.0857530012726784 -0.0472637861967087 0.0126483794301748
v -0.0856529995799065 -0.0472637861967087 0.0128215840086341
v -0.0861530005931854 0.0110060013830662 0.0119555592536926
v -0.0856529995799065 0.0110060013830662 0.0128215840086341
v -0.0863360166549683 0.0110060013830662 0.0121385715901852
v -0.0854699909687042 0.0110060013830662 0.0126385716721416
v -0.0854030027985573 0.0110060013830662 0.0123885711655021
v -0.0861530005931854 0.0110060013830662 0.0128215840086341
v -0.0859030038118362 0.0110060013830662 0.0128885712474585
v -0.0863360166549683 0.0110060013830662 0.0126385716721416
v -0.0864029973745346 0.0110060013830662 0.0123885711655021
v -0.0854699909687042 0.0110060013830662 0.0121385715901852
v -0.0856529995799065 0.0110060013830662 0.0119555592536926
v -0.0859030038118362 0.0110060013830662 0.0118885710835457
v -0.0861628055572510 -0.0492637865245342 0.0125385718420148
v -0.0862030014395714 -0.0492637865245342 0.0123885711655021
v -0.0861628055572510 -0.0492637865245342 0.0122385714203119
v -0.0856431946158409 -0.0492637865245342 0.0122385714203119
v -0.0856029987335205 -0.0492637865245342 0.0123885711655021
v -0.0856431946158409 -0.0492637865245342 0.0125385718420148
v -0.0859030038118362 -0.0492637865245342 0.0120885716751218
v -0.0857530012726784 -0.0492637865245342 0.0121287638321519
v -0.0860529989004135 -0.0492637865245342 0.0121287638321519
v -0.0857530012726784 -0.0492637865245342 0.0126483794301748
v -0.0859030038118362 -0.0492637865245342 0.0126885715872049
v -0.0860529989004135 -0.0492637865245342 0.0126483794301748
v -0.0049648480489850 -0.0581410005688667 0.0302699673920870
v -0.0085993716493249 -0.0581410005688667 0.0266354456543922
v -0.0000000011306651 -0.0581410005688667 0.0216705948114395
v -0.0099296988919377 -0.0581410005688667 0.0216705948114395
v -0.0085993716493249 -0.0581410005688667 0.0167057458311319
v 0.0085993735119700 -0.0581410005688667 0.0266354456543922
v 0.0049648499116302 -0.0581410005688667 0.0302699673920870
v -0.0000000011306651 -0.0581410005688667 0.0316002964973450
v 0.0049648499116302 -0.0581410005688667 0.0130712222307920
v 0.0085993735119700 -0.0581410005688667 0.0167057458311319
v 0.0099297007545829 -0.0581410005688667 0.0216705948114395
v -0.0049648480489850 -0.0581410005688667 0.0130712222307920
v -0.0000000011306651 -0.0581410005688667 0.0117408949881792
v 0.0099297007545829 -0.3504923880100250 0.0216705948114395
v 0.0085993735119700 -0.3504923880100250 0.0167057458311319
v 0.0049648499116302 -0.3504923880100250 0.0130712222307920
v -0.0000000011306650 -0.3504923880100250 0.0117408949881792
v -0.0049648480489850 -0.3504923880100250 0.0130712222307920
v -0.0085993716493249 -0.3504923880100250 0.0167057458311319
v -0.0099296988919377 -0.3504923880100250 0.0216705948114395
v -0.0085993716493249 -0.3504923880100250 0.0266354456543922
v -0.0049648480489850 -0.3504923880100250 0.0302699673920870
v -0.0000000011306649 -0.3504923880100250 0.0316002964973450
v 0.0049648499116302 -0.3504923880100250 0.0302699673920870
v 0.0085993735119700 -0.3504923880100250 0.0266354456543922
v -0.0809398666024208 -0.0472637861967087 0.0112885711714625
v -0.0807666629552841 -0.0472637861967087 0.0113885719329119
v -0.0810496732592583 -0.0472637861967087 0.0113983787596226
v -0.0809496715664864 -0.0472637861967087 0.0115715842694044
v -0.0811996757984161 -0.0472637861967087 0.0114385718479753
v -0.0811996757984161 -0.0472637861967087 0.0116385715082288
v -0.0813496783375740 -0.0472637861967087 0.0113983787596226
v -0.0814496725797653 -0.0472637861967087 0.0115715842694044
v -0.0814594849944115 -0.0472637861967087 0.0112885711714625
v -0.0816326886415482 -0.0472637861967087 0.0113885719329119
v -0.0814996734261513 -0.0472637861967087 0.0111385714262724
v -0.0816996768116951 -0.0472637861967087 0.0111385714262724
v -0.0814594849944115 -0.0472637861967087 0.0109885716810822
v -0.0816326886415482 -0.0472637861967087 0.0108885718509555
v -0.0813496783375740 -0.0472637861967087 0.0108787640929222
v -0.0814496725797653 -0.0472637861967087 0.0107055585831404
v -0.0811996757984161 -0.0472637861967087 0.0108385719358921
v -0.0811996757984161 -0.0472637861967087 0.0106385713443160
v -0.0810496732592583 -0.0472637861967087 0.0108787640929222
v -0.0809496715664864 -0.0472637861967087 0.0107055585831404
v -0.0809398666024208 -0.0472637861967087 0.0109885716810822
v -0.0807666629552841 -0.0472637861967087 0.0108885718509555
v -0.0808996781706810 -0.0472637861967087 0.0111385714262724
v -0.0806996747851372 -0.0472637861967087 0.0111385714262724
v -0.0856612473726273 0.0110060013830662 0.0107055585831404
v -0.0858442634344101 0.0110060013830662 0.0108885718509555
v -0.0859112516045570 0.0110060013830662 0.0111385714262724
v -0.0849782377481461 0.0110060013830662 0.0113885719329119
v -0.0849112495779991 0.0110060013830662 0.0111385714262724
v -0.0851612538099289 0.0110060013830662 0.0115715842694044
v -0.0858442634344101 0.0110060013830662 0.0113885719329119
v -0.0856612473726273 0.0110060013830662 0.0115715842694044
v -0.0854112505912781 0.0110060013830662 0.0116385715082288
v -0.0854112505912781 0.0110060013830662 0.0106385713443160
v -0.0851612538099289 0.0110060013830662 0.0107055585831404
v -0.0849782377481461 0.0110060013830662 0.0108885718509555
v -0.0806996747851372 -0.0448766350746155 0.0111385714262724
v -0.0807666629552841 -0.0448766350746155 0.0108885718509555
v -0.0809496715664864 -0.0448766350746155 0.0107055585831404
v -0.0811996757984161 -0.0448766350746155 0.0106385713443160
v -0.0814496725797653 -0.0448766350746155 0.0107055585831404
v -0.0816326886415482 -0.0448766350746155 0.0108885718509555
v -0.0816996768116951 -0.0448766350746155 0.0111385714262724
v -0.0816326886415482 -0.0448766350746155 0.0113885719329119
v -0.0814496725797653 -0.0448766350746155 0.0115715842694044
v -0.0811996757984161 -0.0448766350746155 0.0116385715082288
v -0.0809496715664864 -0.0448766350746155 0.0115715842694044
v -0.0807666629552841 -0.0448766350746155 0.0113885719329119
v -0.0820525735616684 -0.0437421500682831 0.0111385714262724
v -0.0817899331450462 -0.0442825853824615 0.0111385714262724
v -0.0819974020123482 -0.0437041521072388 0.0113885719329119
v -0.0817259699106216 -0.0442626886069775 0.0113885719329119
v -0.0818466842174530 -0.0436003394424915 0.0115715842694044
v -0.0815512165427208 -0.0442083291709423 0.0115715842694044
v -0.0816407948732376 -0.0434585288167000 0.0116385715082288
v -0.0813124999403954 -0.0441340692341328 0.0116385715082288
v -0.0814349129796028 -0.0433167181909084 0.0115715842694044
v -0.0810737833380699 -0.0440598130226135 0.0115715842694044
v -0.0812841877341270 -0.0432129055261612 0.0113885719329119
v -0.0808990299701691 -0.0440054535865784 0.0113885719329119
v -0.0812290236353874 -0.0431749075651169 0.0111385714262724
v -0.0808350667357445 -0.0439855568110943 0.0111385714262724
v -0.0812841877341270 -0.0432129055261612 0.0108885718509555
v -0.0808990299701691 -0.0440054535865784 0.0108885718509555
v -0.0814349129796028 -0.0433167181909084 0.0107055585831404
v -0.0810737833380699 -0.0440598130226135 0.0107055585831404
v -0.0816407948732376 -0.0434585288167000 0.0106385713443160
v -0.0813124999403954 -0.0441340692341328 0.0106385713443160
v -0.0818466842174530 -0.0436003394424915 0.0107055585831404
v -0.0815512165427208 -0.0442083291709423 0.0107055585831404
v -0.0819974020123482 -0.0437041521072388 0.0108885718509555
v -0.0817259699106216 -0.0442626886069775 0.0108885718509555
v -0.0845583528280258 -0.0383412204682827 0.0111385714262724
v -0.0846135169267654 -0.0383792184293270 0.0108885718509555
v -0.0847642421722412 -0.0384830310940742 0.0107055585831404
v -0.0849701315164566 -0.0386248417198658 0.0106385713443160
v -0.0851760134100914 -0.0387666523456573 0.0107055585831404
v -0.0853267386555672 -0.0388704650104046 0.0108885718509555
v -0.0853819027543068 -0.0389084629714489 0.0111385714262724
v -0.0853267386555672 -0.0388704650104046 0.0113885719329119
v -0.0851760134100914 -0.0387666523456573 0.0115715842694044
v -0.0849701315164566 -0.0386248417198658 0.0116385715082288
v -0.0847642421722412 -0.0384830310940742 0.0115715842694044
v -0.0846135169267654 -0.0383792184293270 0.0113885719329119
v -0.0849112495779991 -0.0372067354619503 0.0111385714262724
v -0.0848209857940674 -0.0378007888793945 0.0111385714262724
v -0.0849782377481461 -0.0372067354619503 0.0108885718509555
v -0.0848849564790726 -0.0378206856548786 0.0108885718509555
v -0.0851612538099289 -0.0372067354619503 0.0107055585831404
v -0.0850597098469734 -0.0378750450909138 0.0107055585831404
v -0.0854112505912781 -0.0372067354619503 0.0106385713443160
v -0.0852984264492989 -0.0379493013024330 0.0106385713443160
v -0.0856612473726273 -0.0372067354619503 0.0107055585831404
v -0.0855371430516243 -0.0380235575139523 0.0107055585831404
v -0.0858442634344101 -0.0372067354619503 0.0108885718509555
v -0.0857118964195251 -0.0380779169499874 0.0108885718509555
v -0.0859112516045570 -0.0372067354619503 0.0111385714262724
v -0.0857758596539497 -0.0380978137254715 0.0111385714262724
v -0.0858442634344101 -0.0372067354619503 0.0113885719329119
v -0.0857118964195251 -0.0380779169499874 0.0113885719329119
v -0.0856612473726273 -0.0372067354619503 0.0115715842694044
v -0.0855371430516243 -0.0380235575139523 0.0115715842694044
v -0.0854112505912781 -0.0372067354619503 0.0116385715082288
v -0.0852984264492989 -0.0379493013024330 0.0116385715082288
v -0.0851612538099289 -0.0372067354619503 0.0115715842694044
v -0.0850597098469734 -0.0378750450909138 0.0115715842694044
v -0.0849782377481461 -0.0372067354619503 0.0113885719329119
v -0.0848849564790726 -0.0378206856548786 0.0113885719329119
v -0.0810496732592583 -0.0492637865245342 0.0113983787596226
v -0.0814594849944115 -0.0492637865245342 0.0109885716810822
v -0.0809398666024208 -0.0492637865245342 0.0112885711714625
v -0.0813496783375740 -0.0492637865245342 0.0108787640929222
v -0.0814594849944115 -0.0492637865245342 0.0112885711714625
v -0.0814996734261513 -0.0492637865245342 0.0111385714262724
v -0.0813496783375740 -0.0492637865245342 0.0113983787596226
v -0.0811996757984161 -0.0492637865245342 0.0114385718479753
v -0.0809398666024208 -0.0492637865245342 0.0109885716810822
v -0.0808996781706810 -0.0492637865245342 0.0111385714262724
v -0.0810496732592583 -0.0492637865245342 0.0108787640929222
v -0.0811996757984161 -0.0492637865245342 0.0108385719358921
v -0.0934569612145424 -0.0472637861967087 0.0107718175277114
v -0.0933787524700165 -0.0472637861967087 0.0109135713428259
v -0.0934912487864494 -0.0472637861967087 0.0109437154605985
v -0.0935736075043678 -0.0472637861967087 0.0110260713845491
v -0.0936103165149689 -0.0472637861967087 0.0108436094596982
v -0.0935662463307381 -0.0472637861967087 0.0108138117939234
v -0.0933787524700165 -0.0472637861967087 0.0107635715976357
v -0.0933005437254906 -0.0472637861967087 0.0107718175277114
v -0.0932662487030029 -0.0472637861967087 0.0109437154605985
v -0.0931537523865700 -0.0472637861967087 0.0111385714262724
v -0.0931838974356651 -0.0472637861967087 0.0110260713845491
v -0.0930289551615715 -0.0472637861967087 0.0110034178942442
v -0.0931912511587143 -0.0472637861967087 0.0108138117939234
v -0.0931367278099060 -0.0472637861967087 0.0108521273359656
v -0.0930539891123772 -0.0472637861967087 0.0109510719776154
v -0.0933787524700165 -0.0472637861967087 0.0113635715097189
v -0.0934166759252548 -0.0472637861967087 0.0115116490051150
v -0.0934912487864494 -0.0472637861967087 0.0113334273919463
v -0.0935662463307381 -0.0472637861967087 0.0114633310586214
v -0.0935736075043678 -0.0472637861967087 0.0112510714679956
v -0.0937035083770752 -0.0472637861967087 0.0113260718062520
v -0.0936037525534630 -0.0472637861967087 0.0111385714262724
v -0.0937537476420403 -0.0472637861967087 0.0111385714262724
v -0.0937035083770752 -0.0472637861967087 0.0109510719776154
v -0.0931838974356651 -0.0472637861967087 0.0112510714679956
v -0.0930742621421814 -0.0472637861967087 0.0113574564456940
v -0.0932662487030029 -0.0472637861967087 0.0113334273919463
v -0.0931912511587143 -0.0472637861967087 0.0114633310586214
v -0.0933787524700165 -0.0472637861967087 0.0115135712549090
v -0.0930037498474121 -0.0472637861967087 0.0111385714262724
v -0.0930080190300941 -0.0472637861967087 0.0111949909478426
v -0.0930539891123772 -0.0472637861967087 0.0113260718062520
v -0.0879701152443886 0.0109056420624256 0.0113260718062520
v -0.0878395736217499 0.0109480582177639 0.0114633310586214
v -0.0876612514257431 0.0110060013830662 0.0115135712549090
v -0.0877356305718422 0.0109818316996098 0.0107718175277114
v -0.0878395736217499 0.0109480582177639 0.0108138117939234
v -0.0874310731887817 0.0110807903110981 0.0108521273359656
v -0.0874829292297363 0.0110639408230782 0.0108138117939234
v -0.0873523876070976 0.0111063569784164 0.0113260718062520
v -0.0876612514257431 0.0110060013830662 0.0107635715976357
v -0.0874993577599525 0.0110586024820805 0.0114727094769478
v -0.0874829292297363 0.0110639408230782 0.0114633310586214
v -0.0873716622591019 0.0111000910401344 0.0113574564456940
v -0.0875868722796440 0.0110301673412323 0.0107718175277114
v -0.0873086676001549 0.0111205615103245 0.0111949909478426
v -0.0873046070337296 0.0111218802630901 0.0111385714262724
v -0.0873285755515099 0.0111140944063663 0.0110034178942442
v -0.0873523876070976 0.0111063569784164 0.0109510719776154
v -0.0880178958177567 0.0108901187777519 0.0111385714262724
v -0.0879701152443886 0.0109056420624256 0.0109510719776154
v -0.0878814831376076 0.0109344422817230 0.0108436094596982
v -0.0882094949483871 -0.0303073227405548 0.0109808882698417
v -0.0881344228982925 -0.0303073227405548 0.0108734061941504
v -0.0881009623408318 -0.0303073227405548 0.0108437193557620
v -0.0879954770207405 -0.0303073227405548 0.0107854511588812
v -0.0879474952816963 -0.0303073227405548 0.0107718231156468
v -0.0878692641854286 -0.0303073227405548 0.0107635715976357
v -0.0882380455732346 -0.0303073227405548 0.0112065467983484
v -0.0882442593574524 -0.0303073227405548 0.0111385164782405
v -0.0882279127836227 -0.0303073227405548 0.0110290450975299
v -0.0878134965896606 -0.0303073227405548 0.0107677411288023
v -0.0877911224961281 -0.0303073227405548 0.0107718016952276
v -0.0876499637961388 -0.0303073227405548 0.0108343772590160
v -0.0876270458102226 -0.0303073227405548 0.0108522921800613
v -0.0875335261225700 -0.0303073227405548 0.0109715145081282
v -0.0875194147229195 -0.0303073227405548 0.0110035352408886
v -0.0874942615628242 -0.0303073227405548 0.0111385714262724
v -0.0874970704317093 -0.0303073227405548 0.0111843943595886
v -0.0875585749745369 -0.0303073227405548 0.0113485669717193
v -0.0876915007829666 -0.0303073227405548 0.0114687634631991
v -0.0878692641854286 -0.0303073227405548 0.0115135712549090
v -0.0880292356014252 -0.0303073227405548 0.0114777358248830
v -0.0880702957510948 -0.0303073227405548 0.0114551289007068
v -0.0881672576069832 -0.0303073227405548 0.0113662155345082
v -0.0881952643394470 -0.0303073227405548 0.0113239046186209
v -0.0879848375916481 -0.0290991384536028 0.0109808882698417
v -0.0879134386777878 -0.0290759410709143 0.0108734061941504
v -0.0879754722118378 -0.0297003276646137 0.0108734061941504
v -0.0873459652066231 -0.0296006239950657 0.0111843943595886
v -0.0873072743415833 -0.0288789868354797 0.0111843943595886
v -0.0873657688498497 -0.0288979932665825 0.0113485669717193
v -0.0874067097902298 -0.0296102445572615 0.0113485669717193
v -0.0875380039215088 -0.0296310391277075 0.0114687634631991
v -0.0877135768532753 -0.0296588465571404 0.0115135712549090
v -0.0878715813159943 -0.0296838730573654 0.0114777358248830
v -0.0874921903014183 -0.0289390701800585 0.0114687634631991
v -0.0876612514257431 -0.0289939995855093 0.0115135712549090
v -0.0878133997321129 -0.0290434360504150 0.0114777358248830
v -0.0878524482250214 -0.0290561243891716 0.0114551289007068
v -0.0880079045891762 -0.0297054648399353 0.0113662155345082
v -0.0879446640610695 -0.0290860868990421 0.0113662155345082
v -0.0879712924361229 -0.0290947407484055 0.0113239046186209
v -0.0880778208374977 -0.0297165382653475 0.0112065467983484
v -0.0880119875073433 -0.0291079618036747 0.0112065467983484
v -0.0880178958177567 -0.0291098821908236 0.0111385164782405
v -0.0880678072571754 -0.0297149512916803 0.0110290450975299
v -0.0880023464560509 -0.0291048288345337 0.0110290450975299
v -0.0878816172480583 -0.0290656015276909 0.0108437193557620
v -0.0878382399678230 -0.0296785905957222 0.0107854511588812
v -0.0877356603741646 -0.0290181767195463 0.0107718231156468
v -0.0876612514257431 -0.0289939995855093 0.0107635715976357
v -0.0876584947109222 -0.0296501237899065 0.0107677411288023
v -0.0877812877297401 -0.0290330033749342 0.0107854511588812
v -0.0874526873230934 -0.0289262346923351 0.0108343772590160
v -0.0874969810247421 -0.0296245403587818 0.0108343772590160
v -0.0875869393348694 -0.0289698559790850 0.0107718016952276
v -0.0876082107424736 -0.0289767682552338 0.0107677411288023
v -0.0874308869242668 -0.0289191510528326 0.0108522921800613
v -0.0873819738626480 -0.0296063255518675 0.0109715145081282
v -0.0873419493436813 -0.0288902521133423 0.0109715145081282
v -0.0873285308480263 -0.0288858935236931 0.0110035352408886
v -0.0873431935906410 -0.0296001844108105 0.0111385714262724
v -0.0873046070337296 -0.0288781188428402 0.0111385714262724
v -0.0933787524700165 -0.0492637865245342 0.0109135713428259
v -0.0932662487030029 -0.0492637865245342 0.0109437154605985
v -0.0931838974356651 -0.0492637865245342 0.0110260713845491
v -0.0931537523865700 -0.0492637865245342 0.0111385714262724
v -0.0935736075043678 -0.0492637865245342 0.0112510714679956
v -0.0931838974356651 -0.0492637865245342 0.0112510714679956
v -0.0932662487030029 -0.0492637865245342 0.0113334273919463
v -0.0933787524700165 -0.0492637865245342 0.0113635715097189
v -0.0934912487864494 -0.0492637865245342 0.0113334273919463
v -0.0934912487864494 -0.0492637865245342 0.0109437154605985
v -0.0935736075043678 -0.0492637865245342 0.0110260713845491
v -0.0936037525534630 -0.0492637865245342 0.0111385714262724
v -0.0899021327495575 -0.0472637861967087 0.3942194581031799
v -0.0898366868495941 -0.0472637861967087 0.3943637013435364
v -0.0899491831660271 -0.0472637861967087 0.3943938314914703
v -0.0900315418839455 -0.0472637861967087 0.3944761753082275
v -0.0900607854127884 -0.0472637861967087 0.3942880034446716
v -0.0900241807103157 -0.0472637861967087 0.3942639231681824
v -0.0898366868495941 -0.0472637861967087 0.3942136764526367
v -0.0897271186113358 -0.0472637861967087 0.3942300379276276
v -0.0897241830825806 -0.0472637861967087 0.3943938314914703
v -0.0896116867661476 -0.0472637861967087 0.3945886790752411
v -0.0896418243646622 -0.0472637861967087 0.3944761753082275
v -0.0894871950149536 -0.0472637861967087 0.3944527208805084
v -0.0896491855382919 -0.0472637861967087 0.3942639231681824
v -0.0895716547966003 -0.0472637861967087 0.3943233788013458
v -0.0895119234919548 -0.0472637861967087 0.3944011926651001
v -0.0896418243646622 -0.0472637861967087 0.3947011828422546
v -0.0895278006792068 -0.0472637861967087 0.3948013186454773
v -0.0897241830825806 -0.0472637861967087 0.3947835564613342
v -0.0896491855382919 -0.0472637861967087 0.3949134349822998
v -0.0898366868495941 -0.0472637861967087 0.3948136866092682
v -0.0898366868495941 -0.0472637861967087 0.3949636816978455
v -0.0899491831660271 -0.0472637861967087 0.3947835564613342
v -0.0900241807103157 -0.0472637861967087 0.3949134349822998
v -0.0900315418839455 -0.0472637861967087 0.3947011828422546
v -0.0901614427566528 -0.0472637861967087 0.3947761952877045
v -0.0900616869330406 -0.0472637861967087 0.3945886790752411
v -0.0902116820216179 -0.0472637861967087 0.3945886790752411
v -0.0901614427566528 -0.0472637861967087 0.3944011926651001
v -0.0894616842269897 -0.0472637861967087 0.3945886790752411
v -0.0894648879766464 -0.0472637861967087 0.3946376144886017
v -0.0895119234919548 -0.0472637861967087 0.3947761952877045
v -0.0868331715464592 0.0110623948276043 0.3947761952877045
v -0.0874728262424469 0.0109496042132378 0.3947761952877045
v -0.0868488103151321 0.0110596381127834 0.3948013186454773
v -0.0869683474302292 0.0110385604202747 0.3949134349822998
v -0.0867868512868881 0.0110705606639385 0.3946376144886017
v -0.0867836996912956 0.0110711194574833 0.3945886790752411
v -0.0868088230490685 0.0110666863620281 0.3944527208805084
v -0.0874728262424469 0.0109496042132378 0.3944011926651001
v -0.0875223055481911 0.0109408833086491 0.3945886790752411
v -0.0873736962676048 0.0109670832753181 0.3942880034446716
v -0.0873376503586769 0.0109734423458576 0.3942639231681824
v -0.0872174501419067 0.0109946355223656 0.3942194581031799
v -0.0873376503586769 0.0109734423458576 0.3949134349822998
v -0.0871530026197433 0.0110060013830662 0.3949636816978455
v -0.0869801044464111 0.0110364854335785 0.3949200510978699
v -0.0868331715464592 0.0110623948276043 0.3944011926651001
v -0.0868920013308525 0.0110520198941231 0.3943233788013458
v -0.0869683474302292 0.0110385604202747 0.3942639231681824
v -0.0870451033115387 0.0110250264406204 0.3942300379276276
v -0.0871530026197433 0.0110060013830662 0.3942136764526367
v -0.0876332819461823 -0.0330777764320374 0.3948163688182831
v -0.0876642465591431 -0.0330777764320374 0.3947687447071075
v -0.0877040848135948 -0.0330777764320374 0.3946567177772522
v -0.0877103060483932 -0.0330777764320374 0.3945886790752411
v -0.0876939669251442 -0.0330777764320374 0.3944791853427887
v -0.0876727849245071 -0.0330777764320374 0.3944251835346222
v -0.0876004695892334 -0.0330777764320374 0.3943235278129578
v -0.0875594317913055 -0.0330777764320374 0.3942880332469940
v -0.0874611735343933 -0.0330777764320374 0.3942354321479797
v -0.0874007716774940 -0.0330777764320374 0.3942194581031799
v -0.0872791931033134 -0.0330777764320374 0.3942179083824158
v -0.0872257724404335 -0.0330777764320374 0.3942300379276276
v -0.0871156826615334 -0.0330777764320374 0.3942847251892090
v -0.0870702415704727 -0.0330777764320374 0.3943234086036682
v -0.0869993865489960 -0.0330777764320374 0.3944220244884491
v -0.0869858041405678 -0.0330777764320374 0.3944527804851532
v -0.0869603082537651 -0.0330777764320374 0.3945886790752411
v -0.0869631171226501 -0.0330777764320374 0.3946345150470734
v -0.0870246216654778 -0.0330777764320374 0.3947986960411072
v -0.0871575474739075 -0.0330777764320374 0.3949188888072968
v -0.0873353108763695 -0.0330777764320374 0.3949636816978455
v -0.0874952524900436 -0.0330777764320374 0.3949278593063354
v -0.0875426083803177 -0.0330777764320374 0.3949011862277985
v -0.0868278890848160 -0.0320074297487736 0.3946345150470734
v -0.0867864638566971 -0.0309293698519468 0.3946345150470734
v -0.0868470296263695 -0.0309400502592325 0.3947986960411072
v -0.0868891626596451 -0.0320127904415131 0.3947986960411072
v -0.0870215818285942 -0.0320243760943413 0.3949188888072968
v -0.0871986672282219 -0.0320398695766926 0.3949636816978455
v -0.0873580053448677 -0.0320538096129894 0.3949278593063354
v -0.0869779437780380 -0.0309631321579218 0.3949188888072968
v -0.0871530026197433 -0.0309939999133348 0.3949636816978455
v -0.0873105153441429 -0.0310217738151550 0.3949278593063354
v -0.0873571485280991 -0.0310299973934889 0.3949011862277985
v -0.0874955058097839 -0.0320658385753632 0.3948163688182831
v -0.0874464511871338 -0.0310457423329353 0.3948163688182831
v -0.0874769464135170 -0.0310511197894812 0.3947687447071075
v -0.0875660404562950 -0.0320720113813877 0.3946567177772522
v -0.0875161811709404 -0.0310580376535654 0.3946567177772522
v -0.0875223055481911 -0.0310591179877520 0.3945886790752411
v -0.0875559598207474 -0.0320711284875870 0.3944791853427887
v -0.0875062122941017 -0.0310562811791897 0.3944791853427887
v -0.0874628201127052 -0.0320629775524139 0.3943235278129578
v -0.0874853506684303 -0.0310526024550200 0.3944251835346222
v -0.0874141380190849 -0.0310400463640690 0.3943235278129578
v -0.0873240530490875 -0.0320508368313313 0.3942354321479797
v -0.0873737186193466 -0.0310329180210829 0.3942880332469940
v -0.0872769579291344 -0.0310158561915159 0.3942354321479797
v -0.0872174650430679 -0.0310053676366806 0.3942194581031799
v -0.0871427580714226 -0.0320349782705307 0.3942179083824158
v -0.0869367122650146 -0.0309558622539043 0.3942847251892090
v -0.0869798734784126 -0.0320207253098488 0.3942847251892090
v -0.0870451331138611 -0.0309749804437160 0.3942300379276276
v -0.0870977342128754 -0.0309842545539141 0.3942179083824158
v -0.0868919640779495 -0.0309479720890522 0.3943234086036682
v -0.0868640169501305 -0.0320105887949467 0.3944220244884491
v -0.0868221819400787 -0.0309356674551964 0.3944220244884491
v -0.0868088081479073 -0.0309333093464375 0.3944527804851532
v -0.0868250876665115 -0.0320071838796139 0.3945886790752411
v -0.0867836996912956 -0.0309288818389177 0.3945886790752411
v -0.0900315418839455 -0.0492637865245342 0.3947011828422546
v -0.0900616869330406 -0.0492637865245342 0.3945886790752411
v -0.0900315418839455 -0.0492637865245342 0.3944761753082275
v -0.0896418243646622 -0.0492637865245342 0.3944761753082275
v -0.0896116867661476 -0.0492637865245342 0.3945886790752411
v -0.0896418243646622 -0.0492637865245342 0.3947011828422546
v -0.0898366868495941 -0.0492637865245342 0.3943637013435364
v -0.0897241830825806 -0.0492637865245342 0.3943938314914703
v -0.0899491831660271 -0.0492637865245342 0.3943938314914703
v -0.0897241830825806 -0.0492637865245342 0.3947835564613342
v -0.0898366868495941 -0.0492637865245342 0.3948136866092682
v -0.0899491831660271 -0.0492637865245342 0.3947835564613342
v -0.0947712883353233 -0.0472637861967087 0.3929719328880310
v -0.0946930795907974 -0.0472637861967087 0.3931137025356293
v -0.0948055759072304 -0.0472637861967087 0.3931438326835632
v -0.0948879346251488 -0.0472637861967087 0.3932261765003204
v -0.0949246436357498 -0.0472637861967087 0.3930437266826630
v -0.0948805809020996 -0.0472637861967087 0.3930139243602753
v -0.0946930795907974 -0.0472637861967087 0.3929636776447296
v -0.0946148708462715 -0.0472637861967087 0.3929719328880310
v -0.0945805758237839 -0.0472637861967087 0.3931438326835632
v -0.0944680795073509 -0.0472637861967087 0.3933386802673340
v -0.0944982245564461 -0.0472637861967087 0.3932261765003204
v -0.0943432822823524 -0.0472637861967087 0.3932035267353058
v -0.0945055782794952 -0.0472637861967087 0.3930139243602753
v -0.0944510549306870 -0.0472637861967087 0.3930522501468658
v -0.0943683162331581 -0.0472637861967087 0.3931511938571930
v -0.0946930795907974 -0.0472637861967087 0.3935636878013611
v -0.0947310030460358 -0.0472637861967087 0.3937117755413055
v -0.0948055759072304 -0.0472637861967087 0.3935335576534271
v -0.0948805809020996 -0.0472637861967087 0.3936634361743927
v -0.0948879346251488 -0.0472637861967087 0.3934511840343475
v -0.0950178354978561 -0.0472637861967087 0.3935261964797974
v -0.0949180796742439 -0.0472637861967087 0.3933386802673340
v -0.0950680747628212 -0.0472637861967087 0.3933386802673340
v -0.0950178354978561 -0.0472637861967087 0.3931511938571930
v -0.0944982245564461 -0.0472637861967087 0.3934511840343475
v -0.0943885892629623 -0.0472637861967087 0.3935575783252716
v -0.0945805758237839 -0.0472637861967087 0.3935335576534271
v -0.0945055782794952 -0.0472637861967087 0.3936634361743927
v -0.0946930795907974 -0.0472637861967087 0.3937136828899384
v -0.0943180769681931 -0.0472637861967087 0.3933386802673340
v -0.0943223461508751 -0.0472637861967087 0.3933950960636139
v -0.0943683162331581 -0.0472637861967087 0.3935261964797974
v -0.0892201140522957 0.0109056420624256 0.3935261964797974
v -0.0890895724296570 0.0109480582177639 0.3936634361743927
v -0.0889112502336502 0.0110060013830662 0.3937136828899384
v -0.0889856293797493 0.0109818316996098 0.3929719328880310
v -0.0890895724296570 0.0109480582177639 0.3930139243602753
v -0.0886810719966888 0.0110807903110981 0.3930522501468658
v -0.0887329280376434 0.0110639408230782 0.3930139243602753
v -0.0886023864150047 0.0111063569784164 0.3935261964797974
v -0.0889112502336502 0.0110060013830662 0.3929636776447296
v -0.0887493565678596 0.0110586024820805 0.3936728239059448
v -0.0887329280376434 0.0110639408230782 0.3936634361743927
v -0.0886216610670090 0.0111000910401344 0.3935575783252716
v -0.0888368710875511 0.0110301673412323 0.3929719328880310
v -0.0885586664080620 0.0111205615103245 0.3933950960636139
v -0.0885546058416367 0.0111218802630901 0.3933386802673340
v -0.0885785743594170 0.0111140944063663 0.3932035267353058
v -0.0886023864150047 0.0111063569784164 0.3931511938571930
v -0.0892678946256638 0.0108901187777519 0.3933386802673340
v -0.0892201140522957 0.0109056420624256 0.3931511938571930
v -0.0891314819455147 0.0109344422817230 0.3930437266826630
v -0.0893983170390129 -0.0299210511147976 0.3931809961795807
v -0.0893232449889183 -0.0299210511147976 0.3930735290050507
v -0.0892897844314575 -0.0299210511147976 0.3930438458919525
v -0.0891843065619469 -0.0299210511147976 0.3929855823516846
v -0.0891363173723221 -0.0299210511147976 0.3929719328880310
v -0.0890580788254738 -0.0299210511147976 0.3929636776447296
v -0.0894268676638603 -0.0299210511147976 0.3934066593647003
v -0.0894330814480782 -0.0299210511147976 0.3933386206626892
v -0.0894167274236679 -0.0299210511147976 0.3932291567325592
v -0.0890023261308670 -0.0299210511147976 0.3929678499698639
v -0.0889799445867538 -0.0299210511147976 0.3929719328880310
v -0.0888387933373451 -0.0299210511147976 0.3930344879627228
v -0.0888158679008484 -0.0299210511147976 0.3930523991584778
v -0.0887223556637764 -0.0299210511147976 0.3931716084480286
v -0.0887082368135452 -0.0299210511147976 0.3932036459445953
v -0.0886830836534500 -0.0299210511147976 0.3933386802673340
v -0.0886858925223351 -0.0299210511147976 0.3933845162391663
v -0.0887473896145821 -0.0299210511147976 0.3935486972332001
v -0.0888803228735924 -0.0299210511147976 0.3936688899993896
v -0.0890580788254738 -0.0299210511147976 0.3937136828899384
v -0.0892180576920509 -0.0299210511147976 0.3936778604984283
v -0.0892591178417206 -0.0299210511147976 0.3936552405357361
v -0.0893560796976089 -0.0299210511147976 0.3935663402080536
v -0.0893840789794922 -0.0299210511147976 0.3935240209102631
v -0.0892348363995552 -0.0290991384536028 0.3931809961795807
v -0.0891634374856949 -0.0290759410709143 0.3930735290050507
v -0.0892100855708122 -0.0295047853142023 0.3930735290050507
v -0.0885805785655975 -0.0294050797820091 0.3933845162391663
v -0.0885572806000710 -0.0288789868354797 0.3933845162391663
v -0.0886157676577568 -0.0288979932665825 0.3935486972332001
v -0.0886413231492043 -0.0294147022068501 0.3935486972332001
v -0.0887726172804832 -0.0294354967772961 0.3936688899993896
v -0.0889481827616692 -0.0294633042067289 0.3937136828899384
v -0.0891061946749687 -0.0294883288443089 0.3936778604984283
v -0.0887421891093254 -0.0289390701800585 0.3936688899993896
v -0.0889112502336502 -0.0289939995855093 0.3937136828899384
v -0.0890633985400200 -0.0290434360504150 0.3936778604984283
v -0.0891024470329285 -0.0290561243891716 0.3936552405357361
v -0.0892425179481506 -0.0295099206268787 0.3935663402080536
v -0.0891946628689766 -0.0290860868990421 0.3935663402080536
v -0.0892212986946106 -0.0290947407484055 0.3935240209102631
v -0.0893124341964722 -0.0295209940522909 0.3934066593647003
v -0.0892619863152504 -0.0291079618036747 0.3934066593647003
v -0.0892678946256638 -0.0291098821908236 0.3933386206626892
v -0.0893024206161499 -0.0295194089412689 0.3932291567325592
v -0.0892523452639580 -0.0291048288345337 0.3932291567325592
v -0.0891316160559654 -0.0290656015276909 0.3930438458919525
v -0.0890728607773781 -0.0294830501079559 0.3929855823516846
v -0.0889856591820717 -0.0290181767195463 0.3929719328880310
v -0.0889112502336502 -0.0289939995855093 0.3929636776447296
v -0.0888931155204773 -0.0294545814394951 0.3929678499698639
v -0.0890313014388084 -0.0290330052375793 0.3929855823516846
v -0.0887026935815811 -0.0289262365549803 0.3930344879627228
v -0.0887315943837166 -0.0294289998710155 0.3930344879627228
v -0.0888369381427765 -0.0289698541164398 0.3929719328880310
v -0.0888582244515419 -0.0289767701178789 0.3929678499698639
v -0.0886808857321739 -0.0289191510528326 0.3930523991584778
v -0.0886165872216225 -0.0294107832014561 0.3931716084480286
v -0.0885919556021690 -0.0288902539759874 0.3931716084480286
v -0.0885785296559334 -0.0288858935236931 0.3932036459445953
v -0.0885777994990349 -0.0294046401977539 0.3933386802673340
v -0.0885546058416367 -0.0288781188428402 0.3933386802673340
v -0.0946930795907974 -0.0492637865245342 0.3931137025356293
v -0.0945805758237839 -0.0492637865245342 0.3931438326835632
v -0.0944982245564461 -0.0492637865245342 0.3932261765003204
v -0.0944680795073509 -0.0492637865245342 0.3933386802673340
v -0.0948879346251488 -0.0492637865245342 0.3934511840343475
v -0.0944982245564461 -0.0492637865245342 0.3934511840343475
v -0.0945805758237839 -0.0492637865245342 0.3935335576534271
v -0.0946930795907974 -0.0492637865245342 0.3935636878013611
v -0.0948055759072304 -0.0492637865245342 0.3935335576534271
v -0.0948055759072304 -0.0492637865245342 0.3931438326835632
v -0.0948879346251488 -0.0492637865245342 0.3932261765003204
v -0.0949180796742439 -0.0492637865245342 0.3933386802673340
v -0.0921426266431808 -0.0472637861967087 0.3929719328880310
v -0.0920644253492355 -0.0472637861967087 0.3931137025356293
v -0.0921769216656685 -0.0472637861967087 0.3931438326835632
v -0.0922592803835869 -0.0472637861967087 0.3932261765003204
v -0.0922959893941879 -0.0472637861967087 0.3930437266826630
v -0.0922519192099571 -0.0472637861967087 0.3930139243602753
v -0.0920644253492355 -0.0472637861967087 0.3929636776447296
v -0.0919862166047096 -0.0472637861967087 0.3929719328880310
v -0.0919519215822220 -0.0472637861967087 0.3931438326835632
v -0.0918394252657890 -0.0472637861967087 0.3933386802673340
v -0.0918695628643036 -0.0472637861967087 0.3932261765003204
v -0.0917146205902100 -0.0472637861967087 0.3932035267353058
v -0.0918769240379333 -0.0472637861967087 0.3930139243602753
v -0.0918224006891251 -0.0472637861967087 0.3930522501468658
v -0.0917396619915962 -0.0472637861967087 0.3931511938571930
v -0.0920644253492355 -0.0472637861967087 0.3935636878013611
v -0.0921023488044739 -0.0472637861967087 0.3937117755413055
v -0.0921769216656685 -0.0472637861967087 0.3935335576534271
v -0.0922519192099571 -0.0472637861967087 0.3936634361743927
v -0.0922592803835869 -0.0472637861967087 0.3934511840343475
v -0.0923891812562943 -0.0472637861967087 0.3935261964797974
v -0.0922894254326820 -0.0472637861967087 0.3933386802673340
v -0.0924394205212593 -0.0472637861967087 0.3933386802673340
v -0.0923891812562943 -0.0472637861967087 0.3931511938571930
v -0.0918695628643036 -0.0472637861967087 0.3934511840343475
v -0.0917599350214005 -0.0472637861967087 0.3935575783252716
v -0.0919519215822220 -0.0472637861967087 0.3935335576534271
v -0.0918769240379333 -0.0472637861967087 0.3936634361743927
v -0.0920644253492355 -0.0472637861967087 0.3937136828899384
v -0.0916894227266312 -0.0472637861967087 0.3933386802673340
v -0.0916936919093132 -0.0472637861967087 0.3933950960636139
v -0.0917396619915962 -0.0472637861967087 0.3935261964797974
v -0.0867201164364815 0.0109056420624256 0.3935261964797974
v -0.0865895748138428 0.0109480582177639 0.3936634361743927
v -0.0864112526178360 0.0110060013830662 0.3937136828899384
v -0.0864856317639351 0.0109818316996098 0.3929719328880310
v -0.0865895748138428 0.0109480582177639 0.3930139243602753
v -0.0861810743808746 0.0110807903110981 0.3930522501468658
v -0.0862329304218292 0.0110639408230782 0.3930139243602753
v -0.0861023887991905 0.0111063569784164 0.3935261964797974
v -0.0864112526178360 0.0110060013830662 0.3929636776447296
v -0.0862493589520454 0.0110586024820805 0.3936728239059448
v -0.0862329304218292 0.0110639408230782 0.3936634361743927
v -0.0861216634511948 0.0111000910401344 0.3935575783252716
v -0.0863368734717369 0.0110301673412323 0.3929719328880310
v -0.0860586613416672 0.0111205615103245 0.3933950960636139
v -0.0860546082258224 0.0111218802630901 0.3933386802673340
v -0.0860785767436028 0.0111140944063663 0.3932035267353058
v -0.0861023887991905 0.0111063569784164 0.3931511938571930
v -0.0867678970098495 0.0108901187777519 0.3933386802673340
v -0.0867201164364815 0.0109056420624256 0.3931511938571930
v -0.0866314843297005 0.0109344422817230 0.3930437266826630
v -0.0870206803083420 -0.0306935943663120 0.3931809961795807
v -0.0869456082582474 -0.0306935943663120 0.3930735290050507
v -0.0869121477007866 -0.0306935943663120 0.3930438458919525
v -0.0868066474795341 -0.0306935943663120 0.3929855525493622
v -0.0867586731910706 -0.0306935943663120 0.3929719328880310
v -0.0866804420948029 -0.0306935943663120 0.3929636776447296
v -0.0870492309331894 -0.0306935943663120 0.3934066593647003
v -0.0870554372668266 -0.0306935943663120 0.3933386206626892
v -0.0870390906929970 -0.0306935943663120 0.3932291567325592
v -0.0866246670484543 -0.0306935943663120 0.3929678499698639
v -0.0866023078560829 -0.0306935943663120 0.3929719328880310
v -0.0864611342549324 -0.0306935943663120 0.3930344879627228
v -0.0864382237195969 -0.0306935943663120 0.3930523991584778
v -0.0863447040319443 -0.0306935943663120 0.3931716382503510
v -0.0863306000828743 -0.0306935943663120 0.3932036459445953
v -0.0863054394721985 -0.0306935943663120 0.3933386802673340
v -0.0863082483410835 -0.0306935943663120 0.3933845162391663
v -0.0863697528839111 -0.0306935943663120 0.3935486972332001
v -0.0865026786923409 -0.0306935943663120 0.3936688899993896
v -0.0866804420948029 -0.0306935943663120 0.3937136828899384
v -0.0868404135107994 -0.0306935943663120 0.3936778604984283
v -0.0868814811110497 -0.0306935943663120 0.3936552405357361
v -0.0869784355163574 -0.0306935943663120 0.3935663402080536
v -0.0870064422488213 -0.0306935943663120 0.3935240209102631
v -0.0867348387837410 -0.0290991384536028 0.3931809961795807
v -0.0866634398698807 -0.0290759410709143 0.3930735290050507
v -0.0867408663034439 -0.0298958700150251 0.3930735290050507
v -0.0861113592982292 -0.0297961663454771 0.3933845162391663
v -0.0860572755336761 -0.0288789868354797 0.3933845162391663
v -0.0861157700419426 -0.0288979932665825 0.3935486972332001
v -0.0861721038818359 -0.0298057869076729 0.3935486972332001
v -0.0863033980131149 -0.0298265814781189 0.3936688899993896
v -0.0864789634943008 -0.0298543889075518 0.3937136828899384
v -0.0866369754076004 -0.0298794154077768 0.3936778604984283
v -0.0862421914935112 -0.0289390701800585 0.3936688899993896
v -0.0864112526178360 -0.0289939995855093 0.3937136828899384
v -0.0865634009242058 -0.0290434360504150 0.3936778604984283
v -0.0866024494171143 -0.0290561243891716 0.3936552405357361
v -0.0867732912302017 -0.0299010071903467 0.3935663402080536
v -0.0866946652531624 -0.0290860868990421 0.3935663402080536
v -0.0867212936282158 -0.0290947407484055 0.3935240209102631
v -0.0868432149291039 -0.0299120806157589 0.3934066593647003
v -0.0867619886994362 -0.0291079618036747 0.3934066593647003
v -0.0867678970098495 -0.0291098821908236 0.3933386206626892
v -0.0868332013487816 -0.0299104955047369 0.3932291567325592
v -0.0867523476481438 -0.0291048288345337 0.3932291567325592
v -0.0866316184401512 -0.0290656015276909 0.3930438458919525
v -0.0866036191582680 -0.0298741329461336 0.3929855525493622
v -0.0864856541156769 -0.0290181767195463 0.3929719328880310
v -0.0864112526178360 -0.0289939995855093 0.3929636776447296
v -0.0864238813519478 -0.0298456642776728 0.3929678499698639
v -0.0865312814712524 -0.0290330015122890 0.3929855525493622
v -0.0862026810646057 -0.0289262309670448 0.3930344879627228
v -0.0862623602151871 -0.0298200827091932 0.3930344879627228
v -0.0863369405269623 -0.0289698559790850 0.3929719328880310
v -0.0863582044839859 -0.0289767645299435 0.3929678499698639
v -0.0861808881163597 -0.0289191510528326 0.3930523991584778
v -0.0861473605036736 -0.0298018679022789 0.3931716382503510
v -0.0860919430851936 -0.0288902521133423 0.3931716382503510
v -0.0860785320401192 -0.0288858935236931 0.3932036459445953
v -0.0861085802316666 -0.0297957267612219 0.3933386802673340
v -0.0860546082258224 -0.0288781188428402 0.3933386802673340
v -0.0920644253492355 -0.0492637865245342 0.3931137025356293
v -0.0919519215822220 -0.0492637865245342 0.3931438326835632
v -0.0918695628643036 -0.0492637865245342 0.3932261765003204
v -0.0918394252657890 -0.0492637865245342 0.3933386802673340
v -0.0922592803835869 -0.0492637865245342 0.3934511840343475
v -0.0918695628643036 -0.0492637865245342 0.3934511840343475
v -0.0919519215822220 -0.0492637865245342 0.3935335576534271
v -0.0920644253492355 -0.0492637865245342 0.3935636878013611
v -0.0921769216656685 -0.0492637865245342 0.3935335576534271
v -0.0921769216656685 -0.0492637865245342 0.3931438326835632
v -0.0922592803835869 -0.0492637865245342 0.3932261765003204
v -0.0922894254326820 -0.0492637865245342 0.3933386802673340
v -0.0500238761305809 0.0010359997395426 0.3952943980693817
v -0.0491972975432873 0.0010359997395426 0.3944678008556366
v -0.0511530004441738 0.0010359997395426 0.3933386802673340
v -0.0488947518169880 0.0010359997395426 0.3933386802673340
v -0.0491972975432873 0.0010359997395426 0.3922095596790314
v -0.0531087033450603 0.0010359997395426 0.3944678008556366
v -0.0522821247577667 0.0010359997395426 0.3952943980693817
v -0.0511530004441738 0.0010359997395426 0.3955969512462616
v -0.0522821247577667 0.0010359997395426 0.3913829922676086
v -0.0531087033450603 0.0010359997395426 0.3922095596790314
v -0.0534112490713596 0.0010359997395426 0.3933386802673340
v -0.0500238761305809 0.0010359997395426 0.3913829922676086
v -0.0511530004441738 0.0010359997395426 0.3910804390907288
v -0.0534112490713596 0.0110060013830662 0.3933386802673340
v -0.0531087033450603 0.0110060013830662 0.3944678008556366
v -0.0522821247577667 0.0110060013830662 0.3952943980693817
v -0.0511530004441738 0.0110060013830662 0.3955969512462616
v -0.0500238761305809 0.0110060013830662 0.3952943980693817
v -0.0491972975432873 0.0110060013830662 0.3944678008556366
v -0.0488947518169880 0.0110060013830662 0.3933386802673340
v -0.0491972975432873 0.0110060013830662 0.3922095596790314
v -0.0500238761305809 0.0110060013830662 0.3913829922676086
v -0.0511530004441738 0.0110060013830662 0.3910804390907288
v -0.0522821247577667 0.0110060013830662 0.3913829922676086
v -0.0531087033450603 0.0110060013830662 0.3922095596790314
v -0.0853404849767685 0.0157590769231319 0.3913829922676086
v -0.0860238745808601 0.0110060013830662 0.3913829922676086
v -0.0855954438447952 0.0110060013830662 0.3917035460472107
v -0.0845473930239677 0.0155262015759945 0.3922095596790314
v -0.0866039320826530 0.0110060013830662 0.3911482095718384
v -0.0864238739013672 0.0160771869122982 0.3910804390907288
v -0.0871530026197433 0.0110060013830662 0.3910804390907288
v -0.0877551287412643 0.0110060013830662 0.3911621868610382
v -0.0875072628259659 0.0163952969014645 0.3913829922676086
v -0.0882821232080460 0.0110060013830662 0.3913829922676086
v -0.0887498259544373 0.0110060013830662 0.3917418718338013
v -0.0883003547787666 0.0166281722486019 0.3922095596790314
v -0.0891087055206299 0.0110060013830662 0.3922095596790314
v -0.0893294960260391 0.0110060013830662 0.3927365541458130
v -0.0885906517505646 0.0167134068906307 0.3933386802673340
v -0.0894112512469292 0.0110060013830662 0.3933386802673340
v -0.0893434807658195 0.0110060013830662 0.3938877582550049
v -0.0883003547787666 0.0166281722486019 0.3944678008556366
v -0.0891087055206299 0.0110060013830662 0.3944678008556366
v -0.0887881517410278 0.0110060013830662 0.3948962390422821
v -0.0875072628259659 0.0163952969014645 0.3952943980693817
v -0.0882821232080460 0.0110060013830662 0.3952943980693817
v -0.0878078341484070 0.0110060013830662 0.3954999148845673
v -0.0864238739013672 0.0160771869122982 0.3955969512462616
v -0.0871530026197433 0.0110060013830662 0.3955969512462616
v -0.0845473930239677 0.0155262015759945 0.3944678008556366
v -0.0851972997188568 0.0110060013830662 0.3944678008556366
v -0.0853404849767685 0.0157590769231319 0.3952943980693817
v -0.0854804888367653 0.0110060013830662 0.3948560655117035
v -0.0856356322765350 0.0110060013830662 0.3950111865997314
v -0.0860238745808601 0.0110060013830662 0.3952943980693817
v -0.0866573154926300 0.0110060013830662 0.3955418765544891
v -0.0851972997188568 0.0110060013830662 0.3922095596790314
v -0.0849917754530907 0.0110060013830662 0.3926838636398315
v -0.0842570960521698 0.0154409669339657 0.3933386802673340
v -0.0848947539925575 0.0110060013830662 0.3933386802673340
v -0.0849498212337494 0.0110060013830662 0.3938343822956085
v -0.0823958069086075 0.0195166356861591 0.3933386802673340
v -0.0826503261923790 0.0196802057325840 0.3944678008556366
v -0.0833456814289093 0.0201270841062069 0.3952943980693817
v -0.0842955633997917 0.0207375325262547 0.3955969512462616
v -0.0852454453706741 0.0213479883968830 0.3952943980693817
v -0.0859408080577850 0.0217948667705059 0.3944678008556366
v -0.0861953273415565 0.0219584368169308 0.3933386802673340
v -0.0859408080577850 0.0217948667705059 0.3922095596790314
v -0.0852454453706741 0.0213479883968830 0.3913829922676086
v -0.0842955633997917 0.0207375325262547 0.3910804390907288
v -0.0833456814289093 0.0201270841062069 0.3913829922676086
v -0.0826503261923790 0.0196802057325840 0.3922095596790314
v -0.0794616565108299 0.0229028202593327 0.3933386802673340
v -0.0796597823500633 0.0231314711272717 0.3944678008556366
v -0.0802010744810104 0.0237561576068401 0.3952943980693817
v -0.0809404924511909 0.0246094949543476 0.3955969512462616
v -0.0816799104213715 0.0254628248512745 0.3952943980693817
v -0.0822212100028992 0.0260875113308430 0.3944678008556366
v -0.0824193358421326 0.0263161621987820 0.3933386802673340
v -0.0822212100028992 0.0260875113308430 0.3922095596790314
v -0.0816799104213715 0.0254628248512745 0.3913829922676086
v -0.0809404924511909 0.0246094949543476 0.3910804390907288
v -0.0802010744810104 0.0237561576068401 0.3913829922676086
v -0.0796597823500633 0.0231314711272717 0.3922095596790314
v -0.0756923630833626 0.0253251977264881 0.3933386802673340
v -0.0758180394768715 0.0256004072725773 0.3944678008556366
v -0.0761614143848419 0.0263522900640965 0.3952943980693817
v -0.0766304731369019 0.0273793749511242 0.3955969512462616
v -0.0770995244383812 0.0284064672887325 0.3952943980693817
v -0.0774428993463516 0.0291583426296711 0.3944678008556366
v -0.0775685831904411 0.0294335521757603 0.3933386802673340
v -0.0774428993463516 0.0291583426296711 0.3922095596790314
v -0.0770995244383812 0.0284064672887325 0.3913829922676086
v -0.0766304731369019 0.0273793749511242 0.3910804390907288
v -0.0761614143848419 0.0263522900640965 0.3913829922676086
v -0.0758180394768715 0.0256004072725773 0.3922095596790314
v -0.0713932812213898 0.0265875197947025 0.3933386802673340
v -0.0714363381266594 0.0268869884312153 0.3944678008556366
v -0.0715539753437042 0.0277051515877247 0.3952943980693817
v -0.0717146694660187 0.0288227833807468 0.3955969512462616
v -0.0718753561377525 0.0299404151737690 0.3952943980693817
v -0.0719929933547974 0.0307585783302784 0.3944678008556366
v -0.0720360502600670 0.0310580469667912 0.3933386802673340
v -0.0719929933547974 0.0307585783302784 0.3922095596790314
v -0.0718753561377525 0.0299404151737690 0.3913829922676086
v -0.0717146694660187 0.0288227833807468 0.3910804390907288
v -0.0715539753437042 0.0277051515877247 0.3913829922676086
v -0.0714363381266594 0.0268869884312153 0.3922095596790314
v -0.0669127181172371 0.0265875197947025 0.3933386802673340
v -0.0668696612119675 0.0268869884312153 0.3944678008556366
v -0.0667520239949226 0.0277051515877247 0.3952943980693817
v -0.0665913298726082 0.0288227833807468 0.3955969512462616
v -0.0664306432008743 0.0299404151737690 0.3952943980693817
v -0.0663130059838295 0.0307585783302784 0.3944678008556366
v -0.0662699490785599 0.0310580469667912 0.3933386802673340
v -0.0663130059838295 0.0307585783302784 0.3922095596790314
v -0.0664306432008743 0.0299404151737690 0.3913829922676086
v -0.0665913298726082 0.0288227833807468 0.3910804390907288
v -0.0667520239949226 0.0277051515877247 0.3913829922676086
v -0.0668696612119675 0.0268869884312153 0.3922095596790314
v -0.0626136437058449 0.0253251977264881 0.3933386802673340
v -0.0624879561364651 0.0256004072725773 0.3944678008556366
v -0.0621445849537849 0.0263522900640965 0.3952943980693817
v -0.0616755299270153 0.0273793749511242 0.3955969512462616
v -0.0612064749002457 0.0284064672887325 0.3952943980693817
v -0.0608630999922752 0.0291583426296711 0.3944678008556366
v -0.0607374198734760 0.0294335521757603 0.3933386802673340
v -0.0608630999922752 0.0291583426296711 0.3922095596790314
v -0.0612064749002457 0.0284064672887325 0.3913829922676086
v -0.0616755299270153 0.0273793749511242 0.3910804390907288
v -0.0621445849537849 0.0263522900640965 0.3913829922676086
v -0.0624879561364651 0.0256004072725773 0.3922095596790314
v -0.0588443465530872 0.0229028202593327 0.3933386802673340
v -0.0586462207138538 0.0231314711272717 0.3944678008556366
v -0.0581049248576164 0.0237561576068401 0.3952943980693817
v -0.0573655068874359 0.0246094949543476 0.3955969512462616
v -0.0566260889172554 0.0254628248512745 0.3952943980693817
v -0.0560847930610180 0.0260875113308430 0.3944678008556366
v -0.0558866672217846 0.0263161621987820 0.3933386802673340
v -0.0560847930610180 0.0260875113308430 0.3922095596790314
v -0.0566260889172554 0.0254628248512745 0.3913829922676086
v -0.0573655068874359 0.0246094949543476 0.3910804390907288
v -0.0581049248576164 0.0237561576068401 0.3913829922676086
v -0.0586462207138538 0.0231314711272717 0.3922095596790314
v -0.0559101961553097 0.0195166356861591 0.3933386802673340
v -0.0556556768715382 0.0196802057325840 0.3944678008556366
v -0.0549603179097176 0.0201270841062069 0.3952943980693817
v -0.0540104359388351 0.0207375325262547 0.3955969512462616
v -0.0530605576932430 0.0213479883968830 0.3952943980693817
v -0.0523651950061321 0.0217948667705059 0.3944678008556366
v -0.0521106757223606 0.0219584368169308 0.3933386802673340
v -0.0523651950061321 0.0217948667705059 0.3922095596790314
v -0.0530605576932430 0.0213479883968830 0.3913829922676086
v -0.0540104359388351 0.0207375325262547 0.3910804390907288
v -0.0549603179097176 0.0201270841062069 0.3913829922676086
v -0.0556556768715382 0.0196802057325840 0.3922095596790314
v -0.0540489032864571 0.0154409669339657 0.3933386802673340
v -0.0537586100399494 0.0155262015759945 0.3944678008556366
v -0.0529655143618584 0.0157590769231319 0.3952943980693817
v -0.0518821254372597 0.0160771869122982 0.3955969512462616
v -0.0507987402379513 0.0163952969014645 0.3952943980693817
v -0.0500056445598602 0.0166281722486019 0.3944678008556366
v -0.0497153513133526 0.0167134068906307 0.3933386802673340
v -0.0500056445598602 0.0166281722486019 0.3922095596790314
v -0.0507987402379513 0.0163952969014645 0.3913829922676086
v -0.0518821254372597 0.0160771869122982 0.3910804390907288
v -0.0529655143618584 0.0157590769231319 0.3913829922676086
v -0.0537586100399494 0.0155262015759945 0.3922095596790314
v -0.0856356322765350 -0.0289939995855093 0.3950111865997314
v -0.0866573154926300 -0.0289939995855093 0.3955418765544891
v -0.0878078341484070 -0.0289939995855093 0.3954999148845673
v -0.0887881517410278 -0.0289939995855093 0.3948962390422821
v -0.0893434807658195 -0.0289939995855093 0.3938877582550049
v -0.0893294960260391 -0.0289939995855093 0.3927365541458130
v -0.0887498259544373 -0.0289939995855093 0.3917418718338013
v -0.0877551287412643 -0.0289939995855093 0.3911621868610382
v -0.0866039320826530 -0.0289939995855093 0.3911482095718384
v -0.0855954438447952 -0.0289939995855093 0.3917035460472107
v -0.0849917754530907 -0.0289939995855093 0.3926838636398315
v -0.0849498212337494 -0.0289939995855093 0.3938343822956085
v -0.0854804888367653 -0.0289939995855093 0.3948560655117035
v -0.0857738777995110 -0.0289939995855093 0.3957273960113525
v -0.0855494439601898 -0.0289939995855093 0.3949422538280487
v -0.0847642868757248 -0.0289939995855093 0.3947178125381470
v -0.0843947529792786 -0.0289939995855093 0.3933386802673340
v -0.0847642868757248 -0.0289939995855093 0.3919595777988434
v -0.0857738777995110 -0.0289939995855093 0.3909499645233154
v -0.0871530026197433 -0.0289939995855093 0.3905804455280304
v -0.0885321274399757 -0.0289939995855093 0.3909499645233154
v -0.0895417183637619 -0.0289939995855093 0.3919595777988434
v -0.0899112522602081 -0.0289939995855093 0.3933386802673340
v -0.0895417183637619 -0.0289939995855093 0.3947178125381470
v -0.0885321274399757 -0.0289939995855093 0.3957273960113525
v -0.0871530026197433 -0.0289939995855093 0.3960969448089600
v -0.0895417183637619 0.0110060013830662 0.3919595777988434
v -0.0885321274399757 0.0110060013830662 0.3909499645233154
v -0.0871530026197433 0.0110060013830662 0.3905804455280304
v -0.0857738777995110 0.0110060013830662 0.3909499645233154
v -0.0847642868757248 0.0110060013830662 0.3919595777988434
v -0.0843947529792786 0.0110060013830662 0.3933386802673340
v -0.0847642868757248 0.0110060013830662 0.3947178125381470
v -0.0857738777995110 0.0110060013830662 0.3957273960113525
v -0.0871530026197433 0.0110060013830662 0.3960969448089600
v -0.0885321274399757 0.0110060013830662 0.3957273960113525
v -0.0895417183637619 0.0110060013830662 0.3947178125381470
v -0.0899112522602081 0.0110060013830662 0.3933386802673340
v -0.0608721673488617 -0.0135576501488686 0.4032217264175415
v -0.0594455413520336 -0.0135576501488686 0.4039566516876221
v -0.0606895610690117 -0.0135576501488686 0.4028672575950623
v -0.0592629350721836 -0.0135576501488686 0.4036021828651428
v -0.0574818328022957 -0.0135576501488686 0.4045197069644928
v -0.0589084587991238 -0.0135576501488686 0.4037847816944122
v -0.0576644390821457 -0.0135576501488686 0.4048741757869720
v -0.0590910650789738 -0.0135576501488686 0.4041392505168915
v -0.0581735335290432 -0.0135576501488686 0.4023581445217133
v -0.0585280060768127 -0.0135576501488686 0.4021755456924438
v -0.0598259940743446 -0.0135576501488686 0.4055658876895905
v -0.0601804666221142 -0.0135576501488686 0.4053832888603210
v -0.0405135490000248 -0.1449005007743835 0.3876314163208008
v -0.0409057028591633 -0.1449005007743835 0.3881528973579407
v -0.0408771634101868 -0.1449005007743835 0.3869433701038361
v -0.0421307832002640 -0.1449005007743835 0.3862027227878571
v -0.0413294099271297 -0.1449005007743835 0.3890064358711243
v -0.0429225899279118 -0.1449005007743835 0.3861374855041504
v -0.0421212166547775 -0.1449005007743835 0.3889411985874176
v -0.0437384508550167 -0.1449005007743835 0.3875125348567963
v -0.0433462969958782 -0.1449005007743835 0.3869910240173340
v -0.0433748401701450 -0.1449005007743835 0.3882005512714386
v -0.0411606803536415 -0.1449005007743835 0.3865364491939545
v -0.0430913195014000 -0.1449005007743835 0.3886074721813202
v -0.0410794764757156 -0.1449005007743835 0.3889797627925873
v -0.0411425121128559 -0.1449005007743835 0.3890132904052734
v -0.0410274676978588 -0.1449005007743835 0.3888846337795258
v -0.0409833453595638 -0.1449005007743835 0.3885376453399658
v -0.0431725233793259 -0.1449005007743835 0.3861641585826874
v -0.0431094877421856 -0.1449005007743835 0.3861306309700012
v -0.0432245321571827 -0.1449005007743835 0.3862593173980713
v -0.0432686544954777 -0.1449005007743835 0.3866062760353088
v -0.0416123382747173 -0.1449005007743835 0.3859874904155731
v -0.0414500273764133 -0.1449005007743835 0.3859575390815735
v -0.0413989536464214 -0.1449005007743835 0.3859755694866180
v -0.0426396615803242 -0.1449005007743835 0.3891564607620239
v -0.0428019724786282 -0.1449005007743835 0.3891864120960236
v -0.0428530462086201 -0.1449005007743835 0.3891683518886566
v -0.0413389094173908 -0.1449005007743835 0.3860392868518829
v -0.0403805933892727 -0.1449005007743835 0.3873863518238068
v -0.0403883978724480 -0.1449005007743835 0.3874486386775970
v -0.0403950326144695 -0.1449005007743835 0.3873386979103088
v -0.0404728986322880 -0.1449005007743835 0.3872450888156891
v -0.0429130904376507 -0.1449005007743835 0.3891046643257141
v -0.0438714101910591 -0.1449005007743835 0.3877575695514679
v -0.0438636019825935 -0.1449005007743835 0.3876952826976776
v -0.0438569672405720 -0.1449005007743835 0.3878052234649658
v -0.0437791012227535 -0.1449005007743835 0.3878988325595856
v -0.0405135490000248 -0.1449005007743835 0.4202288985252380
v -0.0409057028591633 -0.1449005007743835 0.4207503795623779
v -0.0408771634101868 -0.1449005007743835 0.4195408821105957
v -0.0421307832002640 -0.1449005007743835 0.4188002347946167
v -0.0413294099271297 -0.1449005007743835 0.4216039478778839
v -0.0429225899279118 -0.1449005007743835 0.4187349975109100
v -0.0421212166547775 -0.1449005007743835 0.4215387105941772
v -0.0437384508550167 -0.1449005007743835 0.4201100170612335
v -0.0433462969958782 -0.1449005007743835 0.4195885360240936
v -0.0433748401701450 -0.1449005007743835 0.4207980334758759
v -0.0411606803536415 -0.1449005007743835 0.4191339313983917
v -0.0430913195014000 -0.1449005007743835 0.4212049841880798
v -0.0410794764757156 -0.1449005007743835 0.4215772449970245
v -0.0411425121128559 -0.1449005007743835 0.4216108024120331
v -0.0410274676978588 -0.1449005007743835 0.4214821159839630
v -0.0409833453595638 -0.1449005007743835 0.4211351573467255
v -0.0431725233793259 -0.1449005007743835 0.4187616705894470
v -0.0431094877421856 -0.1449005007743835 0.4187281131744385
v -0.0432245321571827 -0.1449005007743835 0.4188567996025085
v -0.0432686544954777 -0.1449005007743835 0.4192037582397461
v -0.0416123382747173 -0.1449005007743835 0.4185849726200104
v -0.0414500273764133 -0.1449005007743835 0.4185550212860107
v -0.0413989536464214 -0.1449005007743835 0.4185730516910553
v -0.0426396615803242 -0.1449005007743835 0.4217539429664612
v -0.0428019724786282 -0.1449005007743835 0.4217838943004608
v -0.0428530462086201 -0.1449005007743835 0.4217658638954163
v -0.0413389094173908 -0.1449005007743835 0.4186367690563202
v -0.0403805933892727 -0.1449005007743835 0.4199838638305664
v -0.0403883978724480 -0.1449005007743835 0.4200461506843567
v -0.0403950326144695 -0.1449005007743835 0.4199362099170685
v -0.0404728986322880 -0.1449005007743835 0.4198426008224487
v -0.0429130904376507 -0.1449005007743835 0.4217021465301514
v -0.0438714101910591 -0.1449005007743835 0.4203550815582275
v -0.0438636019825935 -0.1449005007743835 0.4202927947044373
v -0.0438569672405720 -0.1449005007743835 0.4204027354717255
v -0.0437791012227535 -0.1449005007743835 0.4204963445663452
v 0.0130309378728271 -0.0135576501488686 0.3868192434310913
v 0.0128483315929770 -0.0135576501488686 0.3871737122535706
v 0.0144575675949454 -0.0135576501488686 0.3875541687011719
v 0.0142749575898051 -0.0135576501488686 0.3879086375236511
v 0.0160560589283705 -0.0135576501488686 0.3888261914253235
v 0.0162386689335108 -0.0135576501488686 0.3884716928005219
v 0.0146294338628650 -0.0135576501488686 0.3880912661552429
v 0.0148120401427150 -0.0135576501488686 0.3877367675304413
v 0.0155469691380858 -0.0135576501488686 0.3863101601600647
v 0.0151924928650260 -0.0135576501488686 0.3861275315284729
v 0.0138945085927844 -0.0135576501488686 0.3895178735256195
v 0.0135400323197246 -0.0135576501488686 0.3893352746963501
v 0.0160560589283705 -0.0135576501488686 0.4209221899509430
v 0.0162386689335108 -0.0135576501488686 0.4205677211284637
v 0.0146294338628650 -0.0135576501488686 0.4201872646808624
v 0.0148120401427150 -0.0135576501488686 0.4198327660560608
v 0.0130309378728271 -0.0135576501488686 0.4189152419567108
v 0.0128483315929770 -0.0135576501488686 0.4192697107791901
v 0.0144575675949454 -0.0135576501488686 0.4196501672267914
v 0.0142749575898051 -0.0135576501488686 0.4200046360492706
v 0.0135400323197246 -0.0135576501488686 0.4214312732219696
v 0.0138945085927844 -0.0135576501488686 0.4216138720512390
v 0.0151924928650260 -0.0135576501488686 0.4182235300540924
v 0.0155469691380858 -0.0135576501488686 0.4184061586856842
v -0.0837773531675339 0.0153000988066196 0.3933386802673340
v -0.0841319188475609 0.0154042057693005 0.3947178125381470
v -0.0851006135344505 0.0156886391341686 0.3957273960113525
v -0.0864238739013672 0.0160771869122982 0.3960969448089600
v -0.0877471342682838 0.0164657272398472 0.3957273960113525
v -0.0887158289551735 0.0167501680552959 0.3947178125381470
v -0.0890703946352005 0.0168542750179768 0.3933386802673340
v -0.0887158289551735 0.0167501680552959 0.3919595777988434
v -0.0877471342682838 0.0164657272398472 0.3909499645233154
v -0.0864238739013672 0.0160771869122982 0.3905804455280304
v -0.0851006135344505 0.0156886391341686 0.3909499645233154
v -0.0841319188475609 0.0154042057693005 0.3919595777988434
v -0.0819751769304276 0.0192463137209415 0.3933386802673340
v -0.0822860524058342 0.0194461010396481 0.3947178125381470
v -0.0831353738903999 0.0199919231235981 0.3957273960113525
v -0.0842955633997917 0.0207375325262547 0.3960969448089600
v -0.0854557603597641 0.0214831493794918 0.3957273960113525
v -0.0863050818443298 0.0220289714634418 0.3947178125381470
v -0.0866159498691559 0.0222287587821484 0.3933386802673340
v -0.0863050818443298 0.0220289714634418 0.3919595777988434
v -0.0854557603597641 0.0214831493794918 0.3909499645233154
v -0.0842955633997917 0.0207375325262547 0.3905804455280304
v -0.0831353738903999 0.0199919231235981 0.3909499645233154
v -0.0822860524058342 0.0194461010396481 0.3919595777988434
v -0.0791342258453369 0.0225249491631985 0.3933386802673340
v -0.0793762207031250 0.0228042192757130 0.3947178125381470
v -0.0800373554229736 0.0235672183334827 0.3957273960113525
v -0.0809404924511909 0.0246094949543476 0.3960969448089600
v -0.0818436294794083 0.0256517641246319 0.3957273960113525
v -0.0825047716498375 0.0264147631824017 0.3947178125381470
v -0.0827467665076256 0.0266940407454967 0.3933386802673340
v -0.0825047716498375 0.0264147631824017 0.3919595777988434
v -0.0818436294794083 0.0256517641246319 0.3909499645233154
v -0.0809404924511909 0.0246094949543476 0.3905804455280304
v -0.0800373554229736 0.0235672183334827 0.3909499645233154
v -0.0793762207031250 0.0228042192757130 0.3919595777988434
v -0.0754846557974815 0.0248703844845295 0.3933386802673340
v -0.0756381601095200 0.0252065248787403 0.3947178125381470
v -0.0760575607419014 0.0261248759925365 0.3957273960113525
v -0.0766304731369019 0.0273793749511242 0.3960969448089600
v -0.0772033780813217 0.0286338739097118 0.3957273960113525
v -0.0776227787137032 0.0295522250235081 0.3947178125381470
v -0.0777762904763222 0.0298883654177189 0.3933386802673340
v -0.0776227787137032 0.0295522250235081 0.3919595777988434
v -0.0772033780813217 0.0286338739097118 0.3909499645233154
v -0.0766304731369019 0.0273793749511242 0.3905804455280304
v -0.0760575607419014 0.0261248759925365 0.3909499645233154
v -0.0756381601095200 0.0252065248787403 0.3919595777988434
v -0.0713221281766891 0.0260926075279713 0.3933386802673340
v -0.0713747143745422 0.0264583863317966 0.3947178125381470
v -0.0715183988213539 0.0274576954543591 0.3957273960113525
v -0.0717146694660187 0.0288227833807468 0.3960969448089600
v -0.0719109401106834 0.0301878713071346 0.3957273960113525
v -0.0720546171069145 0.0311871878802776 0.3947178125381470
v -0.0721072033047676 0.0315529592335224 0.3933386802673340
v -0.0720546171069145 0.0311871878802776 0.3919595777988434
v -0.0719109401106834 0.0301878713071346 0.3909499645233154
v -0.0717146694660187 0.0288227833807468 0.3905804455280304
v -0.0715183988213539 0.0274576954543591 0.3909499645233154
v -0.0713747143745422 0.0264583863317966 0.3919595777988434
v -0.0669838711619377 0.0260926075279713 0.3933386802673340
v -0.0669312849640846 0.0264583863317966 0.3947178125381470
v -0.0667876005172729 0.0274576954543591 0.3957273960113525
v -0.0665913298726082 0.0288227833807468 0.3960969448089600
v -0.0663950592279434 0.0301878713071346 0.3957273960113525
v -0.0662513822317123 0.0311871878802776 0.3947178125381470
v -0.0661987960338593 0.0315529592335224 0.3933386802673340
v -0.0662513822317123 0.0311871878802776 0.3919595777988434
v -0.0663950592279434 0.0301878713071346 0.3909499645233154
v -0.0665913298726082 0.0288227833807468 0.3905804455280304
v -0.0667876005172729 0.0274576954543591 0.3909499645233154
v -0.0669312849640846 0.0264583863317966 0.3919595777988434
v -0.0628213509917259 0.0248703844845295 0.3933386802673340
v -0.0626678392291069 0.0252065248787403 0.3947178125381470
v -0.0622484385967255 0.0261248759925365 0.3957273960113525
v -0.0616755299270153 0.0273793749511242 0.3960969448089600
v -0.0611026212573051 0.0286338739097118 0.3957273960113525
v -0.0606832206249237 0.0295522250235081 0.3947178125381470
v -0.0605297125875950 0.0298883654177189 0.3933386802673340
v -0.0606832206249237 0.0295522250235081 0.3919595777988434
v -0.0611026212573051 0.0286338739097118 0.3909499645233154
v -0.0616755299270153 0.0273793749511242 0.3905804455280304
v -0.0622484385967255 0.0261248759925365 0.3909499645233154
v -0.0626678392291069 0.0252065248787403 0.3919595777988434
v -0.0591717772185802 0.0225249491631985 0.3933386802673340
v -0.0589297823607922 0.0228042192757130 0.3947178125381470
v -0.0582686401903629 0.0235672183334827 0.3957273960113525
v -0.0573655068874359 0.0246094949543476 0.3960969448089600
v -0.0564623735845089 0.0256517641246319 0.3957273960113525
v -0.0558012314140797 0.0264147631824017 0.3947178125381470
v -0.0555592365562916 0.0266940407454967 0.3933386802673340
v -0.0558012314140797 0.0264147631824017 0.3919595777988434
v -0.0564623735845089 0.0256517641246319 0.3909499645233154
v -0.0573655068874359 0.0246094949543476 0.3905804455280304
v -0.0582686401903629 0.0235672183334827 0.3909499645233154
v -0.0589297823607922 0.0228042192757130 0.3919595777988434
v -0.0563308224081993 0.0192463137209415 0.3933386802673340
v -0.0560199506580830 0.0194461010396481 0.3947178125381470
v -0.0551706291735172 0.0199919231235981 0.3957273960113525
v -0.0540104359388351 0.0207375325262547 0.3960969448089600
v -0.0528502427041531 0.0214831493794918 0.3957273960113525
v -0.0520009212195873 0.0220289714634418 0.3947178125381470
v -0.0516900494694710 0.0222287587821484 0.3933386802673340
v -0.0520009212195873 0.0220289714634418 0.3919595777988434
v -0.0528502427041531 0.0214831493794918 0.3909499645233154
v -0.0540104359388351 0.0207375325262547 0.3905804455280304
v -0.0551706291735172 0.0199919231235981 0.3909499645233154
v -0.0560199506580830 0.0194461010396481 0.3919595777988434
v -0.0545286498963833 0.0153000988066196 0.3933386802673340
v -0.0541740804910660 0.0154042057693005 0.3947178125381470
v -0.0532053858041763 0.0156886391341686 0.3957273960113525
v -0.0518821254372597 0.0160771869122982 0.3960969448089600
v -0.0505588650703430 0.0164657272398472 0.3957273960113525
v -0.0495901703834534 0.0167501680552959 0.3947178125381470
v -0.0492356047034264 0.0168542750179768 0.3933386802673340
v -0.0495901703834534 0.0167501680552959 0.3919595777988434
v -0.0505588650703430 0.0164657272398472 0.3909499645233154
v -0.0518821254372597 0.0160771869122982 0.3905804455280304
v -0.0532053858041763 0.0156886391341686 0.3909499645233154
v -0.0541740804910660 0.0154042057693005 0.3919595777988434
v -0.0539112500846386 0.0110060013830662 0.3933386802673340
v -0.0535417161881924 0.0110060013830662 0.3947178125381470
v -0.0525321252644062 0.0110060013830662 0.3957273960113525
v -0.0511530004441738 0.0110060013830662 0.3960969448089600
v -0.0497738756239414 0.0110060013830662 0.3957273960113525
v -0.0487642847001553 0.0110060013830662 0.3947178125381470
v -0.0483947508037090 0.0110060013830662 0.3933386802673340
v -0.0487642847001553 0.0110060013830662 0.3919595777988434
v -0.0497738756239414 0.0110060013830662 0.3909499645233154
v -0.0511530004441738 0.0110060013830662 0.3905804455280304
v -0.0525321252644062 0.0110060013830662 0.3909499645233154
v -0.0535417161881924 0.0110060013830662 0.3919595777988434
v -0.0572099834680557 -0.0112507492303848 0.4044327139854431
v -0.0586366094648838 -0.0112507492303848 0.4036977887153625
v -0.0579016841948032 -0.0112507492303848 0.4022711515426636
v -0.0586149990558624 -0.0112507492303848 0.4019036889076233
v -0.0593499243259430 -0.0112507492303848 0.4033303260803223
v -0.0607765540480614 -0.0112507492303848 0.4025954008102417
v -0.0611440166831017 -0.0112507492303848 0.4033087193965912
v -0.0597173869609833 -0.0112507492303848 0.4040436446666718
v -0.0604523159563541 -0.0112507492303848 0.4054702520370483
v -0.0597390010952950 -0.0112507492303848 0.4058377146720886
v -0.0590040758252144 -0.0112507492303848 0.4044111073017120
v -0.0575774461030960 -0.0112507492303848 0.4051460325717926
v -0.0421259999275208 -0.1504170000553131 0.4135326445102692
v -0.0469569638371468 -0.1504170000553131 0.3955032229423523
v -0.0446266904473305 -0.1504170000553131 0.3945380151271820
v -0.0421259999275208 -0.1504170000553131 0.3942087888717651
v -0.0396253094077110 -0.1504170000553131 0.3945380151271820
v -0.0396253094077110 -0.1504170000553131 0.4132034182548523
v -0.0372950360178947 -0.1504170000553131 0.4122381806373596
v -0.0446266904473305 -0.1504170000553131 0.4132034182548523
v -0.0469569638371468 -0.1504170000553131 0.4122381806373596
v -0.0489580146968365 -0.1504170000553131 0.4107027351856232
v -0.0504934750497341 -0.1504170000553131 0.4087016880512238
v -0.0514587089419365 -0.1504170000553131 0.4063714146614075
v -0.0517879314720631 -0.1504170000553131 0.4038707017898560
v -0.0324640721082687 -0.1504170000553131 0.4038707017898560
v -0.0372950360178947 -0.1504170000553131 0.3955032229423523
v -0.0327932946383953 -0.1504170000553131 0.4013700187206268
v -0.0352939851582050 -0.1504170000553131 0.3970386981964111
v -0.0337585248053074 -0.1504170000553131 0.3990397453308105
v -0.0514587089419365 -0.1504170000553131 0.4013700187206268
v -0.0504934750497341 -0.1504170000553131 0.3990397453308105
v -0.0489580146968365 -0.1504170000553131 0.3970386981964111
v -0.0327932946383953 -0.1504170000553131 0.4063714146614075
v -0.0337585248053074 -0.1504170000553131 0.4087016880512238
v -0.0352939851582050 -0.1504170000553131 0.4107027351856232
v -0.0403805933892727 -0.1469064950942993 0.3873863518238068
v -0.0403883978724480 -0.1469064950942993 0.3874486386775970
v -0.0405135490000248 -0.1469064950942993 0.3876314163208008
v -0.0409057028591633 -0.1469064950942993 0.3881528973579407
v -0.0409833453595638 -0.1469064950942993 0.3885376453399658
v -0.0410274676978588 -0.1469064950942993 0.3888846337795258
v -0.0410794764757156 -0.1469064950942993 0.3889797627925873
v -0.0411425121128559 -0.1469064950942993 0.3890132904052734
v -0.0413294099271297 -0.1469064950942993 0.3890064358711243
v -0.0421212166547775 -0.1469064950942993 0.3889411985874176
v -0.0426396615803242 -0.1469064950942993 0.3891564607620239
v -0.0428019724786282 -0.1469064950942993 0.3891864120960236
v -0.0428530462086201 -0.1469064950942993 0.3891683518886566
v -0.0429130904376507 -0.1469064950942993 0.3891046643257141
v -0.0430913195014000 -0.1469064950942993 0.3886074721813202
v -0.0433748401701450 -0.1469064950942993 0.3882005512714386
v -0.0437791012227535 -0.1469064950942993 0.3878988325595856
v -0.0438569672405720 -0.1469064950942993 0.3878052234649658
v -0.0438714101910591 -0.1469064950942993 0.3877575695514679
v -0.0438636019825935 -0.1469064950942993 0.3876952826976776
v -0.0437384508550167 -0.1469064950942993 0.3875125348567963
v -0.0433462969958782 -0.1469064950942993 0.3869910240173340
v -0.0432686544954777 -0.1469064950942993 0.3866062760353088
v -0.0432245321571827 -0.1469064950942993 0.3862593173980713
v -0.0431725233793259 -0.1469064950942993 0.3861641585826874
v -0.0431094877421856 -0.1469064950942993 0.3861306309700012
v -0.0429225899279118 -0.1469064950942993 0.3861374855041504
v -0.0421307832002640 -0.1469064950942993 0.3862027227878571
v -0.0416123382747173 -0.1469064950942993 0.3859874904155731
v -0.0414500273764133 -0.1469064950942993 0.3859575390815735
v -0.0413989536464214 -0.1469064950942993 0.3859755694866180
v -0.0413389094173908 -0.1469064950942993 0.3860392868518829
v -0.0411606803536415 -0.1469064950942993 0.3865364491939545
v -0.0408771634101868 -0.1469064950942993 0.3869433701038361
v -0.0404728986322880 -0.1469064950942993 0.3872450888156891
v -0.0403950326144695 -0.1469064950942993 0.3873386979103088
v -0.0403805933892727 -0.1469064950942993 0.4199838638305664
v -0.0403883978724480 -0.1469064950942993 0.4200461506843567
v -0.0405135490000248 -0.1469064950942993 0.4202288985252380
v -0.0409057028591633 -0.1469064950942993 0.4207503795623779
v -0.0409833453595638 -0.1469064950942993 0.4211351573467255
v -0.0410274676978588 -0.1469064950942993 0.4214821159839630
v -0.0410794764757156 -0.1469064950942993 0.4215772449970245
v -0.0411425121128559 -0.1469064950942993 0.4216108024120331
v -0.0413294099271297 -0.1469064950942993 0.4216039478778839
v -0.0421212166547775 -0.1469064950942993 0.4215387105941772
v -0.0426396615803242 -0.1469064950942993 0.4217539429664612
v -0.0428019724786282 -0.1469064950942993 0.4217838943004608
v -0.0428530462086201 -0.1469064950942993 0.4217658638954163
v -0.0429130904376507 -0.1469064950942993 0.4217021465301514
v -0.0430913195014000 -0.1469064950942993 0.4212049841880798
v -0.0433748401701450 -0.1469064950942993 0.4207980334758759
v -0.0437791012227535 -0.1469064950942993 0.4204963445663452
v -0.0438569672405720 -0.1469064950942993 0.4204027354717255
v -0.0438714101910591 -0.1469064950942993 0.4203550815582275
v -0.0438636019825935 -0.1469064950942993 0.4202927947044373
v -0.0437384508550167 -0.1469064950942993 0.4201100170612335
v -0.0433462969958782 -0.1469064950942993 0.4195885360240936
v -0.0432686544954777 -0.1469064950942993 0.4192037582397461
v -0.0432245321571827 -0.1469064950942993 0.4188567996025085
v -0.0431725233793259 -0.1469064950942993 0.4187616705894470
v -0.0431094877421856 -0.1469064950942993 0.4187281131744385
v -0.0429225899279118 -0.1469064950942993 0.4187349975109100
v -0.0421307832002640 -0.1469064950942993 0.4188002347946167
v -0.0416123382747173 -0.1469064950942993 0.4185849726200104
v -0.0414500273764133 -0.1469064950942993 0.4185550212860107
v -0.0413989536464214 -0.1469064950942993 0.4185730516910553
v -0.0413389094173908 -0.1469064950942993 0.4186367690563202
v -0.0411606803536415 -0.1469064950942993 0.4191339313983917
v -0.0408771634101868 -0.1469064950942993 0.4195408821105957
v -0.0404728986322880 -0.1469064950942993 0.4198426008224487
v -0.0403950326144695 -0.1469064950942993 0.4199362099170685
v 0.0165105145424604 -0.0112507492303848 0.3883846998214722
v 0.0150838894769549 -0.0112507492303848 0.3876497745513916
v 0.0158188138157129 -0.0112507492303848 0.3862231671810150
v 0.0151054998859763 -0.0112507492303848 0.3858557045459747
v 0.0143705746158957 -0.0112507492303848 0.3872823119163513
v 0.0129439486190677 -0.0112507492303848 0.3865473866462708
v 0.0125764859840274 -0.0112507492303848 0.3872607052326202
v 0.0140031119808555 -0.0112507492303848 0.3879956305027008
v 0.0132681867107749 -0.0112507492303848 0.3894222676753998
v 0.0139814978465438 -0.0112507492303848 0.3897897303104401
v 0.0147164268419147 -0.0112507492303848 0.3883630931377411
v 0.0161430519074202 -0.0112507492303848 0.3890980184078217
v 0.0165105145424604 -0.0112507492303848 0.4204807281494141
v 0.0150838894769549 -0.0112507492303848 0.4197458028793335
v 0.0158188138157129 -0.0112507492303848 0.4183191657066345
v 0.0151054998859763 -0.0112507492303848 0.4179517030715942
v 0.0143705746158957 -0.0112507492303848 0.4193783104419708
v 0.0129439486190677 -0.0112507492303848 0.4186433851718903
v 0.0125764859840274 -0.0112507492303848 0.4193567037582397
v 0.0140031119808555 -0.0112507492303848 0.4200916290283203
v 0.0132681867107749 -0.0112507492303848 0.4215182662010193
v 0.0139814978465438 -0.0112507492303848 0.4218857288360596
v 0.0147164268419147 -0.0112507492303848 0.4204590916633606
v 0.0161430519074202 -0.0112507492303848 0.4211940169334412
v -0.0539112500846386 0.0010359997395426 0.3933386802673340
v -0.0535417161881924 0.0010359997395426 0.3947178125381470
v -0.0525321252644062 0.0010359997395426 0.3957273960113525
v -0.0511530004441738 0.0010359997395426 0.3960969448089600
v -0.0497738756239414 0.0010359997395426 0.3957273960113525
v -0.0487642847001553 0.0010359997395426 0.3947178125381470
v -0.0483947508037090 0.0010359997395426 0.3933386802673340
v -0.0487642847001553 0.0010359997395426 0.3919595777988434
v -0.0497738756239414 0.0010359997395426 0.3909499645233154
v -0.0511530004441738 0.0010359997395426 0.3905804455280304
v -0.0525321252644062 0.0010359997395426 0.3909499645233154
v -0.0535417161881924 0.0010359997395426 0.3919595777988434
v -0.0592970773577690 -0.0112507492303848 0.4013660848140717
v -0.0580286756157875 -0.0112507492303848 0.4016416072845459
v -0.0570679716765881 -0.0112507492303848 0.4025143980979919
v -0.0566723756492138 -0.0112507492303848 0.4037506282329559
v -0.0605333000421524 -0.0112507492303848 0.4017616808414459
v -0.0614061057567596 -0.0112507492303848 0.4027223885059357
v -0.0616816245019436 -0.0112507492303848 0.4039907753467560
v -0.0612860284745693 -0.0112507492303848 0.4052270054817200
v -0.0603253208100796 -0.0112507492303848 0.4060998260974884
v -0.0590569227933884 -0.0112507492303848 0.4063753485679626
v -0.0578207001090050 -0.0112507492303848 0.4059797525405884
v -0.0569478943943977 -0.0112507492303848 0.4050190448760986
v -0.0396073684096336 -0.1504046469926834 0.3944710493087769
v -0.0372603796422482 -0.1504046469926834 0.3954432010650635
v -0.0352449715137482 -0.1504046469926834 0.3969896733760834
v -0.0336984954774380 -0.1504046469926834 0.3990050852298737
v -0.0327263399958611 -0.1504046469926834 0.4013520777225494
v -0.0323947593569756 -0.1504046469926834 0.4038707017898560
v -0.0327263399958611 -0.1504046469926834 0.4063893556594849
v -0.0336984954774380 -0.1504046469926834 0.4087363481521606
v -0.0352449715137482 -0.1504046469926834 0.4107517302036285
v -0.0372603796422482 -0.1504046469926834 0.4122982025146484
v -0.0396073684096336 -0.1504046469926834 0.4132703840732574
v -0.0421259999275208 -0.1504046469926834 0.4136019647121429
v -0.0446446314454079 -0.1504046469926834 0.4132703840732574
v -0.0469916202127934 -0.1504046469926834 0.4122982025146484
v -0.0490070283412933 -0.1504046469926834 0.4107517302036285
v -0.0505535043776035 -0.1504046469926834 0.4087363481521606
v -0.0515256598591805 -0.1504046469926834 0.4063893556594849
v -0.0518572442233562 -0.1504046469926834 0.4038707017898560
v -0.0515256598591805 -0.1504046469926834 0.4013520777225494
v -0.0505535043776035 -0.1504046469926834 0.3990050852298737
v -0.0490070283412933 -0.1504046469926834 0.3969896733760834
v -0.0469916202127934 -0.1504046469926834 0.3954432010650635
v -0.0446446314454079 -0.1504046469926834 0.3944710493087769
v -0.0421259999275208 -0.1504046469926834 0.3941394686698914
v -0.0395916402339935 -0.1503691077232361 0.3944123387336731
v -0.0372299924492836 -0.1503691077232361 0.3953905701637268
v -0.0352019965648651 -0.1503691077232361 0.3969466984272003
v -0.0336458645761013 -0.1503691077232361 0.3989747166633606
v -0.0326676368713379 -0.1503691077232361 0.4013363420963287
v -0.0323339812457561 -0.1503691077232361 0.4038707017898560
v -0.0326676368713379 -0.1503691077232361 0.4064050614833832
v -0.0336458645761013 -0.1503691077232361 0.4087667167186737
v -0.0352019965648651 -0.1503691077232361 0.4107947051525116
v -0.0372299924492836 -0.1503691077232361 0.4123508632183075
v -0.0395916402339935 -0.1503691077232361 0.4133290648460388
v -0.0421259999275208 -0.1503691077232361 0.4136627316474915
v -0.0446603596210480 -0.1503691077232361 0.4133290648460388
v -0.0470220074057579 -0.1503691077232361 0.4123508632183075
v -0.0490500032901764 -0.1503691077232361 0.4107947051525116
v -0.0506061352789402 -0.1503691077232361 0.4087667167186737
v -0.0515843629837036 -0.1503691077232361 0.4064050614833832
v -0.0519180186092854 -0.1503691077232361 0.4038707017898560
v -0.0515843629837036 -0.1503691077232361 0.4013363420963287
v -0.0506061352789402 -0.1503691077232361 0.3989747166633606
v -0.0490500032901764 -0.1503691077232361 0.3969466984272003
v -0.0470220074057579 -0.1503691077232361 0.3953905701637268
v -0.0446603596210480 -0.1503691077232361 0.3944123387336731
v -0.0421259999275208 -0.1503691077232361 0.3940787017345428
v -0.0395800583064556 -0.1503147482872009 0.3943691253662109
v -0.0372076146304607 -0.1503147482872009 0.3953518271446228
v -0.0351703539490700 -0.1503147482872009 0.3969150781631470
v -0.0336071103811264 -0.1503147482872009 0.3989523351192474
v -0.0326244123280048 -0.1503147482872009 0.4013247787952423
v -0.0322892330586910 -0.1503147482872009 0.4038707017898560
v -0.0326244123280048 -0.1503147482872009 0.4064166545867920
v -0.0336071103811264 -0.1503147482872009 0.4087890982627869
v -0.0351703539490700 -0.1503147482872009 0.4108263552188873
v -0.0372076146304607 -0.1503147482872009 0.4123896062374115
v -0.0395800583064556 -0.1503147482872009 0.4133723080158234
v -0.0421259999275208 -0.1503147482872009 0.4137074947357178
v -0.0446719415485859 -0.1503147482872009 0.4133723080158234
v -0.0470443852245808 -0.1503147482872009 0.4123896062374115
v -0.0490816459059715 -0.1503147482872009 0.4108263552188873
v -0.0506448894739151 -0.1503147482872009 0.4087890982627869
v -0.0516275875270367 -0.1503147482872009 0.4064166545867920
v -0.0519627667963505 -0.1503147482872009 0.4038707017898560
v -0.0516275875270367 -0.1503147482872009 0.4013247787952423
v -0.0506448894739151 -0.1503147482872009 0.3989523351192474
v -0.0490816459059715 -0.1503147482872009 0.3969150781631470
v -0.0470443852245808 -0.1503147482872009 0.3953518271446228
v -0.0446719415485859 -0.1503147482872009 0.3943691253662109
v -0.0421259999275208 -0.1503147482872009 0.3940339386463165
v -0.0401549115777016 -0.1469064950942993 0.3884466588497162
v -0.0408563315868378 -0.1469064950942993 0.3893150091171265
v -0.0412513092160225 -0.1469064950942993 0.3856008648872375
v -0.0423540398478508 -0.1469064950942993 0.3854275941848755
v -0.0399816408753395 -0.1469064950942993 0.3873439133167267
v -0.0433956682682037 -0.1469064950942993 0.3858289122581482
v -0.0440970882773399 -0.1469064950942993 0.3866972625255585
v -0.0430006906390190 -0.1469064950942993 0.3895430564880371
v -0.0418979600071907 -0.1469064950942993 0.3897163271903992
v -0.0442703589797020 -0.1469064950942993 0.3878000080585480
v -0.0403829514980316 -0.1469064950942993 0.3863022923469543
v -0.0438690483570099 -0.1469064950942993 0.3888416290283203
v -0.0401549115777016 -0.1469064950942993 0.4210441410541534
v -0.0408563315868378 -0.1469064950942993 0.4219125211238861
v -0.0412513092160225 -0.1469064950942993 0.4181983768939972
v -0.0423540398478508 -0.1469064950942993 0.4180251061916351
v -0.0399816408753395 -0.1469064950942993 0.4199414253234863
v -0.0433956682682037 -0.1469064950942993 0.4184264242649078
v -0.0440970882773399 -0.1469064950942993 0.4192947745323181
v -0.0430006906390190 -0.1469064950942993 0.4221405386924744
v -0.0418979600071907 -0.1469064950942993 0.4223138093948364
v -0.0442703589797020 -0.1469064950942993 0.4203974902629852
v -0.0403829514980316 -0.1469064950942993 0.4188998043537140
v -0.0438690483570099 -0.1469064950942993 0.4214391410350800
v 0.0146635761484504 -0.0112507492303848 0.3903273344039917
v 0.0133951781317592 -0.0112507492303848 0.3900518119335175
v 0.0124344704672694 -0.0112507492303848 0.3891790211200714
v 0.0120388781651855 -0.0112507492303848 0.3879427909851074
v 0.0158998016268015 -0.0112507492303848 0.3899317383766174
v 0.0167726036161184 -0.0112507492303848 0.3889710307121277
v 0.0170481223613024 -0.0112507492303848 0.3877026438713074
v 0.0166525300592184 -0.0112507492303848 0.3864664137363434
v 0.0156918223947287 -0.0112507492303848 0.3855935931205750
v 0.0144234253093600 -0.0112507492303848 0.3853181004524231
v 0.0131871988996863 -0.0112507492303848 0.3857136964797974
v 0.0123143931850791 -0.0112507492303848 0.3866744041442871
v 0.0146635761484504 -0.0112507492303848 0.4224233329296112
v 0.0133951781317592 -0.0112507492303848 0.4221478104591370
v 0.0124344704672694 -0.0112507492303848 0.4212750196456909
v 0.0120388781651855 -0.0112507492303848 0.4200387895107269
v 0.0158998016268015 -0.0112507492303848 0.4220277369022369
v 0.0167726036161184 -0.0112507492303848 0.4210670292377472
v 0.0170481223613024 -0.0112507492303848 0.4197986423969269
v 0.0166525300592184 -0.0112507492303848 0.4185624122619629
v 0.0156918223947287 -0.0112507492303848 0.4176896214485168
v 0.0144234253093600 -0.0112507492303848 0.4174140989780426
v 0.0131871988996863 -0.0112507492303848 0.4178096950054169
v 0.0123143931850791 -0.0112507492303848 0.4187704026699066
v -0.0575693473219872 -0.0122537501156330 0.4007499516010284
v -0.0563373826444149 -0.0117522515356541 0.4020445644855499
v -0.0562243573367596 -0.0122537501156330 0.4019719064235687
v -0.0558047518134117 -0.0117522515356541 0.4037090539932251
v -0.0556705258786678 -0.0122537501156330 0.4037026166915894
v -0.0561757087707520 -0.0117522515356541 0.4054168164730072
v -0.0560562536120415 -0.0122537501156330 0.4054783582687378
v -0.0573508627712727 -0.0117522515356541 0.4067103266716003
v -0.0572781786322594 -0.0122537501156330 0.4068233668804169
v -0.0590153299272060 -0.0117522515356541 0.4072429537773132
v -0.0590088926255703 -0.0122537501156330 0.4073771834373474
v -0.0607231147587299 -0.0117522515356541 0.4068720042705536
v -0.0607846528291702 -0.0122537501156330 0.4069914519786835
v -0.0620166175067425 -0.0117522515356541 0.4056968390941620
v -0.0621296428143978 -0.0122537501156330 0.4057695269584656
v -0.0625492483377457 -0.0117522515356541 0.4040323793888092
v -0.0626834705471992 -0.0122537501156330 0.4040388166904449
v -0.0621782913804054 -0.0117522515356541 0.4023245871067047
v -0.0622977465391159 -0.0122537501156330 0.4022630751132965
v -0.0610031373798847 -0.0117522515356541 0.4010311067104340
v -0.0610758215188980 -0.0122537501156330 0.4009180665016174
v -0.0593386702239513 -0.0117522515356541 0.4004984498023987
v -0.0593451075255871 -0.0122537501156330 0.4003642499446869
v -0.0576308853924274 -0.0117522515356541 0.4008694291114807
v -0.0566461645066738 -0.0113851279020309 0.4022431671619415
v -0.0561714507639408 -0.0113851279020309 0.4037266075611115
v -0.0565020740032196 -0.0113851279020309 0.4052487015724182
v -0.0575494393706322 -0.0113851279020309 0.4064015448093414
v -0.0590329095721245 -0.0113851279020309 0.4068762660026550
v -0.0605549886822701 -0.0113851279020309 0.4065456390380859
v -0.0617078356444836 -0.0113851279020309 0.4054982662200928
v -0.0621825493872166 -0.0113851279020309 0.4040147960186005
v -0.0618519261479378 -0.0113851279020309 0.4024927318096161
v -0.0608045607805252 -0.0113851279020309 0.4013398885726929
v -0.0593210905790329 -0.0113851279020309 0.4008651673793793
v -0.0577990114688873 -0.0113851279020309 0.4011957943439484
v -0.0390175208449364 -0.1464508026838303 0.4154717028141022
v -0.0421259999275208 -0.1464508026838303 0.4158809483051300
v -0.0452344790101051 -0.1464508026838303 0.4154717028141022
v -0.0481311194598675 -0.1464508026838303 0.4142718911170959
v -0.0506185218691826 -0.1464508026838303 0.4123632311820984
v -0.0525271706283092 -0.1464508026838303 0.4098758399486542
v -0.0537270009517670 -0.1464508026838303 0.4069792032241821
v -0.0541362389922142 -0.1464508026838303 0.4038707017898560
v -0.0537270009517670 -0.1464508026838303 0.4007622301578522
v -0.0525271706283092 -0.1464508026838303 0.3978655934333801
v -0.0506185218691826 -0.1464508026838303 0.3953782021999359
v -0.0481311194598675 -0.1464508026838303 0.3934695422649384
v -0.0452344790101051 -0.1464508026838303 0.3922697007656097
v -0.0421259999275208 -0.1464508026838303 0.3918604850769043
v -0.0390175208449364 -0.1464508026838303 0.3922697007656097
v -0.0361208803951740 -0.1464508026838303 0.3934695422649384
v -0.0336334779858589 -0.1464508026838303 0.3953782021999359
v -0.0317248292267323 -0.1464508026838303 0.3978655934333801
v -0.0305250007659197 -0.1464508026838303 0.4007622301578522
v -0.0301157627254725 -0.1464508026838303 0.4038707017898560
v -0.0305250007659197 -0.1464508026838303 0.4069792032241821
v -0.0317248292267323 -0.1464508026838303 0.4098758399486542
v -0.0336334779858589 -0.1464508026838303 0.4123632311820984
v -0.0361208803951740 -0.1464508026838303 0.4142718911170959
v -0.0441933386027813 -0.1467989981174469 0.3890778422355652
v -0.0446693077683449 -0.1467989981174469 0.3878424167633057
v -0.0444638021290302 -0.1467989981174469 0.3865345418453217
v -0.0436318852007389 -0.1467989981174469 0.3855046331882477
v -0.0423964634537697 -0.1467989981174469 0.3850286602973938
v -0.0410885736346245 -0.1467989981174469 0.3852341473102570
v -0.0400586612522602 -0.1467989981174469 0.3860660791397095
v -0.0395826920866966 -0.1467989981174469 0.3873015046119690
v -0.0397881977260113 -0.1467989981174469 0.3886093795299530
v -0.0406201146543026 -0.1467989981174469 0.3896392881870270
v -0.0418555364012718 -0.1467989981174469 0.3901152610778809
v -0.0431634262204170 -0.1467989981174469 0.3899097740650177
v -0.0444307327270508 -0.1465052962303162 0.3892507553100586
v -0.0449613630771637 -0.1465052962303162 0.3878735005855560
v -0.0447322577238083 -0.1465052962303162 0.3864154219627380
v -0.0438048057258129 -0.1465052962303162 0.3852672278881073
v -0.0424275211989880 -0.1465052962303162 0.3847365975379944
v -0.0409694463014603 -0.1465052962303162 0.3849657177925110
v -0.0398212671279907 -0.1465052962303162 0.3858931660652161
v -0.0392906367778778 -0.1465052962303162 0.3872704505920410
v -0.0395197421312332 -0.1465052962303162 0.3887285292148590
v -0.0404471941292286 -0.1465052962303162 0.3898766934871674
v -0.0418244786560535 -0.1465052962303162 0.3904073238372803
v -0.0432825535535812 -0.1465052962303162 0.3901782333850861
v -0.0445176251232624 -0.1461040973663330 0.3893140554428101
v -0.0450682602822781 -0.1461040973663330 0.3878848552703857
v -0.0448305159807205 -0.1461040973663330 0.3863717913627625
v -0.0438681021332741 -0.1461040973663330 0.3851803243160248
v -0.0424388907849789 -0.1461040973663330 0.3846296966075897
v -0.0409258417785168 -0.1461040973663330 0.3848674595355988
v -0.0397343747317791 -0.1461040973663330 0.3858298659324646
v -0.0391837395727634 -0.1461040973663330 0.3872590661048889
v -0.0394214838743210 -0.1461040973663330 0.3887721300125122
v -0.0403838977217674 -0.1461040973663330 0.3899635970592499
v -0.0418131090700626 -0.1461040973663330 0.3905142247676849
v -0.0433261580765247 -0.1461040973663330 0.3902764916419983
v -0.0441933386027813 -0.1467989981174469 0.4216753542423248
v -0.0446693077683449 -0.1467989981174469 0.4204399287700653
v -0.0444638021290302 -0.1467989981174469 0.4191320240497589
v -0.0436318852007389 -0.1467989981174469 0.4181021153926849
v -0.0423964634537697 -0.1467989981174469 0.4176261425018311
v -0.0410885736346245 -0.1467989981174469 0.4178316593170166
v -0.0400586612522602 -0.1467989981174469 0.4186635911464691
v -0.0395826920866966 -0.1467989981174469 0.4198989868164062
v -0.0397881977260113 -0.1467989981174469 0.4212068915367126
v -0.0406201146543026 -0.1467989981174469 0.4222368001937866
v -0.0418555364012718 -0.1467989981174469 0.4227127730846405
v -0.0431634262204170 -0.1467989981174469 0.4225072562694550
v -0.0444307327270508 -0.1465052962303162 0.4218482673168182
v -0.0449613630771637 -0.1465052962303162 0.4204709827899933
v -0.0447322577238083 -0.1465052962303162 0.4190129041671753
v -0.0438048057258129 -0.1465052962303162 0.4178647398948669
v -0.0424275211989880 -0.1465052962303162 0.4173341095447540
v -0.0409694463014603 -0.1465052962303162 0.4175631999969482
v -0.0398212671279907 -0.1465052962303162 0.4184906482696533
v -0.0392906367778778 -0.1465052962303162 0.4198679327964783
v -0.0395197421312332 -0.1465052962303162 0.4213260114192963
v -0.0404471941292286 -0.1465052962303162 0.4224742054939270
v -0.0418244786560535 -0.1465052962303162 0.4230048358440399
v -0.0432825535535812 -0.1465052962303162 0.4227757155895233
v -0.0445176251232624 -0.1461040973663330 0.4219115674495697
v -0.0450682602822781 -0.1461040973663330 0.4204823672771454
v -0.0448305159807205 -0.1461040973663330 0.4189693033695221
v -0.0438681021332741 -0.1461040973663330 0.4177778363227844
v -0.0424388907849789 -0.1461040973663330 0.4172272086143494
v -0.0409258417785168 -0.1461040973663330 0.4174649417400360
v -0.0397343747317791 -0.1461040973663330 0.4184273481369019
v -0.0391837395727634 -0.1461040973663330 0.4198565781116486
v -0.0394214838743210 -0.1461040973663330 0.4213696122169495
v -0.0403838977217674 -0.1461040973663330 0.4225610792636871
v -0.0418131090700626 -0.1461040973663330 0.4231117367744446
v -0.0433261580765247 -0.1461040973663330 0.4228739738464355
v 0.0161511506885290 -0.0122537501156330 0.3847019672393799
v 0.0173831190913916 -0.0117522515356541 0.3859965801239014
v 0.0174961406737566 -0.0122537501156330 0.3859238922595978
v 0.0179157499223948 -0.0117522515356541 0.3876610398292542
v 0.0180499721318483 -0.0122537501156330 0.3876546025276184
v 0.0175447892397642 -0.0117522515356541 0.3893688321113586
v 0.0176642481237650 -0.0122537501156330 0.3894303739070892
v 0.0163696352392435 -0.0117522515356541 0.3906623423099518
v 0.0164423193782568 -0.0122537501156330 0.3907753527164459
v 0.0147051727399230 -0.0117522515356541 0.3911949694156647
v 0.0147116063162684 -0.0122537501156330 0.3913291990756989
v 0.0129973879083991 -0.0117522515356541 0.3908239901065826
v 0.0129358498379588 -0.0122537501156330 0.3909434676170349
v 0.0117038814350963 -0.0117522515356541 0.3896488547325134
v 0.0115908598527312 -0.0122537501156330 0.3897215425968170
v 0.0111712506040931 -0.0117522515356541 0.3879843950271606
v 0.0110370283946395 -0.0122537501156330 0.3879908323287964
v 0.0115422112867236 -0.0117522515356541 0.3862766027450562
v 0.0114227524027228 -0.0122537501156330 0.3862150609493256
v 0.0127173615619540 -0.0117522515356541 0.3849830925464630
v 0.0126446811482310 -0.0122537501156330 0.3848700821399689
v 0.0143818287178874 -0.0117522515356541 0.3844504654407501
v 0.0143753951415420 -0.0122537501156330 0.3843162357807159
v 0.0160896126180887 -0.0117522515356541 0.3848214149475098
v 0.0170743335038424 -0.0113851279020309 0.3861951529979706
v 0.0175490472465754 -0.0113851279020309 0.3876786231994629
v 0.0172184240072966 -0.0113851279020309 0.3892006874084473
v 0.0161710586398840 -0.0113851279020309 0.3903535604476929
v 0.0146875930950046 -0.0113851279020309 0.3908282518386841
v 0.0131655139848590 -0.0113851279020309 0.3904976248741150
v 0.0120126632973552 -0.0113851279020309 0.3894502818584442
v 0.0115379532799125 -0.0113851279020309 0.3879668116569519
v 0.0118685727939010 -0.0113851279020309 0.3864447176456451
v 0.0129159381613135 -0.0113851279020309 0.3852918744087219
v 0.0143994083628058 -0.0113851279020309 0.3848171532154083
v 0.0159214865416288 -0.0113851279020309 0.3851477801799774
v 0.0161511506885290 -0.0122537501156330 0.4167979657649994
v 0.0173831190913916 -0.0117522515356541 0.4180925786495209
v 0.0174961406737566 -0.0122537501156330 0.4180198907852173
v 0.0179157499223948 -0.0117522515356541 0.4197570383548737
v 0.0180499721318483 -0.0122537501156330 0.4197506010532379
v 0.0175447892397642 -0.0117522515356541 0.4214648306369781
v 0.0176642481237650 -0.0122537501156330 0.4215263724327087
v 0.0163696352392435 -0.0117522515356541 0.4227583408355713
v 0.0164423193782568 -0.0122537501156330 0.4228713512420654
v 0.0147051727399230 -0.0117522515356541 0.4232909679412842
v 0.0147116063162684 -0.0122537501156330 0.4234251976013184
v 0.0129973879083991 -0.0117522515356541 0.4229199886322021
v 0.0129358498379588 -0.0122537501156330 0.4230394661426544
v 0.0117038814350963 -0.0117522515356541 0.4217448532581329
v 0.0115908598527312 -0.0122537501156330 0.4218175411224365
v 0.0111712506040931 -0.0117522515356541 0.4200803935527802
v 0.0110370283946395 -0.0122537501156330 0.4200868308544159
v 0.0115422112867236 -0.0117522515356541 0.4183726012706757
v 0.0114227524027228 -0.0122537501156330 0.4183110594749451
v 0.0127173615619540 -0.0117522515356541 0.4170790910720825
v 0.0126446811482310 -0.0122537501156330 0.4169660806655884
v 0.0143818287178874 -0.0117522515356541 0.4165464639663696
v 0.0143753951415420 -0.0122537501156330 0.4164122343063354
v 0.0160896126180887 -0.0117522515356541 0.4169174134731293
v 0.0170743335038424 -0.0113851279020309 0.4182911515235901
v 0.0175490472465754 -0.0113851279020309 0.4197746217250824
v 0.0172184240072966 -0.0113851279020309 0.4212966859340668
v 0.0161710586398840 -0.0113851279020309 0.4224495589733124
v 0.0146875930950046 -0.0113851279020309 0.4229242503643036
v 0.0131655139848590 -0.0113851279020309 0.4225936532020569
v 0.0120126632973552 -0.0113851279020309 0.4215462803840637
v 0.0115379532799125 -0.0113851279020309 0.4200628101825714
v 0.0118685727939010 -0.0113851279020309 0.4185407161712646
v 0.0129159381613135 -0.0113851279020309 0.4173878729343414
v 0.0143994083628058 -0.0113851279020309 0.4169131517410278
v 0.0159214865416288 -0.0113851279020309 0.4172437787055969
v -0.0483947508037090 -0.0089940018951893 0.3933392167091370
v -0.0487642847001553 -0.0089940018951893 0.3947183489799500
v -0.0497738756239414 -0.0089940018951893 0.3957279324531555
v -0.0511530004441738 -0.0089940018951893 0.3960974514484406
v -0.0525321252644062 -0.0089940018951893 0.3957279324531555
v -0.0535417161881924 -0.0089940018951893 0.3947183489799500
v -0.0539112500846386 -0.0089940018951893 0.3933392167091370
v -0.0535417161881924 -0.0089940018951893 0.3919600844383240
v -0.0525321252644062 -0.0089940018951893 0.3909505009651184
v -0.0511530004441738 -0.0089940018951893 0.3905809521675110
v -0.0497738756239414 -0.0089940018951893 0.3909505009651184
v -0.0487642847001553 -0.0089940018951893 0.3919600844383240
v -0.0590088926255703 -0.0138083994388580 0.4073771834373474
v -0.0572781786322594 -0.0138083994388580 0.4068233668804169
v -0.0560562536120415 -0.0138083994388580 0.4054783582687378
v -0.0556705258786678 -0.0138083994388580 0.4037026166915894
v -0.0562243573367596 -0.0138083994388580 0.4019719064235687
v -0.0575693473219872 -0.0138083994388580 0.4007499516010284
v -0.0593451075255871 -0.0138083994388580 0.4003642499446869
v -0.0610758215188980 -0.0138083994388580 0.4009180665016174
v -0.0622977465391159 -0.0138083994388580 0.4022630751132965
v -0.0626834705471992 -0.0138083994388580 0.4040388166904449
v -0.0621296428143978 -0.0138083994388580 0.4057695269584656
v -0.0607846528291702 -0.0138083994388580 0.4069914519786835
v -0.0421259999275208 -0.1463524550199509 0.4159067273139954
v -0.0390108525753021 -0.1463524550199509 0.4154965877532959
v -0.0361079983413219 -0.1463524550199509 0.4142941832542419
v -0.0336152613162994 -0.1463524550199509 0.4123814404010773
v -0.0317025184631348 -0.1463524550199509 0.4098887145519257
v -0.0305001176893711 -0.1463524550199509 0.4069858491420746
v -0.0300900004804134 -0.1463524550199509 0.4038707017898560
v -0.0305001176893711 -0.1463524550199509 0.4007555544376373
v -0.0317025184631348 -0.1463524550199509 0.3978527188301086
v -0.0336152613162994 -0.1463524550199509 0.3953599631786346
v -0.0361079983413219 -0.1463524550199509 0.3934472203254700
v -0.0390108525753021 -0.1463524550199509 0.3922448158264160
v -0.0421259999275208 -0.1463524550199509 0.3918347060680389
v -0.0452411472797394 -0.1463524550199509 0.3922448158264160
v -0.0481440015137196 -0.1463524550199509 0.3934472203254700
v -0.0506367385387421 -0.1463524550199509 0.3953599631786346
v -0.0525494813919067 -0.1463524550199509 0.3978527188301086
v -0.0537518821656704 -0.1463524550199509 0.4007555544376373
v -0.0541619993746281 -0.1463524550199509 0.4038707017898560
v -0.0537518821656704 -0.1463524550199509 0.4069858491420746
v -0.0525494813919067 -0.1463524550199509 0.4098887145519257
v -0.0506367385387421 -0.1463524550199509 0.4123814404010773
v -0.0481440015137196 -0.1463524550199509 0.4142941832542419
v -0.0452411472797394 -0.1463524550199509 0.4154965877532959
v -0.0409258417785168 -0.1454019993543625 0.3848674595355988
v -0.0424388907849789 -0.1454019993543625 0.3846296966075897
v -0.0438681021332741 -0.1454019993543625 0.3851803243160248
v -0.0448305159807205 -0.1454019993543625 0.3863717913627625
v -0.0450682602822781 -0.1454019993543625 0.3878848552703857
v -0.0445176251232624 -0.1454019993543625 0.3893140554428101
v -0.0433261580765247 -0.1454019993543625 0.3902764916419983
v -0.0418131090700626 -0.1454019993543625 0.3905142247676849
v -0.0403838977217674 -0.1454019993543625 0.3899635970592499
v -0.0394214838743210 -0.1454019993543625 0.3887721300125122
v -0.0391837395727634 -0.1454019993543625 0.3872590661048889
v -0.0397343747317791 -0.1454019993543625 0.3858298659324646
v -0.0409258417785168 -0.1454019993543625 0.4174649417400360
v -0.0424388907849789 -0.1454019993543625 0.4172272086143494
v -0.0438681021332741 -0.1454019993543625 0.4177778363227844
v -0.0448305159807205 -0.1454019993543625 0.4189693033695221
v -0.0450682602822781 -0.1454019993543625 0.4204823672771454
v -0.0445176251232624 -0.1454019993543625 0.4219115674495697
v -0.0433261580765247 -0.1454019993543625 0.4228739738464355
v -0.0418131090700626 -0.1454019993543625 0.4231117367744446
v -0.0403838977217674 -0.1454019993543625 0.4225610792636871
v -0.0394214838743210 -0.1454019993543625 0.4213696122169495
v -0.0391837395727634 -0.1454019993543625 0.4198565781116486
v -0.0397343747317791 -0.1454019993543625 0.4184273481369019
v 0.0147116063162684 -0.0138083994388580 0.3913291990756989
v 0.0164423193782568 -0.0138083994388580 0.3907753527164459
v 0.0176642481237650 -0.0138083994388580 0.3894303739070892
v 0.0180499721318483 -0.0138083994388580 0.3876546025276184
v 0.0174961406737566 -0.0138083994388580 0.3859238922595978
v 0.0161511506885290 -0.0138083994388580 0.3847019672393799
v 0.0143753951415420 -0.0138083994388580 0.3843162357807159
v 0.0126446811482310 -0.0138083994388580 0.3848700821399689
v 0.0114227524027228 -0.0138083994388580 0.3862150609493256
v 0.0110370283946395 -0.0138083994388580 0.3879908323287964
v 0.0115908598527312 -0.0138083994388580 0.3897215425968170
v 0.0129358498379588 -0.0138083994388580 0.3909434676170349
v 0.0147116063162684 -0.0138083994388580 0.4234251976013184
v 0.0164423193782568 -0.0138083994388580 0.4228713512420654
v 0.0176642481237650 -0.0138083994388580 0.4215263724327087
v 0.0180499721318483 -0.0138083994388580 0.4197506010532379
v 0.0174961406737566 -0.0138083994388580 0.4180198907852173
v 0.0161511506885290 -0.0138083994388580 0.4167979657649994
v 0.0143753951415420 -0.0138083994388580 0.4164122343063354
v 0.0126446811482310 -0.0138083994388580 0.4169660806655884
v 0.0114227524027228 -0.0138083994388580 0.4183110594749451
v 0.0110370283946395 -0.0138083994388580 0.4200868308544159
v 0.0115908598527312 -0.0138083994388580 0.4218175411224365
v 0.0129358498379588 -0.0138083994388580 0.4230394661426544
v -0.0480437017977238 -0.0089940018951893 0.3987246751785278
v -0.0457675345242023 -0.0089940018951893 0.3964485228061676
v -0.0449343994259834 -0.0089940018951893 0.3933392167091370
v -0.0457675345242023 -0.0089940018951893 0.3902299106121063
v -0.0480437017977238 -0.0089940018951893 0.3879537582397461
v -0.0511530004441738 -0.0089940018951893 0.3871206045150757
v -0.0542622990906239 -0.0089940018951893 0.3879537582397461
v -0.0565384663641453 -0.0089940018951893 0.3902299106121063
v -0.0573716014623642 -0.0089940018951893 0.3933392167091370
v -0.0565384663641453 -0.0089940018951893 0.3964485228061676
v -0.0542622990906239 -0.0089940018951893 0.3987246751785278
v -0.0511530004441738 -0.0089940018951893 0.3995577991008759
v -0.0624270886182785 -0.0140089988708496 0.4044970870018005
v -0.0624831020832062 -0.0140089988708496 0.4040292203426361
v -0.0624367482960224 -0.0140089988708496 0.4038707017898560
v -0.0624270886182785 -0.0140089988708496 0.4032443165779114
v -0.0620452798902988 -0.0139821246266365 0.4057152867317200
v -0.0625832900404930 -0.0139821246266365 0.4040340185165405
v -0.0619609169661999 -0.0140089988708496 0.4056610167026520
v -0.0606927871704102 -0.0140089988708496 0.4068131446838379
v -0.0607387199997902 -0.0139821246266365 0.4069022834300995
v -0.0590185001492500 -0.0140089988708496 0.4071768224239349
v -0.0590136982500553 -0.0139821246266365 0.4072769880294800
v -0.0573866851627827 -0.0140089988708496 0.4066546261310577
v -0.0573324300348759 -0.0139821246266365 0.4067389965057373
v -0.0562345795333385 -0.0140089988708496 0.4053865075111389
v -0.0561454184353352 -0.0139821246266365 0.4054324328899384
v -0.0558708980679512 -0.0140089988708496 0.4037122130393982
v -0.0557707138359547 -0.0139821246266365 0.4037074148654938
v -0.0563930831849575 -0.0140089988708496 0.4020803868770599
v -0.0563087202608585 -0.0139821246266365 0.4020261466503143
v -0.0576612129807472 -0.0140089988708496 0.4009282886981964
v -0.0576152801513672 -0.0139821246266365 0.4008391201496124
v -0.0593355000019073 -0.0140089988708496 0.4005646109580994
v -0.0593403019011021 -0.0139821246266365 0.4004644155502319
v -0.0609673149883747 -0.0140089988708496 0.4010868072509766
v -0.0610215701162815 -0.0139821246266365 0.4010024368762970
v -0.0621194206178188 -0.0140089988708496 0.4023549258708954
v -0.0622085817158222 -0.0139821246266365 0.4023090004920959
v -0.0562469623982906 -0.0139086991548538 0.4019864201545715
v -0.0556973703205585 -0.0139086991548538 0.4037038981914520
v -0.0560801438987255 -0.0139086991548538 0.4054660499095917
v -0.0572927147150040 -0.0139086991548538 0.4068007469177246
v -0.0590101815760136 -0.0139086991548538 0.4073503315448761
v -0.0607723444700241 -0.0139086991548538 0.4069675803184509
v -0.0621070377528667 -0.0139086991548538 0.4057549834251404
v -0.0626566261053085 -0.0139086991548538 0.4040375351905823
v -0.0622738562524319 -0.0139086991548538 0.4022753834724426
v -0.0610612854361534 -0.0139086991548538 0.4009406864643097
v -0.0593438185751438 -0.0139086991548538 0.4003910720348358
v -0.0575816556811333 -0.0139086991548538 0.4007738530635834
v -0.0390108525753021 -0.1445996016263962 0.4154965877532959
v -0.0421259999275208 -0.1445996016263962 0.4159067273139954
v -0.0452411472797394 -0.1445996016263962 0.4154965877532959
v -0.0481440015137196 -0.1445996016263962 0.4142941832542419
v -0.0506367385387421 -0.1445996016263962 0.4123814404010773
v -0.0525494813919067 -0.1445996016263962 0.4098887145519257
v -0.0537518821656704 -0.1445996016263962 0.4069858491420746
v -0.0541619993746281 -0.1445996016263962 0.4038707017898560
v -0.0537518821656704 -0.1445996016263962 0.4007555544376373
v -0.0525494813919067 -0.1445996016263962 0.3978527188301086
v -0.0506367385387421 -0.1445996016263962 0.3953599631786346
v -0.0481440015137196 -0.1445996016263962 0.3934472203254700
v -0.0452411472797394 -0.1445996016263962 0.3922448158264160
v -0.0421259999275208 -0.1445996016263962 0.3918347060680389
v -0.0390108525753021 -0.1445996016263962 0.3922448158264160
v -0.0361079983413219 -0.1445996016263962 0.3934472203254700
v -0.0336152613162994 -0.1445996016263962 0.3953599631786346
v -0.0317025184631348 -0.1445996016263962 0.3978527188301086
v -0.0305001176893711 -0.1445996016263962 0.4007555544376373
v -0.0300900004804134 -0.1445996016263962 0.4038707017898560
v -0.0305001176893711 -0.1445996016263962 0.4069858491420746
v -0.0317025184631348 -0.1445996016263962 0.4098887145519257
v -0.0336152613162994 -0.1445996016263962 0.4123814404010773
v -0.0361079983413219 -0.1445996016263962 0.4142941832542419
v -0.0390857979655266 -0.1454019993543625 0.3853574395179749
v -0.0383858382701874 -0.1454019993543625 0.3871742188930511
v -0.0386880561709404 -0.1454019993543625 0.3890976011753082
v -0.0399114638566971 -0.1454019993543625 0.3906121551990509
v -0.0417282581329346 -0.1454019993543625 0.3913121223449707
v -0.0436516255140305 -0.1454019993543625 0.3910098969936371
v -0.0451662018895149 -0.1454019993543625 0.3897865116596222
v -0.0458661615848541 -0.1454019993543625 0.3879697024822235
v -0.0455639436841011 -0.1454019993543625 0.3860463500022888
v -0.0443405359983444 -0.1454019993543625 0.3845317661762238
v -0.0425237417221069 -0.1454019993543625 0.3838317990303040
v -0.0406003743410110 -0.1454019993543625 0.3841340243816376
v -0.0390857979655266 -0.1454019993543625 0.4179549217224121
v -0.0383858382701874 -0.1454019993543625 0.4197717308998108
v -0.0386880561709404 -0.1454019993543625 0.4216950833797455
v -0.0399114638566971 -0.1454019993543625 0.4232096672058105
v -0.0417282581329346 -0.1454019993543625 0.4239096343517303
v -0.0436516255140305 -0.1454019993543625 0.4236074090003967
v -0.0451662018895149 -0.1454019993543625 0.4223839938640594
v -0.0458661615848541 -0.1454019993543625 0.4205672144889832
v -0.0455639436841011 -0.1454019993543625 0.4186438322067261
v -0.0443405359983444 -0.1454019993543625 0.4171292483806610
v -0.0425237417221069 -0.1454019993543625 0.4164293110370636
v -0.0406003743410110 -0.1454019993543625 0.4167315065860748
v 0.0105014918372035 -0.0105206221342087 0.4109300971031189
v 0.0105003258213401 -0.0105203762650490 0.4108960628509521
v 0.0100204525515437 0.0004705006431323 0.4109919965267181
v 0.0105118444189429 -0.0105208046734333 0.4110027849674225
v 0.0100876418873668 0.0004712494264822 0.4112426638603210
v 0.0105388676747680 -0.0105203725397587 0.4110887646675110
v 0.0102710193023086 0.0004776532005053 0.4114262163639069
v 0.0105214780196548 0.0004880020569544 0.4114934802055359
v 0.0110013475641608 -0.0105028748512268 0.4113975465297699
v 0.0107556050643325 -0.0105130411684513 0.4113329946994781
v 0.0107508925721049 -0.0105132237076759 0.4113303124904633
v 0.0101655116304755 0.0004737565468531 0.4113447666168213
v 0.0105728944763541 -0.0105194747447968 0.4111558496952057
v 0.0105675151571631 -0.0105196312069893 0.4111467599868774
v 0.0100876418873668 0.0004712494264822 0.4052750170230865
v 0.0105675151571631 -0.0105196312069893 0.4053709208965302
v 0.0101672662422061 0.0004738198767882 0.4051711559295654
v 0.0105728944763541 -0.0105194747447968 0.4053618013858795
v 0.0102710193023086 0.0004776532005053 0.4050914645195007
v 0.0107508925721049 -0.0105132237076759 0.4051873683929443
v 0.0105214780196548 0.0004880020569544 0.4050242006778717
v 0.0107556050643325 -0.0105130411684513 0.4051846861839294
v 0.0110013475641608 -0.0105028748512268 0.4051201343536377
v 0.0100204525515437 0.0004705006431323 0.4055256843566895
v 0.0105003258213401 -0.0105203762650490 0.4056216180324554
v 0.0105014918372035 -0.0105206221342087 0.4055875837802887
v 0.0105118444189429 -0.0105208046734333 0.4055148661136627
v 0.0105388676747680 -0.0105203725397587 0.4054288864135742
v 0.0105675151571631 -0.0105196312069893 0.4023705124855042
v 0.0105388676747680 -0.0105203725397587 0.4023125171661377
v 0.0100876418873668 0.0004712494264822 0.4024664163589478
v 0.0105118444189429 -0.0105208046734333 0.4022265374660492
v 0.0100204525515437 0.0004705006431323 0.4022157490253448
v 0.0105014918372035 -0.0105206221342087 0.4021538496017456
v 0.0105003258213401 -0.0105203762650490 0.4021198153495789
v 0.0105728944763541 -0.0105194747447968 0.4023796021938324
v 0.0101655116304755 0.0004737565468531 0.4025684893131256
v 0.0107508925721049 -0.0105132237076759 0.4025540649890900
v 0.0102710193023086 0.0004776532005053 0.4026499688625336
v 0.0107556050643325 -0.0105130411684513 0.4025567471981049
v 0.0105214780196548 0.0004880020569544 0.4027172029018402
v 0.0110013475641608 -0.0105028748512268 0.4026212990283966
v 0.0100204525515437 0.0004705006431323 0.3967494368553162
v 0.0105003258213401 -0.0105203762650490 0.3968453407287598
v 0.0100876418873668 0.0004712494264822 0.3964987397193909
v 0.0105014918372035 -0.0105206221342087 0.3968113362789154
v 0.0105118444189429 -0.0105208046734333 0.3967386186122894
v 0.0105388676747680 -0.0105203725397587 0.3966526389122009
v 0.0105675151571631 -0.0105196312069893 0.3965946733951569
v 0.0101672662422061 0.0004738198767882 0.3963949084281921
v 0.0105728944763541 -0.0105194747447968 0.3965855538845062
v 0.0102710193023086 0.0004776532005053 0.3963152170181274
v 0.0107508925721049 -0.0105132237076759 0.3964111208915710
v 0.0105214780196548 0.0004880020569544 0.3962479531764984
v 0.0107556050643325 -0.0105130411684513 0.3964084386825562
v 0.0110013475641608 -0.0105028748512268 0.3963438868522644
v 0.0178496036678553 -0.0140089988708496 0.3876641988754272
v 0.0176439862698317 -0.0140089988708496 0.3889813423156738
v 0.0176439862698317 -0.0140089988708496 0.3866640925407410
v 0.0174117777496576 -0.0139821246266365 0.3859781324863434
v 0.0179497878998518 -0.0139821246266365 0.3876594007015228
v 0.0173274185508490 -0.0140089988708496 0.3860324025154114
v 0.0160592850297689 -0.0140089988708496 0.3848803043365479
v 0.0161052178591490 -0.0139821246266365 0.3847911357879639
v 0.0143849989399314 -0.0140089988708496 0.3845165967941284
v 0.0143801970407367 -0.0139821246266365 0.3844164311885834
v 0.0127531839534640 -0.0140089988708496 0.3850387930870056
v 0.0126989325508475 -0.0139821246266365 0.3849544227123260
v 0.0116010820493102 -0.0140089988708496 0.3863069415092468
v 0.0115119172260165 -0.0139821246266365 0.3862609863281250
v 0.0112373968586326 -0.0140089988708496 0.3879812061786652
v 0.0111372126266360 -0.0139821246266365 0.3879860043525696
v 0.0117595819756389 -0.0140089988708496 0.3896130323410034
v 0.0116752190515399 -0.0139821246266365 0.3896672725677490
v 0.0130277154967189 -0.0140089988708496 0.3907651305198669
v 0.0129817826673388 -0.0139821246266365 0.3908542990684509
v 0.0147019987925887 -0.0140089988708496 0.3911288082599640
v 0.0147068044170737 -0.0139821246266365 0.3912290036678314
v 0.0163338165730238 -0.0140089988708496 0.3906066417694092
v 0.0163880679756403 -0.0139821246266365 0.3906909823417664
v 0.0174859184771776 -0.0140089988708496 0.3893384933471680
v 0.0175750833004713 -0.0139821246266365 0.3893844187259674
v 0.0174735356122255 -0.0139086991548538 0.3859384357929230
v 0.0180231276899576 -0.0139086991548538 0.3876558840274811
v 0.0176403541117907 -0.0139086991548538 0.3894180655479431
v 0.0164277832955122 -0.0139086991548538 0.3907527625560760
v 0.0147103210911155 -0.0139086991548538 0.3913023471832275
v 0.0129481544718146 -0.0139086991548538 0.3909195661544800
v 0.0116134649142623 -0.0139086991548538 0.3897069990634918
v 0.0110638728365302 -0.0139086991548538 0.3879895210266113
v 0.0114466426894069 -0.0139086991548538 0.3862273693084717
v 0.0126592172309756 -0.0139086991548538 0.3848926723003387
v 0.0143766803666949 -0.0139086991548538 0.3843430876731873
v 0.0161388423293829 -0.0139086991548538 0.3847258687019348
v 0.0178496036678553 -0.0140089988708496 0.4197602272033691
v 0.0176439862698317 -0.0140089988708496 0.4210773408412933
v 0.0176439862698317 -0.0140089988708496 0.4187600910663605
v 0.0174117777496576 -0.0139821246266365 0.4180741310119629
v 0.0179497878998518 -0.0139821246266365 0.4197553992271423
v 0.0173274185508490 -0.0140089988708496 0.4181284010410309
v 0.0160592850297689 -0.0140089988708496 0.4169763028621674
v 0.0161052178591490 -0.0139821246266365 0.4168871343135834
v 0.0143849989399314 -0.0140089988708496 0.4166125953197479
v 0.0143801970407367 -0.0139821246266365 0.4165124297142029
v 0.0127531839534640 -0.0140089988708496 0.4171347916126251
v 0.0126989325508475 -0.0139821246266365 0.4170504212379456
v 0.0116010820493102 -0.0140089988708496 0.4184029400348663
v 0.0115119172260165 -0.0139821246266365 0.4183569848537445
v 0.0112373968586326 -0.0140089988708496 0.4200772047042847
v 0.0111372126266360 -0.0139821246266365 0.4200820028781891
v 0.0117595819756389 -0.0140089988708496 0.4217090308666229
v 0.0116752190515399 -0.0139821246266365 0.4217632710933685
v 0.0130277154967189 -0.0140089988708496 0.4228611290454865
v 0.0129817826673388 -0.0139821246266365 0.4229502975940704
v 0.0147019987925887 -0.0140089988708496 0.4232248067855835
v 0.0147068044170737 -0.0139821246266365 0.4233250021934509
v 0.0163338165730238 -0.0140089988708496 0.4227026402950287
v 0.0163880679756403 -0.0139821246266365 0.4227869808673859
v 0.0174859184771776 -0.0140089988708496 0.4214344918727875
v 0.0175750833004713 -0.0139821246266365 0.4214804470539093
v 0.0174735356122255 -0.0139086991548538 0.4180344343185425
v 0.0180231276899576 -0.0139086991548538 0.4197518825531006
v 0.0176403541117907 -0.0139086991548538 0.4215140640735626
v 0.0164277832955122 -0.0139086991548538 0.4228487610816956
v 0.0147103210911155 -0.0139086991548538 0.4233983457088470
v 0.0129481544718146 -0.0139086991548538 0.4230155646800995
v 0.0116134649142623 -0.0139086991548538 0.4218029975891113
v 0.0110638728365302 -0.0139086991548538 0.4200855195522308
v 0.0114466426894069 -0.0139086991548538 0.4183233678340912
v 0.0126592172309756 -0.0139086991548538 0.4169886708259583
v 0.0143766803666949 -0.0139086991548538 0.4164390861988068
v 0.0161388423293829 -0.0139086991548538 0.4168218672275543
v -0.0511530004441738 -0.0092949010431767 0.3868197202682495
v -0.0479134060442448 -0.0091444514691830 0.3877280652523041
v -0.0478932484984398 -0.0092949010431767 0.3876931667327881
v -0.0455418601632118 -0.0091444514691830 0.3900996148586273
v -0.0455069467425346 -0.0092949010431767 0.3900794684886932
v -0.0446738116443157 -0.0091444514691830 0.3933392167091370
v -0.0446335002779961 -0.0092949010431767 0.3933392167091370
v -0.0455418601632118 -0.0091444514691830 0.3965788185596466
v -0.0455069467425346 -0.0092949010431767 0.3965989649295807
v -0.0479134060442448 -0.0091444514691830 0.3989503681659698
v -0.0478932484984398 -0.0092949010431767 0.3989852666854858
v -0.0511530004441738 -0.0091444514691830 0.3998183906078339
v -0.0511530004441738 -0.0092949010431767 0.3998587131500244
v -0.0543925948441029 -0.0091444514691830 0.3989503681659698
v -0.0544127486646175 -0.0092949010431767 0.3989852666854858
v -0.0567641407251358 -0.0091444514691830 0.3965788185596466
v -0.0567990541458130 -0.0092949010431767 0.3965989649295807
v -0.0576321855187416 -0.0091444514691830 0.3933392167091370
v -0.0576725006103516 -0.0092949010431767 0.3933392167091370
v -0.0567641407251358 -0.0091444514691830 0.3900996148586273
v -0.0567990541458130 -0.0092949010431767 0.3900794684886932
v -0.0543925948441029 -0.0091444514691830 0.3877280652523041
v -0.0544127486646175 -0.0092949010431767 0.3876931667327881
v -0.0511530004441738 -0.0091444514691830 0.3868600130081177
v -0.0479684732854366 -0.0090343132615089 0.3878234624862671
v -0.0456372424960136 -0.0090343132615089 0.3901546895503998
v -0.0447839498519897 -0.0090343132615089 0.3933392167091370
v -0.0456372424960136 -0.0090343132615089 0.3965237438678741
v -0.0479684732854366 -0.0090343132615089 0.3988549709320068
v -0.0511530004441738 -0.0090343132615089 0.3997082710266113
v -0.0543375238776207 -0.0090343132615089 0.3988549709320068
v -0.0566687583923340 -0.0090343132615089 0.3965237438678741
v -0.0575220510363579 -0.0090343132615089 0.3933392167091370
v -0.0566687583923340 -0.0090343132615089 0.3901546895503998
v -0.0543375238776207 -0.0090343132615089 0.3878234624862671
v -0.0511530004441738 -0.0090343132615089 0.3869701623916626
v -0.0105675132945180 -0.0105196312069893 0.3965946733951569
v -0.0105388695374131 -0.0105203725397587 0.3966526389122009
v -0.0100876400247216 0.0004712494264822 0.3964987397193909
v -0.0105118462815881 -0.0105208046734333 0.3967386186122894
v -0.0100204544141889 0.0004705006431323 0.3967494368553162
v -0.0105014936998487 -0.0105206221342087 0.3968113362789154
v -0.0105003239586949 -0.0105203762650490 0.3968453407287598
v -0.0105728963389993 -0.0105194747447968 0.3965855538845062
v -0.0101655097678304 0.0004737565468531 0.3963966667652130
v -0.0107508907094598 -0.0105132237076759 0.3964111208915710
v -0.0102710211649537 0.0004776532005053 0.3963152170181274
v -0.0107556032016873 -0.0105130411684513 0.3964084386825562
v -0.0105214761570096 0.0004880020569544 0.3962479531764984
v -0.0110013475641608 -0.0105028748512268 0.3963438868522644
v -0.0105003239586949 -0.0105203762650490 0.4021198153495789
v -0.0105014936998487 -0.0105206221342087 0.4021538496017456
v -0.0100204544141889 0.0004705006431323 0.4022157490253448
v -0.0105118462815881 -0.0105208046734333 0.4022265374660492
v -0.0100876400247216 0.0004712494264822 0.4024664163589478
v -0.0105388695374131 -0.0105203725397587 0.4023125171661377
v -0.0105675132945180 -0.0105196312069893 0.4023705124855042
v -0.0101672681048512 0.0004738198767882 0.4025702774524689
v -0.0105728963389993 -0.0105194747447968 0.4023796021938324
v -0.0102710211649537 0.0004776532005053 0.4026499688625336
v -0.0107508907094598 -0.0105132237076759 0.4025540649890900
v -0.0105214761570096 0.0004880020569544 0.4027172029018402
v -0.0107556032016873 -0.0105130411684513 0.4025567471981049
v -0.0110013475641608 -0.0105028748512268 0.4026212990283966
v -0.0105675132945180 -0.0105196312069893 0.4053709208965302
v -0.0100876400247216 0.0004712494264822 0.4052750170230865
v -0.0105728963389993 -0.0105194747447968 0.4053618013858795
v -0.0101655097678304 0.0004737565468531 0.4051729142665863
v -0.0107508907094598 -0.0105132237076759 0.4051873683929443
v -0.0102710211649537 0.0004776532005053 0.4050914645195007
v -0.0107556032016873 -0.0105130411684513 0.4051846861839294
v -0.0105214761570096 0.0004880020569544 0.4050242006778717
v -0.0110013475641608 -0.0105028748512268 0.4051201343536377
v -0.0105388695374131 -0.0105203725397587 0.4054288864135742
v -0.0105118462815881 -0.0105208046734333 0.4055148661136627
v -0.0100204544141889 0.0004705006431323 0.4055256843566895
v -0.0105014936998487 -0.0105206221342087 0.4055875837802887
v -0.0105003239586949 -0.0105203762650490 0.4056216180324554
v -0.0100204544141889 0.0004705006431323 0.4109919965267181
v -0.0105003239586949 -0.0105203762650490 0.4108960628509521
v -0.0100876400247216 0.0004712494264822 0.4112426638603210
v -0.0105014936998487 -0.0105206221342087 0.4109300971031189
v -0.0105118462815881 -0.0105208046734333 0.4110027849674225
v -0.0105388695374131 -0.0105203725397587 0.4110887646675110
v -0.0105675132945180 -0.0105196312069893 0.4111467599868774
v -0.0101672681048512 0.0004738198767882 0.4113465249538422
v -0.0105728963389993 -0.0105194747447968 0.4111558496952057
v -0.0102710211649537 0.0004776532005053 0.4114262163639069
v -0.0107508907094598 -0.0105132237076759 0.4113303124904633
v -0.0105214761570096 0.0004880020569544 0.4114934802055359
v -0.0107556032016873 -0.0105130411684513 0.4113329946994781
v -0.0110013475641608 -0.0105028748512268 0.4113975465297699
v 0.0002498615358490 -0.0040923692286015 0.3948750793933868
v -0.0000000011306724 -0.0040999986231327 0.3948750197887421
v -0.0000000011306722 -0.0040999986231327 0.4128664135932922
v -0.0020613458473235 0.0035441147629172 0.4127835631370544
v -0.0016504649538547 0.0037531259004027 0.3949601054191589
v -0.0006413806113414 0.0040495172142982 0.4127781093120575
v -0.0001731116499286 0.0040963366627693 0.3949638307094574
v -0.0000000011306722 0.0040999986231327 0.4127775430679321
v -0.0000000011306721 0.0040999986231327 0.3949638605117798
v 0.0002498615358490 0.0040923692286015 0.4127776324748993
v 0.0016547765117139 0.0037512260023504 0.4127813279628754
v 0.0014666232746094 0.0038287045899779 0.3949609398841858
v 0.0020499962847680 0.0035506936255842 0.4127835035324097
v 0.0020499962847680 0.0035506899002939 0.3949579298496246
v 0.0028991389553994 0.0028991366270930 0.4127905666828156
v 0.0027574251871556 0.0030342268291861 0.3949523270130157
v 0.0035506959538907 0.0020499902311713 0.4127997756004333
v 0.0032833691220731 0.0024554843548685 0.3949460387229919
v 0.0035506959538907 0.0020499902311713 0.3949416577816010
v 0.0036670181434602 0.0018338116351515 0.4128021001815796
v 0.0040827048942447 0.0003760086547118 0.4128178954124451
v 0.0039444109424949 0.0011187011841685 0.3949315547943115
v 0.0041000014171004 0.0000000002168572 0.4128219783306122
v 0.0041000014171004 0.0000000002168572 0.3949194550514221
v 0.0039444109424949 -0.0011187007185072 0.4128341078758240
v 0.0040827048942447 -0.0003760082472581 0.3949153721332550
v 0.0035506959538907 -0.0020499897655100 0.4128442108631134
v 0.0036670181434602 -0.0018338111694902 0.3948995769023895
v 0.0035506959538907 -0.0020499897655100 0.3948972225189209
v 0.0032833691220731 -0.0024554838892072 0.4128485918045044
v 0.0028991389553994 -0.0028991361614317 0.3948880136013031
v 0.0027574251871556 -0.0030342300888151 0.4128548502922058
v 0.0020499962847680 -0.0035506931599230 0.3948809504508972
v 0.0016547765117139 -0.0037512255366892 0.3948788046836853
v 0.0014666232746094 -0.0038287078496069 0.4128634631633759
v 0.0020499962847680 -0.0035506931599230 0.4128604531288147
v -0.0040677757933736 -0.0005130243953317 0.3949138820171356
v -0.0040999995544553 0.0000000002168572 0.3949194550514221
v -0.0040999995544553 0.0000000002168572 0.4128219783306122
v -0.0040914202108979 0.0002649279485922 0.3949223160743713
v -0.0039112428203225 0.0012296552304178 0.4128086566925049
v -0.0037154045421630 0.0017336981836706 0.3949382305145264
v -0.0035506945569068 0.0020499902311713 0.4127997756004333
v -0.0035506945569068 0.0020499902311713 0.3949416577816010
v -0.0031972017604858 0.0025666693691164 0.4127941727638245
v -0.0028991375584155 0.0028991366270930 0.3949508666992188
v -0.0020499948877841 0.0035506936255842 0.3949579298496246
v -0.0040914202108979 -0.0002649275411386 0.4128248393535614
v -0.0037154045421630 -0.0017336977180094 0.4128407835960388
v -0.0035507057327777 -0.0020499972160906 0.3948972225189209
v -0.0035506945569068 -0.0020499897655100 0.4128442108631134
v -0.0033367772120982 -0.0023824160452932 0.3948936164379120
v -0.0028991375584155 -0.0028991361614317 0.4128533899784088
v -0.0020500023383647 -0.0035507006105036 0.3948809504508972
v -0.0020499948877841 -0.0035506931599230 0.4128604531288147
v -0.0018472124356776 -0.0036603023763746 0.3948797881603241
v -0.0016504649538547 -0.0037531254347414 0.4128626585006714
v -0.0001731116499286 -0.0040963366627693 0.4128663837909698
v -0.0624343380331993 -0.0145105011761189 0.4057513475418091
v -0.0623334981501102 -0.0145105011761189 0.4059160649776459
v -0.0624367482960224 -0.0145105011761189 0.4038707017898560
v -0.0623334981501102 -0.0145105011761189 0.4018253386020660
v -0.0624343380331993 -0.0145105011761189 0.4019900858402252
v -0.0629382506012917 -0.0145105011761189 0.4038707017898560
v -0.0623325332999229 -0.0140089988708496 0.4018158316612244
v -0.0623325332999229 -0.0140089988708496 0.4059256017208099
v -0.0610598139464855 -0.0140089988708496 0.4071318507194519
v -0.0591770000755787 -0.0140089988708496 0.4076363444328308
v -0.0572941862046719 -0.0140089988708496 0.4071318507194519
v -0.0559158734977245 -0.0140089988708496 0.4057535231113434
v -0.0554113723337650 -0.0140089988708496 0.4038707017898560
v -0.0559158734977245 -0.0140089988708496 0.4019879102706909
v -0.0572941862046719 -0.0140089988708496 0.4006095826625824
v -0.0591770000755787 -0.0140089988708496 0.4001050889492035
v -0.0610598139464855 -0.0140089988708496 0.4006095826625824
v -0.0104029411450028 0.0009108858648688 0.4050288796424866
v -0.0104938345029950 0.0009185189846903 0.4050204455852509
v -0.0103099690750241 0.0009032378438860 0.4050557613372803
v -0.0099941277876496 0.0008805210236460 0.4055219292640686
v -0.0100280167534947 0.0008818136993796 0.4053407609462738
v -0.0101388664916158 0.0008897187653929 0.4051692187786102
v -0.0102204987779260 0.0008960554841906 0.4051023125648499
v -0.0099679017439485 0.0019640813115984 0.4050848186016083
v -0.0099229784682393 0.0019649306777865 0.4051426351070404
v -0.0096072973683476 0.0030315855983645 0.4049836993217468
v -0.0096818367019296 0.0030236023012549 0.4048653244972229
v -0.0097125777974725 0.0030242467764765 0.4048312604427338
v -0.0101373950019479 0.0019767137710005 0.4049600660800934
v -0.0102002965286374 0.0018048437777907 0.4049757421016693
v -0.0103242555633187 0.0014494361821562 0.4050017595291138
v -0.0102480882778764 0.0014409723225981 0.4050254821777344
v -0.0095759863033891 0.0030450301710516 0.4050712287425995
v -0.0098600732162595 0.0019745382014662 0.4052732288837433
v -0.0092279063537717 0.0040486901998520 0.4046665132045746
v -0.0100771086290479 0.0019702168647200 0.4049926400184631
v -0.0100199179723859 0.0019659029785544 0.4050343930721283
v -0.0096537480130792 0.0030245932284743 0.4049023687839508
v -0.0095610404387116 0.0030640775803477 0.4051602780818939
v -0.0086862342432141 0.0050479993224144 0.4044850766658783
v -0.0091942260041833 0.0040615424513817 0.4047513008117676
v -0.0092188687995076 0.0040664859116077 0.4046634137630463
v -0.0099229784682393 0.0019649306777865 0.4025987982749939
v -0.0096072973683476 0.0030315855983645 0.4027577042579651
v -0.0095759863033891 0.0030450301710516 0.4026702046394348
v -0.0091942260041833 0.0040615424513817 0.4029901325702667
v -0.0086862342432141 0.0050479993224144 0.4032563567161560
v -0.0095133082941175 0.0032107124570757 0.4026230871677399
v -0.0092188687995076 0.0040664859116077 0.4030779898166656
v -0.0097125777974725 0.0030242467764765 0.4029101729393005
v -0.0092279063537717 0.0040486901998520 0.4030749201774597
v -0.0096537480130792 0.0030245932284743 0.4028390347957611
v -0.0098467702046037 0.0024971889797598 0.4027626216411591
v -0.0100199179723859 0.0019659029785544 0.4027070105075836
v -0.0101735005155206 0.0014341177884489 0.4026785194873810
v -0.0102480882778764 0.0014409723225981 0.4027159214019775
v -0.0099941277876496 0.0008805210236460 0.4022195041179657
v -0.0098600732162595 0.0019745382014662 0.4024681746959686
v -0.0100293206050992 0.0008818956557661 0.4024040102958679
v -0.0100433947518468 0.0014270918909460 0.4025645256042480
v -0.0101406211033463 0.0008898491505533 0.4025739729404449
v -0.0103099690750241 0.0009032378438860 0.4026856720447540
v -0.0099331485107541 0.0025022441986948 0.4028395414352417
v -0.0101373950019479 0.0019767137710005 0.4027813673019409
v -0.0102002965286374 0.0018048437777907 0.4027656912803650
v -0.0103242555633187 0.0014494361821562 0.4027396738529205
v -0.0104938345029950 0.0009185189846903 0.4027209877967834
v -0.0104029411450028 0.0009108858648688 0.4027125537395477
v -0.0104029411450028 0.0009108858648688 0.3962526321411133
v -0.0104938345029950 0.0009185189846903 0.3962441980838776
v -0.0103099690750241 0.0009032378438860 0.3962795138359070
v -0.0099941277876496 0.0008805210236460 0.3967456817626953
v -0.0100280167534947 0.0008818136993796 0.3965645134449005
v -0.0101388664916158 0.0008897187653929 0.3963929712772369
v -0.0102204987779260 0.0008960554841906 0.3963260650634766
v -0.0099679017439485 0.0019640813115984 0.3963085412979126
v -0.0099229784682393 0.0019649306777865 0.3963663876056671
v -0.0096072973683476 0.0030315855983645 0.3962074518203735
v -0.0096818367019296 0.0030236023012549 0.3960890769958496
v -0.0097125777974725 0.0030242467764765 0.3960550129413605
v -0.0101373950019479 0.0019767137710005 0.3961838185787201
v -0.0102002965286374 0.0018048437777907 0.3961994946002960
v -0.0103242555633187 0.0014494361821562 0.3962255120277405
v -0.0102480882778764 0.0014409723225981 0.3962492346763611
v -0.0095759863033891 0.0030450301710516 0.3962949812412262
v -0.0098600732162595 0.0019745382014662 0.3964969813823700
v -0.0092279063537717 0.0040486901998520 0.3958902657032013
v -0.0100771086290479 0.0019702168647200 0.3962163925170898
v -0.0100199179723859 0.0019659029785544 0.3962581455707550
v -0.0096537480130792 0.0030245932284743 0.3961261212825775
v -0.0095610404387116 0.0030640775803477 0.3963840305805206
v -0.0086862342432141 0.0050479993224144 0.3957088291645050
v -0.0091942260041833 0.0040615424513817 0.3959750533103943
v -0.0092188687995076 0.0040664859116077 0.3958871662616730
v 0.0099941296502948 0.0008805210236460 0.3967456817626953
v 0.0100293187424541 0.0008818956557661 0.3965611755847931
v 0.0101406192407012 0.0008898491505533 0.3963912129402161
v 0.0103099709376693 0.0009032378438860 0.3962795138359070
v 0.0104029430076480 0.0009108858648688 0.3962526321411133
v 0.0104938363656402 0.0009185189846903 0.3962441980838776
v 0.0104029430076480 0.0009108858648688 0.4027125537395477
v 0.0104938363656402 0.0009185189846903 0.4027209877967834
v 0.0103088645264506 0.0009031484369189 0.4026852250099182
v 0.0099941296502948 0.0008805210236460 0.4022195041179657
v 0.0100280148908496 0.0008818136993796 0.4024006724357605
v 0.0101388683542609 0.0008897187653929 0.4025721848011017
v 0.0102205006405711 0.0008960554841906 0.4026390910148621
v 0.0099941296502948 0.0008805210236460 0.4055219292640686
v 0.0100293187424541 0.0008818956557661 0.4053374230861664
v 0.0101406192407012 0.0008898491505533 0.4051674604415894
v 0.0103099709376693 0.0009032378438860 0.4050557613372803
v 0.0104029430076480 0.0009108858648688 0.4050288796424866
v 0.0104938363656402 0.0009185189846903 0.4050204455852509
v 0.0104029430076480 0.0009108858648688 0.4114888012409210
v 0.0104938363656402 0.0009185189846903 0.4114972352981567
v 0.0103088645264506 0.0009031484369189 0.4114614725112915
v 0.0099941296502948 0.0008805210236460 0.4109957516193390
v 0.0100280148908496 0.0008818136993796 0.4111769199371338
v 0.0101388683542609 0.0008897187653929 0.4113484323024750
v 0.0102205006405711 0.0008960554841906 0.4114153385162354
v -0.0099229784682393 0.0019649306777865 0.4113750457763672
v -0.0096072973683476 0.0030315855983645 0.4115339815616608
v -0.0095759863033891 0.0030450301710516 0.4114464521408081
v -0.0091942260041833 0.0040615424513817 0.4117663800716400
v -0.0086862342432141 0.0050479993224144 0.4120326042175293
v -0.0095133082941175 0.0032107124570757 0.4113993644714355
v -0.0092188687995076 0.0040664859116077 0.4118542671203613
v -0.0097125777974725 0.0030242467764765 0.4116864204406738
v -0.0092279063537717 0.0040486901998520 0.4118511676788330
v -0.0096537480130792 0.0030245932284743 0.4116152822971344
v -0.0098467702046037 0.0024971889797598 0.4115388691425323
v -0.0100199179723859 0.0019659029785544 0.4114832580089569
v -0.0101735005155206 0.0014341177884489 0.4114547669887543
v -0.0102480882778764 0.0014409723225981 0.4114921689033508
v -0.0099941277876496 0.0008805210236460 0.4109957516193390
v -0.0098600732162595 0.0019745382014662 0.4112444519996643
v -0.0100293206050992 0.0008818956557661 0.4111802577972412
v -0.0100433947518468 0.0014270918909460 0.4113407731056213
v -0.0101406211033463 0.0008898491505533 0.4113502204418182
v -0.0103099690750241 0.0009032378438860 0.4114619195461273
v -0.0099331485107541 0.0025022441986948 0.4116157889366150
v -0.0101373950019479 0.0019767137710005 0.4115576148033142
v -0.0102002965286374 0.0018048437777907 0.4115419387817383
v -0.0103242555633187 0.0014494361821562 0.4115159213542938
v -0.0104938345029950 0.0009185189846903 0.4114972352981567
v -0.0104029411450028 0.0009108858648688 0.4114888012409210
v -0.0389589332044125 -0.1443990021944046 0.4156903624534607
v -0.0389848947525024 -0.1444258689880371 0.4155934751033783
v -0.0360076986253262 -0.1443990021944046 0.4144679307937622
v -0.0360578484833241 -0.1444258689880371 0.4143810570240021
v -0.0334734171628952 -0.1443990021944046 0.4125232994556427
v -0.0335443392395973 -0.1444258689880371 0.4124523699283600
v -0.0315287932753563 -0.1443990021944046 0.4099889993667603
v -0.0316156558692455 -0.1444258689880371 0.4099388718605042
v -0.0303063523024321 -0.1443990021944046 0.4070377647876740
v -0.0304032340645790 -0.1444258689880371 0.4070118069648743
v -0.0298894010484219 -0.1443990021944046 0.4038707017898560
v -0.0299897007644176 -0.1444258689880371 0.4038707017898560
v -0.0303063523024321 -0.1443990021944046 0.4007036387920380
v -0.0304032340645790 -0.1444258689880371 0.4007295966148376
v -0.0315287932753563 -0.1443990021944046 0.3977524042129517
v -0.0316156558692455 -0.1444258689880371 0.3978025615215302
v -0.0334734171628952 -0.1443990021944046 0.3952181339263916
v -0.0335443392395973 -0.1444258689880371 0.3952890634536743
v -0.0360076986253262 -0.1443990021944046 0.3932735025882721
v -0.0360578484833241 -0.1444258689880371 0.3933603763580322
v -0.0389589332044125 -0.1443990021944046 0.3920510709285736
v -0.0389848947525024 -0.1444258689880371 0.3921479582786560
v -0.0421259999275208 -0.1443990021944046 0.3916341066360474
v -0.0421259999275208 -0.1444258689880371 0.3917344212532043
v -0.0452930666506290 -0.1443990021944046 0.3920510709285736
v -0.0452671051025391 -0.1444258689880371 0.3921479582786560
v -0.0482443012297153 -0.1443990021944046 0.3932735025882721
v -0.0481941513717175 -0.1444258689880371 0.3933603763580322
v -0.0507785826921463 -0.1443990021944046 0.3952181339263916
v -0.0507076606154442 -0.1444258689880371 0.3952890634536743
v -0.0527232065796852 -0.1443990021944046 0.3977524042129517
v -0.0526363439857960 -0.1444258689880371 0.3978025615215302
v -0.0539456494152546 -0.1443990021944046 0.4007036387920380
v -0.0538487657904625 -0.1444258689880371 0.4007295966148376
v -0.0543625988066196 -0.1443990021944046 0.4038707017898560
v -0.0542622990906239 -0.1444258689880371 0.4038707017898560
v -0.0539456494152546 -0.1443990021944046 0.4070377647876740
v -0.0538487657904625 -0.1444258689880371 0.4070118069648743
v -0.0527232065796852 -0.1443990021944046 0.4099889993667603
v -0.0526363439857960 -0.1444258689880371 0.4099388718605042
v -0.0507785826921463 -0.1443990021944046 0.4125232994556427
v -0.0507076606154442 -0.1444258689880371 0.4124523699283600
v -0.0482443012297153 -0.1443990021944046 0.4144679307937622
v -0.0481941513717175 -0.1444258689880371 0.4143810570240021
v -0.0452930666506290 -0.1443990021944046 0.4156903624534607
v -0.0452671051025391 -0.1444258689880371 0.4155934751033783
v -0.0421259999275208 -0.1443990021944046 0.4161073267459869
v -0.0421259999275208 -0.1444258689880371 0.4160070121288300
v -0.0390038974583149 -0.1444993019104004 0.4155225455760956
v -0.0360945612192154 -0.1444993019104004 0.4143174588680267
v -0.0335962586104870 -0.1444993019104004 0.4124004542827606
v -0.0316792428493500 -0.1444993019104004 0.4099021553993225
v -0.0304741580039263 -0.1444993019104004 0.4069928228855133
v -0.0300631243735552 -0.1444993019104004 0.4038707017898560
v -0.0304741580039263 -0.1444993019104004 0.4007486104965210
v -0.0316792428493500 -0.1444993019104004 0.3978392779827118
v -0.0335962586104870 -0.1444993019104004 0.3953409790992737
v -0.0360945612192154 -0.1444993019104004 0.3934239447116852
v -0.0390038974583149 -0.1444993019104004 0.3922188580036163
v -0.0421259999275208 -0.1444993019104004 0.3918078243732452
v -0.0452481023967266 -0.1444993019104004 0.3922188580036163
v -0.0481574386358261 -0.1444993019104004 0.3934239447116852
v -0.0506557412445545 -0.1444993019104004 0.3953409790992737
v -0.0525727570056915 -0.1444993019104004 0.3978392779827118
v -0.0537778437137604 -0.1444993019104004 0.4007486104965210
v -0.0541888773441315 -0.1444993019104004 0.4038707017898560
v -0.0537778437137604 -0.1444993019104004 0.4069928228855133
v -0.0525727570056915 -0.1444993019104004 0.4099021553993225
v -0.0506557412445545 -0.1444993019104004 0.4124004542827606
v -0.0481574386358261 -0.1444993019104004 0.4143174588680267
v -0.0452481023967266 -0.1444993019104004 0.4155225455760956
v -0.0421259999275208 -0.1444993019104004 0.4159335792064667
v -0.0421259999275208 -0.1443990021944046 0.3838106989860535
v -0.0406003743410110 -0.1443990021944046 0.3841340243816376
v -0.0390857979655266 -0.1443990021944046 0.3853574395179749
v -0.0383858382701874 -0.1443990021944046 0.3871742188930511
v -0.0386880561709404 -0.1443990021944046 0.3890976011753082
v -0.0399114638566971 -0.1443990021944046 0.3906121551990509
v -0.0417282581329346 -0.1443990021944046 0.3913121223449707
v -0.0436516255140305 -0.1443990021944046 0.3910098969936371
v -0.0451662018895149 -0.1443990021944046 0.3897865116596222
v -0.0458661615848541 -0.1443990021944046 0.3879697024822235
v -0.0455639436841011 -0.1443990021944046 0.3860463500022888
v -0.0443405359983444 -0.1443990021944046 0.3845317661762238
v -0.0425237417221069 -0.1443990021944046 0.3838317990303040
v -0.0421259999275208 -0.1443990021944046 0.4239307045936584
v -0.0436516255140305 -0.1443990021944046 0.4236074090003967
v -0.0451662018895149 -0.1443990021944046 0.4223839938640594
v -0.0458661615848541 -0.1443990021944046 0.4205672144889832
v -0.0455639436841011 -0.1443990021944046 0.4186438322067261
v -0.0443405359983444 -0.1443990021944046 0.4171292483806610
v -0.0425237417221069 -0.1443990021944046 0.4164293110370636
v -0.0406003743410110 -0.1443990021944046 0.4167315065860748
v -0.0390857979655266 -0.1443990021944046 0.4179549217224121
v -0.0383858382701874 -0.1443990021944046 0.4197717308998108
v -0.0386880561709404 -0.1443990021944046 0.4216950833797455
v -0.0399114638566971 -0.1443990021944046 0.4232096672058105
v -0.0417282581329346 -0.1443990021944046 0.4239096343517303
v 0.0099679036065936 0.0019640813115984 0.4114328622817993
v 0.0099229803308845 0.0019649306777865 0.4113750457763672
v 0.0096072955057025 0.0030315855983645 0.4115339815616608
v 0.0096818385645747 0.0030236023012549 0.4116523265838623
v 0.0097125759348273 0.0030242467764765 0.4116864204406738
v 0.0101373931393027 0.0019767137710005 0.4115576148033142
v 0.0102002983912826 0.0018048437777907 0.4115419387817383
v 0.0103242574259639 0.0014494361821562 0.4115159213542938
v 0.0102480901405215 0.0014409723225981 0.4114921689033508
v 0.0095759881660342 0.0030450301710516 0.4114464521408081
v 0.0098600750789046 0.0019745382014662 0.4112444519996643
v 0.0092279082164168 0.0040486901998520 0.4118511676788330
v 0.0100771067664027 0.0019702168647200 0.4115250408649445
v 0.0100199198350310 0.0019659029785544 0.4114832580089569
v 0.0096537498757243 0.0030245932284743 0.4116152822971344
v 0.0095610385760665 0.0030640775803477 0.4113573729991913
v 0.0086862361058593 0.0050479993224144 0.4120326042175293
v 0.0091942278668284 0.0040615424513817 0.4117663800716400
v 0.0092188706621528 0.0040664859116077 0.4118542671203613
v 0.0170879792422056 -0.0105028748512268 0.4113975465297699
v 0.0107556050643325 -0.0106655992567539 0.4113000333309174
v 0.0105729131028056 -0.0105981342494488 0.4111369550228119
v 0.0105729131028056 -0.0106827579438686 0.4110804498195648
v 0.0105729131028056 -0.0107393041253090 0.4109958708286285
v 0.0105729131028056 -0.0107591636478901 0.4108960628509521
v 0.0105745149776340 -0.0107617750763893 0.4108960628509521
v 0.0107556050643325 -0.0109023600816727 0.4110634326934814
v 0.0107556050643325 -0.0109356641769409 0.4108960628509521
v 0.0110013475641608 -0.0109617933630943 0.4110880494117737
v 0.0110013475641608 -0.0109999999403954 0.4108960628509521
v 0.0107556050643325 -0.0108075216412544 0.4112052917480469
v 0.0110013475641608 -0.0108529999852180 0.4112507998943329
v 0.0110013475641608 -0.0109335407614708 0.4111455678939819
v 0.0110013475641608 -0.0106901898980141 0.4113594889640808
v 0.0110013475641608 -0.0107517726719379 0.4113289117813110
v 0.0105729131028056 -0.0107393041253090 0.4055218100547791
v 0.0105729131028056 -0.0106827579438686 0.4054372310638428
v 0.0105729131028056 -0.0105981342494488 0.4053807258605957
v 0.0107556050643325 -0.0106655992567539 0.4052176475524902
v 0.0110013475641608 -0.0106901898980141 0.4051581919193268
v 0.0107556050643325 -0.0109023600816727 0.4054542481899261
v 0.0107556050643325 -0.0108075216412544 0.4053123891353607
v 0.0110013475641608 -0.0108529999852180 0.4052668809890747
v 0.0110013475641608 -0.0107517726719379 0.4051887691020966
v 0.0105729131028056 -0.0107591636478901 0.4056216180324554
v 0.0105745149776340 -0.0107617750763893 0.4056216180324554
v 0.0107556050643325 -0.0109356641769409 0.4056216180324554
v 0.0110013475641608 -0.0109335407614708 0.4053721129894257
v 0.0110013475641608 -0.0109617933630943 0.4054296016693115
v 0.0110013475641608 -0.0109999999403954 0.4056216180324554
v 0.0170879792422056 -0.0105028748512268 0.4051201343536377
v 0.0099229803308845 0.0019649306777865 0.4051426351070404
v 0.0096072955057025 0.0030315855983645 0.4049836993217468
v 0.0095759881660342 0.0030450301710516 0.4050712287425995
v 0.0102480901405215 0.0014409723225981 0.4050254821777344
v 0.0103242574259639 0.0014494361821562 0.4050017595291138
v 0.0101373931393027 0.0019767137710005 0.4049600660800934
v 0.0091942278668284 0.0040615424513817 0.4047513008117676
v 0.0086862361058593 0.0050479993224144 0.4044850766658783
v 0.0095133101567626 0.0032107124570757 0.4051183164119720
v 0.0100199198350310 0.0019659029785544 0.4050343930721283
v 0.0098467720672488 0.0024971889797598 0.4049788117408752
v 0.0101735023781657 0.0014341177884489 0.4050629138946533
v 0.0096537498757243 0.0030245932284743 0.4049023687839508
v 0.0092279082164168 0.0040486901998520 0.4046665132045746
v 0.0098600750789046 0.0019745382014662 0.4052732288837433
v 0.0100433928892016 0.0014270918909460 0.4051769077777863
v 0.0099331503733993 0.0025022441986948 0.4049018919467926
v 0.0097125759348273 0.0030242467764765 0.4048312604427338
v 0.0099679036065936 0.0019640813115984 0.4026566147804260
v 0.0099229803308845 0.0019649306777865 0.4025987982749939
v 0.0096072955057025 0.0030315855983645 0.4027577042579651
v 0.0096818385645747 0.0030236023012549 0.4028760790824890
v 0.0097125759348273 0.0030242467764765 0.4029101729393005
v 0.0101373931393027 0.0019767137710005 0.4027813673019409
v 0.0102002983912826 0.0018048437777907 0.4027656912803650
v 0.0103242574259639 0.0014494361821562 0.4027396738529205
v 0.0102480901405215 0.0014409723225981 0.4027159214019775
v 0.0095759881660342 0.0030450301710516 0.4026702046394348
v 0.0098600750789046 0.0019745382014662 0.4024681746959686
v 0.0092279082164168 0.0040486901998520 0.4030749201774597
v 0.0100771067664027 0.0019702168647200 0.4027487933635712
v 0.0100199198350310 0.0019659029785544 0.4027070105075836
v 0.0096537498757243 0.0030245932284743 0.4028390347957611
v 0.0095610385760665 0.0030640775803477 0.4025811254978180
v 0.0086862361058593 0.0050479993224144 0.4032563567161560
v 0.0091942278668284 0.0040615424513817 0.4029901325702667
v 0.0092188706621528 0.0040664859116077 0.4030779898166656
v 0.0105729131028056 -0.0107393041253090 0.3967455625534058
v 0.0105729131028056 -0.0106827579438686 0.3966609835624695
v 0.0105729131028056 -0.0105981342494488 0.3966044783592224
v 0.0107556050643325 -0.0106655992567539 0.3964414000511169
v 0.0110013475641608 -0.0106901898980141 0.3963819444179535
v 0.0107556050643325 -0.0109023600816727 0.3966780006885529
v 0.0107556050643325 -0.0108075216412544 0.3965361416339874
v 0.0110013475641608 -0.0108529999852180 0.3964906334877014
v 0.0110013475641608 -0.0107517726719379 0.3964125216007233
v 0.0105729131028056 -0.0107591636478901 0.3968453407287598
v 0.0105745149776340 -0.0107617750763893 0.3968453407287598
v 0.0107556050643325 -0.0109356641769409 0.3968453407287598
v 0.0110013475641608 -0.0109335407614708 0.3965958654880524
v 0.0110013475641608 -0.0109617933630943 0.3966533541679382
v 0.0110013475641608 -0.0109999999403954 0.3968453407287598
v 0.0107556050643325 -0.0106655992567539 0.4025237858295441
v 0.0105729131028056 -0.0105981342494488 0.4023606777191162
v 0.0105729131028056 -0.0106827579438686 0.4023042023181915
v 0.0105729131028056 -0.0107393041253090 0.4022196233272552
v 0.0105729131028056 -0.0107591636478901 0.4021198153495789
v 0.0105745149776340 -0.0107617750763893 0.4021198153495789
v 0.0107556050643325 -0.0109023600816727 0.4022871851921082
v 0.0107556050643325 -0.0109356641769409 0.4021198153495789
v 0.0110013475641608 -0.0109617933630943 0.4023118019104004
v 0.0110013475641608 -0.0109999999403954 0.4021198153495789
v 0.0107556050643325 -0.0108075216412544 0.4024290442466736
v 0.0110013475641608 -0.0108529999852180 0.4024745523929596
v 0.0110013475641608 -0.0109335407614708 0.4023693203926086
v 0.0110013475641608 -0.0106901898980141 0.4025832414627075
v 0.0110013475641608 -0.0107517726719379 0.4025526642799377
v 0.0170879792422056 -0.0105028748512268 0.4026212990283966
v 0.0170879792422056 -0.0105028748512268 0.3963438868522644
v 0.0099229803308845 0.0019649306777865 0.3963663876056671
v 0.0096072955057025 0.0030315855983645 0.3962074518203735
v 0.0095759881660342 0.0030450301710516 0.3962949812412262
v 0.0091942278668284 0.0040615424513817 0.3959750533103943
v 0.0086862361058593 0.0050479993224144 0.3957088291645050
v 0.0095133101567626 0.0032107124570757 0.3963420689105988
v 0.0092188706621528 0.0040664859116077 0.3958871662616730
v 0.0097125759348273 0.0030242467764765 0.3960550129413605
v 0.0092279082164168 0.0040486901998520 0.3958902657032013
v 0.0096537498757243 0.0030245932284743 0.3961261212825775
v 0.0098467720672488 0.0024971889797598 0.3962025642395020
v 0.0100199198350310 0.0019659029785544 0.3962581455707550
v 0.0101735023781657 0.0014341177884489 0.3962866663932800
v 0.0102480901405215 0.0014409723225981 0.3962492346763611
v 0.0098600750789046 0.0019745382014662 0.3964969813823700
v 0.0100433928892016 0.0014270918909460 0.3964006602764130
v 0.0099331503733993 0.0025022441986948 0.3961256444454193
v 0.0101373931393027 0.0019767137710005 0.3961838185787201
v 0.0102002983912826 0.0018048437777907 0.3961994946002960
v 0.0103242574259639 0.0014494361821562 0.3962255120277405
v 0.0183047484606504 -0.0145105011761189 0.3878227174282074
v 0.0178008358925581 -0.0145105011761189 0.3859421014785767
v 0.0178008358925581 -0.0145105011761189 0.3897033333778381
v 0.0176439862698317 -0.0145105011761189 0.3856934010982513
v 0.0176439862698317 -0.0145105011761189 0.3899520337581635
v 0.0176439862698317 -0.0140089988708496 0.3856856822967529
v 0.0176439862698317 -0.0140089988708496 0.3899597525596619
v 0.0164263118058443 -0.0140089988708496 0.3910838365554810
v 0.0145434988662601 -0.0140089988708496 0.3915883302688599
v 0.0126606887206435 -0.0140089988708496 0.3910838365554810
v 0.0112823722884059 -0.0140089988708496 0.3897055387496948
v 0.0107778748497367 -0.0140089988708496 0.3878227174282074
v 0.0112823722884059 -0.0140089988708496 0.3859398961067200
v 0.0126606887206435 -0.0140089988708496 0.3845615983009338
v 0.0145434988662601 -0.0140089988708496 0.3840570747852325
v 0.0164263118058443 -0.0140089988708496 0.3845615983009338
v 0.0183047484606504 -0.0145105011761189 0.4199187159538269
v 0.0178008358925581 -0.0145105011761189 0.4180381000041962
v 0.0178008358925581 -0.0145105011761189 0.4217993319034576
v 0.0176439862698317 -0.0145105011761189 0.4177893996238708
v 0.0176439862698317 -0.0145105011761189 0.4220480322837830
v 0.0176439862698317 -0.0140089988708496 0.4177816808223724
v 0.0176439862698317 -0.0140089988708496 0.4220557510852814
v 0.0164263118058443 -0.0140089988708496 0.4166575968265533
v 0.0145434988662601 -0.0140089988708496 0.4161530733108521
v 0.0126606887206435 -0.0140089988708496 0.4166575968265533
v 0.0112823722884059 -0.0140089988708496 0.4180358946323395
v 0.0107778748497367 -0.0140089988708496 0.4199187159538269
v 0.0112823722884059 -0.0140089988708496 0.4218015372753143
v 0.0126606887206435 -0.0140089988708496 0.4231798350811005
v 0.0145434988662601 -0.0140089988708496 0.4236843287944794
v 0.0164263118058443 -0.0140089988708496 0.4231798350811005
v -0.0478932484984398 -0.0106991007924080 0.3989852666854858
v -0.0455069467425346 -0.0106991007924080 0.3965989649295807
v -0.0446335002779961 -0.0106991007924080 0.3933392167091370
v -0.0455069467425346 -0.0106991007924080 0.3900794684886932
v -0.0478932484984398 -0.0106991007924080 0.3876931667327881
v -0.0511530004441738 -0.0106991007924080 0.3868197202682495
v -0.0544127486646175 -0.0106991007924080 0.3876931667327881
v -0.0567990541458130 -0.0106991007924080 0.3900794684886932
v -0.0576725006103516 -0.0106991007924080 0.3933392167091370
v -0.0567990541458130 -0.0106991007924080 0.3965989649295807
v -0.0544127486646175 -0.0106991007924080 0.3989852666854858
v -0.0511530004441738 -0.0106991007924080 0.3998587131500244
v -0.0000000011306722 -0.0050828121602535 0.3938923478126526
v 0.0003102782939095 -0.0050733350217342 0.3938924372196198
v 0.0020549024920911 -0.0046497024595737 0.3938961327075958
v 0.0036001529078931 -0.0035915782209486 0.3939053714275360
v 0.0045537119731307 -0.0022686531301588 0.3939169049263000
v 0.0050699105486274 -0.0004583520640153 0.3939327001571655
v 0.0048981783911586 0.0013977813068777 0.3939489126205444
v 0.0040772957727313 0.0030577967409045 0.3939633965492249
v 0.0034241739194840 0.0037764834705740 0.3939696550369263
v 0.0018212522845715 0.0047630667686462 0.3939782679080963
v -0.0000000011306722 0.0050999633967876 0.3939812183380127
v -0.0046137953177094 0.0021614844445139 0.3939555585384369
v -0.0036001552361995 0.0036087299231440 0.3939681947231293
v -0.0020495515782386 0.0046692118048668 0.3939774632453918
v -0.0002149690117221 0.0050954110920429 0.3939811885356903
v -0.0007964681717567 -0.0050201192498207 0.3938928842544556
v -0.0025597822386771 -0.0043925121426582 0.3938983678817749
v -0.0039702886715531 -0.0031787154730409 0.3939089775085449
v -0.0050807306542993 0.0003375636588316 0.3939396440982819
v -0.0048569897189736 -0.0015184094663709 0.3939234614372253
v 0.0086274174973369 0.0050162263214588 0.3942299783229828
v 0.0085567077621818 0.0049763210117817 0.3941243588924408
v 0.0069863004609942 0.0070223994553089 0.3941419124603271
v -0.0007480095955543 0.0095364190638065 0.3940199315547943
v -0.0024661582428962 0.0092412121593952 0.3940173685550690
v -0.0025127839762717 0.0094149149954319 0.3940523564815521
v -0.0049833590164781 0.0081588700413704 0.3940079212188721
v -0.0048543708398938 0.0084450915455818 0.3940439224243164
v -0.0067376838997006 0.0067750588059425 0.3939958214759827
v -0.0068652154877782 0.0069022886455059 0.3940305113792419
v -0.0082519212737679 0.0048016272485256 0.3939786255359650
v -0.0084685320034623 0.0049260929226875 0.3940465152263641
v 0.0048543727025390 0.0084450915455818 0.3940439224243164
v 0.0022190648596734 0.0093038901686668 0.3940179049968719
v 0.0025127853732556 0.0094149149954319 0.3940523564815521
v -0.0000000011306722 0.0097456984221935 0.3940552175045013
v 0.0084685338661075 0.0049260929226875 0.3940465152263641
v 0.0082519231364131 0.0048016272485256 0.3939786255359650
v 0.0061825765296817 0.0072877407073975 0.3940003216266632
v 0.0068652173504233 0.0069022886455059 0.3940305113792419
v 0.0047642616555095 0.0082893185317516 0.3940090537071228
v 0.0070664165541530 0.0071010328829288 0.3943121433258057
v 0.0086547834798694 0.0050314590334892 0.3942947387695312
v 0.0086862361058593 0.0050479993224144 0.3944800794124603
v 0.0049399388954043 0.0085923224687576 0.3941553533077240
v 0.0025570604484528 0.0095791779458523 0.3941638171672821
v -0.0000000011306722 0.0099157691001892 0.3941667079925537
v -0.0025570590514690 0.0095791779458523 0.3941638171672821
v -0.0049399370327592 0.0085923224687576 0.3941553533077240
v -0.0069862985983491 0.0070223994553089 0.3941419124603271
v -0.0086274193599820 0.0050162263214588 0.3942299783229828
v 0.0049966117367148 0.0086890012025833 0.3943255245685577
v 0.0025864045601338 0.0096872039139271 0.3943338990211487
v -0.0000000011306722 0.0100276693701744 0.3943367600440979
v -0.0025864031631500 0.0096872039139271 0.3943338990211487
v -0.0049966098740697 0.0086890012025833 0.3943255245685577
v -0.0070664184167981 0.0071010328829288 0.3943121433258057
v -0.0086547816172242 0.0050314590334892 0.3942947387695312
v 0.0070922812446952 0.0071252807974815 0.3944973051548004
v 0.0050149997696280 0.0087192356586456 0.3945105373859406
v 0.0025959562044591 0.0097212344408035 0.3945188224315643
v -0.0000000011306722 0.0100630000233650 0.3945216834545135
v -0.0025959548074752 0.0097212344408035 0.3945188224315643
v -0.0050150016322732 0.0087192356586456 0.3945105373859406
v -0.0070922793820500 0.0071252807974815 0.3944973051548004
v -0.0086862342432141 0.0050479993224144 0.3944800794124603
v -0.0178067814558744 -0.0107492506504059 0.3943422436714172
v -0.0177757460623980 -0.0107655636966228 0.3941580951213837
v -0.0177479647099972 -0.0107810236513615 0.3940921127796173
v -0.0176789071410894 -0.0108199901878834 0.3939884006977081
v -0.0175890810787678 -0.0108711570501328 0.3939086496829987
v -0.0173724703490734 -0.0109956227242947 0.3938407599925995
v -0.0178067814558744 -0.0107492506504059 0.3958466947078705
v -0.0170879829674959 -0.0105028748512268 0.3963438868522644
v -0.0172287095338106 -0.0105515718460083 0.3963346779346466
v -0.0174210853874683 -0.0106179676949978 0.3962883949279785
v -0.0174882672727108 -0.0106410942971706 0.3962609767913818
v -0.0176461078226566 -0.0106952451169491 0.3961617946624756
v -0.0177527070045471 -0.0107315219938755 0.3960377871990204
v -0.0177779365330935 -0.0107399970293045 0.3959878981113434
v -0.0105745131149888 -0.0107617750763893 0.3968453407287598
v -0.0105729112401605 -0.0107591636478901 0.3968453407287598
v -0.0105729112401605 -0.0107393041253090 0.3967455625534058
v -0.0105729112401605 -0.0105981342494488 0.3966044783592224
v -0.0107556032016873 -0.0106655992567539 0.3964414000511169
v -0.0105729112401605 -0.0106827579438686 0.3966609835624695
v -0.0110013475641608 -0.0106901898980141 0.3963819444179535
v -0.0110013475641608 -0.0107517726719379 0.3964125216007233
v -0.0107556032016873 -0.0108075216412544 0.3965361416339874
v -0.0110013475641608 -0.0109999999403954 0.3968453407287598
v -0.0107569405809045 -0.0109364129602909 0.3968453407287598
v -0.0110013475641608 -0.0109617933630943 0.3966533541679382
v -0.0107556032016873 -0.0109023600816727 0.3966780006885529
v -0.0110013475641608 -0.0109335407614708 0.3965958654880524
v -0.0110013475641608 -0.0108529999852180 0.3964906334877014
v -0.0107569405809045 -0.0109364129602909 0.4021198153495789
v -0.0110013475641608 -0.0109999999403954 0.4021198153495789
v -0.0110013475641608 -0.0109617933630943 0.4023118019104004
v -0.0105729112401605 -0.0105981342494488 0.4023606777191162
v -0.0105729112401605 -0.0106827579438686 0.4023042023181915
v -0.0105729112401605 -0.0107393041253090 0.4022196233272552
v -0.0105729112401605 -0.0107591636478901 0.4021198153495789
v -0.0105745131149888 -0.0107617750763893 0.4021198153495789
v -0.0107556032016873 -0.0109023600816727 0.4022871851921082
v -0.0110013475641608 -0.0109335407614708 0.4023693203926086
v -0.0107556032016873 -0.0108075216412544 0.4024290442466736
v -0.0110013475641608 -0.0106901898980141 0.4025832414627075
v -0.0107556032016873 -0.0106655992567539 0.4025237858295441
v -0.0110013475641608 -0.0107517726719379 0.4025526642799377
v -0.0110013475641608 -0.0108529999852180 0.4024745523929596
v -0.0170879829674959 -0.0105028748512268 0.4026212990283966
v -0.0173616874963045 -0.0105974897742271 0.4026578068733215
v -0.0178067814558744 -0.0107492506504059 0.4031184911727905
v -0.0178067442029715 -0.0107492730021477 0.4031119048595428
v -0.0175938773900270 -0.0106773637235165 0.4027635753154755
v -0.0177228637039661 -0.0107214115560055 0.4028834700584412
v -0.0177996344864368 -0.0107471495866776 0.4030470848083496
v -0.0175018701702356 -0.0106457695364952 0.4027106165885925
v -0.0178067814558744 -0.0107492506504059 0.4046229422092438
v -0.0170879829674959 -0.0105028748512268 0.4051201343536377
v -0.0172275509685278 -0.0105511732399464 0.4051111042499542
v -0.0174373965710402 -0.0106235854327679 0.4050586223602295
v -0.0176381692290306 -0.0106925293803215 0.4049446880817413
v -0.0177499800920486 -0.0107305981218815 0.4048185646533966
v -0.0178067442029715 -0.0107492730021477 0.4046294987201691
v -0.0177752450108528 -0.0107390992343426 0.4047703742980957
v -0.0105745131149888 -0.0107617750763893 0.4056216180324554
v -0.0105729112401605 -0.0107591636478901 0.4056216180324554
v -0.0105729112401605 -0.0107393041253090 0.4055218100547791
v -0.0105729112401605 -0.0105981342494488 0.4053807258605957
v -0.0107556032016873 -0.0106655992567539 0.4052176475524902
v -0.0105729112401605 -0.0106827579438686 0.4054372310638428
v -0.0110013475641608 -0.0106901898980141 0.4051581919193268
v -0.0110013475641608 -0.0107517726719379 0.4051887691020966
v -0.0107556032016873 -0.0108075216412544 0.4053123891353607
v -0.0110013475641608 -0.0109999999403954 0.4056216180324554
v -0.0107569405809045 -0.0109364129602909 0.4056216180324554
v -0.0110013475641608 -0.0109617933630943 0.4054296016693115
v -0.0107556032016873 -0.0109023600816727 0.4054542481899261
v -0.0110013475641608 -0.0109335407614708 0.4053721129894257
v -0.0110013475641608 -0.0108529999852180 0.4052668809890747
v -0.0107569405809045 -0.0109364129602909 0.4108960628509521
v -0.0110013475641608 -0.0109999999403954 0.4108960628509521
v -0.0110013475641608 -0.0109617933630943 0.4110880494117737
v -0.0105729112401605 -0.0105981342494488 0.4111369550228119
v -0.0105729112401605 -0.0106827579438686 0.4110804498195648
v -0.0105729112401605 -0.0107393041253090 0.4109958708286285
v -0.0105729112401605 -0.0107591636478901 0.4108960628509521
v -0.0105745131149888 -0.0107617750763893 0.4108960628509521
v -0.0107556032016873 -0.0109023600816727 0.4110634326934814
v -0.0110013475641608 -0.0109335407614708 0.4111455678939819
v -0.0107556032016873 -0.0108075216412544 0.4112052917480469
v -0.0110013475641608 -0.0106901898980141 0.4113594889640808
v -0.0107556032016873 -0.0106655992567539 0.4113000333309174
v -0.0110013475641608 -0.0107517726719379 0.4113289117813110
v -0.0110013475641608 -0.0108529999852180 0.4112507998943329
v -0.0170879829674959 -0.0105028748512268 0.4113975465297699
v -0.0173616874963045 -0.0105974897742271 0.4114340543746948
v -0.0178067814558744 -0.0107492506504059 0.4118947386741638
v -0.0178067442029715 -0.0107492730021477 0.4118881821632385
v -0.0175938773900270 -0.0106773637235165 0.4115398526191711
v -0.0177228637039661 -0.0107214115560055 0.4116597175598145
v -0.0177996344864368 -0.0107471495866776 0.4118233323097229
v -0.0175018701702356 -0.0106457695364952 0.4114868640899658
v -0.0178067814558744 -0.0107492506504059 0.4133991897106171
v -0.0086862342432141 0.0050479993224144 0.4132613241672516
v -0.0000000011306722 0.0050999633967876 0.4137602150440216
v 0.0003102782939095 0.0050904825329781 0.4137603044509888
v 0.0020549024920911 0.0046668536961079 0.4137639999389648
v 0.0036001529078931 0.0036087299231440 0.4137732386589050
v 0.0045537119731307 0.0022858048323542 0.4137847721576691
v 0.0050699105486274 0.0004754999827128 0.4138005673885345
v 0.0048981783911586 -0.0013806296046823 0.4138167798519135
v 0.0040772957727313 -0.0030406487639993 0.4138312637805939
v 0.0034241739194840 -0.0037593354936689 0.4138375222682953
v 0.0018212522845715 -0.0047459192574024 0.4138461351394653
v -0.0000000011306721 -0.0050828121602535 0.4138490855693817
v -0.0002149690117221 -0.0050782635807991 0.4138490259647369
v -0.0020495515782386 -0.0046520605683327 0.4138453006744385
v -0.0036001552361995 -0.0035915782209486 0.4138360619544983
v -0.0046137953177094 -0.0021443327423185 0.4138234257698059
v -0.0050807306542993 -0.0003204120148439 0.4138075113296509
v -0.0048569897189736 0.0015355611685663 0.4137913286685944
v -0.0039702886715531 0.0031958671752363 0.4137768149375916
v -0.0007964681717567 0.0050372704863548 0.4137607514858246
v -0.0025597822386771 0.0044096633791924 0.4137662351131439
v -0.0070664258673787 0.0071010403335094 0.4134292304515839
v -0.0070922793820500 0.0071252807974815 0.4132440984249115
v -0.0056310901418328 0.0077239237725735 0.4137372970581055
v -0.0044613452628255 0.0084569156169891 0.4137309193611145
v -0.0048544229939580 0.0084451809525490 0.4136974811553955
v -0.0086547927930951 0.0050314664840698 0.4134466350078583
v -0.0086274193599820 0.0050162263214588 0.4135114550590515
v -0.0069863358512521 0.0070224404335022 0.4135994613170624
v -0.0085567543283105 0.0049763508141041 0.4136170148849487
v -0.0068652899935842 0.0069023631513119 0.4137108922004700
v -0.0084685320034623 0.0049260929226875 0.4136948883533478
v -0.0082519212737679 0.0048016272485256 0.4137628078460693
v -0.0050150016322732 0.0087192356586456 0.4132308959960938
v -0.0049966173246503 0.0086890123784542 0.4134158790111542
v -0.0049399668350816 0.0085923708975315 0.4135860204696655
v -0.0025959548074752 0.0097212344408035 0.4132225811481476
v -0.0025864068884403 0.0096872188150883 0.4134074747562408
v -0.0025570739526302 0.0095792300999165 0.4135775566101074
v -0.0025128137785941 0.0094150118529797 0.4136890470981598
v -0.0024661582428962 0.0092412047088146 0.4137240648269653
v -0.0000000011306723 0.0100630000233650 0.4132197499275208
v -0.0000000011306722 0.0100276842713356 0.4134046137332916
v -0.0000000011306722 0.0099158249795437 0.4135746657848358
v -0.0000000011306722 0.0097458027303219 0.4136861562728882
v -0.0000000011306722 0.0095658749341965 0.4137212336063385
v -0.0177757460623980 -0.0107655636966228 0.4135833382606506
v -0.0177479647099972 -0.0107810236513615 0.4136492908000946
v -0.0176789071410894 -0.0108199901878834 0.4137530326843262
v -0.0175890810787678 -0.0108711570501328 0.4138327538967133
v -0.0173724703490734 -0.0109956227242947 0.4139006733894348
v -0.0621438398957253 -0.0112982727587223 0.4015134871006012
v -0.0624591335654259 -0.0113217979669571 0.4019773900508881
v -0.0621438398957253 -0.0112982727587223 0.4062279462814331
v -0.0624592565000057 -0.0113213621079922 0.4057640731334686
v -0.0627541244029999 -0.0113870240747929 0.4051184952259064
v -0.0610716417431831 -0.0112982727587223 0.4071523249149323
v -0.0606713145971298 -0.0112982727587223 0.4073528945446014
v -0.0591770000755787 -0.0112982727587223 0.4076600074768066
v -0.0588414184749126 -0.0112982727587223 0.4076451063156128
v -0.0572823584079742 -0.0112982727587223 0.4071523249149323
v -0.0570917800068855 -0.0112982727587223 0.4070346653461456
v -0.0558953844010830 -0.0112982727587223 0.4057653546333313
v -0.0558408237993717 -0.0112982727587223 0.4056675434112549
v -0.0553877167403698 -0.0112982727587223 0.4038707017898560
v -0.0558408237993717 -0.0112982727587223 0.4020738899707794
v -0.0558953844010830 -0.0112982727587223 0.4019760787487030
v -0.0570917800068855 -0.0112982727587223 0.4007067680358887
v -0.0572823584079742 -0.0112982727587223 0.4005891084671021
v -0.0588414184749126 -0.0112982727587223 0.4000963270664215
v -0.0627541393041611 -0.0113870278000832 0.4026229679584503
v -0.0628732070326805 -0.0114258639514446 0.4030412435531616
v -0.0629648640751839 -0.0114610865712166 0.4038701355457306
v -0.0628625229001045 -0.0114220529794693 0.4047468304634094
v -0.0591770000755787 -0.0112982727587223 0.4000814259052277
v -0.0606713145971298 -0.0112982727587223 0.4003885090351105
v -0.0610716417431831 -0.0112982727587223 0.4005891084671021
v 0.0038417454343289 0.0087570771574974 0.4137282967567444
v 0.0050606904551387 0.0081108883023262 0.4137339293956757
v 0.0048544248566031 0.0084451809525490 0.4136974811553955
v 0.0025959562044591 0.0097212344408035 0.4132225811481476
v 0.0025864082854241 0.0096872188150883 0.4134074747562408
v 0.0025570753496140 0.0095792300999165 0.4135775566101074
v 0.0025128114502877 0.0094150118529797 0.4136890470981598
v 0.0050149997696280 0.0087192356586456 0.4132308959960938
v 0.0049966191872954 0.0086890123784542 0.4134158790111542
v 0.0049399649724364 0.0085923708975315 0.4135860204696655
v 0.0070922812446952 0.0071252807974815 0.4132440984249115
v 0.0070664277300239 0.0071010403335094 0.4134292304515839
v 0.0069863377138972 0.0070224404335022 0.4135994613170624
v 0.0068652881309390 0.0069023631513119 0.4137108922004700
v 0.0067376708611846 0.0067750439047813 0.4137455821037292
v 0.0086862361058593 0.0050479993224144 0.4132613241672516
v 0.0086547946557403 0.0050314664840698 0.4134466350078583
v 0.0086274174973369 0.0050162263214588 0.4135114550590515
v 0.0084685338661075 0.0049260929226875 0.4136948883533478
v 0.0082519231364131 0.0048016272485256 0.4137628078460693
v -0.0524646863341331 -0.0561349987983704 0.3838106989860535
v -0.0317873135209084 -0.0561349987983704 0.3838106989860535
v -0.0524646863341331 -0.1413899958133698 0.3838106989860535
v -0.0317873135209084 -0.1413899958133698 0.3838106989860535
v -0.0524646863341331 -0.1443990021944046 0.3838106989860535
v -0.0317873135209084 -0.1443990021944046 0.3838106989860535
v -0.0524646863341331 -0.1443990021944046 0.4239307045936584
v -0.0317873135209084 -0.1443990021944046 0.4239307045936584
v -0.0253084152936935 -0.1443990021944046 0.3888221085071564
v -0.0253084152936935 -0.1443990021944046 0.4189193248748779
v -0.0210449323058128 -0.1443990021944046 0.4119255542755127
v -0.0195585004985332 -0.1443990021944046 0.4038707017898560
v -0.0589435845613480 -0.1443990021944046 0.4189193248748779
v -0.0210449323058128 -0.1443990021944046 0.3958158493041992
v -0.0589435845613480 -0.1443990021944046 0.3888221085071564
v -0.0632070675492287 -0.1443990021944046 0.3958158493041992
v -0.0646935030817986 -0.1443990021944046 0.4038707017898560
v -0.0632070675492287 -0.1443990021944046 0.4119255542755127
v -0.0317873135209084 -0.1413899958133698 0.4239307045936584
v -0.0524646863341331 -0.1413899958133698 0.4239307045936584
v -0.0283186007291079 -0.0511200018227100 0.3860200047492981
v -0.0317873135209084 -0.0511200018227100 0.3838106989860535
v -0.0320444293320179 -0.0511199980974197 0.3838106989860535
v -0.0279376152902842 -0.0511200018227100 0.3864718973636627
v -0.0259427838027477 -0.0511200018227100 0.3883101344108582
v -0.0253084152936935 -0.0511200018227100 0.3888221085071564
v -0.0237995646893978 -0.0511200018227100 0.3909026682376862
v -0.0228567197918892 -0.0511200018227100 0.3921239376068115
v -0.0220680702477694 -0.0511200018227100 0.3937856554985046
v -0.0210449323058128 -0.0511200018227100 0.3958158493041992
v -0.0206573400646448 -0.0511200018227100 0.3973037302494049
v -0.0200336668640375 -0.0511200018227100 0.3992640972137451
v -0.0202737487852573 -0.0511200018227100 0.3987222313880920
v -0.0317873135209084 -0.0561349987983704 0.4239307045936584
v -0.0524646863341331 -0.0561349987983704 0.4239307045936584
v -0.0524646863341331 -0.0511200018227100 0.4239307045936584
v -0.0559334009885788 -0.0511200018227100 0.4217214286327362
v -0.0589435845613480 -0.0511200018227100 0.4189193248748779
v -0.0613952800631523 -0.0511200018227100 0.4156174957752228
v -0.0632070675492287 -0.0511200018227100 0.4119255542755127
v -0.0643187835812569 -0.0511200018227100 0.4079661369323730
v -0.0646935030817986 -0.0511200018227100 0.4038707017898560
v -0.0643187835812569 -0.0511200018227100 0.3997752964496613
v -0.0589435845613480 -0.0511200018227100 0.3888221085071564
v -0.0613952800631523 -0.0511200018227100 0.3921239376068115
v -0.0632070675492287 -0.0511200018227100 0.3958158493041992
v -0.0524646863341331 -0.0511200018227100 0.3838106989860535
v -0.0559334009885788 -0.0511200018227100 0.3860200047492981
v -0.0628254264593124 -0.0111979544162750 0.4051253497600555
v -0.0627861842513084 -0.0112592726945877 0.4051175117492676
v -0.0629982948303223 -0.0113258436322212 0.4038701355457306
v -0.0629428029060364 -0.0111106075346470 0.4025835990905762
v -0.0630103200674057 -0.0110924653708935 0.4025618135929108
v -0.0632577240467072 -0.0111629217863083 0.4038701057434082
v -0.0626001954078674 -0.0111000910401344 0.4020080566406250
v -0.0622143633663654 -0.0110861957073212 0.4014574587345123
v -0.0622511170804501 -0.0110485404729843 0.4014282524585724
v -0.0631338357925415 -0.0111044123768806 0.4052237570285797
v -0.0628151595592499 -0.0110340304672718 0.4058488607406616
v -0.0627070888876915 -0.0110381320118904 0.4057903587818146
v -0.0631338506937027 -0.0111044161021709 0.4025177061557770
v -0.0633493438363075 -0.0111744888126850 0.4033022522926331
v -0.0632255077362061 -0.0111318193376064 0.4049659669399261
v -0.0627628341317177 -0.0113241784274578 0.4051155447959900
v -0.0629728585481644 -0.0113947577774525 0.4038701355457306
v -0.0621625781059265 -0.0111832693219185 0.4062428176403046
v -0.0621829628944397 -0.0111348293721676 0.4062590301036835
v -0.0622143633663654 -0.0110861957073212 0.4062839746475220
v -0.0628790929913521 -0.0111466236412525 0.4051391482353210
v -0.0622511170804501 -0.0110485404729843 0.4063131809234619
v -0.0628791078925133 -0.0111466236412525 0.4026023149490356
v -0.0622913055121899 -0.0110218413174152 0.4013963341712952
v -0.0623367540538311 -0.0110049769282341 0.4013602137565613
v -0.0626973956823349 -0.0110183805227280 0.4017174541950226
v -0.0623794235289097 -0.0109999999403954 0.4013262987136841
v -0.0631951987743378 -0.0111223794519901 0.4050580859184265
v -0.0630103051662445 -0.0110924616456032 0.4051796495914459
v -0.0631951466202736 -0.0111427046358585 0.4045355319976807
v -0.0631800368428230 -0.0111752785742283 0.4038701355457306
v -0.0630490630865097 -0.0111911445856094 0.4032303094863892
v -0.0621625781059265 -0.0111832693219185 0.4014985859394073
v -0.0625245571136475 -0.0112079195678234 0.4020403921604156
v -0.0627861917018890 -0.0112592764198780 0.4026239514350891
v -0.0629887953400612 -0.0112432315945625 0.4032373726367950
v -0.0631057247519493 -0.0112088955938816 0.4038701355457306
v -0.0631201341748238 -0.0111566968262196 0.4045236706733704
v -0.0629427880048752 -0.0111106038093567 0.4051578640937805
v -0.0630486235022545 -0.0111910142004490 0.4045135974884033
v -0.0630431696772575 -0.0112612321972847 0.4038701355457306
v -0.0629452988505363 -0.0113069601356983 0.4032409191131592
v -0.0622913055121899 -0.0110218413174152 0.4063450992107391
v -0.0623794235289097 -0.0109999999403954 0.4064151048660278
v -0.0253084152936935 -0.0511200018227100 0.4189193248748779
v -0.0276649072766304 -0.0511200018227100 0.4210435152053833
v -0.0283186007291079 -0.0511200018227100 0.4217214286327362
v -0.0307375583797693 -0.0511200018227100 0.4232184886932373
v -0.0317873135209084 -0.0511200018227100 0.4239307045936584
v -0.0320443883538246 -0.0511199980974197 0.4239307045936584
v -0.0200336761772633 -0.0511200018227100 0.4084773659706116
v -0.0202737487852573 -0.0511200018227100 0.4090192019939423
v -0.0210449323058128 -0.0511200018227100 0.4119255542755127
v -0.0219086688011885 -0.0511200018227100 0.4136322736740112
v -0.0228567197918892 -0.0511200018227100 0.4156174957752228
v -0.0232301000505686 -0.0511200018227100 0.4159939587116241
v -0.0252577252686024 -0.0511200018227100 0.4186858832836151
v 0.0176663268357515 -0.0107040628790855 0.4115963578224182
v 0.0175981316715479 -0.0106788203120232 0.4115427732467651
v 0.0174888577312231 -0.0106412954628468 0.4114809036254883
v 0.0173643510788679 -0.0105984099209309 0.4114351868629456
v 0.0172292012721300 -0.0105517432093620 0.4114069640636444
v 0.0178209636360407 -0.0107738189399242 0.4118945300579071
v 0.0177947524935007 -0.0107610151171684 0.4117681980133057
v 0.0177579540759325 -0.0107435360550880 0.4117000401020050
v 0.0172379445284605 -0.0107210390269756 0.4113586246967316
v 0.0170879792422056 -0.0106862708926201 0.4113610982894897
v 0.0177208911627531 -0.0109999999403954 0.4110602438449860
v 0.0175303984433413 -0.0109999999403954 0.4109728932380676
v 0.0174754764884710 -0.0109725818037987 0.4111270904541016
v 0.0177767034620047 -0.0109602175652981 0.4113373160362244
v 0.0179051216691732 -0.0109999999403954 0.4111895859241486
v 0.0178370680660009 -0.0109999999403954 0.4111354053020477
v 0.0174236577004194 -0.0108868330717087 0.4112718701362610
v 0.0172575060278177 -0.0108714625239372 0.4112462103366852
v 0.0175225343555212 -0.0107820034027100 0.4114230573177338
v 0.0173847917467356 -0.0107532218098640 0.4113796055316925
v 0.0170879792422056 -0.0109999999403954 0.4108960628509521
v 0.0170879792422056 -0.0109335407614708 0.4111455678939819
v 0.0170879792422056 -0.0108546577394009 0.4112491309642792
v 0.0170879792422056 -0.0107517726719379 0.4113289117813110
v 0.0176455434411764 -0.0108066089451313 0.4114882349967957
v 0.0177189540117979 -0.0109119825065136 0.4114037752151489
v 0.0176686588674784 -0.0108471810817719 0.4114616215229034
v 0.0170879792422056 -0.0106862708926201 0.4051565825939178
v 0.0170879792422056 -0.0107517726719379 0.4051887691020966
v 0.0170879792422056 -0.0108546577394009 0.4052685499191284
v 0.0170879792422056 -0.0109335407614708 0.4053721129894257
v 0.0170879792422056 -0.0109999999403954 0.4056216180324554
v 0.0171805378049612 -0.0109999999403954 0.4056181013584137
v 0.0173243228346109 -0.0109999999403954 0.4055999219417572
v 0.0174754764884710 -0.0109725818037987 0.4053905904293060
v 0.0174236577004194 -0.0108868330717087 0.4052458107471466
v 0.0172575060278177 -0.0108714625239372 0.4052714705467224
v 0.0175303984433413 -0.0109999999403954 0.4055447876453400
v 0.0172292012721300 -0.0105517432093620 0.4051107168197632
v 0.0172379445284605 -0.0107210390269756 0.4051590561866760
v 0.0173643510788679 -0.0105984099209309 0.4050824940204620
v 0.0173847917467356 -0.0107532218098640 0.4051380753517151
v 0.0174888577312231 -0.0106412954628468 0.4050367772579193
v 0.0175225343555212 -0.0107820034027100 0.4050946235656738
v 0.0174955707043409 -0.0106436051428318 0.4050336480140686
v 0.0176455434411764 -0.0108066089451313 0.4050294458866119
v 0.0175981316715479 -0.0106788203120232 0.4049749076366425
v 0.0179051216691732 -0.0109999999403954 0.4053280949592590
v 0.0177767034620047 -0.0109602175652981 0.4051803648471832
v 0.0177189540117979 -0.0109119825065136 0.4051139056682587
v 0.0176686588674784 -0.0108471810817719 0.4050560593605042
v 0.0178043227642775 -0.0107655115425587 0.4047242105007172
v 0.0178194027394056 -0.0107731111347675 0.4046549797058105
v 0.0178209636360407 -0.0107738189399242 0.4046231508255005
v 0.0177722144871950 -0.0107498951256275 0.4047945141792297
v 0.0178209636360407 -0.0107738189399242 0.4031182825565338
v 0.0176663268357515 -0.0107040628790855 0.4028201103210449
v 0.0175981316715479 -0.0106788203120232 0.4027665257453918
v 0.0174888577312231 -0.0106412954628468 0.4027046561241150
v 0.0173643510788679 -0.0105984099209309 0.4026589393615723
v 0.0172292012721300 -0.0105517432093620 0.4026307165622711
v 0.0177947524935007 -0.0107610151171684 0.4029919505119324
v 0.0177579540759325 -0.0107435360550880 0.4029237926006317
v 0.0170879792422056 -0.0109999999403954 0.3968453407287598
v 0.0170879792422056 -0.0109335407614708 0.3965958654880524
v 0.0170879792422056 -0.0106862708926201 0.3963803350925446
v 0.0170879792422056 -0.0107517726719379 0.3964125216007233
v 0.0170879792422056 -0.0108546577394009 0.3964923024177551
v 0.0172379445284605 -0.0107210390269756 0.4025823771953583
v 0.0170879792422056 -0.0106862708926201 0.4025848507881165
v 0.0177208911627531 -0.0109999999403954 0.4022839963436127
v 0.0175303984433413 -0.0109999999403954 0.4021966457366943
v 0.0174754764884710 -0.0109725818037987 0.4023508429527283
v 0.0177767034620047 -0.0109602175652981 0.4025610685348511
v 0.0179051216691732 -0.0109999999403954 0.4024133384227753
v 0.0178370680660009 -0.0109999999403954 0.4023591578006744
v 0.0174236577004194 -0.0108868330717087 0.4024956226348877
v 0.0172575060278177 -0.0108714625239372 0.4024699628353119
v 0.0175225343555212 -0.0107820034027100 0.4026467800140381
v 0.0173847917467356 -0.0107532218098640 0.4026033580303192
v 0.0170879792422056 -0.0109999999403954 0.4021198153495789
v 0.0170879792422056 -0.0109335407614708 0.4023693203926086
v 0.0170879792422056 -0.0108546577394009 0.4024728834629059
v 0.0170879792422056 -0.0107517726719379 0.4025526642799377
v 0.0176455434411764 -0.0108066089451313 0.4027119874954224
v 0.0177189540117979 -0.0109119825065136 0.4026275277137756
v 0.0176686588674784 -0.0108471810817719 0.4026853740215302
v 0.0171805378049612 -0.0109999999403954 0.3968418538570404
v 0.0173243228346109 -0.0109999999403954 0.3968236744403839
v 0.0174754764884710 -0.0109725818037987 0.3966143429279327
v 0.0174236577004194 -0.0108868330717087 0.3964695632457733
v 0.0172575060278177 -0.0108714625239372 0.3964952230453491
v 0.0175303984433413 -0.0109999999403954 0.3967685103416443
v 0.0175225343555212 -0.0107820034027100 0.3963183760643005
v 0.0176455434411764 -0.0108066089451313 0.3962531983852386
v 0.0175981316715479 -0.0106788203120232 0.3961986601352692
v 0.0172292012721300 -0.0105517432093620 0.3963344693183899
v 0.0172379445284605 -0.0107210390269756 0.3963828086853027
v 0.0174955707043409 -0.0106436051428318 0.3962574005126953
v 0.0174888577312231 -0.0106412954628468 0.3962605297565460
v 0.0173847917467356 -0.0107532218098640 0.3963618278503418
v 0.0173643510788679 -0.0105984099209309 0.3963062465190887
v 0.0173318330198526 -0.0105871893465519 0.3963148593902588
v 0.0179051216691732 -0.0109999999403954 0.3965518474578857
v 0.0177767034620047 -0.0109602175652981 0.3964041173458099
v 0.0177189540117979 -0.0109119825065136 0.3963376581668854
v 0.0176686588674784 -0.0108471810817719 0.3962798118591309
v 0.0178194027394056 -0.0107731111347675 0.3958787322044373
v 0.0178209636360407 -0.0107738189399242 0.3958469033241272
v 0.0177722144871950 -0.0107498951256275 0.3960182666778564
v 0.0178043227642775 -0.0107655115425587 0.3959479629993439
v 0.0178209636360407 -0.0107738189399242 0.3943420052528381
v 0.0167021136730909 -0.0112982727587223 0.3847083747386932
v 0.0164371114224195 -0.0113076940178871 0.3845406174659729
v 0.0156728867441416 -0.0113866589963436 0.3842064440250397
v 0.0183313619345427 -0.0114610865712166 0.3878214657306671
v 0.0182689186185598 -0.0114310495555401 0.3871363103389740
v 0.0181592721492052 -0.0113864839076996 0.3866917788982391
v 0.0178259257227182 -0.0113076157867908 0.3859292566776276
v 0.0176578257232904 -0.0112982727587223 0.3856641054153442
v 0.0176578257232904 -0.0112982727587223 0.3899813294410706
v 0.0178256761282682 -0.0113077051937580 0.3897162079811096
v 0.0182002577930689 -0.0114019587635994 0.3888126611709595
v 0.0126498071476817 -0.0113076008856297 0.3845404088497162
v 0.0123848831281066 -0.0112982727587223 0.3847083747386932
v 0.0151157444342971 -0.0114399045705795 0.3840781450271606
v 0.0145434988662601 -0.0114610865712166 0.3840348422527313
v 0.0134131601080298 -0.0113865509629250 0.3842067420482635
v 0.0112618869170547 -0.0112982727587223 0.3859280645847321
v 0.0111559992656112 -0.0112982727587223 0.3861246109008789
v 0.0107542192563415 -0.0112982727587223 0.3878227174282074
v 0.0107565848156810 -0.0112982727587223 0.3879566490650177
v 0.0112844398245215 -0.0112982727587223 0.3897559046745300
v 0.0126103153452277 -0.0112982727587223 0.3910817801952362
v 0.0144095523282886 -0.0112982727587223 0.3916096389293671
v 0.0145434988662601 -0.0112982727587223 0.3916119933128357
v 0.0162415895611048 -0.0112982727587223 0.3912101984024048
v 0.0164381396025419 -0.0112982727587223 0.3911043405532837
v 0.0167255755513906 -0.0111489370465279 0.3846745491027832
v 0.0176916737109423 -0.0111489370465279 0.3856406509876251
v 0.0167528446763754 -0.0110872052609921 0.3846352100372314
v 0.0177310165017843 -0.0110872052609921 0.3856133818626404
v 0.0167882461100817 -0.0110398754477501 0.3845841288566589
v 0.0177820939570665 -0.0110398754477501 0.3855779767036438
v 0.0168424751609564 -0.0110049769282341 0.3845058679580688
v 0.0178603325039148 -0.0110049769282341 0.3855237364768982
v 0.0168735217303038 -0.0109999999403954 0.3844611048698425
v 0.0179051216691732 -0.0109999999403954 0.3854926824569702
v 0.0176916737109423 -0.0111489370465279 0.4221007823944092
v 0.0176578257232904 -0.0112982727587223 0.4220773279666901
v 0.0167021136730909 -0.0112982727587223 0.4230330288410187
v 0.0167145784944296 -0.0111882388591766 0.4230510294437408
v 0.0167255755513906 -0.0111489370465279 0.4230668842792511
v 0.0177310165017843 -0.0110872052609921 0.4221280515193939
v 0.0167528446763754 -0.0110872052609921 0.4231062233448029
v 0.0167882461100817 -0.0110398754477501 0.4231573045253754
v 0.0168735217303038 -0.0109999999403954 0.4232803285121918
v 0.0179051216691732 -0.0109999999403954 0.4222487211227417
v 0.0168424751609564 -0.0110049769282341 0.4232355356216431
v 0.0178603325039148 -0.0110049769282341 0.4222176969051361
v 0.0177820939570665 -0.0110398754477501 0.4221634566783905
v 0.0164381396025419 -0.0112982727587223 0.4166370928287506
v 0.0162415895611048 -0.0112982727587223 0.4165312051773071
v 0.0176578257232904 -0.0112982727587223 0.4177601039409637
v 0.0178259257227182 -0.0113076157867908 0.4180252552032471
v 0.0181592721492052 -0.0113864839076996 0.4187877774238586
v 0.0182689186185598 -0.0114310495555401 0.4192323088645935
v 0.0164371933788061 -0.0113076008856297 0.4232009947299957
v 0.0178256761282682 -0.0113077051937580 0.4218122065067291
v 0.0182002577930689 -0.0114019587635994 0.4209086596965790
v 0.0183313619345427 -0.0114610865712166 0.4199174642562866
v 0.0145434988662601 -0.0114610865712166 0.4237065613269806
v 0.0156738404184580 -0.0113865509629250 0.4235346615314484
v 0.0134141137823462 -0.0113866589963436 0.4235349595546722
v 0.0139712532982230 -0.0114399045705795 0.4236632883548737
v 0.0123848831281066 -0.0112982727587223 0.4230330288410187
v 0.0126498891040683 -0.0113076940178871 0.4232008159160614
v 0.0145434988662601 -0.0112982727587223 0.4161294400691986
v 0.0144095523282886 -0.0112982727587223 0.4161317944526672
v 0.0126103153452277 -0.0112982727587223 0.4166596531867981
v 0.0112844398245215 -0.0112982727587223 0.4179855287075043
v 0.0107565848156810 -0.0112982727587223 0.4197847545146942
v 0.0107542192563415 -0.0112982727587223 0.4199187159538269
v 0.0111559992656112 -0.0112982727587223 0.4216167926788330
v 0.0112618869170547 -0.0112982727587223 0.4218133687973022
v -0.0479134060442448 -0.0108495503664017 0.3989503681659698
v -0.0455418601632118 -0.0108495503664017 0.3965788185596466
v -0.0446738116443157 -0.0108495503664017 0.3933392167091370
v -0.0455418601632118 -0.0108495503664017 0.3900996148586273
v -0.0479134060442448 -0.0108495503664017 0.3877280652523041
v -0.0511530004441738 -0.0108495503664017 0.3868600130081177
v -0.0543925948441029 -0.0108495503664017 0.3877280652523041
v -0.0567641407251358 -0.0108495503664017 0.3900996148586273
v -0.0576321855187416 -0.0108495503664017 0.3933392167091370
v -0.0567641407251358 -0.0108495503664017 0.3965788185596466
v -0.0543925948441029 -0.0108495503664017 0.3989503681659698
v -0.0511530004441738 -0.0108495503664017 0.3998183906078339
v -0.0479684732854366 -0.0109596885740757 0.3988549709320068
v -0.0456372424960136 -0.0109596885740757 0.3965237438678741
v -0.0447839498519897 -0.0109596885740757 0.3933392167091370
v -0.0456372424960136 -0.0109596885740757 0.3901546895503998
v -0.0479684732854366 -0.0109596885740757 0.3878234624862671
v -0.0511530004441738 -0.0109596885740757 0.3869701623916626
v -0.0543375238776207 -0.0109596885740757 0.3878234624862671
v -0.0566687583923340 -0.0109596885740757 0.3901546895503998
v -0.0575220510363579 -0.0109596885740757 0.3933392167091370
v -0.0566687583923340 -0.0109596885740757 0.3965237438678741
v -0.0543375238776207 -0.0109596885740757 0.3988549709320068
v -0.0511530004441738 -0.0109596885740757 0.3997082710266113
v -0.0480437017977238 -0.0109999999403954 0.3987246751785278
v -0.0457675345242023 -0.0109999999403954 0.3964485228061676
v -0.0449343994259834 -0.0109999999403954 0.3933392167091370
v -0.0457675345242023 -0.0109999999403954 0.3902299106121063
v -0.0480437017977238 -0.0109999999403954 0.3879537582397461
v -0.0511530004441738 -0.0109999999403954 0.3871206045150757
v -0.0542622990906239 -0.0109999999403954 0.3879537582397461
v -0.0565384663641453 -0.0109999999403954 0.3902299106121063
v -0.0573716014623642 -0.0109999999403954 0.3933392167091370
v -0.0565384663641453 -0.0109999999403954 0.3964485228061676
v -0.0542622990906239 -0.0109999999403954 0.3987246751785278
v -0.0511530004441738 -0.0109999999403954 0.3995577991008759
v 0.0177704375237226 -0.0110485404729843 0.3900593817234039
v 0.0177318621426821 -0.0110861919820309 0.3900326490402222
v 0.0162819568067789 -0.0110861919820309 0.3912907540798187
v 0.0122445216402411 -0.0110049769282341 0.3845058679580688
v 0.0122134787961841 -0.0109999999403954 0.3844611048698425
v 0.0117580732330680 -0.0109999999403954 0.3848276138305664
v 0.0164651442319155 -0.0109999999403954 0.3914333283901215
v 0.0179051216691732 -0.0109999999403954 0.3901527225971222
v 0.0178603325039148 -0.0110049769282341 0.3901216983795166
v 0.0145434988662601 -0.0109999999403954 0.3919128775596619
v 0.0151698468253016 -0.0109999999403954 0.3918646275997162
v 0.0163259934633970 -0.0110218375921249 0.3913785815238953
v 0.0154661489650607 -0.0109999999403954 0.3918074667453766
v 0.0144028952345252 -0.0110218375921249 0.3917978703975677
v 0.0125142252072692 -0.0110218375921249 0.3912437558174133
v 0.0126720173284411 -0.0109999999403954 0.3914595842361450
v 0.0111964745447040 -0.0109999999403954 0.3901736438274384
v 0.0111224455758929 -0.0110218375921249 0.3898519873619080
v 0.0104877343401313 -0.0109999999403954 0.3883521258831024
v 0.0105683533474803 -0.0110218375921249 0.3879633247852325
v 0.0106751462444663 -0.0109999999403954 0.3864941298961639
v 0.0109876198694110 -0.0110218375921249 0.3860402107238770
v 0.0122775873169303 -0.0110218375921249 0.3845535814762115
v 0.0176774989813566 -0.0111832693219185 0.3899949491024017
v 0.0162523146718740 -0.0111832693219185 0.3912315964698792
v 0.0144087066873908 -0.0111832693219185 0.3916335403919220
v 0.0125981075689197 -0.0111832693219185 0.3911023437976837
v 0.0112638575956225 -0.0111832693219185 0.3897680938243866
v 0.0107326647266746 -0.0111832693219185 0.3879575133323669
v 0.0111346049234271 -0.0111832693219185 0.3861139118671417
v 0.0123712485656142 -0.0111832693219185 0.3846887052059174
v 0.0144063709303737 -0.0110861919820309 0.3916996419429779
v 0.0125643601641059 -0.0110861919820309 0.3911592364311218
v 0.0112069686874747 -0.0110861919820309 0.3898018598556519
v 0.0106665631756186 -0.0110861919820309 0.3879598379135132
v 0.0110754733905196 -0.0110861919820309 0.3860842585563660
v 0.0123335709795356 -0.0110861919820309 0.3846343457698822
v 0.0178126301616430 -0.0110218375921249 0.3900886178016663
v 0.0173749942332506 -0.0109999999403954 0.3938407003879547
v 0.0174216572195292 -0.0109999999403954 0.3938423395156860
v 0.0177930723875761 -0.0107883960008621 0.3941672444343567
v 0.0177621487528086 -0.0108055956661701 0.3940919041633606
v 0.0177056808024645 -0.0108374245464802 0.3940033316612244
v 0.0176032651215792 -0.0108957253396511 0.3939084410667419
v -0.0173750109970570 -0.0109999999403954 0.3938407003879547
v -0.0180681180208921 -0.0109999999403954 0.3941704034805298
v -0.0179736595600843 -0.0109634846448898 0.3941552042961121
v -0.0179240666329861 -0.0109999999403954 0.3940500915050507
v -0.0178616400808096 -0.0108775720000267 0.3941564559936523
v -0.0178571473807096 -0.0109999999403954 0.3940026760101318
v -0.0177826732397079 -0.0109553150832653 0.3939869105815887
v -0.0177124943584204 -0.0109999999403954 0.3939206302165985
v -0.0178871173411608 -0.0108536183834076 0.3943403959274292
v -0.0179917085915804 -0.0109335966408253 0.3943390250205994
v -0.0181135870516300 -0.0109834223985672 0.3943381309509277
v -0.0180969592183828 -0.0109999999403954 0.3941971957683563
v -0.0182410944253206 -0.0109999999403954 0.3943378627300262
v -0.0176137592643499 -0.0109999999403954 0.3938809335231781
v -0.0179120805114508 -0.0108769871294498 0.3958466947078705
v -0.0182410944253206 -0.0109999999403954 0.3958466947078705
v -0.0180778205394745 -0.0109726786613464 0.3958466947078705
v -0.0178228188306093 -0.0108409486711025 0.3960712850093842
v -0.0172371733933687 -0.0107219256460667 0.3963836431503296
v -0.0170879829674959 -0.0106873773038387 0.3963807821273804
v -0.0182314347475767 -0.0109999999403954 0.3959751427173615
v -0.0180636309087276 -0.0109999999403954 0.3963794708251953
v -0.0178102571517229 -0.0109792761504650 0.3964452743530273
v -0.0177029017359018 -0.0109999999403954 0.3966917693614960
v -0.0174754615873098 -0.0109735801815987 0.3966182172298431
v -0.0170879829674959 -0.0109999999403954 0.3968453407287598
v -0.0170879829674959 -0.0109335407614708 0.3965958654880524
v -0.0170879829674959 -0.0108564049005508 0.3964940607547760
v -0.0176448784768581 -0.0108071267604828 0.3962543010711670
v -0.0175221078097820 -0.0107826702296734 0.3963194489479065
v -0.0173840913921595 -0.0107540078461170 0.3963631689548492
v -0.0174231510609388 -0.0108881406486034 0.3964721858501434
v -0.0172567386180162 -0.0108729526400566 0.3964973390102386
v -0.0177187956869602 -0.0109129436314106 0.3963396549224854
v -0.0179205927997828 -0.0109285302460194 0.3961179852485657
v -0.0170879829674959 -0.0107517726719379 0.3964125216007233
v -0.0170879829674959 -0.0109999999403954 0.4021198153495789
v -0.0170879829674959 -0.0109335407614708 0.4023693203926086
v -0.0170879829674959 -0.0105942003428936 0.4026120901107788
v -0.0170879829674959 -0.0108564496040344 0.4024710655212402
v -0.0170879829674959 -0.0107517726719379 0.4025526642799377
v -0.0170879829674959 -0.0106874071061611 0.4025843739509583
v -0.0179178696125746 -0.0108819939196110 0.4031102359294891
v -0.0178853943943977 -0.0108520835638046 0.4031107425689697
v -0.0178196858614683 -0.0108403861522675 0.4028886258602142
v -0.0173692777752876 -0.0106762647628784 0.4026364386081696
v -0.0174204446375370 -0.0108879357576370 0.4024922847747803
v -0.0181499272584915 -0.0109999999403954 0.4027287662029266
v -0.0182409938424826 -0.0109999999403954 0.4031053483486176
v -0.0181157961487770 -0.0109841190278530 0.4031072556972504
v -0.0178333185613155 -0.0109999999403954 0.4023560285568237
v -0.0173589624464512 -0.0109999999403954 0.4021477699279785
v -0.0174723807722330 -0.0109735503792763 0.4023459553718567
v -0.0178054645657539 -0.0109792202711105 0.4025160372257233
v -0.0177145209163427 -0.0109126307070255 0.4026224315166473
v -0.0179170574992895 -0.0109282881021500 0.4028408229351044
v -0.0176410954445601 -0.0108064040541649 0.4027083516120911
v -0.0179902836680412 -0.0109328180551529 0.4031091332435608
v -0.0176139678806067 -0.0107434652745724 0.4027400910854340
v -0.0173989143222570 -0.0108253695070744 0.4025529325008392
v -0.0173816960304976 -0.0107535235583782 0.4026014506816864
v -0.0179903432726860 -0.0109328106045723 0.4031184911727905
v -0.0182410944253206 -0.0109999999403954 0.4031184911727905
v -0.0179903432726860 -0.0109328106045723 0.4046229422092438
v -0.0180705580860376 -0.0109701156616211 0.4046229422092438
v -0.0182410944253206 -0.0109999999403954 0.4046229422092438
v -0.0178853794932365 -0.0108520686626434 0.4046306908130646
v -0.0179902836680412 -0.0109328180551529 0.4046322703361511
v -0.0181157346814871 -0.0109841004014015 0.4046341776847839
v -0.0182409938424826 -0.0109999999403954 0.4046360850334167
v -0.0172359254211187 -0.0107216462492943 0.4051599800586700
v -0.0170879829674959 -0.0106873773038387 0.4051570296287537
v -0.0173816904425621 -0.0107534974813461 0.4051399528980255
v -0.0182295553386211 -0.0109999999403954 0.4047634303569794
v -0.0180556401610374 -0.0109999999403954 0.4051665663719177
v -0.0178054198622704 -0.0109791979193687 0.4052253365516663
v -0.0177026633173227 -0.0109999999403954 0.4054681658744812
v -0.0174723546952009 -0.0109735243022442 0.4053953886032104
v -0.0170879829674959 -0.0109999999403954 0.4056216180324554
v -0.0170879829674959 -0.0109335407614708 0.4053721129894257
v -0.0170879829674959 -0.0108564049005508 0.4052703082561493
v -0.0176410842686892 -0.0108063854277134 0.4050330519676208
v -0.0175188090652227 -0.0107819996774197 0.4050970673561096
v -0.0174204297363758 -0.0108878985047340 0.4052490890026093
v -0.0172553248703480 -0.0108728185296059 0.4052736759185791
v -0.0177144929766655 -0.0109126009047031 0.4051189422607422
v -0.0179170221090317 -0.0109282657504082 0.4049005806446075
v -0.0178196728229523 -0.0108403675258160 0.4048527777194977
v -0.0170879829674959 -0.0107517726719379 0.4051887691020966
v -0.0170879829674959 -0.0109999999403954 0.4108960628509521
v -0.0170879829674959 -0.0109335407614708 0.4111455678939819
v -0.0170879829674959 -0.0108564496040344 0.4112473130226135
v -0.0170879829674959 -0.0107517726719379 0.4113289117813110
v -0.0170879829674959 -0.0105942003428936 0.4113883674144745
v -0.0170879829674959 -0.0106874071061611 0.4113606214523315
v -0.0173692777752876 -0.0106762647628784 0.4114126861095428
v -0.0174204446375370 -0.0108879357576370 0.4112685322761536
v -0.0181499272584915 -0.0109999999403954 0.4115050137042999
v -0.0182409938424826 -0.0109999999403954 0.4118815958499908
v -0.0181157961487770 -0.0109841190278530 0.4118835031986237
v -0.0178333185613155 -0.0109999999403954 0.4111322760581970
v -0.0173589624464512 -0.0109999999403954 0.4109240174293518
v -0.0174723807722330 -0.0109735503792763 0.4111222028732300
v -0.0178054645657539 -0.0109792202711105 0.4112922847270966
v -0.0177145209163427 -0.0109126307070255 0.4113987088203430
v -0.0179170574992895 -0.0109282881021500 0.4116170704364777
v -0.0176410954445601 -0.0108064040541649 0.4114845991134644
v -0.0176139678806067 -0.0107434652745724 0.4115163385868073
v -0.0178196858614683 -0.0108403861522675 0.4116648733615875
v -0.0173989143222570 -0.0108253695070744 0.4113291800022125
v -0.0173816960304976 -0.0107535235583782 0.4113776981830597
v -0.0179902836680412 -0.0109328180551529 0.4118853807449341
v -0.0178853943943977 -0.0108520835638046 0.4118869900703430
v -0.0182410944253206 -0.0109999999403954 0.4118947386741638
v -0.0180778205394745 -0.0109726786613464 0.4118947386741638
v -0.0179120805114508 -0.0108769871294498 0.4118947386741638
v -0.0182410944253206 -0.0109999999403954 0.4134035706520081
v -0.0178871173411608 -0.0108536183834076 0.4134010076522827
v -0.0179917085915804 -0.0109335966408253 0.4134024083614349
v -0.0181135870516300 -0.0109834223985672 0.4134032726287842
v -0.0173750128597021 -0.0109999999403954 0.4139007031917572
v -0.0176084954291582 -0.0109999999403954 0.4138621985912323
v -0.0177332647144794 -0.0109999999403954 0.4138107001781464
v -0.0177369192242622 -0.0109999999403954 0.4138088822364807
v -0.0178410094231367 -0.0109999999403954 0.4137493371963501
v -0.0177826732397079 -0.0109553150832653 0.4137545228004456
v -0.0179398264735937 -0.0109999999403954 0.4136793911457062
v -0.0178616400808096 -0.0108775720000267 0.4135849773883820
v -0.0179736595600843 -0.0109634846448898 0.4135862290859222
v -0.0180571414530277 -0.0109999999403954 0.4135810434818268
v -0.0181068535894156 -0.0109999999403954 0.4135354757308960
v -0.0181358456611633 -0.0109999999403954 0.4135079681873322
v 0.0173749942332506 -0.0109999999403954 0.4139007031917572
v 0.0123068308457732 -0.0110485404729843 0.4231456518173218
v 0.0123335560783744 -0.0110861659049988 0.4231070876121521
v 0.0110754510387778 -0.0110861659049988 0.4216571748256683
v 0.0109231611713767 -0.0109999999403954 0.4218220412731171
v 0.0122134787961841 -0.0109999999403954 0.4232803285121918
v 0.0122445216402411 -0.0110049769282341 0.4232355356216431
v 0.0111224045976996 -0.0110218189656734 0.4178894162178040
v 0.0104533089324832 -0.0109999999403954 0.4199155271053314
v 0.0105683049187064 -0.0110218189656734 0.4197781085968018
v 0.0109875751659274 -0.0110218189656734 0.4217012226581573
v 0.0178126711398363 -0.0110218189656734 0.4176527857780457
v 0.0178603325039148 -0.0110049769282341 0.4176197350025177
v 0.0163260158151388 -0.0110218189656734 0.4163627922534943
v 0.0179051216691732 -0.0109999999403954 0.4175886809825897
v 0.0174906458705664 -0.0109999999403954 0.4170825481414795
v 0.0157840196043253 -0.0109999999403954 0.4160212278366089
v 0.0144028952345252 -0.0110218189656734 0.4159435033798218
v 0.0139960451051593 -0.0109999999403954 0.4158653616905212
v 0.0125141991302371 -0.0110218189656734 0.4164976179599762
v 0.0121979592368007 -0.0109999999403954 0.4165678918361664
v 0.0109082525596023 -0.0109999999403954 0.4180440008640289
v 0.0123712448403239 -0.0111832544207573 0.4230527281761169
v 0.0111345974728465 -0.0111832544207573 0.4216275215148926
v 0.0107326610013843 -0.0111832544207573 0.4197839200496674
v 0.0112638501450419 -0.0111832544207573 0.4179733097553253
v 0.0125981038436294 -0.0111832544207573 0.4166390597820282
v 0.0144087066873908 -0.0111832544207573 0.4161078631877899
v 0.0162523183971643 -0.0111832544207573 0.4165098071098328
v 0.0176775027066469 -0.0111832544207573 0.4177464544773102
v 0.0106665370985866 -0.0110861659049988 0.4197815954685211
v 0.0112069463357329 -0.0110861659049988 0.4179395735263824
v 0.0125643489882350 -0.0110861659049988 0.4165821671485901
v 0.0144063672050834 -0.0110861659049988 0.4160417616367340
v 0.0162819679826498 -0.0110861659049988 0.4164506494998932
v 0.0177310165017843 -0.0110872052609921 0.4177093803882599
v 0.0122775612398982 -0.0110218189656734 0.4231878817081451
v -0.0607455857098103 -0.0110218413174152 0.4075259864330292
v -0.0607068352401257 -0.0110861957073212 0.4003057479858398
v -0.0606807507574558 -0.0111832693219185 0.4073748886585236
v -0.0588392987847328 -0.0111832693219185 0.4076689481735229
v -0.0609549768269062 -0.0109999999403954 0.4001872241497040
v -0.0607455857098103 -0.0110218413174152 0.4002154469490051
v -0.0601132214069366 -0.0109999999403954 0.3998891413211823
v -0.0588247403502464 -0.0110218413174152 0.3999087214469910
v -0.0595402456820011 -0.0109999999403954 0.3997967243194580
v -0.0562848225235939 -0.0109999999403954 0.4067628979682922
v -0.0570009686052799 -0.0110218413174152 0.4072003364562988
v -0.0570138357579708 -0.0110218413174152 0.4072087109088898
v -0.0571972765028477 -0.0110218413174152 0.4073206782341003
v -0.0573047325015068 -0.0110218413174152 0.4073801338672638
v -0.0579806677997112 -0.0109999999403954 0.4077820181846619
v -0.0588247403502464 -0.0110218413174152 0.4078327119350433
v -0.0591770000755787 -0.0109999999403954 0.4079608917236328
v -0.0621407814323902 -0.0109999999403954 0.4066894352436066
v -0.0617119893431664 -0.0109999999403954 0.4070805609226227
v -0.0609549768269062 -0.0109999999403954 0.4075542092323303
v -0.0606807507574558 -0.0111832693219185 0.4003665149211884
v -0.0588392987847328 -0.0111832693219185 0.4000724852085114
v -0.0570786111056805 -0.0111832693219185 0.4006868004798889
v -0.0558197535574436 -0.0111832693219185 0.4020625352859497
v -0.0570786111056805 -0.0111832693219185 0.4070546329021454
v -0.0558197535574436 -0.0111832693219185 0.4056788980960846
v -0.0553637854754925 -0.0111832693219185 0.4038707017898560
v -0.0588334426283836 -0.0110861957073212 0.4000065922737122
v -0.0570422112941742 -0.0110861957073212 0.4006315767765045
v -0.0557615198194981 -0.0110861957073212 0.4020311832427979
v -0.0552976429462433 -0.0110861957073212 0.4038707017898560
v -0.0557615198194981 -0.0110861957073212 0.4057102501392365
v -0.0570422112941742 -0.0110861957073212 0.4071098566055298
v -0.0588334426283836 -0.0110861957073212 0.4077348411083221
v -0.0607068352401257 -0.0110861957073212 0.4074356853961945
v -0.0569881349802017 -0.0110218413174152 0.4005495011806488
v -0.0556749999523163 -0.0110218413174152 0.4019845724105835
v -0.0551993735134602 -0.0110218413174152 0.4038707017898560
v -0.0556749999523163 -0.0110218413174152 0.4057568609714508
v -0.0569881349802017 -0.0110218413174152 0.4071919023990631
v -0.0570917129516602 -0.0110218413174152 0.4072579145431519
v -0.0570396706461906 -0.0110218413174152 0.4072253108024597
v -0.0578666627407074 -0.0110218413174152 0.4076263010501862
v -0.0574139691889286 -0.0110218413174152 0.4074362814426422
v -0.0553146153688431 -0.0109999999403954 0.4052166342735291
v -0.0551301203668118 -0.0109999999403954 0.4032773375511169
v -0.0558370165526867 -0.0109999999403954 0.4015097916126251
v -0.0573201738297939 -0.0109999999403954 0.4002262949943542
v -0.0591770000755787 -0.0109999999403954 0.3997805416584015
v 0.0174216572195292 -0.0109999999403954 0.4138990938663483
v 0.0178209636360407 -0.0107738189399242 0.4133993983268738
v 0.0177930723875761 -0.0107883960008621 0.4135741889476776
v 0.0177621487528086 -0.0108055956661701 0.4136495292186737
v 0.0177056808024645 -0.0108374245464802 0.4137380719184875
v 0.0176032651215792 -0.0108957253396511 0.4138329625129700
v 0.0156690496951342 -0.0112592838704586 0.3841739892959595
v 0.0157619509845972 -0.0111040584743023 0.3838233947753906
v 0.0152314705774188 -0.0111608766019344 0.3836739659309387
v 0.0145421614870429 -0.0111915431916714 0.3836056590080261
v 0.0145422322675586 -0.0111752785742283 0.3838196694850922
v 0.0145422508940101 -0.0112088955938816 0.3838939964771271
v 0.0151201663538814 -0.0111910924315453 0.3839408159255981
v 0.0157219339162111 -0.0110925436019897 0.3839481472969055
v 0.0151144294068217 -0.0112431496381760 0.3840011656284332
v 0.0145422657951713 -0.0112612321972847 0.3839565515518188
v 0.0151120154187083 -0.0113068148493767 0.3840447068214417
v 0.0145422695204616 -0.0113258436322212 0.3840014338493347
v 0.0145422657951713 -0.0113947577774525 0.3840268552303314
v 0.0157026518136263 -0.0111108124256134 0.3840162158012390
v 0.0156864393502474 -0.0111468508839607 0.3840804100036621
v 0.0162366237491369 -0.0110995210707188 0.3843131363391876
v 0.0162086989730597 -0.0112072192132473 0.3843901157379150
v 0.0145422099158168 -0.0111629180610180 0.3837419748306274
v 0.0134163787588477 -0.0113238021731377 0.3841981589794159
v 0.0136683760210872 -0.0111432000994682 0.3837166726589203
v 0.0133424466475844 -0.0110910944640636 0.3838831484317780
v 0.0133628277108073 -0.0110923200845718 0.3839489221572876
v 0.0133821358904243 -0.0111106075346470 0.3840169906616211
v 0.0133983744308352 -0.0111466534435749 0.3840811252593994
v 0.0134098706766963 -0.0111979059875011 0.3841351568698883
v 0.0134158050641418 -0.0112590715289116 0.3841746747493744
v -0.0518308766186237 -0.0511200018227100 0.3838106989860535
v -0.0298029631376266 -0.0510940439999104 0.3850240111351013
v -0.0349213033914566 -0.0510913394391537 0.3825334906578064
v -0.0349142327904701 -0.0510589554905891 0.3825125396251678
v -0.0298193544149399 -0.0511127747595310 0.3850490748882294
v -0.0322967655956745 -0.0511127747595310 0.3836446404457092
v -0.0349437631666660 -0.0511200018227100 0.3826000094413757
v -0.0349318049848080 -0.0511127747595310 0.3825645744800568
v -0.0254990328103304 -0.0510984510183334 0.3886929452419281
v -0.0210646465420723 -0.0511127747595310 0.3959886431694031
v -0.0202054195106030 -0.0510913394391537 0.3987061083316803
v -0.0206078290939331 -0.0511127747595310 0.3973380327224731
v -0.0202373694628477 -0.0511127747595310 0.3987136483192444
v -0.0201761256903410 -0.0510205738246441 0.3986992239952087
v -0.0201839096844196 -0.0510589554905891 0.3987010419368744
v -0.0221810881048441 -0.0510589554905891 0.3933644592761993
v -0.0221948549151421 -0.0511000454425812 0.3934076130390167
v -0.0222031828016043 -0.0510940439999104 0.3933761119842529
v -0.0254525560885668 -0.0510589554905891 0.3886991143226624
v -0.0282727796584368 -0.0510205738246441 0.3860766291618347
v -0.0254466403275728 -0.0510205738246441 0.3886937499046326
v -0.0231067035347223 -0.0510205738246441 0.3917542994022369
v -0.0221740119159222 -0.0510205738246441 0.3933607339859009
v -0.0297849196940660 -0.0510205738246441 0.3849964141845703
v -0.0297892969101667 -0.0510589554905891 0.3850031197071075
v -0.0254689007997513 -0.0510913394391537 0.3887140154838562
v -0.0237137936055660 -0.0511127747595310 0.3909595608711243
v -0.0349116772413254 -0.0510205738246441 0.3825049698352814
v -0.0198927931487560 -0.0494127571582794 0.3992677330970764
v -0.0199671182781458 -0.0494126230478287 0.3991611003875732
v -0.0199485104531050 -0.0493018217384815 0.3991492688655853
v -0.0198045521974564 -0.0491341575980186 0.3990578055381775
v -0.0196919795125723 -0.0491140000522137 0.3990319371223450
v -0.0192622561007738 -0.0491140000522137 0.3994171321392059
v -0.0201617535203695 -0.0494122728705406 0.3986990153789520
v -0.0201427470892668 -0.0493082441389561 0.3986945450305939
v -0.0198911577463150 -0.0492002703249454 0.3991128206253052
v -0.0200740788131952 -0.0492001995444298 0.3986783623695374
v -0.0199676752090454 -0.0491316355764866 0.3986533284187317
v -0.0198688749223948 -0.0491140000522137 0.3986300528049469
v -0.0195119306445122 -0.0491342023015022 0.3993826508522034
v -0.0195757001638412 -0.0492004789412022 0.3994631767272949
v -0.0196178685873747 -0.0493022538721561 0.3995164036750793
v -0.0196314509958029 -0.0494132265448570 0.3995335698127747
v -0.0191849134862423 -0.0493028238415718 0.3997545838356018
v -0.0191920325160027 -0.0494140125811100 0.3997750282287598
v -0.0193125009536743 -0.0494137965142727 0.3997272551059723
v -0.0191287845373154 -0.0491342656314373 0.3995933830738068
v -0.0191625971347094 -0.0492007546126842 0.3996905088424683
v -0.0186972636729479 -0.0494148992002010 0.3998587131500244
v -0.0186972636729479 -0.0493034645915031 0.3998373150825500
v -0.0186972636729479 -0.0492644496262074 0.3998183906078339
v -0.0186972636729479 -0.0491543114185333 0.3997082710266113
v -0.0186972636729479 -0.0491140000522137 0.3995577991008759
v -0.0187116507440805 -0.0510196983814240 0.3998587131500244
v -0.0192059930413961 -0.0510199964046478 0.3997751772403717
v -0.0193269047886133 -0.0510200671851635 0.3997272551059723
v -0.0196454506367445 -0.0510202571749687 0.3995338678359985
v -0.0199072025716305 -0.0510204136371613 0.3992677330970764
v -0.0199812278151512 -0.0510204583406448 0.3991615772247314
v -0.0185529328882694 -0.0494148992002010 0.3998587131500244
v -0.0185529328882694 -0.0493041388690472 0.3998375833034515
v -0.0185529328882694 -0.0492644496262074 0.3998183906078339
v -0.0185529328882694 -0.0492021329700947 0.3997705876827240
v -0.0185529328882694 -0.0491140000522137 0.3995577991008759
v -0.0185529328882694 -0.0491543114185333 0.3997082710266113
v -0.0185389276593924 -0.0511200018227100 0.3999590277671814
v -0.0187116507440805 -0.0511200018227100 0.3999590277671814
v -0.0187116507440805 -0.0511065609753132 0.3999088704586029
v -0.0185389276593924 -0.0510196983814240 0.3998587131500244
v -0.0187116507440805 -0.0510568432509899 0.3998658359050751
v -0.0185389276593924 -0.0510566197335720 0.3998657464981079
v -0.0187116507440805 -0.0510698482394218 0.3998721539974213
v -0.0185389276593924 -0.0510698482394218 0.3998721539974213
v -0.0187116507440805 -0.0510909743607044 0.3998884558677673
v -0.0185389276593924 -0.0510906241834164 0.3998880982398987
v -0.0185389276593924 -0.0511065609753132 0.3999088704586029
v -0.0192157961428165 -0.0510910786688328 0.3998033702373505
v -0.0192083641886711 -0.0510570555925369 0.3997820019721985
v -0.0197076909244061 -0.0511200018227100 0.3996125161647797
v -0.0200353972613811 -0.0511132776737213 0.3991960287094116
v -0.0191111136227846 -0.0511200018227100 0.3999086022377014
v -0.0194589961320162 -0.0511200018227100 0.3997745513916016
v -0.0192270558327436 -0.0511132441461086 0.3998357355594635
v -0.0188679099082947 -0.0511200018227100 0.3999514579772949
v -0.0199874285608530 -0.0510573908686638 0.3991655111312866
v -0.0200065393000841 -0.0510912388563156 0.3991776704788208
v -0.0196499768644571 -0.0510572455823421 0.3995395898818970
v -0.0196640249341726 -0.0510911718010902 0.3995573520660400
v -0.0195585004985332 -0.0511200018227100 0.4038707017898560
v -0.0199072062969208 -0.0510204136371613 0.4084736704826355
v -0.0199814513325691 -0.0510204583406448 0.4085801839828491
v -0.0199876539409161 -0.0510573945939541 0.4085762500762939
v -0.0193269010633230 -0.0510200671851635 0.4080141782760620
v -0.0196457803249359 -0.0510202571749687 0.4082078039646149
v -0.0196503065526485 -0.0510572493076324 0.4082020819187164
v -0.0199396200478077 -0.0511200018227100 0.4083537459373474
v -0.0197660345584154 -0.0511200018227100 0.4081773161888123
v -0.0196856185793877 -0.0511132664978504 0.4081574976444244
v -0.0187116507440805 -0.0510196983814240 0.4078827202320099
v -0.0192063879221678 -0.0510199964046478 0.4079663753509521
v -0.0187116507440805 -0.0510568469762802 0.4078755676746368
v -0.0192087609320879 -0.0510570593178272 0.4079595506191254
v -0.0187116507440805 -0.0510698482394218 0.4078692793846130
v -0.0192161984741688 -0.0510910823941231 0.4079381823539734
v -0.0187116507440805 -0.0511065609753132 0.4078325629234314
v -0.0192393660545349 -0.0511200018227100 0.4078716635704041
v -0.0187116507440805 -0.0511200018227100 0.4077824056148529
v -0.0194587949663401 -0.0511200018227100 0.4079667627811432
v -0.0196643620729446 -0.0510911755263805 0.4081843495368958
v -0.0200067721307278 -0.0510912425816059 0.4085640907287598
v -0.0200356394052505 -0.0511132813990116 0.4085457623004913
v -0.0202372409403324 -0.0511127226054668 0.4090278148651123
v -0.0202053543180227 -0.0510912723839283 0.4090353250503540
v -0.0201838910579681 -0.0510589107871056 0.4090403616428375
v -0.0201761256903410 -0.0510205738246441 0.4090422093868256
v -0.0185389276593924 -0.0510196983814240 0.4078827202320099
v -0.0185389276593924 -0.0510566197335720 0.4078756570816040
v -0.0185389276593924 -0.0510698482394218 0.4078692793846130
v -0.0185389276593924 -0.0510906241834164 0.4078533351421356
v -0.0185389276593924 -0.0511065609753132 0.4078325629234314
v -0.0185389276593924 -0.0511200018227100 0.4077824056148529
v -0.0518308728933334 -0.0511200018227100 0.4239307045936584
v -0.0521874204277992 -0.0511200018227100 0.4237542748451233
v -0.0556414835155010 -0.0511200018227100 0.4215885102748871
v -0.0572106540203094 -0.0511200018227100 0.4202731847763062
v -0.0586524754762650 -0.0511200018227100 0.4188194274902344
v -0.0611065663397312 -0.0511200018227100 0.4155465960502625
v -0.0620981119573116 -0.0511200018227100 0.4137551784515381
v -0.0629210546612740 -0.0511200018227100 0.4118803143501282
v -0.0640347898006439 -0.0511200018227100 0.4079441428184509
v -0.0643161907792091 -0.0511200018227100 0.4059160649776459
v -0.0644102543592453 -0.0511200018227100 0.4038707017898560
v -0.0599547773599625 -0.0511200018227100 0.3905019760131836
v -0.0586524754762650 -0.0511200018227100 0.3889220058917999
v -0.0640347898006439 -0.0511200018227100 0.3997972607612610
v -0.0635684356093407 -0.0511200018227100 0.3978035748004913
v -0.0629210546612740 -0.0511200018227100 0.3958610892295837
v -0.0611065663397312 -0.0511200018227100 0.3921948373317719
v -0.0556414835155010 -0.0511200018227100 0.3861529231071472
v -0.0539640858769417 -0.0511200018227100 0.3849908709526062
v -0.0521874204277992 -0.0511200018227100 0.3839871585369110
v 0.0134179508313537 -0.0112592838704586 0.4235674440860748
v 0.0133650666102767 -0.0110925436019897 0.4237932860851288
v 0.0133250495418906 -0.0111040584743023 0.4239180386066437
v 0.0138555271551013 -0.0111608766019344 0.4240674674510956
v 0.0145448399707675 -0.0111915431916714 0.4241357743740082
v 0.0154186254367232 -0.0111432000994682 0.4240247607231140
v 0.0157445538789034 -0.0110910944640636 0.4238582551479340
v 0.0157241728156805 -0.0110923200845718 0.4237924814224243
v 0.0157048646360636 -0.0111106075346470 0.4237244427204132
v 0.0145447654649615 -0.0111752785742283 0.4239217340946198
v 0.0145447468385100 -0.0112088955938816 0.4238474369049072
v 0.0139668313786387 -0.0111910924315453 0.4238006174564362
v 0.0139725720509887 -0.0112431496381760 0.4237402677536011
v 0.0145447356626391 -0.0112612321972847 0.4237848818302155
v 0.0139749823138118 -0.0113068148493767 0.4236966967582703
v 0.0145447319373488 -0.0113258436322212 0.4237399995326996
v 0.0145447319373488 -0.0113947577774525 0.4237145781517029
v 0.0133843449875712 -0.0111108124256134 0.4237252175807953
v 0.0134005574509501 -0.0111468508839607 0.4236610233783722
v 0.0128503767773509 -0.0110995210707188 0.4234282970428467
v 0.0128783015534282 -0.0112072192132473 0.4233513176441193
v 0.0145447915419936 -0.0111629180610180 0.4239994287490845
v 0.0156886223703623 -0.0111466534435749 0.4236603081226349
v 0.0156771261245012 -0.0111979059875011 0.4236062765121460
v 0.0156711917370558 -0.0112590715289116 0.4235667586326599
v 0.0156706180423498 -0.0113238021731377 0.4235432446002960
v -0.0486240647733212 -0.0113541372120380 0.3833229541778564
v -0.0486661680042744 -0.0115809291601181 0.3830492794513702
v -0.0514055006206036 -0.0115747340023518 0.3841242492198944
v -0.0487212762236595 -0.0120669826865196 0.3826884329319000
v -0.0484842136502266 -0.0110146366059780 0.3842192292213440
v -0.0485545396804810 -0.0111224539577961 0.3837709426879883
v -0.0510955862700939 -0.0111176371574402 0.3847837448120117
v -0.0623773261904716 -0.0111176371574402 0.3979843258857727
v -0.0484459437429905 -0.0109999999403954 0.3844611048698425
v -0.0560665801167488 -0.0111176371574402 0.3880458474159241
v -0.0548262447118759 -0.0109999999403954 0.3878900706768036
v -0.0599295049905777 -0.0111176371574402 0.3925658166408539
v -0.0595938898622990 -0.0109999999403954 0.3933090865612030
v -0.0620996803045273 -0.0109999999403954 0.3996601998806000
v -0.0630770474672318 -0.0115747340023518 0.3977809250354767
v -0.0639441534876823 -0.0115747340023518 0.4038707017898560
v -0.0602157972753048 -0.0109999999403954 0.4133277833461761
v -0.0623773261904716 -0.0111176371574402 0.4097571074962616
v -0.0599295049905777 -0.0111176371574402 0.4151756167411804
v -0.0560665801167488 -0.0111176371574402 0.4196955561637878
v -0.0557936392724514 -0.0109999999403954 0.4190322160720825
v -0.0510955862700939 -0.0111176371574402 0.4229576885700226
v -0.0500293672084808 -0.0109999999403954 0.4226912558078766
v -0.0514055006206036 -0.0115747340023518 0.4236171841621399
v -0.0486651249229908 -0.0115742161870003 0.4246853291988373
v -0.0485937334597111 -0.0112349987030029 0.4242224395275116
v -0.0487543083727360 -0.0127562545239925 0.4252707362174988
v -0.0487369149923325 -0.0122945979237556 0.4251559376716614
v -0.0516055002808571 -0.0122950002551079 0.4240427613258362
v -0.0487037934362888 -0.0118765942752361 0.4249382019042969
v -0.0486661605536938 -0.0115808844566345 0.4246920943260193
v -0.0641668215394020 -0.0129884965717793 0.4079686999320984
v -0.0636535808444023 -0.0129884965717793 0.4101280868053436
v -0.0635285973548889 -0.0122950002551079 0.4100917577743530
v -0.0610514953732491 -0.0129884965717793 0.4158880710601807
v -0.0609416216611862 -0.0122950002551079 0.4158183038234711
v -0.0569451227784157 -0.0129884965717793 0.4206928610801697
v -0.0568590909242630 -0.0122950002551079 0.4205951988697052
v -0.0557229295372963 -0.0129884965717793 0.4216952621936798
v -0.0516608580946922 -0.0129884965717793 0.4241605699062347
v -0.0487566553056240 -0.0129884965717793 0.4252862632274628
v -0.0645445436239243 -0.0129884965717793 0.4038707017898560
v -0.0644143894314766 -0.0122950002551079 0.4038707017898560
v -0.0641668215394020 -0.0129884965717793 0.3997727334499359
v -0.0635285973548889 -0.0122950002551079 0.3976496756076813
v -0.0636535808444023 -0.0129884965717793 0.3976133465766907
v -0.0609416216611862 -0.0122950002551079 0.3919231295585632
v -0.0610514953732491 -0.0129884965717793 0.3918533623218536
v -0.0568590909242630 -0.0122950002551079 0.3871462345123291
v -0.0569451227784157 -0.0129884965717793 0.3870485723018646
v -0.0487566553056240 -0.0129884965717793 0.3824551701545715
v -0.0516055002808571 -0.0122950002551079 0.3836986720561981
v -0.0516608580946922 -0.0129884965717793 0.3835808634757996
v -0.0557229295372963 -0.0129884965717793 0.3860461711883545
v -0.0630770474672318 -0.0115747340023518 0.4099604785442352
v -0.0605446510016918 -0.0115747340023518 0.4155662357807159
v -0.0565482527017593 -0.0115747340023518 0.4202423393726349
v -0.0484459437429905 -0.0109999999403954 0.4232803285121918
v -0.0565482527017593 -0.0115747340023518 0.3874990642070770
v -0.0605446510016918 -0.0115747340023518 0.3921751976013184
v -0.0186972636729479 -0.0494148992002010 0.4078827202320099
v -0.0185529328882694 -0.0494148992002010 0.4078827202320099
v -0.0186972636729479 -0.0493034645915031 0.4079041182994843
v -0.0185529328882694 -0.0493041388690472 0.4079038500785828
v -0.0186972636729479 -0.0492644496262074 0.4079230129718781
v -0.0185529328882694 -0.0492644496262074 0.4079230129718781
v -0.0186972636729479 -0.0492010638117790 0.4079719185829163
v -0.0185529328882694 -0.0492021329700947 0.4079708456993103
v -0.0186972636729479 -0.0491543114185333 0.4080331623554230
v -0.0185529328882694 -0.0491543114185333 0.4080331623554230
v -0.0186972636729479 -0.0491140000522137 0.4081836044788361
v -0.0185529328882694 -0.0491140000522137 0.4081836044788361
v -0.0193125046789646 -0.0494137965142727 0.4080141782760620
v -0.0191916450858116 -0.0494140125811100 0.4079662561416626
v -0.0191845316439867 -0.0493028238415718 0.4079867005348206
v -0.0191284455358982 -0.0491342656314373 0.4081479310989380
v -0.0191290304064751 -0.0491140000522137 0.4082637131214142
v -0.0196024719625711 -0.0491140000522137 0.4085937142372131
v -0.0191622320562601 -0.0492007546126842 0.4080508053302765
v -0.0195116475224495 -0.0491342023015022 0.4083585441112518
v -0.0195753946900368 -0.0492004789412022 0.4082780182361603
v -0.0196175482124090 -0.0493022538721561 0.4082247614860535
v -0.0196311268955469 -0.0494132265448570 0.4082076251506805
v -0.0199482925236225 -0.0493018217384815 0.4085918068885803
v -0.0199668966233730 -0.0494126230478287 0.4085799753665924
v -0.0198927894234657 -0.0494127571582794 0.4084736704826355
v -0.0198043584823608 -0.0491341575980186 0.4086833298206329
v -0.0198909491300583 -0.0492002703249454 0.4086282551288605
v -0.0201617535203695 -0.0494122728705406 0.4090424180030823
v -0.0201427470892668 -0.0493082441389561 0.4090468883514404
v -0.0200740788131952 -0.0492001995444298 0.4090630412101746
v -0.0199676752090454 -0.0491316355764866 0.4090881049633026
v -0.0198688749223948 -0.0491140000522137 0.4091113805770874
v -0.0237136855721474 -0.0511127226054668 0.4167819619178772
v -0.0275392178446054 -0.0511127226054668 0.4209861755371094
v -0.0298123881220818 -0.0510821677744389 0.4227368831634521
v -0.0298346783965826 -0.0510961413383484 0.4227352738380432
v -0.0322967059910297 -0.0511127226054668 0.4240968823432922
v -0.0310497097671032 -0.0511196218430996 0.4234087765216827
v -0.0229604430496693 -0.0511198565363884 0.4155732393264771
v -0.0221890732645988 -0.0510965436697006 0.4143323302268982
v -0.0221850201487541 -0.0510825216770172 0.4143541455268860
v -0.0210645236074924 -0.0511127226054668 0.4117528200149536
v -0.0349116772413254 -0.0510205738246441 0.4252364635467529
v -0.0349142290651798 -0.0510589107871056 0.4252288937568665
v -0.0297892857342958 -0.0510589107871056 0.4227383434772491
v -0.0349212810397148 -0.0510912723839283 0.4252080023288727
v -0.0349317640066147 -0.0511127226054668 0.4251769781112671
v -0.0254525430500507 -0.0510589107871056 0.4190423190593719
v -0.0231067035347223 -0.0510205738246441 0.4159871339797974
v -0.0254466403275728 -0.0510205738246441 0.4190476834774017
v -0.0282727796584368 -0.0510205738246441 0.4216648042201996
v -0.0297849196940660 -0.0510205738246441 0.4227450191974640
v -0.0221740119159222 -0.0510205738246441 0.4143806993961334
v -0.0221810713410378 -0.0510589107871056 0.4143769741058350
v -0.0254688505083323 -0.0510912723839283 0.4190274775028229
v -0.0254517290741205 -0.0510985627770424 0.4189962744712830
v -0.0349437631666660 -0.0511200018227100 0.4251414239406586
v 0.0178178977221251 -0.0108445622026920 0.4116636812686920
v 0.0180767718702555 -0.0109917260706425 0.4118945300579071
v 0.0179011244326830 -0.0109277628362179 0.4116161465644836
v 0.0179758835583925 -0.0109395310282707 0.4118945300579071
v 0.0178874526172876 -0.0108639635145664 0.4118945300579071
v 0.0181852448731661 -0.0110196545720100 0.4118945300579071
v 0.0181336384266615 -0.0110130347311497 0.4115771055221558
v 0.0178173985332251 -0.0108443684875965 0.4048535227775574
v 0.0179005395621061 -0.0109276920557022 0.4049008488655090
v 0.0179549735039473 -0.0109355375170708 0.4047684371471405
v 0.0181852448731661 -0.0110196545720100 0.4046231508255005
v 0.0179747436195612 -0.0109387636184692 0.4046231508255005
v 0.0181064065545797 -0.0110098272562027 0.4050130546092987
v 0.0180001761764288 -0.0109841600060463 0.4049558341503143
v 0.0181852448731661 -0.0110196545720100 0.4031182825565338
v 0.0180767718702555 -0.0109917260706425 0.4031182825565338
v 0.0178874526172876 -0.0108639635145664 0.4031182825565338
v 0.0179747436195612 -0.0109387636184692 0.4031182825565338
v 0.0178178977221251 -0.0108445622026920 0.4028874039649963
v 0.0179011244326830 -0.0109277628362179 0.4028398990631104
v 0.0181336384266615 -0.0110130347311497 0.4028008580207825
v 0.0178173985332251 -0.0108443684875965 0.3960772752761841
v 0.0180001761764288 -0.0109841600060463 0.3961795568466187
v 0.0179005395621061 -0.0109276920557022 0.3961246013641357
v 0.0181852448731661 -0.0110196545720100 0.3958469033241272
v 0.0179758835583925 -0.0109395310282707 0.3958469033241272
v 0.0181064065545797 -0.0110098272562027 0.3962367773056030
v 0.0179549735039473 -0.0109355375170708 0.3959921896457672
v 0.0181852634996176 -0.0110196582973003 0.3943377137184143
v 0.0178893301635981 -0.0108656361699104 0.3943404257297516
v 0.0179867278784513 -0.0109461098909378 0.3943390250205994
v 0.0176344644278288 -0.0109999999403954 0.3938903808593750
v 0.0177287887781858 -0.0109999999403954 0.3939329981803894
v 0.0178419072180986 -0.0109999999403954 0.3940027654170990
v 0.0178656745702028 -0.0108862668275833 0.3941657841205597
v 0.0179051291197538 -0.0109999999403954 0.3940517306327820
v 0.0179579723626375 -0.0109647028148174 0.3941646218299866
v 0.0180509854108095 -0.0110053122043610 0.3941897153854370
v 0.0183393564075232 -0.0113947577774525 0.3878214657306671
v 0.0184180755168200 -0.0110925436019897 0.3890011608600616
v 0.0185428131371737 -0.0111040584743023 0.3890411555767059
v 0.0186922606080770 -0.0111608766019344 0.3885106742382050
v 0.0187605675309896 -0.0111915431916714 0.3878213763237000
v 0.0186495464295149 -0.0111432000994682 0.3869476020336151
v 0.0184830483049154 -0.0110910944640636 0.3866216540336609
v 0.0184172783046961 -0.0110923200845718 0.3866420388221741
v 0.0185465347021818 -0.0111752785742283 0.3878214359283447
v 0.0184722226113081 -0.0112088955938816 0.3878214657306671
v 0.0184253957122564 -0.0111910924315453 0.3883993923664093
v 0.0183650534600019 -0.0112431496381760 0.3883936405181885
v 0.0184096675366163 -0.0112612321972847 0.3878214657306671
v 0.0183214936405420 -0.0113068148493767 0.3883912265300751
v 0.0183647926896811 -0.0113258436322212 0.3878214955329895
v 0.0183499921113253 -0.0111108124256134 0.3889818787574768
v 0.0182858090847731 -0.0111468508839607 0.3889656662940979
v 0.0180530790239573 -0.0110995210707188 0.3895158469676971
v 0.0181922223418951 -0.0112592838704586 0.3889482617378235
v 0.0179760921746492 -0.0112072192132473 0.3894879221916199
v 0.0186242256313562 -0.0111629180610180 0.3878214359283447
v 0.0181680377572775 -0.0113238021731377 0.3866955935955048
v 0.0181915480643511 -0.0112590715289116 0.3866950273513794
v 0.0182310584932566 -0.0111979059875011 0.3866890966892242
v 0.0182850863784552 -0.0111466534435749 0.3866775929927826
v 0.0183492321521044 -0.0111106075346470 0.3866613507270813
v 0.0179051216691732 -0.0109999999403954 0.3848137259483337
v 0.0178700890392065 -0.0109999999403954 0.3846603929996490
v 0.0177604090422392 -0.0109999999403954 0.3845287561416626
v 0.0175525005906820 -0.0109999999403954 0.3844611048698425
v 0.0176020506769419 -0.0109999999403954 0.3844645321369171
v 0.0175525005906820 -0.0109999999403954 0.4232803285121918
v 0.0177058186382055 -0.0109999999403954 0.4232453107833862
v 0.0178374592214823 -0.0109999999403954 0.4231356084346771
v 0.0179051216691732 -0.0109999999403954 0.4229277074337006
v 0.0179016757756472 -0.0109999999403954 0.4229772686958313
v 0.0185428131371737 -0.0111040584743023 0.4211371541023254
v 0.0186922606080770 -0.0111608766019344 0.4206066727638245
v 0.0187605675309896 -0.0111915431916714 0.4199173748493195
v 0.0185465347021818 -0.0111752785742283 0.4199174344539642
v 0.0184722226113081 -0.0112088955938816 0.4199174642562866
v 0.0184253957122564 -0.0111910924315453 0.4204953908920288
v 0.0184180755168200 -0.0110925436019897 0.4210971593856812
v 0.0183650534600019 -0.0112431496381760 0.4204896390438080
v 0.0184096675366163 -0.0112612321972847 0.4199174642562866
v 0.0183214936405420 -0.0113068148493767 0.4204872250556946
v 0.0183647926896811 -0.0113258436322212 0.4199174940586090
v 0.0183393564075232 -0.0113947577774525 0.4199174940586090
v 0.0183499921113253 -0.0111108124256134 0.4210778772830963
v 0.0182858090847731 -0.0111468508839607 0.4210616648197174
v 0.0180530790239573 -0.0110995210707188 0.4216118454933167
v 0.0181922223418951 -0.0112592838704586 0.4210442602634430
v 0.0179760921746492 -0.0112072192132473 0.4215839207172394
v 0.0186242256313562 -0.0111629180610180 0.4199174344539642
v 0.0181680377572775 -0.0113238021731377 0.4187915921211243
v 0.0186495464295149 -0.0111432000994682 0.4190436005592346
v 0.0184830483049154 -0.0110910944640636 0.4187176525592804
v 0.0184172783046961 -0.0110923200845718 0.4187380373477936
v 0.0183492321521044 -0.0111106075346470 0.4187573492527008
v 0.0182850863784552 -0.0111466534435749 0.4187735915184021
v 0.0182310584932566 -0.0111979059875011 0.4187850952148438
v 0.0181915480643511 -0.0112590715289116 0.4187910258769989
v 0.0179051291197538 -0.0109999999403954 0.4136897027492523
v 0.0178426112979650 -0.0109999999403954 0.4137381613254547
v 0.0176911149173975 -0.0109999999403954 0.4138270914554596
v 0.0179633144289255 -0.0109303072094917 0.4134021401405334
v 0.0180509854108095 -0.0110053122043610 0.4135517179965973
v 0.0180770661681890 -0.0109915882349014 0.4134032130241394
v 0.0181852634996176 -0.0110196582973003 0.4134036898612976
v 0.0179579723626375 -0.0109647028148174 0.4135768115520477
v 0.0178656745702028 -0.0108862668275833 0.4135756492614746
v 0.0175525005906820 -0.0111226290464401 0.3837704658508301
v 0.0175525005906820 -0.0110126733779907 0.3842359483242035
v 0.0177736002951860 -0.0110126733779907 0.3842799365520477
v 0.0181302633136511 -0.0110126733779907 0.3848137259483337
v 0.0180862825363874 -0.0110126733779907 0.3845926225185394
v 0.0179610382765532 -0.0110126733779907 0.3844051659107208
v 0.0184550751000643 -0.0129884965717793 0.3826346993446350
v 0.0175525005906820 -0.0129884965717793 0.3824551701545715
v 0.0175525005906820 -0.0120354667305946 0.3827055096626282
v 0.0183592755347490 -0.0120354667305946 0.3828659653663635
v 0.0187317710369825 -0.0129884965717793 0.3827711641788483
v 0.0190432313829660 -0.0120354667305946 0.3833229839801788
v 0.0192202422767878 -0.0129884965717793 0.3831459581851959
v 0.0195002350956202 -0.0120354667305946 0.3840069472789764
v 0.0196607131510973 -0.0120354667305946 0.3848137259483337
v 0.0197823923081160 -0.0122989788651466 0.3848137259483337
v 0.0195950586348772 -0.0129884965717793 0.3836344480514526
v 0.0197315122932196 -0.0129884965717793 0.3839111328125000
v 0.0199110452085733 -0.0129884965717793 0.3848137259483337
v 0.0181104559451342 -0.0113320350646973 0.3834666907787323
v 0.0185834672302008 -0.0113320350646973 0.3837827444076538
v 0.0185957346111536 -0.0111226290464401 0.3848137259483337
v 0.0190105084329844 -0.0113320350646973 0.3848137259483337
v 0.0188995245844126 -0.0113320350646973 0.3842557668685913
v 0.0193173754960299 -0.0115813687443733 0.3848137259483337
v 0.0175525005906820 -0.0115813687443733 0.3830488324165344
v 0.0175525005906820 -0.0113320350646973 0.3833557069301605
v -0.0487363114953041 -0.0511200018227100 0.3825894594192505
v -0.0350079350173473 -0.0511200018227100 0.3825894594192505
v -0.0349094010889530 -0.0494122728705406 0.3824909329414368
v -0.0303514674305916 -0.0494122728705406 0.3846214413642883
v -0.0282641574740410 -0.0494122728705406 0.3860655426979065
v -0.0254823174327612 -0.0494122728705406 0.3886338472366333
v -0.0230948645621538 -0.0494122728705406 0.3917467594146729
v -0.0219143964350224 -0.0494122728705406 0.3938374817371368
v -0.0350079350173473 -0.0510205738246441 0.3824891448020935
v -0.0350079350173473 -0.0510572679340839 0.3824964463710785
v -0.0350079350173473 -0.0510703548789024 0.3825028836727142
v -0.0350079350173473 -0.0511130467057228 0.3825527727603912
v -0.0350079350173473 -0.0511067062616348 0.3825395703315735
v -0.0350079350173473 -0.0510909557342529 0.3825188577175140
v -0.0348524190485477 -0.0493371523916721 0.3824994862079620
v -0.0347227528691292 -0.0492783747613430 0.3825202584266663
v -0.0303424745798111 -0.0493133254349232 0.3846062421798706
v -0.0345742441713810 -0.0492362529039383 0.3825446665287018
v -0.0343871749937534 -0.0491978786885738 0.3825761973857880
v -0.0303044673055410 -0.0492001995444298 0.3845445811748505
v -0.0216448847204447 -0.0491140000522137 0.3937036991119385
v -0.0252603907138109 -0.0491140000522137 0.3884306550025940
v -0.0228716935962439 -0.0491140000522137 0.3915372192859650
v -0.0218986012041569 -0.0493136271834373 0.3938298523426056
v -0.0218337178230286 -0.0492001995444298 0.3937974274158478
v -0.0280140899121761 -0.0491140000522137 0.3858790993690491
v -0.0301944762468338 -0.0491140000522137 0.3843647837638855
v -0.0341871567070484 -0.0491679310798645 0.3826107084751129
v -0.0338097326457500 -0.0491306707262993 0.3826781213283539
v -0.0337527170777321 -0.0491269715130329 0.3826885521411896
v -0.0330257862806320 -0.0491140000522137 0.3828938305377960
v -0.0333147533237934 -0.0491140000522137 0.3827708065509796
v -0.0349090285599232 -0.0494060926139355 0.3824909329414368
v -0.0348988957703114 -0.0493796318769455 0.3824923336505890
v -0.0254734326153994 -0.0493305586278439 0.3886256814002991
v -0.0173492860049009 -0.0491140000522137 0.3848137259483337
v -0.0173492860049009 -0.0491140000522137 0.3983542025089264
v -0.0164667703211308 -0.0491140000522137 0.3827708065509796
v -0.0164758935570717 -0.0491140000522137 0.3827794492244720
v -0.0171534158289433 -0.0491140000522137 0.3837837576866150
v -0.0180923175066710 -0.0491140000522137 0.3994661867618561
v -0.0174409076571465 -0.0491140000522137 0.3988147974014282
v -0.0177018251270056 -0.0491140000522137 0.3992052972316742
v -0.0170895792543888 -0.0492629371583462 0.3983542025089264
v -0.0170702748000622 -0.0493022352457047 0.3983542025089264
v -0.0171830821782351 -0.0493023805320263 0.3989216089248657
v -0.0171995945274830 -0.0491538755595684 0.3983542025089264
v -0.0171374473720789 -0.0492012053728104 0.3983542025089264
v -0.0172451306134462 -0.0492012761533260 0.3988959193229675
v -0.0180500112473965 -0.0491350442171097 0.3995683491230011
v -0.0179853662848473 -0.0493034124374390 0.3997243940830231
v -0.0173390377312899 -0.0491349324584007 0.3988569974899292
v -0.0176237765699625 -0.0491349771618843 0.3992833495140076
v -0.0175518430769444 -0.0492014773190022 0.3993552625179291
v -0.0180110316723585 -0.0492017753422260 0.3996624350547791
v -0.0175043791532516 -0.0493027940392494 0.3994027376174927
v -0.0179771725088358 -0.0494138933718204 0.3997441828250885
v -0.0174890663474798 -0.0494130440056324 0.3994180560112000
v -0.0171629227697849 -0.0494124740362167 0.3989299535751343
v -0.0170483980327845 -0.0494122728705406 0.3983542025089264
v -0.0171421710401773 -0.0510572046041489 0.3989327549934387
v -0.0171259939670563 -0.0510863512754440 0.3989409208297729
v -0.0174541138112545 -0.0510908402502537 0.3994389772415161
v -0.0179518684744835 -0.0510907396674156 0.3997714519500732
v -0.0179604236036539 -0.0510568618774414 0.3997507989406586
v -0.0174699351191521 -0.0510570704936981 0.3994231522083282
v -0.0173285715281963 -0.0511199794709682 0.3994049429893494
v -0.0174301359802485 -0.0511130094528198 0.3994629681110382
v -0.0172735285013914 -0.0511169880628586 0.3993009626865387
v -0.0172297265380621 -0.0511114411056042 0.3992102146148682
v -0.0173317808657885 -0.0511200018227100 0.3994116783142090
v -0.0174041185528040 -0.0511200018227100 0.3994889855384827
v -0.0179247725754976 -0.0511200018227100 0.3998368680477142
v -0.0171271804720163 -0.0510867312550545 0.3989446461200714
v -0.0171730741858482 -0.0510999821126461 0.3990756273269653
v -0.0172240585088730 -0.0511105172336102 0.3991977274417877
v -0.0170562360435724 -0.0510545037686825 0.3986437618732452
v -0.0170586928725243 -0.0510563179850578 0.3986595273017883
v -0.0171226263046265 -0.0510852634906769 0.3989302217960358
v -0.0179388746619225 -0.0511129833757877 0.3998028039932251
v -0.0171488896012306 -0.0510205104947090 0.3989299535751343
v -0.0174750387668610 -0.0510203205049038 0.3994180560112000
v -0.0179631542414427 -0.0510200336575508 0.3997441828250885
v -0.0170343630015850 -0.0510205738246441 0.3983542025089264
v -0.0179212819784880 -0.0511200018227100 0.4079060256481171
v -0.0173987839370966 -0.0511200018227100 0.4082578122615814
v -0.0173317752778530 -0.0511200018227100 0.4083297252655029
v -0.0170343630015850 -0.0510205738246441 0.4093872010707855
v -0.0171448551118374 -0.0510205104947090 0.4088213145732880
v -0.0170588437467813 -0.0510547757148743 0.4090841114521027
v -0.0171381160616875 -0.0510572083294392 0.4088185727596283
v -0.0170591920614243 -0.0510550290346146 0.4090819358825684
v -0.0171224046498537 -0.0510854236781597 0.4088113903999329
v -0.0174490120261908 -0.0510908439755440 0.4083075523376465
v -0.0171307399868965 -0.0510881990194321 0.4087849259376526
v -0.0171269476413727 -0.0510869547724724 0.4087968170642853
v -0.0174249224364758 -0.0511130094528198 0.4082837104797363
v -0.0172240342944860 -0.0511105097830296 0.4085437655448914
v -0.0172166284173727 -0.0511092394590378 0.4085603356361389
v -0.0174649078398943 -0.0510570704936981 0.4083233177661896
v -0.0174700375646353 -0.0510203205049038 0.4083283841609955
v -0.0179598815739155 -0.0510200373828411 0.4079985916614532
v -0.0179354641586542 -0.0511129833757877 0.4079400300979614
v -0.0179485306143761 -0.0510907433927059 0.4079713821411133
v -0.0179571341723204 -0.0510568656027317 0.4079920053482056
v -0.0179853662848473 -0.0493034124374390 0.4080170094966888
v -0.0180110316723585 -0.0492017753422260 0.4080789983272552
v -0.0171374473720789 -0.0492012053728104 0.4093872010707855
v -0.0171995945274830 -0.0491538755595684 0.4093872010707855
v -0.0173390377312899 -0.0491349324584007 0.4088844060897827
v -0.0180500112473965 -0.0491350442171097 0.4081730842590332
v -0.0180923175066710 -0.0491140000522137 0.4082752168178558
v -0.0176237765699625 -0.0491349771618843 0.4084580838680267
v -0.0177018251270056 -0.0491140000522137 0.4085361361503601
v -0.0174409076571465 -0.0491140000522137 0.4089266061782837
v -0.0173492860049009 -0.0491140000522137 0.4093872010707855
v -0.0175518430769444 -0.0492014773190022 0.4083861410617828
v -0.0172451306134462 -0.0492012761533260 0.4088455140590668
v -0.0170895792543888 -0.0492629371583462 0.4093872010707855
v -0.0175043791532516 -0.0493027940392494 0.4083386957645416
v -0.0171830821782351 -0.0493023805320263 0.4088198244571686
v -0.0170702748000622 -0.0493022352457047 0.4093872010707855
v -0.0170483980327845 -0.0494122728705406 0.4093872010707855
v -0.0171414017677307 -0.0494124367833138 0.4088664948940277
v -0.0171629227697849 -0.0494124740362167 0.4088114798069000
v -0.0174890663474798 -0.0494130440056324 0.4083233773708344
v -0.0179771725088358 -0.0494138933718204 0.4079972505569458
v -0.0487363114953041 -0.0511200018227100 0.4251519739627838
v -0.0350079350173473 -0.0511200018227100 0.4251519739627838
v -0.0487514175474644 -0.0510308146476746 0.4252516627311707
v -0.0487515106797218 -0.0510205738246441 0.4252522587776184
v -0.0522327050566673 -0.0510205738246441 0.4238437712192535
v -0.0522099509835243 -0.0511067062616348 0.3839426338672638
v -0.0487436689436436 -0.0511074885725975 0.3825409412384033
v -0.0522265061736107 -0.0510703548789024 0.3839099109172821
v -0.0487494319677353 -0.0510703623294830 0.3825028836727142
v -0.0487490035593510 -0.0510749034583569 0.3825057148933411
v -0.0522327050566673 -0.0510205738246441 0.3838976621627808
v -0.0487515106797218 -0.0510205738246441 0.3824891448020935
v -0.0487514175474644 -0.0510308146476746 0.3824897706508636
v -0.0487490035593510 -0.0510749034583569 0.4252357184886932
v -0.0487494319677353 -0.0510703623294830 0.4252385497093201
v -0.0522265061736107 -0.0510703548789024 0.4238315224647522
v -0.0522099509835243 -0.0511067062616348 0.4237987995147705
v -0.0487436689436436 -0.0511074885725975 0.4252004921436310
v -0.0556717440485954 -0.0511067062616348 0.3861132562160492
v -0.0586894787847996 -0.0511067062616348 0.3888885378837585
v -0.0611490644514561 -0.0511067062616348 0.3921686708927155
v -0.0629676133394241 -0.0511067062616348 0.3958431482315063
v -0.0640838518738747 -0.0511067062616348 0.3997881412506104
v -0.0644601508975029 -0.0511067062616348 0.4038707017898560
v -0.0640838518738747 -0.0511067062616348 0.4079532623291016
v -0.0629676133394241 -0.0511067062616348 0.4118982553482056
v -0.0611490644514561 -0.0511067062616348 0.4155727326869965
v -0.0586894787847996 -0.0511067062616348 0.4188528954982758
v -0.0556717440485954 -0.0511067062616348 0.4216281771659851
v -0.0556939877569675 -0.0510703548789024 0.4216573238372803
v -0.0587166771292686 -0.0510703548789024 0.4188774824142456
v -0.0611803010106087 -0.0510703548789024 0.4155919551849365
v -0.0630018338561058 -0.0510703548789024 0.4119114577770233
v -0.0641199052333832 -0.0510703548789024 0.4079599678516388
v -0.0644968301057816 -0.0510703548789024 0.4038707017898560
v -0.0641199052333832 -0.0510703548789024 0.3997814357280731
v -0.0630018338561058 -0.0510703548789024 0.3958299756050110
v -0.0611803010106087 -0.0510703548789024 0.3921494781970978
v -0.0587166771292686 -0.0510703548789024 0.3888639509677887
v -0.0556939877569675 -0.0510703548789024 0.3860841095447540
v -0.0557023137807846 -0.0510205738246441 0.4216682314872742
v -0.0587268583476543 -0.0510205738246441 0.4188866913318634
v -0.0611919909715652 -0.0510205738246441 0.4155991375446320
v -0.0630146488547325 -0.0510205738246441 0.4119163751602173
v -0.0641333982348442 -0.0510205738246441 0.4079625010490417
v -0.0645105540752411 -0.0510205738246441 0.4038707017898560
v -0.0641333982348442 -0.0510205738246441 0.3997789323329926
v -0.0630146488547325 -0.0510205738246441 0.3958250582218170
v -0.0611919909715652 -0.0510205738246441 0.3921422660350800
v -0.0587268583476543 -0.0510205738246441 0.3888547420501709
v -0.0557023137807846 -0.0510205738246441 0.3860731720924377
v 0.0175525005906820 -0.0129884965717793 0.4252862632274628
v 0.0175525005906820 -0.0120354667305946 0.4250359237194061
v 0.0175525005906820 -0.0115813687443733 0.4246926009654999
v 0.0175525005906820 -0.0113320350646973 0.4243857264518738
v 0.0175525005906820 -0.0110126733779907 0.4235054850578308
v 0.0175525005906820 -0.0111226290464401 0.4239709377288818
v -0.0558132715523243 -0.0300569999963045 0.3859277367591858
v -0.0487791486084461 -0.0300569999963045 0.4254352152347565
v -0.0558132715523243 -0.0300569999963045 0.4218136966228485
v -0.0487791486084461 -0.0300569999963045 0.3823062181472778
v -0.0613478161394596 -0.0300569999963045 0.3920464217662811
v -0.0643132627010345 -0.0300569999963045 0.3997454941272736
v -0.0643132627010345 -0.0300569999963045 0.4079959392547607
v -0.0613478161394596 -0.0300569999963045 0.4156950116157532
v -0.0301944594830275 -0.0491140000522137 0.4233766794204712
v -0.0171534158289433 -0.0491140000522137 0.4239576458930969
v -0.0333147533237934 -0.0491140000522137 0.4249706268310547
v -0.0164758935570717 -0.0491140000522137 0.4249619841575623
v -0.0164667703211308 -0.0491140000522137 0.4249706268310547
v -0.0268087312579155 -0.0491140000522137 0.4208478927612305
v -0.0252603963017464 -0.0491140000522137 0.4193107485771179
v -0.0173492860049009 -0.0491140000522137 0.4229277074337006
v -0.0220681205391884 -0.0491140000522137 0.4148491322994232
v -0.0199429653584957 -0.0491140000522137 0.4094165563583374
v -0.0217358041554689 -0.0491316355764866 0.4139925837516785
v -0.0303452033549547 -0.0493287481367588 0.4231309294700623
v -0.0303514674305916 -0.0494122728705406 0.4231199920177460
v -0.0282641574740410 -0.0494122728705406 0.4216758906841278
v -0.0219143964350224 -0.0494122728705406 0.4139039516448975
v -0.0218986179679632 -0.0493136830627918 0.4139115512371063
v -0.0230948645621538 -0.0494122728705406 0.4159946739673615
v -0.0254695490002632 -0.0493142977356911 0.4191192686557770
v -0.0254823174327612 -0.0494122728705406 0.4191075861454010
v -0.0349035263061523 -0.0493878684937954 0.4252497851848602
v -0.0349094010889530 -0.0494122728705406 0.4252505004405975
v -0.0348738953471184 -0.0493527688086033 0.4252452850341797
v -0.0346854850649834 -0.0492663420736790 0.4252150952816010
v -0.0343977101147175 -0.0491997376084328 0.4251670241355896
v -0.0346123203635216 -0.0492457821965218 0.4252030551433563
v -0.0338069573044777 -0.0491304695606232 0.4250628054141998
v -0.0341886989772320 -0.0491681322455406 0.4251309931278229
v -0.0343832820653915 -0.0491972155869007 0.4251645803451538
v -0.0335986800491810 -0.0491193607449532 0.4250243604183197
v -0.0337529554963112 -0.0491269789636135 0.4250529110431671
v -0.0275079887360334 -0.0491392277181149 0.4212964773178101
v -0.0273601077497005 -0.0491422340273857 0.4211626052856445
v -0.0276570376008749 -0.0491363853216171 0.4214291274547577
v -0.0275823678821325 -0.0491377860307693 0.4213629662990570
v -0.0264977104961872 -0.0491635724902153 0.4203346669673920
v -0.0270678773522377 -0.0491487272083759 0.4208912551403046
v -0.0218337178230286 -0.0492001995444298 0.4139439761638641
v -0.0254158824682236 -0.0492001995444298 0.4191684126853943
v -0.0275265555828810 -0.0491388626396656 0.4213131070137024
v -0.0275451410561800 -0.0491385012865067 0.4213297367095947
v -0.0350079350173473 -0.0510205738246441 0.4252522587776184
v -0.0350079350173473 -0.0510572679340839 0.4252449572086334
v -0.0350079350173473 -0.0510703548789024 0.4252385497093201
v -0.0350079350173473 -0.0510909557342529 0.4252225458621979
v -0.0350079350173473 -0.0511067062616348 0.4252018630504608
v 0.0185957346111536 -0.0111226290464401 0.4229277074337006
v 0.0181302633136511 -0.0110126733779907 0.4229277074337006
v 0.0180862825363874 -0.0110126733779907 0.4231488108634949
v 0.0183592755347490 -0.0120354667305946 0.4248754382133484
v 0.0177736002951860 -0.0110126733779907 0.4234614968299866
v 0.0179610382765532 -0.0110126733779907 0.4233362674713135
v 0.0199110452085733 -0.0129884965717793 0.4229277074337006
v 0.0197823923081160 -0.0122989788651466 0.4229277074337006
v 0.0197315122932196 -0.0129884965717793 0.4238303005695343
v 0.0195002350956202 -0.0120354667305946 0.4237344861030579
v 0.0195950586348772 -0.0129884965717793 0.4241069853305817
v 0.0190432313829660 -0.0120354667305946 0.4244184494018555
v 0.0184550751000643 -0.0129884965717793 0.4251067340373993
v 0.0187317710369825 -0.0129884965717793 0.4249702692031860
v 0.0192202422767878 -0.0129884965717793 0.4245954453945160
v 0.0188995245844126 -0.0113320350646973 0.4234856665134430
v 0.0185834672302008 -0.0113320350646973 0.4239586889743805
v 0.0181104559451342 -0.0113320350646973 0.4242747426033020
v 0.0196607131510973 -0.0120354667305946 0.4229277074337006
v 0.0193173754960299 -0.0115813687443733 0.4229277074337006
v 0.0190105084329844 -0.0113320350646973 0.4229277074337006
v 0.0200600009411573 -0.0300569999963045 0.3848137259483337
v 0.0197240579873323 -0.0300569999963045 0.3835599720478058
v 0.0188062507659197 -0.0300569999963045 0.3826421499252319
v 0.0175525005906820 -0.0300569999963045 0.3823062181472778
v -0.0349571853876114 -0.0494123101234436 0.3824790418148041
v -0.0350056290626526 -0.0494122728705406 0.3824751377105713
v -0.0346679873764515 -0.0490662753582001 0.3824720978736877
v -0.0342471562325954 -0.0489235557615757 0.3824708461761475
v -0.0342302359640598 -0.0489931516349316 0.3824801445007324
v -0.0349612496793270 -0.0492824241518974 0.3824740052223206
v -0.0348476283252239 -0.0492605119943619 0.3824820816516876
v -0.0350037105381489 -0.0493859685957432 0.3824748992919922
v -0.0341984778642654 -0.0491222068667412 0.3825534284114838
v -0.0346309728920460 -0.0492085553705692 0.3825103342533112
v -0.0347921177744865 -0.0491329357028008 0.3824726939201355
v -0.0346516147255898 -0.0491670407354832 0.3824893832206726
v -0.0342132598161697 -0.0490622334182262 0.3825082480907440
v -0.0333147533237934 -0.0488157272338867 0.3824699223041534
v -0.0333147533237934 -0.0489650629460812 0.3825111091136932
v -0.0337649248540401 -0.0490194186568260 0.3825308680534363
v -0.0333147533237934 -0.0490256622433662 0.3825578391551971
v -0.0337606780230999 -0.0490566305816174 0.3825643658638000
v -0.0333147533237934 -0.0490741245448589 0.3826211094856262
v -0.0337545163929462 -0.0491109341382980 0.3826450705528259
v -0.0337571762502193 -0.0490874201059341 0.3826030194759369
v -0.0333147533237934 -0.0491089560091496 0.3827159404754639
v -0.0164667703211308 -0.0488157272338867 0.3824699223041534
v -0.0164667703211308 -0.0489650629460812 0.3825111091136932
v -0.0164667703211308 -0.0490267947316170 0.3825589716434479
v -0.0164667703211308 -0.0490741245448589 0.3826211094856262
v -0.0164667703211308 -0.0490930862724781 0.3826605975627899
v -0.0156398061662912 -0.0492427498102188 0.3825088143348694
v -0.0156661663204432 -0.0492737330496311 0.3825352191925049
v -0.0158461462706327 -0.0492108203470707 0.3825814425945282
v -0.0161614418029785 -0.0489442311227322 0.3824855387210846
v -0.0158593468368053 -0.0490268021821976 0.3824804425239563
v -0.0158885437995195 -0.0490896925330162 0.3825075328350067
v -0.0156106827780604 -0.0492084324359894 0.3824890851974487
v -0.0154099697247148 -0.0493024550378323 0.3824741542339325
v -0.0153833990916610 -0.0494122728705406 0.3824751377105713
v -0.0154418433085084 -0.0494123250246048 0.3824808597564697
v -0.0155547605827451 -0.0491301380097866 0.3824726641178131
v -0.0163263846188784 -0.0490203052759171 0.3825447857379913
v -0.0161811970174313 -0.0490291304886341 0.3825313150882721
v -0.0159141104668379 -0.0491445921361446 0.3825508058071136
v -0.0154980598017573 -0.0494122728705406 0.3824978172779083
v -0.0155039457604289 -0.0493870936334133 0.3824988603591919
v -0.0161391999572515 -0.0488549880683422 0.3824702501296997
v -0.0155360279604793 -0.0493474267423153 0.3825055062770844
v -0.0156109118834138 -0.0492993257939816 0.3825221955776215
v -0.0163347683846951 -0.0490877740085125 0.3826312124729156
v -0.0161968078464270 -0.0490949228405952 0.3826027512550354
v -0.0160557553172112 -0.0491139963269234 0.3825757801532745
v -0.0163389295339584 -0.0491189397871494 0.3827293813228607
v -0.0161960627883673 -0.0491347052156925 0.3826841413974762
v -0.0160706508904696 -0.0491562075912952 0.3826457262039185
v -0.0153690511360765 -0.0576438754796982 0.3825469613075256
v -0.0154918255284429 -0.0535280741751194 0.3825341165065765
v -0.0154855521395802 -0.0576438754796982 0.3825704157352448
v -0.0170570556074381 -0.0491323955357075 0.3838217854499817
v -0.0172456949949265 -0.0491323955357075 0.3848137259483337
v -0.0169563647359610 -0.0492012053728104 0.3838615417480469
v -0.0171374473720789 -0.0492012053728104 0.3848137259483337
v -0.0171995945274830 -0.0491538755595684 0.3848137259483337
v -0.0168735310435295 -0.0494122728705406 0.3838942348957062
v -0.0170483980327845 -0.0494122728705406 0.3848137259483337
v -0.0170676950365305 -0.0493088476359844 0.3848137259483337
v -0.0162686668336391 -0.0494122728705406 0.3829976022243500
v -0.0168914813548326 -0.0493088476359844 0.3838871419429779
v -0.0170895792543888 -0.0492629371583462 0.3848137259483337
v -0.0162819568067789 -0.0493088476359844 0.3829835951328278
v -0.0163299981504679 -0.0492012053728104 0.3829330205917358
v -0.0164045486599207 -0.0491323955357075 0.3828545510768890
v -0.0170399155467749 -0.0511070489883423 0.3986314833164215
v -0.0171479247510433 -0.0511517487466335 0.3991865217685699
v -0.0171155072748661 -0.0511438436806202 0.3990598618984222
v -0.0170874800533056 -0.0511285103857517 0.3989265859127045
v -0.0172215793281794 -0.0511409044265747 0.3994117081165314
v -0.0171836744993925 -0.0511511936783791 0.3993046581745148
v -0.0171820893883705 -0.0511598773300648 0.3994117081165314
v -0.0170308910310268 -0.0514182746410370 0.3994117081165314
v -0.0170720722526312 -0.0512689352035522 0.3994117081165314
v -0.0170442610979080 -0.0512974560260773 0.3991492390632629
v -0.0170320458710194 -0.0512860640883446 0.3988585174083710
v -0.0170383229851723 -0.0512320920825005 0.3988817930221558
v -0.0170338656753302 -0.0510774739086628 0.3984531462192535
v -0.0170330870896578 -0.0511667840182781 0.3986138403415680
v -0.0170844085514545 -0.0512166582047939 0.3991697132587433
v -0.0171010885387659 -0.0512192957103252 0.3992948234081268
v -0.0171192251145840 -0.0512079186737537 0.3994117081165314
v -0.0170570667833090 -0.0511779636144638 0.3989051878452301
v -0.0170481130480766 -0.0510806888341904 0.3986457586288452
v -0.0170308910310268 -0.0514182746410370 0.4083297252655029
v -0.0170720722526312 -0.0512689352035522 0.4083297252655029
v -0.0171219520270824 -0.0512052327394485 0.4083297252655029
v -0.0171820893883705 -0.0511598773300648 0.4083297252655029
v -0.0172253306955099 -0.0511394590139389 0.4083297252655029
v -0.0172817055135965 -0.0511241964995861 0.4083297252655029
v -0.0170312058180571 -0.0513823851943016 0.4086026847362518
v -0.0170320458710194 -0.0512860678136349 0.4088829159736633
v -0.0170386750251055 -0.0512305609881878 0.4088589847087860
v -0.0171881988644600 -0.0511264353990555 0.4085481464862823
v -0.0172342248260975 -0.0511287227272987 0.4084333479404449
v -0.0171078220009804 -0.0511050149798393 0.4088046252727509
v -0.0170484427362680 -0.0510798208415508 0.4090951979160309
v -0.0170401204377413 -0.0511062294244766 0.4091095030307770
v -0.0171503592282534 -0.0511499494314194 0.4085544347763062
v -0.0171158276498318 -0.0511795096099377 0.4085621535778046
v -0.0170860476791859 -0.0512143783271313 0.4085711240768433
v -0.0170886833220720 -0.0511269643902779 0.4088141620159149
v -0.0170309394598007 -0.0514128990471363 0.4084309339523315
v -0.0170450080186129 -0.0512951090931892 0.4085915982723236
v -0.0170578341931105 -0.0511763617396355 0.4088355600833893
v -0.0170483980327845 -0.0494122728705406 0.4229277074337006
v -0.0170676950365305 -0.0493088476359844 0.4229277074337006
v -0.0170895792543888 -0.0492629371583462 0.4229277074337006
v -0.0171374473720789 -0.0492012053728104 0.4229277074337006
v -0.0171995945274830 -0.0491538755595684 0.4229277074337006
v -0.0172456949949265 -0.0491323955357075 0.4229277074337006
v -0.0155104240402579 -0.0493755899369717 0.4252412915229797
v -0.0156116476282477 -0.0492989160120487 0.4252190589904785
v -0.0162819568067789 -0.0493088476359844 0.4247578382492065
v -0.0168735310435295 -0.0494122728705406 0.4238471984863281
v -0.0168914813548326 -0.0493088476359844 0.4238542914390564
v -0.0169563647359610 -0.0492012053728104 0.4238798916339874
v -0.0170570556074381 -0.0491323955357075 0.4239196181297302
v -0.0162055026739836 -0.0491333454847336 0.4250543415546417
v -0.0164045486599207 -0.0491323955357075 0.4248868823051453
v -0.0163299981504679 -0.0492012053728104 0.4248084127902985
v -0.0159333758056164 -0.0491871833801270 0.4251357913017273
v -0.0161982197314501 -0.0491343773901463 0.4250566363334656
v -0.0156666003167629 -0.0492735505104065 0.4252060949802399
v -0.0156857166439295 -0.0492656305432320 0.4252014458179474
v -0.0158822890371084 -0.0492006056010723 0.4251500964164734
v -0.0162686668336391 -0.0494122728705406 0.4247438311576843
v -0.0154980598017573 -0.0494122728705406 0.4252435863018036
v -0.0154985962435603 -0.0494047254323959 0.4252435564994812
v -0.0163042899221182 -0.0494122728705406 0.4247093200683594
v -0.0487653315067291 -0.0405496954917908 0.3823977708816528
v -0.0487653315067291 -0.0405496954917908 0.4253436326980591
v 0.0175525005906820 -0.0300569999963045 0.4254352152347565
v -0.0154918255284429 -0.0535280741751194 0.4252073168754578
v -0.0154855521395802 -0.0576438754796982 0.4251709878444672
v -0.0154280709102750 -0.0576439276337624 0.4251886308193207
v -0.0153690511360765 -0.0576438754796982 0.4251944720745087
v -0.0153833990916610 -0.0494122728705406 0.4252662956714630
v -0.0154414912685752 -0.0494123250246048 0.4252606332302094
v -0.0158282630145550 -0.0489622540771961 0.4252702295780182
v -0.0164667703211308 -0.0488157272338867 0.4252715110778809
v -0.0161601994186640 -0.0489427112042904 0.4252564609050751
v -0.0164667703211308 -0.0489650629460812 0.4252303242683411
v -0.0164667703211308 -0.0490257330238819 0.4251835346221924
v -0.0154142221435905 -0.0492937155067921 0.4252673387527466
v -0.0156107572838664 -0.0492077358067036 0.4252524971961975
v -0.0159241799265146 -0.0491675771772861 0.4251645207405090
v -0.0158875845372677 -0.0490891560912132 0.4252343773841858
v -0.0156400781124830 -0.0492423325777054 0.4252326786518097
v -0.0159133635461330 -0.0491444505751133 0.4251910150051117
v -0.0162015538662672 -0.0491176433861256 0.4250975847244263
v -0.0155327608808875 -0.0491489879786968 0.4252685904502869
v -0.0158581659197807 -0.0490258634090424 0.4252613186836243
v -0.0161801613867283 -0.0490282587707043 0.4252108931541443
v -0.0161887519061565 -0.0490645878016949 0.4251776933670044
v -0.0164667703211308 -0.0490741245448589 0.4251203238964081
v -0.0161959491670132 -0.0490946546196938 0.4251393079757690
v -0.0164667703211308 -0.0491089634597301 0.4250254631042480
v -0.0333147533237934 -0.0488157272338867 0.4252715110778809
v -0.0333147533237934 -0.0489650629460812 0.4252303242683411
v -0.0333147533237934 -0.0490257441997528 0.4251835048198700
v -0.0333147533237934 -0.0490741245448589 0.4251203238964081
v -0.0333147533237934 -0.0490928217768669 0.4250815212726593
v -0.0349835753440857 -0.0493203029036522 0.4252671003341675
v -0.0350056290626526 -0.0494122728705406 0.4252662956714630
v -0.0349571630358696 -0.0494123101234436 0.4252623617649078
v -0.0348792038857937 -0.0491951927542686 0.4252682030200958
v -0.0348474681377411 -0.0492604449391365 0.4252593219280243
v -0.0346514992415905 -0.0491670481860638 0.4252520203590393
v -0.0343902111053467 -0.0489621944725513 0.4252702295780182
v -0.0342318229377270 -0.0489935688674450 0.4252612888813019
v -0.0338689312338829 -0.0488520823419094 0.4252711832523346
v -0.0335358753800392 -0.0490853413939476 0.4251109361648560
v -0.0337574183940887 -0.0490874387323856 0.4251383841037750
v -0.0342148356139660 -0.0490625388920307 0.4252332150936127
v -0.0342000387609005 -0.0491224303841591 0.4251881241798401
v -0.0346308685839176 -0.0492085479199886 0.4252310693264008
v -0.0335398167371750 -0.0490166991949081 0.4251976311206818
v -0.0337651669979095 -0.0490194857120514 0.4252105057239532
v 0.0188062507659197 -0.0300569999963045 0.4250992834568024
v 0.0197240579873323 -0.0300569999963045 0.4241814613342285
v 0.0200600009411573 -0.0300569999963045 0.4229277074337006
v 0.0175525005906820 -0.0576438754796982 0.3825469613075256
v 0.0186858754605055 -0.0576438754796982 0.3828506469726562
v 0.0195155646651983 -0.0576438754796982 0.3836803436279297
v 0.0198192540556192 -0.0576438754796982 0.3848137259483337
v -0.0154033666476607 -0.0579712763428688 0.3826768696308136
v -0.0153585830703378 -0.0579608306288719 0.3826633989810944
v -0.0153456563130021 -0.0580885931849480 0.3828252553939819
v -0.0153276016935706 -0.0581410005688667 0.3830484449863434
v -0.0153942564502358 -0.0580960996448994 0.3828519582748413
v -0.0154033256694674 -0.0580820478498936 0.3828246593475342
v -0.0153658790513873 -0.0578162856400013 0.3825791478157043
v -0.0154236638918519 -0.0577819347381592 0.3825735151767731
v -0.0153678050264716 -0.0577490180730820 0.3825590312480927
v -0.0154793513938785 -0.0577802956104279 0.3825900852680206
v -0.0154846766963601 -0.0576928406953812 0.3825732171535492
v -0.0154478391632438 -0.0579689927399158 0.3826885521411896
v -0.0154587337747216 -0.0579229891300201 0.3826547265052795
v -0.0154755795374513 -0.0578171499073505 0.3826019763946533
v -0.0162272360175848 -0.0576438754796982 0.3830573558807373
v -0.0169765613973141 -0.0576438754796982 0.3848137259483337
v -0.0168085973709822 -0.0576438754796982 0.3839253783226013
v -0.0167886093258858 -0.0576438754796982 0.3838760256767273
v -0.0169765613973141 -0.0576438754796982 0.4229277074337006
v -0.0168085973709822 -0.0576438754796982 0.4238160550594330
v -0.0162272360175848 -0.0576438754796982 0.4246840775012970
v -0.0153276016935706 -0.0581410005688667 0.4246929883956909
v -0.0153325954452157 -0.0581374093890190 0.4247528910636902
v -0.0153973167762160 -0.0580926649272442 0.4248969852924347
v -0.0153429647907615 -0.0581039935350418 0.4248820543289185
v -0.0154403923079371 -0.0579973421990871 0.4250271022319794
v -0.0153493704274297 -0.0580619350075722 0.4249632656574249
v -0.0153558170422912 -0.0579975433647633 0.4250441491603851
v -0.0154557684436440 -0.0579402968287468 0.4250748157501221
v -0.0153630850836635 -0.0578834004700184 0.4251311719417572
v -0.0154761122539639 -0.0578172840178013 0.4251396656036377
v -0.0154200745746493 -0.0578379929065704 0.4251476526260376
v -0.0154834156855941 -0.0577259697020054 0.4251637756824493
v 0.0175525005906820 -0.0576438754796982 0.4251944720745087
v 0.0198192540556192 -0.0576438754796982 0.4229277074337006
v 0.0196467060595751 -0.0576438754796982 0.4237951636314392
v 0.0195155646651983 -0.0576438754796982 0.4240610897541046
v 0.0184199493378401 -0.0576438754796982 0.4250219166278839
v 0.0186858754605055 -0.0576438754796982 0.4248907864093781
v 0.0191553365439177 -0.0576438754796982 0.4245305359363556
v 0.0195310283452272 -0.0579619966447353 0.3935706019401550
v 0.0193522330373526 -0.0580368004739285 0.3935211896896362
v 0.0194598864763975 -0.0580470152199268 0.3935423493385315
v 0.0193817224353552 -0.0581367798149586 0.3934217691421509
v 0.0194900501519442 -0.0581100322306156 0.3934455811977386
v 0.0195034760981798 -0.0581029318273067 0.3934682011604309
v 0.0196483861654997 -0.0579897537827492 0.3935447633266449
v 0.0196591820567846 -0.0579951852560043 0.3935255706310272
v 0.0197220277041197 -0.0579208284616470 0.3935405910015106
v 0.0196075830608606 -0.0580485500395298 0.3934716582298279
v 0.0196706037968397 -0.0579958856105804 0.3934857845306396
v 0.0196666438132524 -0.0579969882965088 0.3935053944587708
v 0.0197329837828875 -0.0579203255474567 0.3934999406337738
v 0.0196031313389540 -0.0579545274376869 0.3935814797878265
v 0.0196347404271364 -0.0579806976020336 0.3935613632202148
v 0.0196999106556177 -0.0578131042420864 0.3936085999011993
v 0.0196951273828745 -0.0579097084701061 0.3935770690441132
v 0.0197798330336809 -0.0576444417238235 0.3936004638671875
v 0.0197381991893053 -0.0576442927122116 0.3936191797256470
v 0.0197693165391684 -0.0577383488416672 0.3935970366001129
v 0.0197405572980642 -0.0578278936445713 0.3935891091823578
v 0.0198192540556192 -0.0576438754796982 0.3935207426548004
v 0.0198088567703962 -0.0576442927122116 0.3935652077198029
v 0.0198086183518171 -0.0577411465346813 0.3935177326202393
v 0.0197990629822016 -0.0577420145273209 0.3935596644878387
v 0.0197630617767572 -0.0578693263232708 0.3935068547725677
v 0.0197692196816206 -0.0578353516757488 0.3935520946979523
v 0.0193177703768015 -0.0581410005688667 0.3934077918529510
v 0.0193129945546389 -0.0581393428146839 0.3934253156185150
v 0.0193046461790800 -0.0581277087330818 0.3934559226036072
v 0.0194966588169336 -0.0580993033945560 0.3934872150421143
v 0.0194883663207293 -0.0580914989113808 0.3935054540634155
v 0.0192991998046637 -0.0581119321286678 0.3934759199619293
v 0.0194790381938219 -0.0580796301364899 0.3935214579105377
v 0.0192950014024973 -0.0580913536250591 0.3934912979602814
v 0.0192933101207018 -0.0580782555043697 0.3934975266456604
v 0.0192913915961981 -0.0580415762960911 0.3935045599937439
v 0.0196925755590200 -0.0576438754796982 0.3936175107955933
v 0.0196520183235407 -0.0578154213726521 0.3936049044132233
v 0.0198151338845491 -0.0577029250562191 0.4142220020294189
v 0.0197866130620241 -0.0578163228929043 0.4142290353775024
v 0.0197765436023474 -0.0578357800841331 0.4142103791236877
v 0.0195615757256746 -0.0580379515886307 0.4141989052295685
v 0.0194790381938219 -0.0580796301364899 0.4142199754714966
v 0.0194598864763975 -0.0580470152199268 0.4141990840435028
v 0.0196892376989126 -0.0576914362609386 0.4141252338886261
v 0.0196925755590200 -0.0576438754796982 0.4141238927841187
v 0.0197381991893053 -0.0576442927122116 0.4141222536563873
v 0.0196232963353395 -0.0578654222190380 0.4141447842121124
v 0.0193046461790800 -0.0581277087330818 0.4142855107784271
v 0.0192991998046637 -0.0581119321286678 0.4142655134201050
v 0.0193905327469110 -0.0581046119332314 0.4142424464225769
v 0.0192950014024973 -0.0580913536250591 0.4142501354217529
v 0.0197317171841860 -0.0579221956431866 0.4142417609691620
v 0.0196705777198076 -0.0579959116876125 0.4142556488513947
v 0.0196666438132524 -0.0579969882965088 0.4142360091209412
v 0.0195532683283091 -0.0580818392336369 0.4142818450927734
v 0.0196591820567846 -0.0579951852560043 0.4142158627510071
v 0.0195828955620527 -0.0580553188920021 0.4142339229583740
v 0.0196483861654997 -0.0579897537827492 0.4141966700553894
v 0.0193177703768015 -0.0581410005688667 0.4143336415290833
v 0.0193081069737673 -0.0581340268254280 0.4142982065677643
v 0.0194151308387518 -0.0581312142312527 0.4143123328685760
v 0.0194039661437273 -0.0581259056925774 0.4142758846282959
v 0.0194966588169336 -0.0580993033945560 0.4142541885375977
v 0.0198192540556192 -0.0576438754796982 0.4142206609249115
v 0.0198170859366655 -0.0576440952718258 0.4141999483108521
v 0.0198088567703962 -0.0576442927122116 0.4141762256622314
v 0.0197692196816206 -0.0578353516757488 0.4141893386840820
v 0.0197974126785994 -0.0576444007456303 0.4141581952571869
v 0.0197570789605379 -0.0578327439725399 0.4141693413257599
v 0.0197798330336809 -0.0576444417238235 0.4141409695148468
v 0.0197405572980642 -0.0578278936445713 0.4141523241996765
v 0.0196999106556177 -0.0578131042420864 0.4141328334808350
v 0.0192933101207018 -0.0580782555043697 0.4142439067363739
v 0.0192913915961981 -0.0580415762960911 0.4142368733882904
v 0.0194802191108465 -0.0579940192401409 0.4141849577426910
v 0.0196031313389540 -0.0579545274376869 0.4141599535942078
v 0.0196347404271364 -0.0579806976020336 0.4141800701618195
v 0.0198420416563749 -0.0550325736403465 0.4141908288002014
v 0.0198420416563749 -0.0550325736403465 0.3935505747795105
v 0.0198420416563749 -0.0550325736403465 0.3969080746173859
v 0.0198420416563749 -0.0550325736403465 0.4003894031047821
v 0.0198420416563749 -0.0550325736403465 0.4108333587646484
v 0.0198420416563749 -0.0550325736403465 0.4073520302772522
v 0.0198420416563749 -0.0550325736403465 0.4038707017898560
v -0.0122402226552367 -0.0581410005688667 0.3900292515754700
v -0.0114776277914643 -0.0581410005688667 0.3897279500961304
v -0.0130410389974713 -0.0581123158335686 0.3907054662704468
v -0.0096264900639653 -0.0581337548792362 0.3897558152675629
v -0.0098066711798310 -0.0581410005688667 0.3896757364273071
v -0.0091631496325135 -0.0581410005688667 0.3898700475692749
v -0.0079959454014897 -0.0581410005688667 0.3906325995922089
v -0.0080220410600305 -0.0581337548792362 0.3906594216823578
v -0.0102492617443204 -0.0581410005688667 0.3896137475967407
v -0.0105315009132028 -0.0581410005688667 0.3896027207374573
v -0.0132989557459950 -0.0581410005688667 0.3908803164958954
v -0.0130904586985707 -0.0581410005688667 0.3906555771827698
v -0.0132484799250960 -0.0581408850848675 0.3908295631408691
v -0.0132768200710416 -0.0581408366560936 0.3908632695674896
v -0.0132861742749810 -0.0581408180296421 0.3908745944499969
v -0.0133947515860200 -0.0581405386328697 0.3910131454467773
v -0.0136497737839818 -0.0581391714513302 0.3914059102535248
v -0.0140768336132169 -0.0581410005688667 0.3924311697483063
v -0.0139972744509578 -0.0581337548792362 0.3922696411609650
v -0.0140230329707265 -0.0581337548792362 0.3941108584403992
v -0.0140405548736453 -0.0581410005688667 0.3941920697689056
v -0.0131346518173814 -0.0581337548792362 0.3957238197326660
v -0.0131617216393352 -0.0581410005688667 0.3957496583461761
v -0.0096406498923898 -0.0580764338374138 0.3898102939128876
v -0.0096423039212823 -0.0580415762960911 0.3898166418075562
v -0.0109032811596990 -0.0580415762960911 0.3897226154804230
v -0.0114526720717549 -0.0580700151622295 0.3898205757141113
v -0.0114515284076333 -0.0580415762960911 0.3898248076438904
v -0.0123963737860322 -0.0580415762960911 0.3902347981929779
v -0.0130244838073850 -0.0580763332545757 0.3907221853733063
v -0.0130198756232858 -0.0580415762960911 0.3907268345355988
v -0.0135178146883845 -0.0580415762960911 0.3913456499576569
v -0.0139430472627282 -0.0580763965845108 0.3922848105430603
v -0.0130891716107726 -0.0580415762960911 0.3956803977489471
v -0.0130949532613158 -0.0580799393355846 0.3956859111785889
v -0.0139620332047343 -0.0580415762960911 0.3940956294536591
v -0.0139684015884995 -0.0580763965845108 0.3940972387790680
v -0.0140441088005900 -0.0580415762960911 0.3928338289260864
v -0.0139367254450917 -0.0580415762960911 0.3922865688800812
v -0.0080449143424630 -0.0581123158335686 0.3906829357147217
v -0.0096347415819764 -0.0581123158335686 0.3897875547409058
v -0.0080603109672666 -0.0580799393355846 0.3906987607479095
v -0.0080658840015531 -0.0580415762960911 0.3907044827938080
v -0.0131109254434705 -0.0581123158335686 0.3957011699676514
v -0.0139912096783519 -0.0581123158335686 0.3941029310226440
v -0.0139656858518720 -0.0581123158335686 0.3922784626483917
v -0.0132721262052655 -0.0581408441066742 0.3908576369285583
v -0.0132674193009734 -0.0581408552825451 0.3908520042896271
v -0.0133231235668063 -0.0581407397985458 0.3909202218055725
v -0.0079305591061711 -0.0580785907804966 0.3907899558544159
v -0.0076970616355538 -0.0581410005688667 0.3907456696033478
v -0.0077717201784253 -0.0581343024969101 0.3907787203788757
v -0.0078841866925359 -0.0581410005688667 0.3907091915607452
v -0.0079378047958016 -0.0580423288047314 0.3907949030399323
v -0.0077789360657334 -0.0580786317586899 0.3908350765705109
v -0.0077795134857297 -0.0580426231026649 0.3908424973487854
v -0.0076143452897668 -0.0580423288047314 0.3908360600471497
v -0.0076205963268876 -0.0580785907804966 0.3908295333385468
v -0.0077760564163327 -0.0581123568117619 0.3908126056194305
v -0.0079207243397832 -0.0581123344600201 0.3907695412635803
v -0.0074716517701745 -0.0580799058079720 0.3907737135887146
v -0.0076249809935689 -0.0581123381853104 0.3908073306083679
v -0.0074825743213296 -0.0581122599542141 0.3907545506954193
v -0.0074988054111600 -0.0581337139010429 0.3907261192798615
v -0.0075173983350396 -0.0581410005688667 0.3906935155391693
v -0.0074676992371678 -0.0580415762960911 0.3907806277275085
v 0.0122275529429317 -0.0581277087330818 0.3915264904499054
v 0.0122406771406531 -0.0581410005688667 0.3914783596992493
v 0.0122142983600497 -0.0580415762960911 0.3915750980377197
v 0.0122162131592631 -0.0580782555043697 0.3915680646896362
v 0.0122179081663489 -0.0580913536250591 0.3915618658065796
v 0.0122221028432250 -0.0581119321286678 0.3915464580059052
v 0.0193177703768015 -0.0581410005688667 0.3848137259483337
v 0.0195053201168776 -0.0581046119332314 0.3848137259483337
v 0.0196691136807203 -0.0579973533749580 0.3848137259483337
v 0.0197793599218130 -0.0578355565667152 0.3848137259483337
v 0.0193046275526285 -0.0581410005688667 0.3845984935760498
v 0.0190145578235388 -0.0581410005688667 0.3838243186473846
v 0.0192436892539263 -0.0581046119332314 0.3838373124599457
v 0.0193855408579111 -0.0579973533749580 0.3837554156780243
v 0.0194810163229704 -0.0578355565667152 0.3837002813816071
v 0.0183888059109449 -0.0581410005688667 0.3832590579986572
v 0.0185289103537798 -0.0581046119332314 0.3831225335597992
v 0.0186108071357012 -0.0579973533749580 0.3829806745052338
v 0.0186659302562475 -0.0578355565667152 0.3828851878643036
v 0.0175525005906820 -0.0581410005688667 0.3830484449863434
v 0.0175525005906820 -0.0581046119332314 0.3828608989715576
v 0.0175525005906820 -0.0579973533749580 0.3826971054077148
v 0.0175525005906820 -0.0578355565667152 0.3825868666172028
v -0.0162047203630209 -0.0578172430396080 0.3830808401107788
v -0.0158368386328220 -0.0581410005688667 0.3833790421485901
v -0.0159973092377186 -0.0581115856766701 0.3832972049713135
v -0.0161233693361282 -0.0579973086714745 0.3831656873226166
v -0.0169440247118473 -0.0578172430396080 0.3848137259483337
v -0.0167783070355654 -0.0578172430396080 0.3839372694492340
v -0.0169079266488552 -0.0578927733004093 0.3848137259483337
v -0.0166688673198223 -0.0579973086714745 0.3839801847934723
v -0.0168264713138342 -0.0579973086714745 0.3848137259483337
v -0.0167245659977198 -0.0580745376646519 0.3848137259483337
v -0.0164992809295654 -0.0581115856766701 0.3840467035770416
v -0.0166443102061749 -0.0581115856766701 0.3848137259483337
v -0.0162483397871256 -0.0581410005688667 0.3839056491851807
v -0.0164750814437866 -0.0581410005688667 0.3848137259483337
v -0.0169440247118473 -0.0578172430396080 0.4229277074337006
v -0.0169079266488552 -0.0578927733004093 0.4229277074337006
v -0.0168264713138342 -0.0579973086714745 0.4229277074337006
v -0.0167245659977198 -0.0580745376646519 0.4229277074337006
v -0.0166443102061749 -0.0581115856766701 0.4229277074337006
v -0.0164750814437866 -0.0581410005688667 0.4229277074337006
v -0.0162047203630209 -0.0578172430396080 0.4246605932712555
v -0.0161233693361282 -0.0579973086714745 0.4245757460594177
v -0.0159973092377186 -0.0581115856766701 0.4244442284107208
v -0.0160654447972775 -0.0581410005688667 0.4241171479225159
v -0.0163796525448561 -0.0581410005688667 0.4235273003578186
v -0.0164992809295654 -0.0581115856766701 0.4236947298049927
v -0.0166688673198223 -0.0579973086714745 0.4237612485885620
v -0.0167783070355654 -0.0578172430396080 0.4238041639328003
v 0.0175525005906820 -0.0581410005688667 0.4246929883956909
v 0.0175525005906820 -0.0581046119332314 0.4248805344104767
v 0.0175525005906820 -0.0579973533749580 0.4250443279743195
v 0.0175525005906820 -0.0578355565667152 0.4251545667648315
v 0.0191271286457777 -0.0578355565667152 0.4245023429393768
v 0.0177677217870951 -0.0581410005688667 0.4246798455715179
v 0.0185418929904699 -0.0581410005688667 0.4243897795677185
v 0.0182998124510050 -0.0581046119332314 0.4247318804264069
v 0.0189333502203226 -0.0581046119332314 0.4243085682392120
v 0.0183624941855669 -0.0579973533749580 0.4248832166194916
v 0.0190491732209921 -0.0579973533749580 0.4244243800640106
v 0.0184046830981970 -0.0578355565667152 0.4249850511550903
v 0.0196098517626524 -0.0578355565667152 0.4237799048423767
v 0.0195079948753119 -0.0579973533749580 0.4237377047538757
v 0.0193566698580980 -0.0581046119332314 0.4236750304698944
v 0.0191071573644876 -0.0581410005688667 0.4237640202045441
v 0.0193177703768015 -0.0581410005688667 0.4229277074337006
v 0.0195053201168776 -0.0581046119332314 0.4229277074337006
v 0.0196691136807203 -0.0579973533749580 0.4229277074337006
v 0.0197793599218130 -0.0578355565667152 0.4229277074337006
v 0.0122142983600497 -0.0580415762960911 0.4161663055419922
v 0.0122162131592631 -0.0580782555043697 0.4161733388900757
v 0.0122179081663489 -0.0580913536250591 0.4161795675754547
v 0.0122221028432250 -0.0581119321286678 0.4161949455738068
v 0.0122275529429317 -0.0581277087330818 0.4162149429321289
v 0.0122406771406531 -0.0581410005688667 0.4162630736827850
v -0.0036663424689323 -0.0581410005688667 0.4185917079448700
v 0.0004561569367070 -0.0580799095332623 0.4189421832561493
v 0.0004568237636704 -0.0581122674047947 0.4189642071723938
v -0.0075173983350396 -0.0581410005688667 0.4170479178428650
v -0.0074988128617406 -0.0581337213516235 0.4170153141021729
v 0.0045386580750346 -0.0581337213516235 0.4183072447776794
v 0.0045499084517360 -0.0581410005688667 0.4183430373668671
v 0.0033568840008229 -0.0581410005688667 0.4186653196811676
v -0.0074825780466199 -0.0581122674047947 0.4169868826866150
v -0.0074716554954648 -0.0580799095332623 0.4169677197933197
v -0.0074676992371678 -0.0580415762960911 0.4169607758522034
v -0.0036420982796699 -0.0580415762960911 0.4184943735599518
v -0.0016067039687186 -0.0580415762960911 0.4188552200794220
v 0.0004559147928376 -0.0580415762960911 0.4189341962337494
v 0.0045198267325759 -0.0580415762960911 0.4182473421096802
v 0.0045222220942378 -0.0580799095332623 0.4182549715042114
v 0.0045288344845176 -0.0581122674047947 0.4182760119438171
v 0.0014046232681721 -0.0581410005688667 0.4189762175083160
v 0.0004589471791405 -0.0581410005688667 0.4190344512462616
v -0.0016189005691558 -0.0581410005688667 0.4189547598361969
v -0.0076198996976018 -0.0580785945057869 0.4169119596481323
v -0.0076143452897668 -0.0580423250794411 0.4169053435325623
v -0.0077786045148969 -0.0580786354839802 0.4169062972068787
v -0.0077795134857297 -0.0580426231026649 0.4168989062309265
v -0.0078310081735253 -0.0581410005688667 0.4170120060443878
v -0.0077714258804917 -0.0581343024969101 0.4169626533985138
v -0.0076404968276620 -0.0581410005688667 0.4170025289058685
v -0.0080603184178472 -0.0580799169838428 0.4170426428318024
v -0.0079208249226213 -0.0581123381853104 0.4169718027114868
v -0.0080449366942048 -0.0581122823059559 0.4170584678649902
v -0.0080220857635140 -0.0581337288022041 0.4170819520950317
v -0.0079959454014897 -0.0581410005688667 0.4171088039875031
v -0.0079378047958016 -0.0580423250794411 0.4169465303421021
v -0.0079306634142995 -0.0580785945057869 0.4169513881206512
v -0.0077757397666574 -0.0581123568117619 0.4169287979602814
v -0.0076243178918958 -0.0581123381853104 0.4169341623783112
v -0.0080658840015531 -0.0580415762960911 0.4170369207859039
v -0.0131346033886075 -0.0581337288022041 0.4120176732540131
v -0.0131109012290835 -0.0581122823059559 0.4120402932167053
v -0.0139911761507392 -0.0581122823059559 0.4136385023593903
v -0.0114776203408837 -0.0581410005688667 0.4180134236812592
v -0.0096170762553811 -0.0581410005688667 0.4180218577384949
v -0.0105478996410966 -0.0581410005688667 0.4181386232376099
v -0.0130904363468289 -0.0581410005688667 0.4170858263969421
v -0.0121487444266677 -0.0581410005688667 0.4177592694759369
v -0.0140333315357566 -0.0581410005688667 0.4154818952083588
v -0.0133518753573298 -0.0581410005688667 0.4167975485324860
v -0.0140875326469541 -0.0581410005688667 0.4152618050575256
v -0.0140229696407914 -0.0581337288022041 0.4136305749416351
v -0.0140341958031058 -0.0581410005688667 0.4135262966156006
v -0.0131617216393352 -0.0581410005688667 0.4119917750358582
v -0.0139684090390801 -0.0580764152109623 0.4136441946029663
v -0.0130949458107352 -0.0580799169838428 0.4120555222034454
v -0.0130891716107726 -0.0580415762960911 0.4120610356330872
v -0.0135178146883845 -0.0580415762960911 0.4163957834243774
v -0.0130244875326753 -0.0580763779580593 0.4170192480087280
v -0.0139430398121476 -0.0580763816833496 0.4154566228389740
v -0.0139620332047343 -0.0580415762960911 0.4136458039283752
v -0.0140441088005900 -0.0580415762960911 0.4149076044559479
v -0.0139367254450917 -0.0580415762960911 0.4154548645019531
v -0.0130198756232858 -0.0580415762960911 0.4170145988464355
v -0.0123963737860322 -0.0580415762960911 0.4175066351890564
v -0.0114532308652997 -0.0580763779580593 0.4179229438304901
v -0.0114515284076333 -0.0580415762960911 0.4179166257381439
v -0.0109032811596990 -0.0580415762960911 0.4180188179016113
v -0.0114593440666795 -0.0581122823059559 0.4179456233978271
v -0.0130410147830844 -0.0581122823059559 0.4170359373092651
v -0.0139656541869044 -0.0581122823059559 0.4154629409313202
v -0.0088362144306302 -0.0581410005688667 0.4177193343639374
v -0.0096411975100636 -0.0580699965357780 0.4179289937019348
v -0.0096423039212823 -0.0580415762960911 0.4179247617721558
v -0.0130050005391240 -0.0580785907804966 0.4119248986244202
v -0.0130514977499843 -0.0581410005688667 0.4116918444633484
v -0.0130177317187190 -0.0581343024969101 0.4117661714553833
v -0.0130861969664693 -0.0581410005688667 0.4118793010711670
v -0.0129999862983823 -0.0580423288047314 0.4119321107864380
v -0.0129613084718585 -0.0580786317586899 0.4117728471755981
v -0.0129538821056485 -0.0580426231026649 0.4117733538150787
v -0.0129618821665645 -0.0580423288047314 0.4116082489490509
v -0.0129683529958129 -0.0580785907804966 0.4116145670413971
v -0.0129838185384870 -0.0581123568117619 0.4117701947689056
v -0.0130255026742816 -0.0581123344600201 0.4119152724742889
v -0.0130255995318294 -0.0580799095332623 0.4114661812782288
v -0.0129905370995402 -0.0581123381853104 0.4116191864013672
v -0.0130446469411254 -0.0581122711300850 0.4114772677421570
v -0.0130729461088777 -0.0581337213516235 0.4114937782287598
v -0.0131053486838937 -0.0581410005688667 0.4115126729011536
v -0.0130187077447772 -0.0580415762960911 0.4114621579647064
v -0.0130255995318294 -0.0580799095332623 0.3962752521038055
v -0.0130187077447772 -0.0580415762960911 0.3962792754173279
v -0.0148376589640975 -0.0580415762960911 0.4012324213981628
v -0.0131053486838937 -0.0581410005688667 0.3962287604808807
v -0.0130729461088777 -0.0581337213516235 0.3962476551532745
v -0.0149364033713937 -0.0581410005688667 0.4012148678302765
v -0.0148892970755696 -0.0580849088728428 0.4014759361743927
v -0.0149030545726418 -0.0580865480005741 0.4015577137470245
v -0.0148455137386918 -0.0580799095332623 0.4012310206890106
v -0.0148751204833388 -0.0580832585692406 0.4013942182064056
v -0.0149364257231355 -0.0581410005688667 0.4065265655517578
v -0.0144862988963723 -0.0581410005688667 0.4083759486675262
v -0.0148376589640975 -0.0580415762960911 0.4065090119838715
v -0.0150793073698878 -0.0580820478498936 0.4038704037666321
v -0.0150351980701089 -0.0581048503518105 0.4025444090366364
v -0.0149538768455386 -0.0580929368734360 0.4018855988979340
v -0.0148857934400439 -0.0580844990909100 0.4014554917812347
v -0.0148822618648410 -0.0580840855836868 0.4014350473880768
v -0.0130446469411254 -0.0581122711300850 0.3962641358375549
v -0.0150779234245420 -0.0581410005688667 0.4021956622600555
v -0.0129684312269092 -0.0580785907804966 0.3961273133754730
v -0.0130677549168468 -0.0581410005688667 0.3959114253520966
v -0.0130176553502679 -0.0581343024969101 0.3959758877754211
v -0.0130579946562648 -0.0581410005688667 0.3961018025875092
v -0.0129618821665645 -0.0580423288047314 0.3961331546306610
v -0.0129612227901816 -0.0580786317586899 0.3959693014621735
v -0.0129538821056485 -0.0580426231026649 0.3959680497646332
v -0.0129999862983823 -0.0580423288047314 0.3958093225955963
v -0.0130048124119639 -0.0580785907804966 0.3958169817924500
v -0.0129837384447455 -0.0581123568117619 0.3959719240665436
v -0.0129906116053462 -0.0581123344600201 0.3961226940155029
v -0.0130253238603473 -0.0581123381853104 0.3958265781402588
v -0.0036438305396587 -0.0580779276788235 0.3892400860786438
v -0.0038886081892997 -0.0581410005688667 0.3892068862915039
v -0.0036572676617652 -0.0581337139010429 0.3891861438751221
v -0.0056782113388181 -0.0581410005688667 0.3898027837276459
v -0.0068223113194108 -0.0581410005688667 0.3903206288814545
v 0.0004559147928376 -0.0580415762960911 0.3888072073459625
v 0.0004561308596749 -0.0580779351294041 0.3888000547885895
v 0.0045198267325759 -0.0580415762960911 0.3894940614700317
v 0.0045222220942378 -0.0580799058079720 0.3894864618778229
v -0.0036420982796699 -0.0580415762960911 0.3892470300197601
v -0.0016067039687186 -0.0580415762960911 0.3888862133026123
v 0.0004568237636704 -0.0581122599542141 0.3887772262096405
v -0.0036493514198810 -0.0581122599542141 0.3892179131507874
v 0.0045499084517360 -0.0581410005688667 0.3893983960151672
v 0.0045386543497443 -0.0581337139010429 0.3894341886043549
v 0.0004589471791405 -0.0581410005688667 0.3887069821357727
v 0.0045288307592273 -0.0581122599542141 0.3894654214382172
v -0.0000000011306722 -0.0581410005688667 0.3887000381946564
v 0.0197144951671362 -0.0551320016384125 0.3936462104320526
v 0.0197417456656694 -0.0551320016384125 0.3936497569084167
v 0.0197601374238729 -0.0551302991807461 0.3936479091644287
v 0.0197916422039270 -0.0551187060773373 0.3936361670494080
v 0.0198026355355978 -0.0551114007830620 0.3936288654804230
v 0.0198283139616251 -0.0550823546946049 0.3935999274253845
v 0.0121870553120971 -0.0551320016384125 0.3915939927101135
v -0.0080716358497739 -0.0551320016384125 0.3907343745231628
v -0.0078895473852754 -0.0551320016384125 0.3908486366271973
v -0.0076763452962041 -0.0551320016384125 0.3908761739730835
v -0.0074712084606290 -0.0551320016384125 0.3908118903636932
v -0.0093446793034673 -0.0551320016384125 0.3899351060390472
v -0.0109006119892001 -0.0551320016384125 0.3897478580474854
v -0.0123829832300544 -0.0551320016384125 0.3902563452720642
v -0.0134963700547814 -0.0551320016384125 0.3913592398166656
v -0.0140188848599792 -0.0551320016384125 0.3928367197513580
v -0.0130592351779342 -0.0551320016384125 0.3956749141216278
v -0.0138463964685798 -0.0551320016384125 0.3943943679332733
v -0.0129874283447862 -0.0551320016384125 0.3962760567665100
v -0.0129212075844407 -0.0551320016384125 0.3960715532302856
v -0.0129467053338885 -0.0551320016384125 0.3958580791950226
v -0.0129874283447862 -0.0551320016384125 0.4114653766155243
v -0.0148059567436576 -0.0551320016384125 0.4065419733524323
v -0.0148059567436576 -0.0551320016384125 0.4011994302272797
v -0.0130592351779342 -0.0551320016384125 0.4120664894580841
v -0.0129467053338885 -0.0551320016384125 0.4118833243846893
v -0.0129212075844407 -0.0551320016384125 0.4116698801517487
v -0.0138463964685798 -0.0551320016384125 0.4133470654487610
v -0.0140188848599792 -0.0551320016384125 0.4149046838283539
v -0.0134963700547814 -0.0551320016384125 0.4163821935653687
v -0.0123829832300544 -0.0551320016384125 0.4174850583076477
v -0.0109006119892001 -0.0551320016384125 0.4179935455322266
v -0.0080716358497739 -0.0551320016384125 0.4170070588588715
v -0.0093446793034673 -0.0551320016384125 0.4178062975406647
v -0.0074712084606290 -0.0551320016384125 0.4169295430183411
v -0.0076763452962041 -0.0551320016384125 0.4168652594089508
v -0.0078895473852754 -0.0551320016384125 0.4168927967548370
v 0.0197144951671362 -0.0551320016384125 0.4140951931476593
v 0.0121870553120971 -0.0551320016384125 0.4161474108695984
v 0.0198283139616251 -0.0550823546946049 0.4141415059566498
v 0.0198026355355978 -0.0551114007830620 0.4141125679016113
v 0.0197417456656694 -0.0551320016384125 0.4140916764736176
v 0.0197601374238729 -0.0551302991807461 0.4140935242176056
v 0.0197916422039270 -0.0551187060773373 0.4141052365303040
v 0.0198283139616251 -0.0550823546946049 0.3969080746173859
v 0.0197417456656694 -0.0551320016384125 0.3937590420246124
v 0.0197916422039270 -0.0551187060773373 0.3969080746173859
v 0.0197916422039270 -0.0551187060773373 0.4108333587646484
v 0.0197417456656694 -0.0551320016384125 0.4139823913574219
v 0.0198283139616251 -0.0550823546946049 0.4108333587646484
v 0.0198283139616251 -0.0550823546946049 0.4073520302772522
v 0.0198283139616251 -0.0550823546946049 0.4038707017898560
v 0.0198283139616251 -0.0550823546946049 0.4003894031047821
v 0.0197916422039270 -0.0551187060773373 0.4073520302772522
v 0.0197916422039270 -0.0551187060773373 0.4038707017898560
v 0.0197916422039270 -0.0551187060773373 0.4003894031047821
v 0.0197417456656694 -0.0551320016384125 0.4108333587646484
v 0.0197417456656694 -0.0551320016384125 0.4073520302772522
v 0.0197417456656694 -0.0551320016384125 0.4038707017898560
v 0.0197417456656694 -0.0551320016384125 0.4003894031047821
v 0.0197417456656694 -0.0551320016384125 0.3969080746173859
v 0.0198593977838755 -0.0551320016384125 0.4139508605003357
v 0.0198593977838755 -0.0551320016384125 0.3937905728816986
v -0.0016039956826717 -0.0551320016384125 0.4188299775123596
v 0.0045327497646213 -0.0551320016384125 0.4182166457176208
v 0.0050200847908854 -0.0580417886376381 0.4183667302131653
v 0.0051241768524051 -0.0580415762960911 0.4185126423835754
v 0.0050148880109191 -0.0580786392092705 0.4183720648288727
v 0.0051182797178626 -0.0580762587487698 0.4185154139995575
v 0.0049990667030215 -0.0581123679876328 0.4183882772922516
v 0.0050969859585166 -0.0581122785806656 0.4185253977775574
v 0.0049752322956920 -0.0581343136727810 0.4184127449989319
v 0.0050639910623431 -0.0581351295113564 0.4185408949851990
v 0.0048718480393291 -0.0580418631434441 0.4182665944099426
v 0.0048688454553485 -0.0580786913633347 0.4182734191417694
v 0.0048597259446979 -0.0581123940646648 0.4182941913604736
v 0.0048459945246577 -0.0581343211233616 0.4183254539966583
v 0.0049108108505607 -0.0581410005688667 0.4184047877788544
v 0.0050333878025413 -0.0581410005688667 0.4185552597045898
v 0.0046975566074252 -0.0580417886376381 0.4182252883911133
v 0.0046971542760730 -0.0580786392092705 0.4182327091693878
v 0.0046959174796939 -0.0581123679876328 0.4182553589344025
v 0.0046940548345447 -0.0581343136727810 0.4182894527912140
v 0.0047374470159411 -0.0581410005688667 0.4183302223682404
v 0.0120938932523131 -0.0581340454518795 0.4162926673889160
v 0.0120765483006835 -0.0581410005688667 0.4163532853126526
v 0.0119868991896510 -0.0581340491771698 0.4163998663425446
v 0.0119734620675445 -0.0581410005688667 0.4165018200874329
v 0.0119233680889010 -0.0581340454518795 0.4165374338626862
v 0.0119466139003634 -0.0581410005688667 0.4166859090328217
v 0.0119129372760653 -0.0581351295113564 0.4166889190673828
v 0.0118766343221068 -0.0581122785806656 0.4166921675205231
v 0.0118532022461295 -0.0580762587487698 0.4166942536830902
v 0.0118690570816398 -0.0580783970654011 0.4165229499340057
v 0.0118906898424029 -0.0581119991838932 0.4165287017822266
v 0.0119407502934337 -0.0580784454941750 0.4163677394390106
v 0.0119591383263469 -0.0581120252609253 0.4163805246353149
v 0.0120614869520068 -0.0580783970654011 0.4162467420101166
v 0.0120743950828910 -0.0581119991838932 0.4162650406360626
v 0.0120572512969375 -0.0580417700111866 0.4162407219409943
v 0.0119347041472793 -0.0580418407917023 0.4163635075092316
v 0.0118619604036212 -0.0580417737364769 0.4165210425853729
v 0.0118467165157199 -0.0580415762960911 0.4166948497295380
v 0.0119835836812854 -0.0551320016384125 0.4162584245204926
v 0.0119065036997199 -0.0551320016384125 0.4163460135459900
v 0.0118517493829131 -0.0551320016384125 0.4164490401744843
v 0.0118197193369269 -0.0551320016384125 0.4166785776615143
v 0.0198593977838755 -0.0559343993663788 0.3937905728816986
v 0.0198593977838755 -0.0559343993663788 0.4139508605003357
v 0.0118197193369269 -0.0551320016384125 0.3910628259181976
v 0.0118467165157199 -0.0580415762960911 0.3910465836524963
v 0.0118618374690413 -0.0580417700111866 0.3912197053432465
v 0.0118517493829131 -0.0551320016384125 0.3912923932075500
v 0.0119342980906367 -0.0580418407917023 0.3913773298263550
v 0.0119065036997199 -0.0551320016384125 0.3913954198360443
v 0.0120566776022315 -0.0580417737364769 0.3915003538131714
v 0.0119835836812854 -0.0551320016384125 0.3914830088615417
v 0.0120774349197745 -0.0581410005688667 0.3913891017436981
v 0.0120933940634131 -0.0581340454518795 0.3914484679698944
v 0.0120738549157977 -0.0581119991838932 0.3914760649204254
v 0.0120609207078815 -0.0580783970654011 0.3914943635463715
v 0.0119403516873717 -0.0580784454941750 0.3913731276988983
v 0.0119587546214461 -0.0581120252609253 0.3913603425025940
v 0.0119865452870727 -0.0581340491771698 0.3913410604000092
v 0.0119740655645728 -0.0581410005688667 0.3912407755851746
v 0.0118689341470599 -0.0580783970654011 0.3912178277969360
v 0.0118905743584037 -0.0581119991838932 0.3912121057510376
v 0.0119232600554824 -0.0581340454518795 0.3912034332752228
v 0.0119466139003634 -0.0581410005688667 0.3910555243492126
v 0.0119129484519362 -0.0581351332366467 0.3910525143146515
v 0.0118766380473971 -0.0581122823059559 0.3910492658615112
v 0.0118532022461295 -0.0580762624740601 0.3910471796989441
v 0.0118245510384440 -0.0581410005688667 0.4179970920085907
v 0.0109702004119754 -0.0581410005688667 0.4195048213005066
v 0.0094965538010001 -0.0581410005688667 0.4204522669315338
v 0.0058208545669913 -0.0581410005688667 0.4196466207504272
v 0.0061492538079619 -0.0581410005688667 0.4199234843254089
v 0.0075085153803229 -0.0581410005688667 0.4205533862113953
v 0.0091987429186702 -0.0581410005688667 0.4205396175384521
v 0.0108716515824199 -0.0581410005688667 0.3881360292434692
v 0.0106538338586688 -0.0581410005688667 0.3879389464855194
v 0.0092740533873439 -0.0581410005688667 0.3872212767601013
v 0.0118164112791419 -0.0581410005688667 0.3897160589694977
v 0.0116849793121219 -0.0581410005688667 0.3893415033817291
v 0.0074331713840365 -0.0581410005688667 0.3872062563896179
v 0.0083249015733600 -0.0581410005688667 0.3870952129364014
v 0.0090299239382148 -0.0581410005688667 0.3871642351150513
v 0.0066154366359115 -0.0581410005688667 0.3875221312046051
v 0.0057298755273223 -0.0581410005688667 0.3881843090057373
v 0.0050333878025413 -0.0581410005688667 0.3891861736774445
v 0.0049176318570971 -0.0581410005688667 0.3893314599990845
v 0.0047463728114963 -0.0581410005688667 0.3894094228744507
v 0.0049752732738853 -0.0581340454518795 0.3893293738365173
v 0.0050639836117625 -0.0581351332366467 0.3892005383968353
v 0.0049988469108939 -0.0581120066344738 0.3893536329269409
v 0.0050969822332263 -0.0581122823059559 0.3892160058021545
v 0.0050144558772445 -0.0580784082412720 0.3893696665763855
v 0.0051182797178626 -0.0580762624740601 0.3892260193824768
v 0.0050195781514049 -0.0580417886376381 0.3893749415874481
v 0.0051241768524051 -0.0580415762960911 0.3892287909984589
v 0.0048714717850089 -0.0580418631434441 0.3894750177860260
v 0.0048685139045119 -0.0580784603953362 0.3894682526588440
v 0.0048595210537314 -0.0581120327115059 0.3894477188587189
v 0.0048459460958838 -0.0581340529024601 0.3894167542457581
v 0.0046974448487163 -0.0580417886376381 0.3895159661769867
v 0.0046970462426543 -0.0580784082412720 0.3895086348056793
v 0.0046958317980170 -0.0581120066344738 0.3894862830638885
v 0.0046939952298999 -0.0581340454518795 0.3894525170326233
v 0.0045327497646213 -0.0551320016384125 0.3895247578620911
v -0.0016039956826717 -0.0551320016384125 0.3889114558696747
v 0.0115782050415874 -0.0551320016384125 0.3915716111660004
v -0.0136186657473445 -0.0551320016384125 0.3945653140544891
v -0.0126615157350898 -0.0551320016384125 0.3958375453948975
v 0.0115782050415874 -0.0551320016384125 0.4161697924137115
v -0.0126615157350898 -0.0551320016384125 0.4119038581848145
v -0.0136186657473445 -0.0551320016384125 0.4131761193275452
v -0.0091758938506246 -0.0551320016384125 0.4175769686698914
v -0.0079127782955766 -0.0551320016384125 0.4166077971458435
v -0.0079127782955766 -0.0551320016384125 0.3911336362361908
v -0.0091758938506246 -0.0551320016384125 0.3901644647121429
v -0.0107433581724763 -0.0551320016384125 0.4178558886051178
v -0.0122632579877973 -0.0551320016384125 0.4173819124698639
v -0.0133943567052484 -0.0551320016384125 0.4162614941596985
v -0.0138827050104737 -0.0551320016384125 0.4147461354732513
v 0.0051048649474978 -0.0551320016384125 0.4179698526859283
v 0.0049898205325007 -0.0551320016384125 0.4182975292205811
v 0.0048863431438804 -0.0551320016384125 0.4182360768318176
v 0.0047712055966258 -0.0551320016384125 0.4182010293006897
v -0.0015604172367603 -0.0551320016384125 0.4187841415405273
v 0.0051048649474978 -0.0551320016384125 0.3897715806961060
v -0.0015604172367603 -0.0551320016384125 0.3889572620391846
v 0.0051389550790191 -0.0551320016384125 0.3892571926116943
v 0.0060011958703399 -0.0551320016384125 0.3883044123649597
v 0.0058659417554736 -0.0551320016384125 0.3882260024547577
v 0.0075059263035655 -0.0551320016384125 0.3874726891517639
v 0.0074358796700835 -0.0551320016384125 0.3873353600502014
v 0.0092250807210803 -0.0551320016384125 0.3874941766262054
v 0.0092408424243331 -0.0551320016384125 0.3873425126075745
v 0.0107085509225726 -0.0551320016384125 0.3883632719516754
v 0.0108036613091826 -0.0551320016384125 0.3882455825805664
v 0.0115679232403636 -0.0551320016384125 0.3898523747920990
v 0.0117111792787910 -0.0551320016384125 0.3898058235645294
v -0.0147293591871858 -0.0551320016384125 0.4010615348815918
v 0.0115679232403636 -0.0551320016384125 0.4178890585899353
v 0.0117111792787910 -0.0551320016384125 0.4179356098175049
v 0.0107085509225726 -0.0551320016384125 0.4193781614303589
v 0.0108036613091826 -0.0551320016384125 0.4194958508014679
v 0.0092250807210803 -0.0551320016384125 0.4202472269535065
v 0.0092408424243331 -0.0551320016384125 0.4203989207744598
v 0.0075059263035655 -0.0551320016384125 0.4202687144279480
v 0.0074358796700835 -0.0551320016384125 0.4204060733318329
v 0.0060011958703399 -0.0551320016384125 0.4194370210170746
v 0.0058659417554736 -0.0551320016384125 0.4195154309272766
v 0.0051389550790191 -0.0551320016384125 0.4184842407703400
v 0.0047052381560206 -0.0551320016384125 0.3895476162433624
v 0.0047712055966258 -0.0551320016384125 0.3895404040813446
v 0.0048863431438804 -0.0551320016384125 0.3895053565502167
v 0.0049898205325007 -0.0551320016384125 0.3894439041614532
v 0.0050396015867591 -0.0551320016384125 0.3894000053405762
v -0.0138827050104737 -0.0551320016384125 0.3929952681064606
v -0.0133943567052484 -0.0551320016384125 0.3914799392223358
v -0.0122632579877973 -0.0551320016384125 0.3903595209121704
v -0.0107433581724763 -0.0551320016384125 0.3898855447769165
v -0.0147293591871858 -0.0551320016384125 0.4066798985004425
v 0.0117811663076282 -0.0559343993663788 0.3916260004043579
v 0.0115782050415874 -0.0559343993663788 0.3915716111660004
v 0.0115679232403636 -0.0559343993663788 0.3898523747920990
v 0.0107085509225726 -0.0559343993663788 0.3883632719516754
v 0.0092250807210803 -0.0559343993663788 0.3874941766262054
v 0.0075059263035655 -0.0559343993663788 0.3874726891517639
v 0.0060011958703399 -0.0559343993663788 0.3883044123649597
v 0.0051048649474978 -0.0559343993663788 0.3897715806961060
v -0.0015604172367603 -0.0559343993663788 0.3889572620391846
v -0.0079127782955766 -0.0559343993663788 0.3911336362361908
v -0.0091758938506246 -0.0559343993663788 0.3901644647121429
v -0.0107433581724763 -0.0559343993663788 0.3898855447769165
v -0.0122632579877973 -0.0559343993663788 0.3903595209121704
v -0.0133943567052484 -0.0559343993663788 0.3914799392223358
v -0.0138827050104737 -0.0559343993663788 0.3929952681064606
v -0.0136186657473445 -0.0559343993663788 0.3945653140544891
v -0.0126615157350898 -0.0559343993663788 0.3958375453948975
v -0.0147293591871858 -0.0559343993663788 0.4010615348815918
v -0.0147293591871858 -0.0559343993663788 0.4066798985004425
v -0.0126615157350898 -0.0559343993663788 0.4119038581848145
v -0.0136186657473445 -0.0559343993663788 0.4131761193275452
v -0.0138827050104737 -0.0559343993663788 0.4147461354732513
v -0.0133943567052484 -0.0559343993663788 0.4162614941596985
v -0.0122632579877973 -0.0559343993663788 0.4173819124698639
v -0.0107433581724763 -0.0559343993663788 0.4178558886051178
v -0.0091758938506246 -0.0559343993663788 0.4175769686698914
v -0.0079127782955766 -0.0559343993663788 0.4166077971458435
v -0.0015604172367603 -0.0559343993663788 0.4187841415405273
v 0.0051048649474978 -0.0559343993663788 0.4179698526859283
v 0.0060011958703399 -0.0559343993663788 0.4194370210170746
v 0.0075059263035655 -0.0559343993663788 0.4202687144279480
v 0.0092250807210803 -0.0559343993663788 0.4202472269535065
v 0.0107085509225726 -0.0559343993663788 0.4193781614303589
v 0.0115679232403636 -0.0559343993663788 0.4178890585899353
v 0.0115782050415874 -0.0559343993663788 0.4161697924137115
v 0.0117811663076282 -0.0559343993663788 0.4161154329776764
v 0.0050871847197413 -0.0563054457306862 0.4184169173240662
v 0.0051068020984530 -0.0571773648262024 0.4184628129005432
v 0.0051348609849811 -0.0559343993663788 0.4184920787811279
v 0.0050810603424907 -0.0559343993663788 0.4184022247791290
v 0.0051212897524238 -0.0574937313795090 0.4184955954551697
v 0.0051267324015498 -0.0575354397296906 0.4185076951980591
v 0.0052867447957397 -0.0580415762960911 0.4188189208507538
v 0.0091697787865996 -0.0581049844622612 0.4204674661159515
v 0.0092539479956031 -0.0581046119332314 0.4204455018043518
v 0.0092557100579143 -0.0581122785806656 0.4204523265361786
v 0.0092336116358638 -0.0581209287047386 0.4204686284065247
v 0.0074721937999129 -0.0581214241683483 0.4204835295677185
v 0.0117839789018035 -0.0581351295113564 0.4180159270763397
v 0.0117445131763816 -0.0581072606146336 0.4180040359497070
v 0.0117255030199885 -0.0580735988914967 0.4179987907409668
v 0.0117201386019588 -0.0580415762960911 0.4179973602294922
v 0.0113622089847922 -0.0580429472029209 0.4188203811645508
v 0.0113630546256900 -0.0580415762960911 0.4188189208507538
v 0.0106538562104106 -0.0580889843404293 0.4196868538856506
v 0.0108086680993438 -0.0580849386751652 0.4195410013198853
v 0.0108196130022407 -0.0581084974110126 0.4195528924465179
v 0.0109601942822337 -0.0580798424780369 0.4193793833255768
v 0.0100967837497592 -0.0581122785806656 0.4201045632362366
v 0.0100805191323161 -0.0580983012914658 0.4201001226902008
v 0.0084988540038466 -0.0581066161394119 0.4205663502216339
v 0.0083540035411716 -0.0581122785806656 0.4205758273601532
v 0.0074404170736670 -0.0581049174070358 0.4204574227333069
v 0.0074504008516669 -0.0581122785806656 0.4204670488834381
v 0.0068788146600127 -0.0581014268100262 0.4202589690685272
v 0.0057426495477557 -0.0580817908048630 0.4194383025169373
v 0.0058822920545936 -0.0580860413610935 0.4195815324783325
v 0.0058692460879683 -0.0581122785806656 0.4195956587791443
v 0.0060418052598834 -0.0580898858606815 0.4197268187999725
v 0.0066037653014064 -0.0581122785806656 0.4201330840587616
v 0.0053052743896842 -0.0580503903329372 0.4188505411148071
v 0.0108472099527717 -0.0581134743988514 0.4195324480533600
v 0.0112926168367267 -0.0580590404570103 0.4189353287220001
v 0.0113522736355662 -0.0580481663346291 0.4188374280929565
v 0.0118043897673488 -0.0559343993663788 0.4175257384777069
v 0.0117265870794654 -0.0565889403223991 0.4179273843765259
v 0.0058610392734408 -0.0559343993663788 0.4195204377174377
v 0.0074341064319015 -0.0559343993663788 0.4204128384590149
v 0.0092426678165793 -0.0559343993663788 0.4204056859016418
v 0.0108086047694087 -0.0559343993663788 0.4195007979869843
v 0.0117179332301021 -0.0559343993663788 0.4179374575614929
v 0.0196587983518839 -0.3504923880100250 0.4119905233383179
v 0.0196587983518839 -0.0559343993663788 0.4119905233383179
v 0.0194263253360987 -0.0559343993663788 0.4130449295043945
v 0.0194263253360987 -0.3504923880100250 0.4130449295043945
v 0.0187720116227865 -0.0559343993663788 0.4139038324356079
v 0.0187720116227865 -0.3504923880100250 0.4139038324356079
v 0.0178171824663877 -0.0559343993663788 0.4144079685211182
v 0.0178171824663877 -0.3504923880100250 0.4144079685211182
v 0.0196587983518839 -0.0559343993663788 0.3957509100437164
v 0.0196587983518839 -0.3504923880100250 0.3957509100437164
v 0.0178171824663877 -0.3504923880100250 0.3933334350585938
v 0.0178171824663877 -0.0559343993663788 0.3933334350585938
v 0.0187720116227865 -0.0559343993663788 0.3938375711441040
v 0.0187720116227865 -0.3504923880100250 0.3938375711441040
v 0.0194263253360987 -0.0559343993663788 0.3946965038776398
v 0.0194263253360987 -0.3504923880100250 0.3946965038776398
v 0.0118021583184600 -0.0559343993663788 0.4160911440849304
v 0.0118896244093776 -0.0559343993663788 0.4160406887531281
v 0.0118896244093776 -0.0559343993663788 0.3917007148265839
v 0.0118021583184600 -0.0559343993663788 0.3916502594947815
v 0.0113624176010489 -0.0580426938831806 0.3889214098453522
v 0.0117201386019588 -0.0580415762960911 0.3897440433502197
v 0.0117265870794654 -0.0565889403223991 0.3898140490055084
v 0.0118043897673488 -0.0559343993663788 0.3902156651020050
v 0.0117179332301021 -0.0559343993663788 0.3898039758205414
v 0.0108086047694087 -0.0559343993663788 0.3882406353950500
v 0.0092426678165793 -0.0559343993663788 0.3873357474803925
v 0.0074341064319015 -0.0559343993663788 0.3873285651206970
v 0.0058610392734408 -0.0559343993663788 0.3882209956645966
v 0.0051348609849811 -0.0559343993663788 0.3892493546009064
v 0.0117255030199885 -0.0580735579133034 0.3897426724433899
v 0.0117489835247397 -0.0581122823059559 0.3897356688976288
v 0.0058536073192954 -0.0581255629658699 0.3881374597549438
v 0.0074262386187911 -0.0581410005688667 0.3872084915637970
v 0.0058821318671107 -0.0581241957843304 0.3881134688854218
v 0.0059959469363093 -0.0580889843404293 0.3880545496940613
v 0.0056895902380347 -0.0580798424780369 0.3883620500564575
v 0.0052875904366374 -0.0580429472029209 0.3889210522174835
v 0.0052867447957397 -0.0580415762960911 0.3889225125312805
v 0.0074055446311831 -0.0581409819424152 0.3872153460979462
v 0.0074193133041263 -0.0581409968435764 0.3872106969356537
v 0.0074646202847362 -0.0581049807369709 0.3872778117656708
v 0.0070090359076858 -0.0581308789551258 0.3873888254165649
v 0.0068788109347224 -0.0581013709306717 0.3874824345111847
v 0.0066058253869414 -0.0581134743988514 0.3876057863235474
v 0.0091577647253871 -0.0581051297485828 0.3872709870338440
v 0.0084988540038466 -0.0581066198647022 0.3871750831604004
v 0.0083542680367827 -0.0581335425376892 0.3871333003044128
v 0.0078926337882876 -0.0581391155719757 0.3871404826641083
v 0.0076621649786830 -0.0581405274569988 0.3871660232543945
v 0.0092539442703128 -0.0581047199666500 0.3872959315776825
v 0.0092557137832046 -0.0581122823059559 0.3872891068458557
v 0.0100805154070258 -0.0580983236432076 0.3876412808895111
v 0.0100967874750495 -0.0581122823059559 0.3876368701457977
v 0.0106268664821982 -0.0580894760787487 0.3880308866500854
v 0.0108224367722869 -0.0581122823059559 0.3881861865520477
v 0.0108087649568915 -0.0580848865211010 0.3882005214691162
v 0.0109123131260276 -0.0580816119909286 0.3883087337017059
v 0.0075474260374904 -0.0581408813595772 0.3871843218803406
v 0.0074902316555381 -0.0581409707665443 0.3871948421001434
v 0.0113445250317454 -0.0580503903329372 0.3888908922672272
v 0.0073781935498118 -0.0581409074366093 0.3872251212596893
v 0.0073240725323558 -0.0581405125558376 0.3872459232807159
v 0.0072175255045295 -0.0581385977566242 0.3872908651828766
v 0.0074616847559810 -0.0581409931182861 0.3872004449367523
v 0.0053571863099933 -0.0580590404570103 0.3888061046600342
v 0.0052975257858634 -0.0580481663346291 0.3889040052890778
v 0.0051267324015498 -0.0575354397296906 0.3892337381839752
v 0.0051215915009379 -0.0574972219765186 0.3892451524734497
v 0.0050981370732188 -0.0568530000746250 0.3892986476421356
v 0.0050810603424907 -0.0559343993663788 0.3893392086029053
v 0.0117503507062793 -0.0559343993663788 0.4161778092384338
v 0.0117473257705569 -0.0559343993663788 0.4162787497043610
v 0.0050258031114936 -0.0559343993663788 0.3894814252853394
v 0.0049675917252898 -0.0559343993663788 0.3895653784275055
v 0.0117503507062793 -0.0559343993663788 0.3915635943412781
v 0.0117473257705569 -0.0559343993663788 0.3914626836776733
v 0.0118182776495814 -0.0559343993663788 0.3903349637985229
v 0.0118182776495814 -0.0559343993663788 0.4174064397811890
v 0.0048755807802081 -0.0559343993663788 0.4181316494941711
v 0.0049675917252898 -0.0559343993663788 0.4181760251522064
v 0.0050258031114936 -0.0559343993663788 0.4182599782943726
v -0.0128536606207490 -0.0559343993663788 0.4118408560752869
v -0.0129050044342875 -0.0559343993663788 0.4119159877300262
v -0.0078479582443833 -0.0559343993663788 0.4167993366718292
v -0.0077579999342561 -0.0559343993663788 0.4167856276035309
v -0.0076712379232049 -0.0559343993663788 0.4168130457401276
v -0.0015931401867419 -0.0559343993663788 0.4188311100006104
v 0.0047736344859004 -0.0559343993663788 0.4181383252143860
v -0.0138096092268825 -0.0559343993663788 0.4132464826107025
v -0.0140256630256772 -0.0559343993663788 0.4148407876491547
v -0.0135077824816108 -0.0559343993663788 0.4163640439510345
v -0.0123647497966886 -0.0559343993663788 0.4174962937831879
v -0.0108366506174207 -0.0559343993663788 0.4179997146129608
v -0.0092444578185678 -0.0559343993663788 0.4177685678005219
v -0.0079225981608033 -0.0559343993663788 0.4168514013290405
v 0.0048755807802081 -0.0559343993663788 0.3896097838878632
v 0.0047736344859004 -0.0559343993663788 0.3896031081676483
v -0.0015931401867419 -0.0559343993663788 0.3889102935791016
v -0.0076712379232049 -0.0559343993663788 0.3909283876419067
v -0.0077579999342561 -0.0559343993663788 0.3909558057785034
v -0.0078479582443833 -0.0559343993663788 0.3909420967102051
v -0.0079225981608033 -0.0559343993663788 0.3908900320529938
v -0.0092444578185678 -0.0559343993663788 0.3899728655815125
v -0.0108366506174207 -0.0559343993663788 0.3897416889667511
v -0.0123647497966886 -0.0559343993663788 0.3902451097965240
v -0.0135077824816108 -0.0559343993663788 0.3913773596286774
v -0.0140256630256772 -0.0559343993663788 0.3929006159305573
v -0.0138096092268825 -0.0559343993663788 0.3944949507713318
v -0.0129050044342875 -0.0559343993663788 0.3958254456520081
v -0.0128536606207490 -0.0559343993663788 0.3959005475044250
v -0.0128407916054130 -0.0559343993663788 0.3959906399250031
v -0.0128690460696816 -0.0559343993663788 0.3960771560668945
v -0.0147978430613875 -0.0559343993663788 0.4011548459529877
v -0.0147978430613875 -0.0559343993663788 0.4065865576267242
v -0.0128690460696816 -0.0559343993663788 0.4116642773151398
v -0.0128407916054130 -0.0559343993663788 0.4117507934570312
v -0.0079225981608033 -0.3504923880100250 0.3908900320529938
v -0.0078479582443833 -0.3504923880100250 0.3909420967102051
v -0.0077579999342561 -0.3504923880100250 0.3909558057785034
v -0.0076712379232049 -0.3504923880100250 0.3909283876419067
v -0.0129050044342875 -0.3504923880100250 0.3958254456520081
v -0.0138096092268825 -0.3504923880100250 0.3944949507713318
v -0.0140256630256772 -0.3504923880100250 0.3929006159305573
v -0.0135077824816108 -0.3504923880100250 0.3913773596286774
v -0.0123647497966886 -0.3504923880100250 0.3902451097965240
v -0.0108366506174207 -0.3504923880100250 0.3897416889667511
v -0.0092444578185678 -0.3504923880100250 0.3899728655815125
v -0.0128690460696816 -0.3504923880100250 0.3960771560668945
v -0.0128407916054130 -0.3504923880100250 0.3959906399250031
v -0.0128536606207490 -0.3504923880100250 0.3959005475044250
v -0.0128690460696816 -0.3504923880100250 0.4116642773151398
v -0.0147978430613875 -0.3504923880100250 0.4065865576267242
v -0.0147978430613875 -0.3504923880100250 0.4011548459529877
v -0.0129050044342875 -0.3504923880100250 0.4119159877300262
v -0.0128536606207490 -0.3504923880100250 0.4118408560752869
v -0.0128407916054130 -0.3504923880100250 0.4117507934570312
v -0.0079225981608033 -0.3504923880100250 0.4168514013290405
v -0.0092444578185678 -0.3504923880100250 0.4177685678005219
v -0.0108366506174207 -0.3504923880100250 0.4179997146129608
v -0.0123647497966886 -0.3504923880100250 0.4174962937831879
v -0.0135077824816108 -0.3504923880100250 0.4163640439510345
v -0.0140256630256772 -0.3504923880100250 0.4148407876491547
v -0.0138096092268825 -0.3504923880100250 0.4132464826107025
v -0.0076712379232049 -0.3504923880100250 0.4168130457401276
v -0.0077579999342561 -0.3504923880100250 0.4167856276035309
v -0.0078479582443833 -0.3504923880100250 0.4167993366718292
v 0.0047736344859004 -0.3504923880100250 0.4181383252143860
v -0.0015931401867419 -0.3504923880100250 0.4188311100006104
v 0.0050258031114936 -0.3504923880100250 0.4182599782943726
v 0.0049675917252898 -0.3504923880100250 0.4181760251522064
v 0.0048755807802081 -0.3504923880100250 0.4181316494941711
v 0.0068788332864642 -0.3504923880100250 0.4202589988708496
v 0.0055778538808227 -0.3504923880100250 0.4192458689212799
v 0.0100804967805743 -0.3504923880100250 0.4201001524925232
v 0.0084988540038466 -0.3504923880100250 0.4205663502216339
v 0.0112748024985194 -0.3504923880100250 0.4189632236957550
v 0.0118182776495814 -0.3504923880100250 0.4174064397811890
v 0.0117473257705569 -0.3504923880100250 0.4162787497043610
v 0.0118896244093776 -0.3504923880100250 0.4160406887531281
v 0.0118021583184600 -0.3504923880100250 0.4160911440849304
v 0.0117503507062793 -0.3504923880100250 0.4161778092384338
v 0.0118896244093776 -0.3504923880100250 0.3917007148265839
v 0.0117503507062793 -0.3504923880100250 0.3915635943412781
v 0.0117473257705569 -0.3504923880100250 0.3914626836776733
v 0.0118021583184600 -0.3504923880100250 0.3916502594947815
v 0.0100804967805743 -0.3504923880100250 0.3876412808895111
v 0.0118182776495814 -0.3504923880100250 0.3903349637985229
v 0.0112748024985194 -0.3504923880100250 0.3887781798839569
v 0.0084988540038466 -0.3504923880100250 0.3871750831604004
v 0.0068788332864642 -0.3504923880100250 0.3874824345111847
v 0.0055778538808227 -0.3504923880100250 0.3884955346584320
v 0.0050258031114936 -0.3504923880100250 0.3894814252853394
v 0.0047736344859004 -0.3504923880100250 0.3896031081676483
v 0.0048755807802081 -0.3504923880100250 0.3896097838878632
v 0.0049675917252898 -0.3504923880100250 0.3895653784275055
v -0.0015931401867419 -0.3504923880100250 0.3889102935791016
v -0.0859030038118362 -0.0472637861967087 0.3948886990547180
v -0.0859030038118362 -0.0472637861967087 0.3950887024402618
v -0.0860529989004135 -0.0472637861967087 0.3948484957218170
v -0.0861530005931854 -0.0472637861967087 0.3950217068195343
v -0.0861628055572510 -0.0472637861967087 0.3947387039661407
v -0.0863360166549683 -0.0472637861967087 0.3948386907577515
v -0.0862030014395714 -0.0472637861967087 0.3945886790752411
v -0.0864029973745346 -0.0472637861967087 0.3945886790752411
v -0.0861628055572510 -0.0472637861967087 0.3944386839866638
v -0.0863360166549683 -0.0472637861967087 0.3943386971950531
v -0.0860529989004135 -0.0472637861967087 0.3943288922309875
v -0.0861530005931854 -0.0472637861967087 0.3941556811332703
v -0.0859030038118362 -0.0472637861967087 0.3942886888980865
v -0.0859030038118362 -0.0472637861967087 0.3940886855125427
v -0.0857530012726784 -0.0472637861967087 0.3943288922309875
v -0.0856529995799065 -0.0472637861967087 0.3941556811332703
v -0.0856431946158409 -0.0472637861967087 0.3944386839866638
v -0.0854699909687042 -0.0472637861967087 0.3943386971950531
v -0.0856029987335205 -0.0472637861967087 0.3945886790752411
v -0.0854030027985573 -0.0472637861967087 0.3945886790752411
v -0.0856431946158409 -0.0472637861967087 0.3947387039661407
v -0.0854699909687042 -0.0472637861967087 0.3948386907577515
v -0.0857530012726784 -0.0472637861967087 0.3948484957218170
v -0.0856529995799065 -0.0472637861967087 0.3950217068195343
v -0.0861530005931854 0.0110060013830662 0.3941556811332703
v -0.0856529995799065 0.0110060013830662 0.3950217068195343
v -0.0863360166549683 0.0110060013830662 0.3943386971950531
v -0.0854699909687042 0.0110060013830662 0.3948386907577515
v -0.0854030027985573 0.0110060013830662 0.3945886790752411
v -0.0861530005931854 0.0110060013830662 0.3950217068195343
v -0.0859030038118362 0.0110060013830662 0.3950887024402618
v -0.0863360166549683 0.0110060013830662 0.3948386907577515
v -0.0864029973745346 0.0110060013830662 0.3945886790752411
v -0.0854699909687042 0.0110060013830662 0.3943386971950531
v -0.0856529995799065 0.0110060013830662 0.3941556811332703
v -0.0859030038118362 0.0110060013830662 0.3940886855125427
v -0.0861628055572510 -0.0492637865245342 0.3947387039661407
v -0.0862030014395714 -0.0492637865245342 0.3945886790752411
v -0.0861628055572510 -0.0492637865245342 0.3944386839866638
v -0.0856431946158409 -0.0492637865245342 0.3944386839866638
v -0.0856029987335205 -0.0492637865245342 0.3945886790752411
v -0.0856431946158409 -0.0492637865245342 0.3947387039661407
v -0.0859030038118362 -0.0492637865245342 0.3942886888980865
v -0.0857530012726784 -0.0492637865245342 0.3943288922309875
v -0.0860529989004135 -0.0492637865245342 0.3943288922309875
v -0.0857530012726784 -0.0492637865245342 0.3948484957218170
v -0.0859030038118362 -0.0492637865245342 0.3948886990547180
v -0.0860529989004135 -0.0492637865245342 0.3948484957218170
v -0.0049648480489850 -0.0581410005688667 0.4124700725078583
v -0.0085993716493249 -0.0581410005688667 0.4088355600833893
v -0.0000000011306721 -0.0581410005688667 0.4038707017898560
v -0.0099296988919377 -0.0581410005688667 0.4038707017898560
v -0.0085993716493249 -0.0581410005688667 0.3989058732986450
v 0.0085993735119700 -0.0581410005688667 0.4088355600833893
v 0.0049648499116302 -0.0581410005688667 0.4124700725078583
v -0.0000000011306722 -0.0581410005688667 0.4138004183769226
v 0.0049648499116302 -0.0581410005688667 0.3952713310718536
v 0.0085993735119700 -0.0581410005688667 0.3989058732986450
v 0.0099297007545829 -0.0581410005688667 0.4038707017898560
v -0.0049648480489850 -0.0581410005688667 0.3952713310718536
v -0.0000000011306722 -0.0581410005688667 0.3939410150051117
v 0.0099297007545829 -0.3504923880100250 0.4038707017898560
v 0.0085993735119700 -0.3504923880100250 0.3989058732986450
v 0.0049648499116302 -0.3504923880100250 0.3952713310718536
v -0.0000000011306722 -0.3504923880100250 0.3939410150051117
v -0.0049648480489850 -0.3504923880100250 0.3952713310718536
v -0.0085993716493249 -0.3504923880100250 0.3989058732986450
v -0.0099296988919377 -0.3504923880100250 0.4038707017898560
v -0.0085993716493249 -0.3504923880100250 0.4088355600833893
v -0.0049648480489850 -0.3504923880100250 0.4124700725078583
v -0.0000000011306723 -0.3504923880100250 0.4138004183769226
v 0.0049648499116302 -0.3504923880100250 0.4124700725078583
v 0.0085993735119700 -0.3504923880100250 0.4088355600833893
v -0.0809398666024208 -0.0472637861967087 0.3934886753559113
v -0.0807666629552841 -0.0472637861967087 0.3935886919498444
v -0.0810496732592583 -0.0472637861967087 0.3935984969139099
v -0.0809496715664864 -0.0472637861967087 0.3937717080116272
v -0.0811996757984161 -0.0472637861967087 0.3936387002468109
v -0.0811996757984161 -0.0472637861967087 0.3938387036323547
v -0.0813496783375740 -0.0472637861967087 0.3935984969139099
v -0.0814496725797653 -0.0472637861967087 0.3937717080116272
v -0.0814594849944115 -0.0472637861967087 0.3934886753559113
v -0.0816326886415482 -0.0472637861967087 0.3935886919498444
v -0.0814996734261513 -0.0472637861967087 0.3933386802673340
v -0.0816996768116951 -0.0472637861967087 0.3933386802673340
v -0.0814594849944115 -0.0472637861967087 0.3931886851787567
v -0.0816326886415482 -0.0472637861967087 0.3930886983871460
v -0.0813496783375740 -0.0472637861967087 0.3930788934230804
v -0.0814496725797653 -0.0472637861967087 0.3929056823253632
v -0.0811996757984161 -0.0472637861967087 0.3930386900901794
v -0.0811996757984161 -0.0472637861967087 0.3928386867046356
v -0.0810496732592583 -0.0472637861967087 0.3930788934230804
v -0.0809496715664864 -0.0472637861967087 0.3929056823253632
v -0.0809398666024208 -0.0472637861967087 0.3931886851787567
v -0.0807666629552841 -0.0472637861967087 0.3930886983871460
v -0.0808996781706810 -0.0472637861967087 0.3933386802673340
v -0.0806996747851372 -0.0472637861967087 0.3933386802673340
v -0.0856612473726273 0.0110060013830662 0.3929056823253632
v -0.0858442634344101 0.0110060013830662 0.3930886983871460
v -0.0859112516045570 0.0110060013830662 0.3933386802673340
v -0.0849782377481461 0.0110060013830662 0.3935886919498444
v -0.0849112495779991 0.0110060013830662 0.3933386802673340
v -0.0851612538099289 0.0110060013830662 0.3937717080116272
v -0.0858442634344101 0.0110060013830662 0.3935886919498444
v -0.0856612473726273 0.0110060013830662 0.3937717080116272
v -0.0854112505912781 0.0110060013830662 0.3938387036323547
v -0.0854112505912781 0.0110060013830662 0.3928386867046356
v -0.0851612538099289 0.0110060013830662 0.3929056823253632
v -0.0849782377481461 0.0110060013830662 0.3930886983871460
v -0.0806996747851372 -0.0448766350746155 0.3933386802673340
v -0.0807666629552841 -0.0448766350746155 0.3930886983871460
v -0.0809496715664864 -0.0448766350746155 0.3929056823253632
v -0.0811996757984161 -0.0448766350746155 0.3928386867046356
v -0.0814496725797653 -0.0448766350746155 0.3929056823253632
v -0.0816326886415482 -0.0448766350746155 0.3930886983871460
v -0.0816996768116951 -0.0448766350746155 0.3933386802673340
v -0.0816326886415482 -0.0448766350746155 0.3935886919498444
v -0.0814496725797653 -0.0448766350746155 0.3937717080116272
v -0.0811996757984161 -0.0448766350746155 0.3938387036323547
v -0.0809496715664864 -0.0448766350746155 0.3937717080116272
v -0.0807666629552841 -0.0448766350746155 0.3935886919498444
v -0.0820525735616684 -0.0437421500682831 0.3933386802673340
v -0.0817899331450462 -0.0442825853824615 0.3933386802673340
v -0.0819974020123482 -0.0437041521072388 0.3935886919498444
v -0.0817259699106216 -0.0442626886069775 0.3935886919498444
v -0.0818466842174530 -0.0436003394424915 0.3937717080116272
v -0.0815512165427208 -0.0442083291709423 0.3937717080116272
v -0.0816407948732376 -0.0434585288167000 0.3938387036323547
v -0.0813124999403954 -0.0441340692341328 0.3938387036323547
v -0.0814349129796028 -0.0433167181909084 0.3937717080116272
v -0.0810737833380699 -0.0440598130226135 0.3937717080116272
v -0.0812841877341270 -0.0432129055261612 0.3935886919498444
v -0.0808990299701691 -0.0440054535865784 0.3935886919498444
v -0.0812290236353874 -0.0431749075651169 0.3933386802673340
v -0.0808350667357445 -0.0439855568110943 0.3933386802673340
v -0.0812841877341270 -0.0432129055261612 0.3930886983871460
v -0.0808990299701691 -0.0440054535865784 0.3930886983871460
v -0.0814349129796028 -0.0433167181909084 0.3929056823253632
v -0.0810737833380699 -0.0440598130226135 0.3929056823253632
v -0.0816407948732376 -0.0434585288167000 0.3928386867046356
v -0.0813124999403954 -0.0441340692341328 0.3928386867046356
v -0.0818466842174530 -0.0436003394424915 0.3929056823253632
v -0.0815512165427208 -0.0442083291709423 0.3929056823253632
v -0.0819974020123482 -0.0437041521072388 0.3930886983871460
v -0.0817259699106216 -0.0442626886069775 0.3930886983871460
v -0.0845583528280258 -0.0383412204682827 0.3933386802673340
v -0.0846135169267654 -0.0383792184293270 0.3930886983871460
v -0.0847642421722412 -0.0384830310940742 0.3929056823253632
v -0.0849701315164566 -0.0386248417198658 0.3928386867046356
v -0.0851760134100914 -0.0387666523456573 0.3929056823253632
v -0.0853267386555672 -0.0388704650104046 0.3930886983871460
v -0.0853819027543068 -0.0389084629714489 0.3933386802673340
v -0.0853267386555672 -0.0388704650104046 0.3935886919498444
v -0.0851760134100914 -0.0387666523456573 0.3937717080116272
v -0.0849701315164566 -0.0386248417198658 0.3938387036323547
v -0.0847642421722412 -0.0384830310940742 0.3937717080116272
v -0.0846135169267654 -0.0383792184293270 0.3935886919498444
v -0.0849112495779991 -0.0372067354619503 0.3933386802673340
v -0.0848209857940674 -0.0378007888793945 0.3933386802673340
v -0.0849782377481461 -0.0372067354619503 0.3930886983871460
v -0.0848849564790726 -0.0378206856548786 0.3930886983871460
v -0.0851612538099289 -0.0372067354619503 0.3929056823253632
v -0.0850597098469734 -0.0378750450909138 0.3929056823253632
v -0.0854112505912781 -0.0372067354619503 0.3928386867046356
v -0.0852984264492989 -0.0379493013024330 0.3928386867046356
v -0.0856612473726273 -0.0372067354619503 0.3929056823253632
v -0.0855371430516243 -0.0380235575139523 0.3929056823253632
v -0.0858442634344101 -0.0372067354619503 0.3930886983871460
v -0.0857118964195251 -0.0380779169499874 0.3930886983871460
v -0.0859112516045570 -0.0372067354619503 0.3933386802673340
v -0.0857758596539497 -0.0380978137254715 0.3933386802673340
v -0.0858442634344101 -0.0372067354619503 0.3935886919498444
v -0.0857118964195251 -0.0380779169499874 0.3935886919498444
v -0.0856612473726273 -0.0372067354619503 0.3937717080116272
v -0.0855371430516243 -0.0380235575139523 0.3937717080116272
v -0.0854112505912781 -0.0372067354619503 0.3938387036323547
v -0.0852984264492989 -0.0379493013024330 0.3938387036323547
v -0.0851612538099289 -0.0372067354619503 0.3937717080116272
v -0.0850597098469734 -0.0378750450909138 0.3937717080116272
v -0.0849782377481461 -0.0372067354619503 0.3935886919498444
v -0.0848849564790726 -0.0378206856548786 0.3935886919498444
v -0.0810496732592583 -0.0492637865245342 0.3935984969139099
v -0.0814594849944115 -0.0492637865245342 0.3931886851787567
v -0.0809398666024208 -0.0492637865245342 0.3934886753559113
v -0.0813496783375740 -0.0492637865245342 0.3930788934230804
v -0.0814594849944115 -0.0492637865245342 0.3934886753559113
v -0.0814996734261513 -0.0492637865245342 0.3933386802673340
v -0.0813496783375740 -0.0492637865245342 0.3935984969139099
v -0.0811996757984161 -0.0492637865245342 0.3936387002468109
v -0.0809398666024208 -0.0492637865245342 0.3931886851787567
v -0.0808996781706810 -0.0492637865245342 0.3933386802673340
v -0.0810496732592583 -0.0492637865245342 0.3930788934230804
v -0.0811996757984161 -0.0492637865245342 0.3930386900901794
v -0.0934569612145424 -0.0472637861967087 0.3929719328880310
v -0.0933787524700165 -0.0472637861967087 0.3931137025356293
v -0.0934912487864494 -0.0472637861967087 0.3931438326835632
v -0.0935736075043678 -0.0472637861967087 0.3932261765003204
v -0.0936103165149689 -0.0472637861967087 0.3930437266826630
v -0.0935662463307381 -0.0472637861967087 0.3930139243602753
v -0.0933787524700165 -0.0472637861967087 0.3929636776447296
v -0.0933005437254906 -0.0472637861967087 0.3929719328880310
v -0.0932662487030029 -0.0472637861967087 0.3931438326835632
v -0.0931537523865700 -0.0472637861967087 0.3933386802673340
v -0.0931838974356651 -0.0472637861967087 0.3932261765003204
v -0.0930289551615715 -0.0472637861967087 0.3932035267353058
v -0.0931912511587143 -0.0472637861967087 0.3930139243602753
v -0.0931367278099060 -0.0472637861967087 0.3930522501468658
v -0.0930539891123772 -0.0472637861967087 0.3931511938571930
v -0.0933787524700165 -0.0472637861967087 0.3935636878013611
v -0.0934166759252548 -0.0472637861967087 0.3937117755413055
v -0.0934912487864494 -0.0472637861967087 0.3935335576534271
v -0.0935662463307381 -0.0472637861967087 0.3936634361743927
v -0.0935736075043678 -0.0472637861967087 0.3934511840343475
v -0.0937035083770752 -0.0472637861967087 0.3935261964797974
v -0.0936037525534630 -0.0472637861967087 0.3933386802673340
v -0.0937537476420403 -0.0472637861967087 0.3933386802673340
v -0.0937035083770752 -0.0472637861967087 0.3931511938571930
v -0.0931838974356651 -0.0472637861967087 0.3934511840343475
v -0.0930742621421814 -0.0472637861967087 0.3935575783252716
v -0.0932662487030029 -0.0472637861967087 0.3935335576534271
v -0.0931912511587143 -0.0472637861967087 0.3936634361743927
v -0.0933787524700165 -0.0472637861967087 0.3937136828899384
v -0.0930037498474121 -0.0472637861967087 0.3933386802673340
v -0.0930080190300941 -0.0472637861967087 0.3933950960636139
v -0.0930539891123772 -0.0472637861967087 0.3935261964797974
v -0.0879701152443886 0.0109056420624256 0.3935261964797974
v -0.0878395736217499 0.0109480582177639 0.3936634361743927
v -0.0876612514257431 0.0110060013830662 0.3937136828899384
v -0.0877356305718422 0.0109818316996098 0.3929719328880310
v -0.0878395736217499 0.0109480582177639 0.3930139243602753
v -0.0874310731887817 0.0110807903110981 0.3930522501468658
v -0.0874829292297363 0.0110639408230782 0.3930139243602753
v -0.0873523876070976 0.0111063569784164 0.3935261964797974
v -0.0876612514257431 0.0110060013830662 0.3929636776447296
v -0.0874993577599525 0.0110586024820805 0.3936728239059448
v -0.0874829292297363 0.0110639408230782 0.3936634361743927
v -0.0873716622591019 0.0111000910401344 0.3935575783252716
v -0.0875868722796440 0.0110301673412323 0.3929719328880310
v -0.0873086676001549 0.0111205615103245 0.3933950960636139
v -0.0873046070337296 0.0111218802630901 0.3933386802673340
v -0.0873285755515099 0.0111140944063663 0.3932035267353058
v -0.0873523876070976 0.0111063569784164 0.3931511938571930
v -0.0880178958177567 0.0108901187777519 0.3933386802673340
v -0.0879701152443886 0.0109056420624256 0.3931511938571930
v -0.0878814831376076 0.0109344422817230 0.3930437266826630
v -0.0882094949483871 -0.0303073227405548 0.3931809961795807
v -0.0881344228982925 -0.0303073227405548 0.3930735290050507
v -0.0881009623408318 -0.0303073227405548 0.3930438458919525
v -0.0879954770207405 -0.0303073227405548 0.3929855823516846
v -0.0879474952816963 -0.0303073227405548 0.3929719328880310
v -0.0878692641854286 -0.0303073227405548 0.3929636776447296
v -0.0882380455732346 -0.0303073227405548 0.3934066593647003
v -0.0882442593574524 -0.0303073227405548 0.3933386206626892
v -0.0882279127836227 -0.0303073227405548 0.3932291567325592
v -0.0878134965896606 -0.0303073227405548 0.3929678499698639
v -0.0877911224961281 -0.0303073227405548 0.3929719328880310
v -0.0876499637961388 -0.0303073227405548 0.3930344879627228
v -0.0876270458102226 -0.0303073227405548 0.3930523991584778
v -0.0875335261225700 -0.0303073227405548 0.3931716382503510
v -0.0875194147229195 -0.0303073227405548 0.3932036459445953
v -0.0874942615628242 -0.0303073227405548 0.3933386802673340
v -0.0874970704317093 -0.0303073227405548 0.3933845162391663
v -0.0875585749745369 -0.0303073227405548 0.3935486972332001
v -0.0876915007829666 -0.0303073227405548 0.3936688899993896
v -0.0878692641854286 -0.0303073227405548 0.3937136828899384
v -0.0880292356014252 -0.0303073227405548 0.3936778604984283
v -0.0880702957510948 -0.0303073227405548 0.3936552405357361
v -0.0881672576069832 -0.0303073227405548 0.3935663402080536
v -0.0881952643394470 -0.0303073227405548 0.3935240209102631
v -0.0879848375916481 -0.0290991384536028 0.3931809961795807
v -0.0879134386777878 -0.0290759410709143 0.3930735290050507
v -0.0879754722118378 -0.0297003276646137 0.3930735290050507
v -0.0873459652066231 -0.0296006239950657 0.3933845162391663
v -0.0873072743415833 -0.0288789868354797 0.3933845162391663
v -0.0873657688498497 -0.0288979932665825 0.3935486972332001
v -0.0874067097902298 -0.0296102445572615 0.3935486972332001
v -0.0875380039215088 -0.0296310391277075 0.3936688899993896
v -0.0877135768532753 -0.0296588465571404 0.3937136828899384
v -0.0878715813159943 -0.0296838730573654 0.3936778604984283
v -0.0874921903014183 -0.0289390701800585 0.3936688899993896
v -0.0876612514257431 -0.0289939995855093 0.3937136828899384
v -0.0878133997321129 -0.0290434360504150 0.3936778604984283
v -0.0878524482250214 -0.0290561243891716 0.3936552405357361
v -0.0880079045891762 -0.0297054648399353 0.3935663402080536
v -0.0879446640610695 -0.0290860868990421 0.3935663402080536
v -0.0879712924361229 -0.0290947407484055 0.3935240209102631
v -0.0880778208374977 -0.0297165382653475 0.3934066593647003
v -0.0880119875073433 -0.0291079618036747 0.3934066593647003
v -0.0880178958177567 -0.0291098821908236 0.3933386206626892
v -0.0880678072571754 -0.0297149512916803 0.3932291567325592
v -0.0880023464560509 -0.0291048288345337 0.3932291567325592
v -0.0878816172480583 -0.0290656015276909 0.3930438458919525
v -0.0878382399678230 -0.0296785905957222 0.3929855823516846
v -0.0877356603741646 -0.0290181767195463 0.3929719328880310
v -0.0876612514257431 -0.0289939995855093 0.3929636776447296
v -0.0876584947109222 -0.0296501237899065 0.3929678499698639
v -0.0877812877297401 -0.0290330033749342 0.3929855823516846
v -0.0874526873230934 -0.0289262346923351 0.3930344879627228
v -0.0874969810247421 -0.0296245403587818 0.3930344879627228
v -0.0875869393348694 -0.0289698559790850 0.3929719328880310
v -0.0876082107424736 -0.0289767682552338 0.3929678499698639
v -0.0874308869242668 -0.0289191510528326 0.3930523991584778
v -0.0873819738626480 -0.0296063255518675 0.3931716382503510
v -0.0873419493436813 -0.0288902521133423 0.3931716382503510
v -0.0873285308480263 -0.0288858935236931 0.3932036459445953
v -0.0873431935906410 -0.0296001844108105 0.3933386802673340
v -0.0873046070337296 -0.0288781188428402 0.3933386802673340
v -0.0933787524700165 -0.0492637865245342 0.3931137025356293
v -0.0932662487030029 -0.0492637865245342 0.3931438326835632
v -0.0931838974356651 -0.0492637865245342 0.3932261765003204
v -0.0931537523865700 -0.0492637865245342 0.3933386802673340
v -0.0935736075043678 -0.0492637865245342 0.3934511840343475
v -0.0931838974356651 -0.0492637865245342 0.3934511840343475
v -0.0932662487030029 -0.0492637865245342 0.3935335576534271
v -0.0933787524700165 -0.0492637865245342 0.3935636878013611
v -0.0934912487864494 -0.0492637865245342 0.3935335576534271
v -0.0934912487864494 -0.0492637865245342 0.3931438326835632
v -0.0935736075043678 -0.0492637865245342 0.3932261765003204
v -0.0936037525534630 -0.0492637865245342 0.3933386802673340
# 10346 vertices, 0 vertices normals

f 1 2 3
f 4 5 3
f 3 5 6
f 3 6 1
f 1 7 2
f 2 7 8
f 2 8 9
f 10 11 12
f 8 13 9
f 9 13 14
f 9 14 11
f 11 14 15
f 11 15 12
f 16 17 18
f 18 17 19
f 18 19 20
f 20 19 21
f 20 21 22
f 22 21 23
f 22 23 24
f 24 23 25
f 24 25 26
f 26 25 27
f 26 27 4
f 4 27 28
f 4 28 5
f 12 29 10
f 10 29 30
f 10 30 16
f 16 30 31
f 16 31 17
f 32 33 34
f 34 33 35
f 32 36 33
f 33 36 37
f 33 37 38
f 39 40 41
f 41 40 33
f 41 33 42
f 42 33 43
f 44 45 33
f 33 45 46
f 33 46 35
f 38 47 33
f 33 47 48
f 33 48 49
f 49 50 33
f 33 50 51
f 33 51 43
f 25 23 52
f 52 53 25
f 25 53 54
f 25 54 27
f 27 54 55
f 27 55 28
f 55 56 28
f 28 56 57
f 28 57 5
f 57 58 5
f 5 58 59
f 5 59 6
f 6 59 60
f 6 60 1
f 1 60 61
f 1 61 7
f 7 61 62
f 7 62 8
f 8 62 63
f 8 63 13
f 13 63 64
f 13 64 14
f 14 64 65
f 14 65 15
f 15 65 66
f 15 66 12
f 12 66 67
f 12 67 29
f 29 67 68
f 29 68 30
f 30 68 69
f 30 69 31
f 31 69 17
f 69 70 17
f 17 70 71
f 17 71 19
f 19 71 72
f 19 72 21
f 21 72 73
f 21 73 23
f 23 73 74
f 23 74 52
f 75 76 77
f 68 75 69
f 69 75 78
f 69 78 70
f 70 78 79
f 70 79 71
f 71 79 80
f 71 80 72
f 72 80 81
f 75 77 78
f 78 77 82
f 78 82 79
f 79 82 83
f 79 83 80
f 80 83 84
f 80 84 81
f 81 84 85
f 81 85 86
f 86 74 81
f 81 74 73
f 81 73 72
f 85 87 86
f 86 87 88
f 86 88 89
f 89 53 86
f 86 53 52
f 86 52 74
f 88 90 89
f 89 90 91
f 89 91 92
f 57 56 92
f 92 56 55
f 92 55 89
f 89 55 54
f 89 54 53
f 91 93 92
f 92 93 94
f 92 94 57
f 93 95 94
f 94 95 96
f 94 96 97
f 97 96 98
f 61 60 97
f 97 60 59
f 97 59 94
f 94 59 58
f 94 58 57
f 99 100 101
f 62 61 101
f 101 61 97
f 101 97 99
f 99 97 98
f 102 103 104
f 104 103 101
f 104 101 105
f 105 101 100
f 102 106 103
f 103 106 107
f 103 107 66
f 66 65 103
f 103 65 64
f 103 64 101
f 101 64 63
f 101 63 62
f 106 108 107
f 107 108 109
f 107 109 110
f 110 109 111
f 110 111 76
f 76 75 110
f 110 75 68
f 110 68 107
f 107 68 67
f 107 67 66
f 85 44 87
f 87 44 33
f 87 33 88
f 88 33 90
f 90 33 40
f 90 40 91
f 91 40 93
f 93 40 39
f 93 39 95
f 95 39 96
f 96 39 41
f 96 41 98
f 98 41 99
f 99 41 42
f 99 42 100
f 100 42 43
f 100 43 105
f 105 43 51
f 105 51 104
f 104 51 50
f 104 50 102
f 102 50 49
f 102 49 106
f 106 49 48
f 106 48 108
f 108 48 47
f 108 47 109
f 109 47 38
f 109 38 111
f 111 38 37
f 111 37 76
f 37 36 76
f 76 36 32
f 76 32 77
f 32 34 77
f 77 34 35
f 77 35 82
f 85 84 44
f 44 84 83
f 44 83 45
f 45 83 82
f 45 82 46
f 46 82 35
f 112 113 114
f 115 116 117
f 118 119 115
f 114 120 118
f 117 121 122
f 118 115 114
f 114 115 117
f 114 117 112
f 112 117 122
f 112 122 123
f 116 16 117
f 117 16 18
f 117 18 121
f 121 18 20
f 121 20 122
f 122 20 22
f 122 22 123
f 123 22 24
f 123 24 112
f 112 24 26
f 112 26 113
f 113 26 4
f 113 4 114
f 114 4 3
f 114 3 120
f 120 3 2
f 120 2 118
f 118 2 9
f 118 9 119
f 119 9 11
f 119 11 115
f 115 11 10
f 115 10 116
f 116 10 16
f 124 125 126
f 127 128 126
f 126 128 129
f 126 129 124
f 124 130 125
f 125 130 131
f 125 131 132
f 133 134 135
f 131 136 132
f 132 136 137
f 132 137 134
f 134 137 138
f 134 138 135
f 139 140 141
f 141 140 142
f 141 142 143
f 143 142 144
f 143 144 145
f 145 144 146
f 145 146 127
f 127 146 147
f 127 147 128
f 148 149 150
f 150 149 151
f 150 151 139
f 139 151 152
f 139 152 140
f 135 153 133
f 133 153 154
f 133 154 148
f 148 154 155
f 148 155 149
f 156 157 158
f 159 160 158
f 161 162 163
f 159 158 164
f 164 158 165
f 164 165 166
f 166 167 164
f 164 167 163
f 164 163 168
f 168 163 162
f 163 169 170
f 170 171 163
f 163 171 172
f 163 172 161
f 173 156 174
f 174 156 158
f 174 158 175
f 175 158 160
f 128 147 176
f 176 177 128
f 128 177 178
f 128 178 129
f 129 178 179
f 129 179 124
f 124 179 180
f 124 180 130
f 130 180 181
f 130 181 131
f 144 182 146
f 146 182 183
f 146 183 147
f 147 183 184
f 147 184 176
f 181 185 131
f 131 185 186
f 131 186 136
f 136 186 187
f 136 187 137
f 137 187 188
f 137 188 138
f 138 188 189
f 138 189 135
f 135 189 190
f 135 190 153
f 153 190 191
f 153 191 154
f 154 191 192
f 154 192 155
f 155 192 149
f 192 193 149
f 149 193 194
f 149 194 151
f 151 194 195
f 151 195 152
f 152 195 196
f 152 196 140
f 140 196 197
f 140 197 142
f 142 197 198
f 142 198 144
f 144 198 199
f 144 199 182
f 200 201 202
f 203 204 205
f 191 203 192
f 192 203 206
f 192 206 193
f 193 206 207
f 193 207 194
f 194 207 208
f 194 208 195
f 195 208 209
f 203 205 206
f 206 205 210
f 206 210 207
f 207 210 211
f 207 211 208
f 208 211 212
f 208 212 209
f 209 212 213
f 209 213 214
f 214 197 209
f 209 197 196
f 209 196 195
f 213 215 214
f 214 215 216
f 214 216 217
f 217 199 214
f 214 199 198
f 214 198 197
f 216 218 217
f 217 218 219
f 217 219 220
f 176 184 220
f 220 184 183
f 220 183 217
f 217 183 182
f 217 182 199
f 200 202 221
f 177 176 202
f 202 176 220
f 202 220 221
f 221 220 219
f 201 222 223
f 201 223 202
f 202 223 178
f 202 178 177
f 224 225 226
f 224 226 227
f 181 180 223
f 223 180 179
f 223 179 178
f 185 181 226
f 226 181 223
f 226 223 227
f 227 223 222
f 228 229 230
f 230 229 226
f 230 226 231
f 231 226 225
f 228 232 229
f 229 232 233
f 229 233 189
f 189 188 229
f 229 188 187
f 229 187 226
f 226 187 186
f 226 186 185
f 232 234 233
f 233 234 235
f 233 235 236
f 236 235 237
f 236 237 204
f 204 203 236
f 236 203 191
f 236 191 233
f 233 191 190
f 233 190 189
f 213 157 215
f 215 157 156
f 215 156 216
f 216 156 218
f 218 156 173
f 218 173 219
f 219 173 221
f 221 173 174
f 221 174 200
f 200 174 201
f 201 174 175
f 201 175 222
f 222 175 227
f 227 175 160
f 227 160 224
f 224 160 159
f 224 159 225
f 225 159 231
f 231 159 164
f 231 164 230
f 230 164 168
f 230 168 228
f 228 168 162
f 228 162 232
f 232 162 161
f 232 161 234
f 234 161 172
f 234 172 235
f 235 172 171
f 235 171 237
f 237 171 170
f 237 170 204
f 170 169 204
f 204 169 163
f 204 163 205
f 163 167 205
f 205 167 166
f 205 166 210
f 213 212 157
f 157 212 211
f 157 211 158
f 158 211 210
f 158 210 165
f 165 210 166
f 238 239 240
f 240 241 242
f 242 241 243
f 243 244 242
f 242 244 245
f 242 245 246
f 247 238 248
f 248 238 240
f 248 240 249
f 249 240 242
f 241 148 243
f 243 148 150
f 243 150 244
f 244 150 139
f 244 139 245
f 245 139 141
f 245 141 246
f 246 141 143
f 246 143 242
f 242 143 145
f 242 145 249
f 249 145 127
f 249 127 248
f 248 127 126
f 248 126 247
f 247 126 125
f 247 125 238
f 238 125 132
f 238 132 239
f 239 132 134
f 239 134 240
f 240 134 133
f 240 133 241
f 241 133 148
f 250 251 252
f 253 254 252
f 252 254 255
f 252 255 250
f 250 256 251
f 251 256 257
f 251 257 258
f 259 260 261
f 257 262 258
f 258 262 263
f 258 263 260
f 260 263 264
f 260 264 261
f 265 266 267
f 267 266 268
f 267 268 269
f 269 268 270
f 269 270 271
f 271 270 272
f 271 272 253
f 253 272 273
f 253 273 254
f 274 275 276
f 276 275 277
f 276 277 265
f 265 277 278
f 265 278 266
f 261 279 259
f 259 279 280
f 259 280 274
f 274 280 281
f 274 281 275
f 282 283 284
f 285 286 284
f 287 288 289
f 285 284 290
f 290 284 291
f 290 291 292
f 292 293 290
f 290 293 289
f 290 289 294
f 294 289 288
f 289 295 296
f 296 297 289
f 289 297 298
f 289 298 287
f 299 282 300
f 300 282 284
f 300 284 301
f 301 284 286
f 254 273 302
f 302 303 254
f 254 303 304
f 254 304 255
f 255 304 305
f 255 305 250
f 250 305 306
f 250 306 256
f 256 306 307
f 256 307 257
f 270 308 272
f 272 308 309
f 272 309 273
f 273 309 310
f 273 310 302
f 307 311 257
f 257 311 312
f 257 312 262
f 262 312 313
f 262 313 263
f 263 313 314
f 263 314 264
f 264 314 315
f 264 315 261
f 261 315 316
f 261 316 279
f 279 316 317
f 279 317 280
f 280 317 318
f 280 318 281
f 281 318 275
f 318 319 275
f 275 319 320
f 275 320 277
f 277 320 321
f 277 321 278
f 278 321 322
f 278 322 266
f 266 322 323
f 266 323 268
f 268 323 324
f 268 324 270
f 270 324 325
f 270 325 308
f 326 327 328
f 329 330 331
f 317 329 318
f 318 329 332
f 318 332 319
f 319 332 333
f 319 333 320
f 320 333 334
f 320 334 321
f 321 334 335
f 329 331 332
f 332 331 336
f 332 336 333
f 333 336 337
f 333 337 334
f 334 337 338
f 334 338 335
f 335 338 339
f 335 339 340
f 340 323 335
f 335 323 322
f 335 322 321
f 339 341 340
f 340 341 342
f 340 342 343
f 343 325 340
f 340 325 324
f 340 324 323
f 342 344 343
f 343 344 345
f 343 345 346
f 302 310 346
f 346 310 309
f 346 309 343
f 343 309 308
f 343 308 325
f 326 328 347
f 303 302 328
f 328 302 346
f 328 346 347
f 347 346 345
f 327 348 349
f 327 349 328
f 328 349 304
f 328 304 303
f 350 351 352
f 350 352 353
f 307 306 349
f 349 306 305
f 349 305 304
f 311 307 352
f 352 307 349
f 352 349 353
f 353 349 348
f 354 355 356
f 356 355 352
f 356 352 357
f 357 352 351
f 354 358 355
f 355 358 359
f 355 359 315
f 315 314 355
f 355 314 313
f 355 313 352
f 352 313 312
f 352 312 311
f 358 360 359
f 359 360 361
f 359 361 362
f 362 361 363
f 362 363 330
f 330 329 362
f 362 329 317
f 362 317 359
f 359 317 316
f 359 316 315
f 339 283 341
f 341 283 282
f 341 282 342
f 342 282 344
f 344 282 299
f 344 299 345
f 345 299 347
f 347 299 300
f 347 300 326
f 326 300 327
f 327 300 301
f 327 301 348
f 348 301 353
f 353 301 286
f 353 286 350
f 350 286 285
f 350 285 351
f 351 285 357
f 357 285 290
f 357 290 356
f 356 290 294
f 356 294 354
f 354 294 288
f 354 288 358
f 358 288 287
f 358 287 360
f 360 287 298
f 360 298 361
f 361 298 297
f 361 297 363
f 363 297 296
f 363 296 330
f 296 295 330
f 330 295 289
f 330 289 331
f 289 293 331
f 331 293 292
f 331 292 336
f 339 338 283
f 283 338 337
f 283 337 284
f 284 337 336
f 284 336 291
f 291 336 292
f 364 365 366
f 366 367 368
f 368 367 369
f 369 370 368
f 368 370 371
f 368 371 372
f 373 364 374
f 374 364 366
f 374 366 375
f 375 366 368
f 367 274 369
f 369 274 276
f 369 276 370
f 370 276 265
f 370 265 371
f 371 265 267
f 371 267 372
f 372 267 269
f 372 269 368
f 368 269 271
f 368 271 375
f 375 271 253
f 375 253 374
f 374 253 252
f 374 252 373
f 373 252 251
f 373 251 364
f 364 251 258
f 364 258 365
f 365 258 260
f 365 260 366
f 366 260 259
f 366 259 367
f 367 259 274
f 376 377 378
f 378 377 379
f 378 379 380
f 381 382 378
f 378 382 383
f 378 383 376
f 384 385 378
f 378 385 386
f 378 386 381
f 380 387 378
f 378 387 388
f 378 388 384
f 386 389 381
f 381 389 390
f 381 390 382
f 382 390 391
f 382 391 383
f 383 391 392
f 383 392 376
f 376 392 393
f 376 393 377
f 377 393 394
f 377 394 379
f 379 394 395
f 379 395 380
f 380 395 396
f 380 396 387
f 387 396 397
f 387 397 388
f 388 397 398
f 388 398 384
f 384 398 399
f 384 399 385
f 385 399 400
f 385 400 386
f 386 400 389
f 401 402 403
f 401 403 404
f 402 401 405
f 405 401 406
f 405 406 407
f 407 406 408
f 408 406 409
f 408 409 410
f 410 409 411
f 411 409 412
f 411 412 413
f 413 412 414
f 414 412 415
f 414 415 416
f 416 415 417
f 417 415 418
f 417 418 419
f 419 418 420
f 420 418 421
f 420 421 422
f 422 421 423
f 423 421 424
f 423 424 425
f 426 427 428
f 428 427 429
f 429 430 428
f 428 430 431
f 428 431 424
f 424 431 432
f 424 432 425
f 403 433 404
f 404 433 434
f 404 434 435
f 435 434 436
f 435 436 426
f 426 436 437
f 426 437 427
f 438 426 439
f 439 426 428
f 439 428 440
f 440 428 424
f 440 424 441
f 441 424 421
f 441 421 442
f 442 421 418
f 442 418 443
f 443 418 415
f 443 415 444
f 444 415 412
f 444 412 445
f 445 412 409
f 445 409 446
f 446 409 406
f 446 406 447
f 447 406 401
f 447 401 448
f 448 401 404
f 448 404 449
f 449 404 435
f 449 435 438
f 438 435 426
f 450 439 451
f 451 439 440
f 451 440 452
f 452 440 441
f 452 441 453
f 453 441 442
f 453 442 454
f 454 442 443
f 454 443 455
f 455 443 444
f 455 444 456
f 456 444 445
f 456 445 457
f 457 445 446
f 457 446 458
f 458 446 447
f 458 447 459
f 459 447 448
f 459 448 460
f 460 448 449
f 460 449 461
f 461 449 438
f 461 438 450
f 450 438 439
f 462 451 463
f 463 451 452
f 463 452 464
f 464 452 453
f 464 453 465
f 465 453 454
f 465 454 466
f 466 454 455
f 466 455 467
f 467 455 456
f 467 456 468
f 468 456 457
f 468 457 469
f 469 457 458
f 469 458 470
f 470 458 459
f 470 459 471
f 471 459 460
f 471 460 472
f 472 460 461
f 472 461 473
f 473 461 450
f 473 450 462
f 462 450 451
f 474 463 475
f 475 463 464
f 475 464 476
f 476 464 465
f 476 465 477
f 477 465 466
f 477 466 478
f 478 466 467
f 478 467 479
f 479 467 468
f 479 468 480
f 480 468 469
f 480 469 481
f 481 469 470
f 481 470 482
f 482 470 471
f 482 471 483
f 483 471 472
f 483 472 484
f 484 472 473
f 484 473 485
f 485 473 462
f 485 462 474
f 474 462 463
f 486 475 487
f 487 475 476
f 487 476 488
f 488 476 477
f 488 477 489
f 489 477 478
f 489 478 490
f 490 478 479
f 490 479 491
f 491 479 480
f 491 480 492
f 492 480 481
f 492 481 493
f 493 481 482
f 493 482 494
f 494 482 483
f 494 483 495
f 495 483 484
f 495 484 496
f 496 484 485
f 496 485 497
f 497 485 474
f 497 474 486
f 486 474 475
f 498 487 499
f 499 487 488
f 499 488 500
f 500 488 489
f 500 489 501
f 501 489 490
f 501 490 502
f 502 490 491
f 502 491 503
f 503 491 492
f 503 492 504
f 504 492 493
f 504 493 505
f 505 493 494
f 505 494 506
f 506 494 495
f 506 495 507
f 507 495 496
f 507 496 508
f 508 496 497
f 508 497 509
f 509 497 486
f 509 486 498
f 498 486 487
f 510 499 511
f 511 499 500
f 511 500 512
f 512 500 501
f 512 501 513
f 513 501 502
f 513 502 514
f 514 502 503
f 514 503 515
f 515 503 504
f 515 504 516
f 516 504 505
f 516 505 517
f 517 505 506
f 517 506 518
f 518 506 507
f 518 507 519
f 519 507 508
f 519 508 520
f 520 508 509
f 520 509 521
f 521 509 498
f 521 498 510
f 510 498 499
f 522 511 523
f 523 511 512
f 523 512 524
f 524 512 513
f 524 513 525
f 525 513 514
f 525 514 526
f 526 514 515
f 526 515 527
f 527 515 516
f 527 516 528
f 528 516 517
f 528 517 529
f 529 517 518
f 529 518 530
f 530 518 519
f 530 519 531
f 531 519 520
f 531 520 532
f 532 520 521
f 532 521 533
f 533 521 510
f 533 510 522
f 522 510 511
f 534 523 535
f 535 523 524
f 535 524 536
f 536 524 525
f 536 525 537
f 537 525 526
f 537 526 538
f 538 526 527
f 538 527 539
f 539 527 528
f 539 528 540
f 540 528 529
f 540 529 541
f 541 529 530
f 541 530 542
f 542 530 531
f 542 531 543
f 543 531 532
f 543 532 544
f 544 532 533
f 544 533 545
f 545 533 522
f 545 522 534
f 534 522 523
f 389 535 390
f 390 535 536
f 390 536 391
f 391 536 537
f 391 537 392
f 392 537 538
f 392 538 393
f 393 538 539
f 393 539 394
f 394 539 540
f 394 540 395
f 395 540 541
f 395 541 396
f 396 541 542
f 396 542 397
f 397 542 543
f 397 543 398
f 398 543 544
f 398 544 399
f 399 544 545
f 399 545 400
f 400 545 534
f 400 534 389
f 389 534 535
f 430 546 431
f 431 546 547
f 431 547 432
f 432 547 425
f 425 547 548
f 425 548 423
f 423 548 422
f 422 548 549
f 422 549 420
f 420 549 419
f 419 549 550
f 419 550 417
f 417 550 416
f 416 550 551
f 416 551 414
f 414 551 413
f 413 551 552
f 413 552 411
f 411 552 410
f 410 552 553
f 410 553 408
f 408 553 407
f 407 553 554
f 407 554 405
f 405 554 402
f 402 554 555
f 402 555 403
f 403 555 433
f 433 555 556
f 433 556 434
f 434 556 436
f 436 556 557
f 436 557 437
f 437 557 427
f 427 557 558
f 427 558 429
f 559 560 561
f 561 560 558
f 561 558 562
f 562 558 557
f 562 557 563
f 563 557 556
f 563 556 564
f 556 555 564
f 564 555 554
f 564 554 565
f 565 554 553
f 565 553 566
f 566 553 552
f 566 552 567
f 567 552 551
f 567 551 568
f 568 551 550
f 568 550 569
f 569 550 549
f 569 549 570
f 570 549 548
f 570 548 571
f 571 548 547
f 571 547 559
f 559 547 546
f 559 546 560
f 568 572 567
f 567 572 573
f 567 573 566
f 566 573 574
f 566 574 565
f 565 574 575
f 565 575 564
f 564 575 576
f 564 576 563
f 563 576 577
f 563 577 562
f 562 577 578
f 562 578 561
f 561 578 579
f 561 579 559
f 559 579 580
f 559 580 571
f 571 580 581
f 571 581 570
f 570 581 582
f 570 582 569
f 569 582 583
f 569 583 568
f 568 583 572
f 584 585 586
f 586 585 587
f 588 589 590
f 590 589 591
f 592 593 589
f 589 593 587
f 589 587 591
f 591 587 585
f 591 585 594
f 594 585 595
f 596 597 598
f 599 600 601
f 601 600 602
f 603 604 605
f 598 597 606
f 605 604 607
f 608 609 610
f 610 609 600
f 610 600 611
f 611 600 599
f 612 613 614
f 614 613 601
f 614 601 615
f 615 601 602
f 616 617 618
f 619 620 621
f 618 622 616
f 616 622 606
f 616 606 599
f 599 606 597
f 599 597 611
f 623 624 625
f 625 624 596
f 625 596 626
f 626 596 598
f 621 627 619
f 619 627 607
f 619 607 602
f 602 607 604
f 602 604 615
f 628 629 630
f 630 629 603
f 630 603 631
f 631 603 605
f 632 633 634
f 635 636 637
f 637 636 638
f 639 640 641
f 634 633 642
f 641 640 643
f 644 645 646
f 646 645 636
f 646 636 647
f 647 636 635
f 648 649 650
f 650 649 637
f 650 637 651
f 651 637 638
f 652 653 654
f 655 656 657
f 654 658 652
f 652 658 642
f 652 642 635
f 635 642 633
f 635 633 647
f 659 660 661
f 661 660 632
f 661 632 662
f 662 632 634
f 657 663 655
f 655 663 643
f 655 643 638
f 638 643 640
f 638 640 651
f 664 665 666
f 666 665 639
f 666 639 667
f 667 639 641
f 668 669 670
f 670 669 671
f 672 673 674
f 674 673 675
f 676 677 675
f 675 677 670
f 675 670 674
f 674 670 671
f 674 671 678
f 678 671 679
f 680 681 682
f 682 681 683
f 684 685 686
f 686 685 687
f 688 689 687
f 687 689 682
f 687 682 686
f 686 682 683
f 686 683 690
f 690 683 691
f 577 692 578
f 578 692 693
f 578 693 579
f 579 693 694
f 579 694 580
f 580 694 695
f 580 695 581
f 581 695 696
f 581 696 582
f 582 696 697
f 582 697 583
f 583 697 698
f 583 698 572
f 572 698 699
f 572 699 573
f 573 699 700
f 573 700 574
f 574 700 701
f 574 701 575
f 575 701 702
f 575 702 576
f 576 702 703
f 576 703 577
f 577 703 692
f 692 704 693
f 693 704 705
f 693 705 694
f 694 705 706
f 694 706 695
f 695 706 707
f 695 707 696
f 696 707 708
f 696 708 697
f 697 708 709
f 697 709 698
f 698 709 710
f 698 710 699
f 699 710 711
f 699 711 700
f 700 711 712
f 700 712 701
f 701 712 713
f 701 713 702
f 702 713 714
f 702 714 703
f 703 714 715
f 703 715 692
f 692 715 704
f 704 716 705
f 705 716 717
f 705 717 706
f 706 717 718
f 706 718 707
f 707 718 719
f 707 719 708
f 708 719 720
f 708 720 709
f 709 720 721
f 709 721 710
f 710 721 722
f 710 722 711
f 711 722 723
f 711 723 712
f 712 723 724
f 712 724 713
f 713 724 725
f 713 725 714
f 714 725 726
f 714 726 715
f 715 726 727
f 715 727 704
f 704 727 716
f 716 728 717
f 717 728 729
f 717 729 718
f 718 729 730
f 718 730 719
f 719 730 731
f 719 731 720
f 720 731 732
f 720 732 721
f 721 732 733
f 721 733 722
f 722 733 734
f 722 734 723
f 723 734 735
f 723 735 724
f 724 735 736
f 724 736 725
f 725 736 737
f 725 737 726
f 726 737 738
f 726 738 727
f 727 738 739
f 727 739 716
f 716 739 728
f 728 740 729
f 729 740 741
f 729 741 730
f 730 741 742
f 730 742 731
f 731 742 743
f 731 743 732
f 732 743 744
f 732 744 733
f 733 744 745
f 733 745 734
f 734 745 746
f 734 746 735
f 735 746 747
f 735 747 736
f 736 747 748
f 736 748 737
f 737 748 749
f 737 749 738
f 738 749 750
f 738 750 739
f 739 750 751
f 739 751 728
f 728 751 740
f 740 752 741
f 741 752 753
f 741 753 742
f 742 753 754
f 742 754 743
f 743 754 755
f 743 755 744
f 744 755 756
f 744 756 745
f 745 756 757
f 745 757 746
f 746 757 758
f 746 758 747
f 747 758 759
f 747 759 748
f 748 759 760
f 748 760 749
f 749 760 761
f 749 761 750
f 750 761 762
f 750 762 751
f 751 762 763
f 751 763 740
f 740 763 752
f 752 764 753
f 753 764 765
f 753 765 754
f 754 765 766
f 754 766 755
f 755 766 767
f 755 767 756
f 756 767 768
f 756 768 757
f 757 768 769
f 757 769 758
f 758 769 770
f 758 770 759
f 759 770 771
f 759 771 760
f 760 771 772
f 760 772 761
f 761 772 773
f 761 773 762
f 762 773 774
f 762 774 763
f 763 774 775
f 763 775 752
f 752 775 764
f 764 776 765
f 765 776 777
f 765 777 766
f 766 777 778
f 766 778 767
f 767 778 779
f 767 779 768
f 768 779 780
f 768 780 769
f 769 780 781
f 769 781 770
f 770 781 782
f 770 782 771
f 771 782 783
f 771 783 772
f 772 783 784
f 772 784 773
f 773 784 785
f 773 785 774
f 774 785 786
f 774 786 775
f 775 786 787
f 775 787 764
f 764 787 776
f 776 788 777
f 777 788 789
f 777 789 778
f 778 789 790
f 778 790 779
f 779 790 791
f 779 791 780
f 780 791 792
f 780 792 781
f 781 792 793
f 781 793 782
f 782 793 794
f 782 794 783
f 783 794 795
f 783 795 784
f 784 795 796
f 784 796 785
f 785 796 797
f 785 797 786
f 786 797 798
f 786 798 787
f 787 798 799
f 787 799 776
f 776 799 788
f 788 800 789
f 789 800 801
f 789 801 790
f 790 801 802
f 790 802 791
f 791 802 803
f 791 803 792
f 792 803 804
f 792 804 793
f 793 804 805
f 793 805 794
f 794 805 806
f 794 806 795
f 795 806 807
f 795 807 796
f 796 807 808
f 796 808 797
f 797 808 809
f 797 809 798
f 798 809 810
f 798 810 799
f 799 810 811
f 799 811 788
f 788 811 800
f 800 812 801
f 801 812 813
f 801 813 802
f 802 813 814
f 802 814 803
f 803 814 815
f 803 815 804
f 804 815 816
f 804 816 805
f 805 816 817
f 805 817 806
f 806 817 818
f 806 818 807
f 807 818 819
f 807 819 808
f 808 819 820
f 808 820 809
f 809 820 821
f 809 821 810
f 810 821 822
f 810 822 811
f 811 822 823
f 811 823 800
f 800 823 812
f 588 824 589
f 589 824 825
f 825 826 589
f 589 826 592
f 593 592 827
f 827 592 826
f 587 593 828
f 828 593 827
f 829 586 828
f 828 586 587
f 584 586 830
f 830 586 829
f 584 830 585
f 585 830 831
f 831 832 585
f 585 832 595
f 594 595 833
f 833 595 832
f 591 594 834
f 834 594 833
f 835 590 834
f 834 590 591
f 588 590 824
f 824 590 835
f 836 837 838
f 838 839 836
f 836 839 840
f 836 840 841
f 841 840 842
f 836 843 837
f 837 843 844
f 837 844 845
f 845 846 837
f 837 846 847
f 837 847 848
f 849 850 851
f 851 850 852
f 851 852 853
f 848 854 837
f 837 854 855
f 837 855 856
f 849 857 850
f 850 857 858
f 850 858 840
f 840 858 859
f 840 859 842
f 623 860 861
f 623 861 624
f 624 861 862
f 624 862 596
f 596 862 863
f 596 863 597
f 597 863 864
f 597 864 611
f 611 864 865
f 611 865 610
f 610 865 866
f 610 866 608
f 608 866 867
f 608 867 609
f 609 867 868
f 609 868 600
f 600 868 869
f 600 869 602
f 602 869 870
f 602 870 619
f 619 870 871
f 619 871 620
f 620 871 872
f 620 872 621
f 621 872 873
f 621 873 627
f 627 873 874
f 627 874 607
f 607 874 875
f 607 875 605
f 605 875 876
f 605 876 631
f 631 876 877
f 631 877 630
f 630 877 878
f 630 878 628
f 628 878 879
f 628 879 629
f 629 879 880
f 629 880 603
f 603 880 881
f 603 881 604
f 604 881 882
f 604 882 615
f 615 882 883
f 615 883 614
f 614 883 884
f 614 884 612
f 612 884 885
f 612 885 613
f 613 885 886
f 613 886 601
f 601 886 887
f 601 887 599
f 599 887 888
f 599 888 616
f 616 888 889
f 616 889 617
f 617 889 890
f 617 890 618
f 618 890 891
f 618 891 622
f 622 891 892
f 622 892 606
f 606 892 893
f 606 893 598
f 598 893 894
f 598 894 626
f 626 894 895
f 626 895 625
f 625 895 860
f 625 860 623
f 659 896 897
f 659 897 660
f 660 897 898
f 660 898 632
f 632 898 899
f 632 899 633
f 633 899 900
f 633 900 647
f 647 900 901
f 647 901 646
f 646 901 902
f 646 902 644
f 644 902 903
f 644 903 645
f 645 903 904
f 645 904 636
f 636 904 905
f 636 905 638
f 638 905 906
f 638 906 655
f 655 906 907
f 655 907 656
f 656 907 908
f 656 908 657
f 657 908 909
f 657 909 663
f 663 909 910
f 663 910 643
f 643 910 911
f 643 911 641
f 641 911 912
f 641 912 667
f 667 912 913
f 667 913 666
f 666 913 914
f 666 914 664
f 664 914 915
f 664 915 665
f 665 915 916
f 665 916 639
f 639 916 917
f 639 917 640
f 640 917 918
f 640 918 651
f 651 918 919
f 651 919 650
f 650 919 920
f 650 920 648
f 648 920 921
f 648 921 649
f 649 921 922
f 649 922 637
f 637 922 923
f 637 923 635
f 635 923 924
f 635 924 652
f 652 924 925
f 652 925 653
f 653 925 926
f 653 926 654
f 654 926 927
f 654 927 658
f 658 927 928
f 658 928 642
f 642 928 929
f 642 929 634
f 634 929 930
f 634 930 662
f 662 930 931
f 662 931 661
f 661 931 896
f 661 896 659
f 673 932 675
f 675 932 933
f 933 934 675
f 675 934 676
f 677 676 935
f 935 676 934
f 670 677 936
f 936 677 935
f 937 668 936
f 936 668 670
f 669 668 938
f 938 668 937
f 669 938 671
f 671 938 939
f 939 940 671
f 671 940 679
f 678 679 941
f 941 679 940
f 674 678 942
f 942 678 941
f 943 672 942
f 942 672 674
f 673 672 932
f 932 672 943
f 681 944 683
f 683 944 945
f 945 946 683
f 683 946 691
f 690 691 947
f 947 691 946
f 686 690 948
f 948 690 947
f 949 684 948
f 948 684 686
f 685 684 950
f 950 684 949
f 685 950 687
f 687 950 951
f 951 952 687
f 687 952 688
f 689 688 953
f 953 688 952
f 682 689 954
f 954 689 953
f 955 680 954
f 954 680 682
f 681 680 944
f 944 680 955
f 956 957 813
f 813 957 958
f 813 958 814
f 814 958 959
f 814 959 815
f 815 959 960
f 815 960 816
f 816 960 961
f 816 961 817
f 817 961 962
f 817 962 818
f 818 962 963
f 818 963 819
f 819 963 964
f 819 964 820
f 820 964 965
f 820 965 821
f 821 965 966
f 821 966 822
f 822 966 967
f 822 967 823
f 823 967 956
f 823 956 812
f 812 956 813
f 829 828 968
f 968 828 827
f 968 827 969
f 969 827 826
f 969 826 970
f 970 826 971
f 968 972 829
f 829 972 973
f 829 973 830
f 830 973 974
f 830 974 831
f 831 974 975
f 831 975 832
f 832 975 976
f 832 976 833
f 833 976 977
f 833 977 834
f 834 977 978
f 834 978 835
f 835 978 979
f 835 979 824
f 824 979 971
f 824 971 825
f 825 971 826
f 839 980 840
f 840 980 981
f 840 981 850
f 850 981 982
f 850 982 852
f 852 982 983
f 852 983 853
f 853 983 984
f 853 984 851
f 851 984 985
f 851 985 849
f 849 985 986
f 849 986 857
f 857 986 987
f 857 987 858
f 858 987 988
f 858 988 859
f 859 988 989
f 859 989 842
f 842 989 990
f 842 990 841
f 841 990 991
f 841 991 836
f 836 991 992
f 836 992 843
f 843 992 993
f 843 993 844
f 844 993 994
f 844 994 845
f 845 994 995
f 845 995 846
f 846 995 996
f 846 996 847
f 847 996 997
f 847 997 848
f 848 997 998
f 848 998 854
f 854 998 999
f 854 999 855
f 855 999 1000
f 855 1000 856
f 856 1000 1001
f 856 1001 837
f 837 1001 1002
f 837 1002 838
f 838 1002 1003
f 838 1003 839
f 839 1003 980
f 1003 1004 980
f 980 1004 1005
f 980 1005 981
f 981 1005 1006
f 981 1006 982
f 982 1006 1007
f 982 1007 983
f 983 1007 1008
f 983 1008 984
f 984 1008 1009
f 984 1009 985
f 985 1009 1010
f 985 1010 986
f 986 1010 1011
f 986 1011 987
f 987 1011 1012
f 987 1012 988
f 988 1012 1013
f 988 1013 989
f 989 1013 1014
f 989 1014 990
f 990 1014 1015
f 990 1015 991
f 991 1015 1016
f 991 1016 992
f 992 1016 1017
f 992 1017 993
f 993 1017 1018
f 993 1018 994
f 994 1018 1019
f 994 1019 995
f 995 1019 1020
f 995 1020 996
f 996 1020 1021
f 996 1021 997
f 997 1021 1022
f 997 1022 998
f 998 1022 1023
f 998 1023 999
f 999 1023 1024
f 999 1024 1000
f 1000 1024 1025
f 1000 1025 1001
f 1001 1025 1026
f 1001 1026 1002
f 1002 1026 1027
f 1002 1027 1003
f 1003 1027 1004
f 1027 1028 1004
f 1004 1028 1029
f 1004 1029 1005
f 1005 1029 1030
f 1005 1030 1006
f 1006 1030 1031
f 1006 1031 1007
f 1007 1031 1032
f 1007 1032 1008
f 1008 1032 1033
f 1008 1033 1009
f 1009 1033 1034
f 1009 1034 1010
f 1010 1034 1035
f 1010 1035 1011
f 1011 1035 1036
f 1011 1036 1012
f 1012 1036 1037
f 1012 1037 1013
f 1013 1037 1038
f 1013 1038 1014
f 1014 1038 1039
f 1014 1039 1015
f 1015 1039 1040
f 1015 1040 1016
f 1016 1040 1041
f 1016 1041 1017
f 1017 1041 1042
f 1017 1042 1018
f 1018 1042 1043
f 1018 1043 1019
f 1019 1043 1044
f 1019 1044 1020
f 1020 1044 1045
f 1020 1045 1021
f 1021 1045 1046
f 1021 1046 1022
f 1022 1046 1047
f 1022 1047 1023
f 1023 1047 1048
f 1023 1048 1024
f 1024 1048 1049
f 1024 1049 1025
f 1025 1049 1050
f 1025 1050 1026
f 1026 1050 1051
f 1026 1051 1027
f 1027 1051 1028
f 1052 1053 866
f 1054 889 1055
f 1055 889 888
f 861 1056 862
f 862 1056 1052
f 888 887 1055
f 1055 887 886
f 1055 886 1057
f 886 885 1057
f 1057 885 884
f 1057 884 1058
f 1059 871 1060
f 1060 871 870
f 863 862 864
f 864 862 1052
f 864 1052 865
f 865 1052 866
f 870 869 1060
f 1060 869 868
f 1060 868 1053
f 1053 868 867
f 1053 867 866
f 879 1061 880
f 880 1061 1058
f 861 860 1056
f 1056 860 895
f 1056 895 1062
f 1062 895 894
f 1062 894 893
f 881 880 882
f 882 880 1058
f 882 1058 883
f 883 1058 884
f 893 892 1062
f 1062 892 891
f 1062 891 1054
f 1054 891 890
f 1054 890 889
f 879 878 1061
f 1061 878 877
f 1061 877 1063
f 1063 877 876
f 1063 876 875
f 875 874 1063
f 1063 874 873
f 1063 873 1059
f 1059 873 872
f 1059 872 871
f 1064 1065 902
f 1066 925 1067
f 1067 925 924
f 897 1068 898
f 898 1068 1064
f 924 923 1067
f 1067 923 922
f 1067 922 1069
f 922 921 1069
f 1069 921 920
f 1069 920 1070
f 1071 907 1072
f 1072 907 906
f 899 898 900
f 900 898 1064
f 900 1064 901
f 901 1064 902
f 906 905 1072
f 1072 905 904
f 1072 904 1065
f 1065 904 903
f 1065 903 902
f 915 1073 916
f 916 1073 1070
f 897 896 1068
f 1068 896 931
f 1068 931 1074
f 1074 931 930
f 1074 930 929
f 917 916 918
f 918 916 1070
f 918 1070 919
f 919 1070 920
f 929 928 1074
f 1074 928 927
f 1074 927 1066
f 1066 927 926
f 1066 926 925
f 915 914 1073
f 1073 914 913
f 1073 913 1075
f 1075 913 912
f 1075 912 911
f 911 910 1075
f 1075 910 909
f 1075 909 1071
f 1071 909 908
f 1071 908 907
f 943 942 1076
f 1076 942 941
f 1076 941 1077
f 1077 941 940
f 1077 940 1078
f 1078 940 1079
f 1076 1080 943
f 943 1080 1081
f 943 1081 932
f 932 1081 1082
f 932 1082 933
f 933 1082 1083
f 933 1083 934
f 934 1083 1084
f 934 1084 935
f 935 1084 1085
f 935 1085 936
f 936 1085 1086
f 936 1086 937
f 937 1086 1087
f 937 1087 938
f 938 1087 1079
f 938 1079 939
f 939 1079 940
f 955 954 1088
f 1088 954 953
f 1088 953 1089
f 1089 953 952
f 1089 952 1090
f 1090 952 1091
f 1088 1092 955
f 955 1092 1093
f 955 1093 944
f 944 1093 1094
f 944 1094 945
f 945 1094 1095
f 945 1095 946
f 946 1095 1096
f 946 1096 947
f 947 1096 1097
f 947 1097 948
f 948 1097 1098
f 948 1098 949
f 949 1098 1099
f 949 1099 950
f 950 1099 1091
f 950 1091 951
f 951 1091 952
f 1100 1101 1102
f 1102 1101 1103
f 1102 1103 1104
f 1104 1103 1105
f 1104 1105 1106
f 1106 1105 1107
f 1106 1107 1108
f 1108 1107 1109
f 1108 1109 1110
f 1110 1109 1111
f 1110 1111 1112
f 1112 1111 1113
f 1112 1113 1114
f 1114 1113 1115
f 1114 1115 1116
f 1116 1115 1117
f 1116 1117 1118
f 1118 1117 1119
f 1118 1119 1120
f 1120 1119 1121
f 1120 1121 1122
f 1122 1121 1123
f 1122 1123 1100
f 1100 1123 1101
f 1123 1124 1101
f 1101 1124 1125
f 1101 1125 1103
f 1103 1125 1126
f 1103 1126 1105
f 1105 1126 1127
f 1105 1127 1107
f 1107 1127 1128
f 1107 1128 1109
f 1109 1128 1129
f 1109 1129 1111
f 1111 1129 1130
f 1111 1130 1113
f 1113 1130 1131
f 1113 1131 1115
f 1115 1131 1132
f 1115 1132 1117
f 1117 1132 1133
f 1117 1133 1119
f 1119 1133 1134
f 1119 1134 1121
f 1121 1134 1135
f 1121 1135 1123
f 1123 1135 1124
f 1135 970 1124
f 1124 970 971
f 1124 971 1125
f 1125 971 979
f 1125 979 1126
f 1126 979 978
f 1126 978 1127
f 1127 978 977
f 1127 977 1128
f 1128 977 976
f 1128 976 1129
f 1129 976 975
f 1129 975 1130
f 1130 975 974
f 1130 974 1131
f 1131 974 973
f 1131 973 1132
f 1132 973 972
f 1132 972 1133
f 1133 972 968
f 1133 968 1134
f 1134 968 969
f 1134 969 1135
f 1135 969 970
f 1038 1136 1039
f 1039 1136 1137
f 1039 1137 1040
f 1040 1137 1138
f 1040 1138 1041
f 1041 1138 1139
f 1041 1139 1042
f 1042 1139 1140
f 1042 1140 1043
f 1043 1140 1141
f 1043 1141 1044
f 1044 1141 1142
f 1044 1142 1045
f 1045 1142 1143
f 1045 1143 1046
f 1046 1143 1144
f 1046 1144 1047
f 1047 1144 1145
f 1047 1145 1048
f 1048 1145 1146
f 1048 1146 1049
f 1049 1146 1147
f 1049 1147 1050
f 1050 1147 1148
f 1050 1148 1051
f 1051 1148 1149
f 1051 1149 1028
f 1028 1149 1150
f 1028 1150 1029
f 1029 1150 1151
f 1029 1151 1030
f 1030 1151 1152
f 1030 1152 1031
f 1031 1152 1153
f 1031 1153 1032
f 1032 1153 1154
f 1032 1154 1033
f 1033 1154 1155
f 1033 1155 1034
f 1034 1155 1156
f 1034 1156 1035
f 1035 1156 1157
f 1035 1157 1036
f 1036 1157 1158
f 1036 1158 1037
f 1037 1158 1159
f 1037 1159 1038
f 1038 1159 1136
f 1059 1160 1063
f 1063 1160 1161
f 1063 1161 1061
f 1061 1161 1162
f 1061 1162 1058
f 1058 1162 1163
f 1058 1163 1057
f 1057 1163 1164
f 1057 1164 1055
f 1055 1164 1165
f 1055 1165 1054
f 1054 1165 1166
f 1054 1166 1062
f 1062 1166 1167
f 1062 1167 1056
f 1056 1167 1168
f 1056 1168 1052
f 1052 1168 1169
f 1052 1169 1053
f 1053 1169 1170
f 1053 1170 1060
f 1060 1170 1171
f 1060 1171 1059
f 1059 1171 1160
f 1171 1172 1160
f 1160 1172 1173
f 1160 1173 1161
f 1161 1173 1174
f 1161 1174 1162
f 1162 1174 1175
f 1162 1175 1163
f 1163 1175 1176
f 1163 1176 1164
f 1164 1176 1177
f 1164 1177 1165
f 1165 1177 1178
f 1165 1178 1166
f 1166 1178 1179
f 1166 1179 1167
f 1167 1179 1180
f 1167 1180 1168
f 1168 1180 1181
f 1168 1181 1169
f 1169 1181 1182
f 1169 1182 1170
f 1170 1182 1183
f 1170 1183 1171
f 1171 1183 1172
f 1183 1184 1172
f 1172 1184 1185
f 1172 1185 1173
f 1173 1185 1186
f 1173 1186 1174
f 1174 1186 1187
f 1174 1187 1175
f 1175 1187 1188
f 1175 1188 1176
f 1176 1188 1189
f 1176 1189 1177
f 1177 1189 1190
f 1177 1190 1178
f 1178 1190 1191
f 1178 1191 1179
f 1179 1191 1192
f 1179 1192 1180
f 1180 1192 1193
f 1180 1193 1181
f 1181 1193 1194
f 1181 1194 1182
f 1182 1194 1195
f 1182 1195 1183
f 1183 1195 1184
f 1071 1196 1075
f 1075 1196 1197
f 1075 1197 1073
f 1073 1197 1198
f 1073 1198 1070
f 1070 1198 1199
f 1070 1199 1069
f 1069 1199 1200
f 1069 1200 1067
f 1067 1200 1201
f 1067 1201 1066
f 1066 1201 1202
f 1066 1202 1074
f 1074 1202 1203
f 1074 1203 1068
f 1068 1203 1204
f 1068 1204 1064
f 1064 1204 1205
f 1064 1205 1065
f 1065 1205 1206
f 1065 1206 1072
f 1072 1206 1207
f 1072 1207 1071
f 1071 1207 1196
f 1207 1208 1196
f 1196 1208 1209
f 1196 1209 1197
f 1197 1209 1210
f 1197 1210 1198
f 1198 1210 1211
f 1198 1211 1199
f 1199 1211 1212
f 1199 1212 1200
f 1200 1212 1213
f 1200 1213 1201
f 1201 1213 1214
f 1201 1214 1202
f 1202 1214 1215
f 1202 1215 1203
f 1203 1215 1216
f 1203 1216 1204
f 1204 1216 1217
f 1204 1217 1205
f 1205 1217 1218
f 1205 1218 1206
f 1206 1218 1219
f 1206 1219 1207
f 1207 1219 1208
f 1219 1220 1208
f 1208 1220 1221
f 1208 1221 1209
f 1209 1221 1222
f 1209 1222 1210
f 1210 1222 1223
f 1210 1223 1211
f 1211 1223 1224
f 1211 1224 1212
f 1212 1224 1225
f 1212 1225 1213
f 1213 1225 1226
f 1213 1226 1214
f 1214 1226 1227
f 1214 1227 1215
f 1215 1227 1228
f 1215 1228 1216
f 1216 1228 1229
f 1216 1229 1217
f 1217 1229 1230
f 1217 1230 1218
f 1218 1230 1231
f 1218 1231 1219
f 1219 1231 1220
f 1232 1233 1234
f 1234 1233 1235
f 1234 1235 1236
f 1236 1235 1237
f 1236 1237 1238
f 1238 1237 1239
f 1238 1239 1240
f 1240 1239 1241
f 1240 1241 1242
f 1242 1241 1243
f 1242 1243 1244
f 1244 1243 1245
f 1244 1245 1246
f 1246 1245 1247
f 1246 1247 1248
f 1248 1247 1249
f 1248 1249 1250
f 1250 1249 1251
f 1250 1251 1252
f 1252 1251 1253
f 1252 1253 1254
f 1254 1253 1255
f 1254 1255 1232
f 1232 1255 1233
f 1255 1256 1233
f 1233 1256 1257
f 1233 1257 1235
f 1235 1257 1258
f 1235 1258 1237
f 1237 1258 1259
f 1237 1259 1239
f 1239 1259 1260
f 1239 1260 1241
f 1241 1260 1261
f 1241 1261 1243
f 1243 1261 1262
f 1243 1262 1245
f 1245 1262 1263
f 1245 1263 1247
f 1247 1263 1264
f 1247 1264 1249
f 1249 1264 1265
f 1249 1265 1251
f 1251 1265 1266
f 1251 1266 1253
f 1253 1266 1267
f 1253 1267 1255
f 1255 1267 1256
f 1267 1083 1256
f 1256 1083 1082
f 1256 1082 1257
f 1257 1082 1081
f 1257 1081 1258
f 1258 1081 1080
f 1258 1080 1259
f 1259 1080 1076
f 1259 1076 1260
f 1260 1076 1077
f 1260 1077 1261
f 1261 1077 1078
f 1261 1078 1262
f 1262 1078 1079
f 1262 1079 1263
f 1263 1079 1087
f 1263 1087 1264
f 1264 1087 1086
f 1264 1086 1265
f 1265 1086 1085
f 1265 1085 1266
f 1266 1085 1084
f 1266 1084 1267
f 1267 1084 1083
f 1268 1269 1270
f 1270 1269 1271
f 1270 1271 1272
f 1272 1271 1273
f 1272 1273 1274
f 1274 1273 1275
f 1274 1275 1276
f 1276 1275 1277
f 1276 1277 1278
f 1278 1277 1279
f 1278 1279 1280
f 1280 1279 1281
f 1280 1281 1282
f 1282 1281 1283
f 1282 1283 1284
f 1284 1283 1285
f 1284 1285 1286
f 1286 1285 1287
f 1286 1287 1288
f 1288 1287 1289
f 1288 1289 1290
f 1290 1289 1291
f 1290 1291 1268
f 1268 1291 1269
f 1291 1292 1269
f 1269 1292 1293
f 1269 1293 1271
f 1271 1293 1294
f 1271 1294 1273
f 1273 1294 1295
f 1273 1295 1275
f 1275 1295 1296
f 1275 1296 1277
f 1277 1296 1297
f 1277 1297 1279
f 1279 1297 1298
f 1279 1298 1281
f 1281 1298 1299
f 1281 1299 1283
f 1283 1299 1300
f 1283 1300 1285
f 1285 1300 1301
f 1285 1301 1287
f 1287 1301 1302
f 1287 1302 1289
f 1289 1302 1303
f 1289 1303 1291
f 1291 1303 1292
f 1303 1095 1292
f 1292 1095 1094
f 1292 1094 1293
f 1293 1094 1093
f 1293 1093 1294
f 1294 1093 1092
f 1294 1092 1295
f 1295 1092 1088
f 1295 1088 1296
f 1296 1088 1089
f 1296 1089 1297
f 1297 1089 1090
f 1297 1090 1298
f 1298 1090 1091
f 1298 1091 1299
f 1299 1091 1099
f 1299 1099 1300
f 1300 1099 1098
f 1300 1098 1301
f 1301 1098 1097
f 1301 1097 1302
f 1302 1097 1096
f 1302 1096 1303
f 1303 1096 1095
f 1304 962 961
f 1304 961 1305
f 1305 961 960
f 1305 960 1306
f 1306 960 959
f 1306 959 1307
f 1307 959 958
f 1307 958 1308
f 1308 958 957
f 1308 957 1309
f 1309 957 956
f 1309 956 1310
f 1310 956 967
f 1310 967 1311
f 1311 967 966
f 1311 966 1312
f 1312 966 965
f 1312 965 1313
f 1313 965 964
f 1313 964 1314
f 1314 964 963
f 1314 963 1315
f 1315 963 962
f 1315 962 1304
f 1112 1316 1110
f 1110 1316 1317
f 1110 1317 1108
f 1108 1317 1318
f 1108 1318 1106
f 1106 1318 1319
f 1106 1319 1104
f 1104 1319 1320
f 1104 1320 1102
f 1102 1320 1321
f 1102 1321 1100
f 1100 1321 1322
f 1100 1322 1122
f 1122 1322 1323
f 1122 1323 1120
f 1120 1323 1324
f 1120 1324 1118
f 1118 1324 1325
f 1118 1325 1116
f 1116 1325 1326
f 1116 1326 1114
f 1114 1326 1327
f 1114 1327 1112
f 1112 1327 1316
f 1328 1136 1329
f 1329 1136 1159
f 1329 1159 1330
f 1330 1159 1158
f 1330 1158 1331
f 1331 1158 1157
f 1331 1157 1332
f 1332 1157 1156
f 1332 1156 1333
f 1333 1156 1155
f 1333 1155 1334
f 1334 1155 1154
f 1334 1154 1335
f 1335 1154 1153
f 1335 1153 1336
f 1336 1153 1152
f 1336 1152 1337
f 1337 1152 1151
f 1337 1151 1338
f 1338 1151 1150
f 1338 1150 1339
f 1339 1150 1149
f 1339 1149 1340
f 1340 1149 1148
f 1340 1148 1341
f 1341 1148 1147
f 1341 1147 1342
f 1342 1147 1146
f 1342 1146 1343
f 1343 1146 1145
f 1343 1145 1344
f 1344 1145 1144
f 1344 1144 1345
f 1345 1144 1143
f 1345 1143 1346
f 1346 1143 1142
f 1346 1142 1347
f 1347 1142 1141
f 1347 1141 1348
f 1348 1141 1140
f 1348 1140 1349
f 1349 1140 1139
f 1349 1139 1350
f 1350 1139 1138
f 1350 1138 1351
f 1351 1138 1137
f 1351 1137 1328
f 1328 1137 1136
f 1352 1188 1353
f 1353 1188 1187
f 1353 1187 1354
f 1354 1187 1186
f 1354 1186 1355
f 1355 1186 1185
f 1355 1185 1356
f 1356 1185 1184
f 1356 1184 1357
f 1357 1184 1195
f 1357 1195 1358
f 1358 1195 1194
f 1358 1194 1359
f 1359 1194 1193
f 1359 1193 1360
f 1360 1193 1192
f 1360 1192 1361
f 1361 1192 1191
f 1361 1191 1362
f 1362 1191 1190
f 1362 1190 1363
f 1363 1190 1189
f 1363 1189 1352
f 1352 1189 1188
f 1364 1224 1365
f 1365 1224 1223
f 1365 1223 1366
f 1366 1223 1222
f 1366 1222 1367
f 1367 1222 1221
f 1367 1221 1368
f 1368 1221 1220
f 1368 1220 1369
f 1369 1220 1231
f 1369 1231 1370
f 1370 1231 1230
f 1370 1230 1371
f 1371 1230 1229
f 1371 1229 1372
f 1372 1229 1228
f 1372 1228 1373
f 1373 1228 1227
f 1373 1227 1374
f 1374 1227 1226
f 1374 1226 1375
f 1375 1226 1225
f 1375 1225 1364
f 1364 1225 1224
f 1244 1376 1242
f 1242 1376 1377
f 1242 1377 1240
f 1240 1377 1378
f 1240 1378 1238
f 1238 1378 1379
f 1238 1379 1236
f 1236 1379 1380
f 1236 1380 1234
f 1234 1380 1381
f 1234 1381 1232
f 1232 1381 1382
f 1232 1382 1254
f 1254 1382 1383
f 1254 1383 1252
f 1252 1383 1384
f 1252 1384 1250
f 1250 1384 1385
f 1250 1385 1248
f 1248 1385 1386
f 1248 1386 1246
f 1246 1386 1387
f 1246 1387 1244
f 1244 1387 1376
f 1280 1388 1278
f 1278 1388 1389
f 1278 1389 1276
f 1276 1389 1390
f 1276 1390 1274
f 1274 1390 1391
f 1274 1391 1272
f 1272 1391 1392
f 1272 1392 1270
f 1270 1392 1393
f 1270 1393 1268
f 1268 1393 1394
f 1268 1394 1290
f 1290 1394 1395
f 1290 1395 1288
f 1288 1395 1396
f 1288 1396 1286
f 1286 1396 1397
f 1286 1397 1284
f 1284 1397 1398
f 1284 1398 1282
f 1282 1398 1399
f 1282 1399 1280
f 1280 1399 1388
f 1306 1400 1305
f 1305 1400 1401
f 1305 1401 1304
f 1304 1401 1402
f 1304 1402 1315
f 1315 1402 1403
f 1315 1403 1314
f 1314 1403 1404
f 1314 1404 1313
f 1313 1404 1405
f 1313 1405 1312
f 1312 1405 1406
f 1312 1406 1311
f 1311 1406 1407
f 1311 1407 1310
f 1310 1407 1408
f 1310 1408 1309
f 1309 1408 1409
f 1309 1409 1308
f 1308 1409 1410
f 1308 1410 1307
f 1307 1410 1411
f 1307 1411 1306
f 1306 1411 1400
f 1412 1413 1414
f 1414 1413 1415
f 1416 1417 1412
f 1412 1418 1416
f 1416 1418 1419
f 1416 1419 1420
f 1420 1419 1421
f 1420 1421 1422
f 1422 1421 1423
f 1422 1423 1424
f 1424 1423 1425
f 1424 1425 1426
f 1426 1425 1427
f 1426 1427 1428
f 1428 1427 1429
f 1428 1429 1430
f 1430 1429 1431
f 1430 1431 1432
f 1432 1431 1433
f 1432 1433 1434
f 1434 1433 1435
f 1434 1435 1436
f 1436 1435 1437
f 1436 1437 1438
f 1438 1437 1415
f 1438 1415 1417
f 1417 1415 1413
f 1417 1413 1412
f 1432 1439 1430
f 1430 1439 1440
f 1430 1440 1428
f 1428 1440 1441
f 1428 1441 1426
f 1426 1441 1442
f 1426 1442 1424
f 1424 1442 1443
f 1424 1443 1422
f 1422 1443 1444
f 1422 1444 1420
f 1420 1444 1445
f 1420 1445 1416
f 1416 1445 1446
f 1416 1446 1417
f 1417 1446 1447
f 1417 1447 1438
f 1438 1447 1448
f 1438 1448 1436
f 1436 1448 1449
f 1436 1449 1434
f 1434 1449 1450
f 1434 1450 1432
f 1432 1450 1439
f 1450 1320 1439
f 1439 1320 1319
f 1439 1319 1440
f 1440 1319 1318
f 1440 1318 1441
f 1441 1318 1317
f 1441 1317 1442
f 1442 1317 1316
f 1442 1316 1443
f 1443 1316 1327
f 1443 1327 1444
f 1444 1327 1326
f 1444 1326 1445
f 1445 1326 1325
f 1445 1325 1446
f 1446 1325 1324
f 1446 1324 1447
f 1447 1324 1323
f 1447 1323 1448
f 1448 1323 1322
f 1448 1322 1449
f 1449 1322 1321
f 1449 1321 1450
f 1450 1321 1320
f 1329 1451 1328
f 1328 1451 1452
f 1328 1452 1351
f 1351 1452 1453
f 1351 1453 1350
f 1350 1453 1454
f 1350 1454 1349
f 1349 1454 1455
f 1349 1455 1348
f 1348 1455 1456
f 1348 1456 1347
f 1347 1456 1457
f 1347 1457 1346
f 1346 1457 1458
f 1346 1458 1345
f 1345 1458 1459
f 1345 1459 1344
f 1344 1459 1460
f 1344 1460 1343
f 1343 1460 1461
f 1343 1461 1342
f 1342 1461 1462
f 1342 1462 1341
f 1341 1462 1463
f 1341 1463 1340
f 1340 1463 1464
f 1340 1464 1339
f 1339 1464 1465
f 1339 1465 1338
f 1338 1465 1466
f 1338 1466 1337
f 1337 1466 1467
f 1337 1467 1336
f 1336 1467 1468
f 1336 1468 1335
f 1335 1468 1469
f 1335 1469 1334
f 1334 1469 1470
f 1334 1470 1333
f 1333 1470 1471
f 1333 1471 1332
f 1332 1471 1472
f 1332 1472 1331
f 1331 1472 1473
f 1331 1473 1330
f 1330 1473 1474
f 1330 1474 1329
f 1329 1474 1451
f 1363 1475 1362
f 1362 1475 1476
f 1362 1476 1361
f 1361 1476 1477
f 1361 1477 1360
f 1360 1477 1478
f 1360 1478 1359
f 1359 1478 1479
f 1359 1479 1358
f 1358 1479 1480
f 1358 1480 1357
f 1357 1480 1481
f 1357 1481 1356
f 1356 1481 1482
f 1356 1482 1355
f 1355 1482 1483
f 1355 1483 1354
f 1354 1483 1484
f 1354 1484 1353
f 1353 1484 1485
f 1353 1485 1352
f 1352 1485 1486
f 1352 1486 1363
f 1363 1486 1475
f 1375 1487 1374
f 1374 1487 1488
f 1374 1488 1373
f 1373 1488 1489
f 1373 1489 1372
f 1372 1489 1490
f 1372 1490 1371
f 1371 1490 1491
f 1371 1491 1370
f 1370 1491 1492
f 1370 1492 1369
f 1369 1492 1493
f 1369 1493 1368
f 1368 1493 1494
f 1368 1494 1367
f 1367 1494 1495
f 1367 1495 1366
f 1366 1495 1496
f 1366 1496 1365
f 1365 1496 1497
f 1365 1497 1364
f 1364 1497 1498
f 1364 1498 1375
f 1375 1498 1487
f 1499 1500 1501
f 1499 1501 1502
f 1502 1501 1503
f 1502 1503 1504
f 1505 1506 1507
f 1507 1508 1505
f 1505 1508 1509
f 1505 1509 1510
f 1510 1509 1511
f 1510 1511 1503
f 1503 1511 1512
f 1503 1512 1504
f 1513 1514 1515
f 1515 1514 1516
f 1515 1516 1517
f 1517 1516 1518
f 1517 1518 1519
f 1519 1518 1520
f 1519 1520 1521
f 1522 1523 1513
f 1513 1523 1524
f 1524 1525 1513
f 1513 1525 1526
f 1513 1526 1514
f 1527 1528 1529
f 1529 1528 1530
f 1529 1530 1531
f 1531 1530 1532
f 1531 1532 1533
f 1527 1529 1534
f 1534 1529 1535
f 1534 1535 1536
f 1536 1535 1537
f 1536 1537 1538
f 1538 1537 1539
f 1538 1539 1540
f 1541 1542 1543
f 1543 1542 1544
f 1543 1544 1545
f 1545 1546 1543
f 1543 1546 1547
f 1543 1547 1548
f 1548 1547 1549
f 1548 1549 1550
f 1550 1549 1551
f 1550 1551 1552
f 1552 1551 1553
f 1552 1553 1554
f 1555 1556 1557
f 1557 1558 1559
f 1557 1560 1558
f 1558 1560 1561
f 1558 1561 1562
f 1562 1561 1563
f 1562 1563 1564
f 1564 1563 1565
f 1564 1565 1566
f 1566 1565 1567
f 1566 1567 1568
f 1568 1567 1569
f 1568 1569 1570
f 1570 1569 1571
f 1570 1571 1572
f 1572 1571 1573
f 1572 1573 1574
f 1574 1573 1575
f 1574 1575 1576
f 1576 1575 1577
f 1576 1577 1578
f 1578 1577 1579
f 1578 1579 1580
f 1580 1579 1556
f 1580 1556 1559
f 1559 1556 1555
f 1559 1555 1557
f 1562 1581 1558
f 1558 1581 1582
f 1558 1582 1559
f 1559 1582 1583
f 1559 1583 1580
f 1580 1583 1584
f 1580 1584 1578
f 1578 1584 1585
f 1578 1585 1576
f 1576 1585 1586
f 1576 1586 1574
f 1574 1586 1587
f 1574 1587 1572
f 1572 1587 1588
f 1572 1588 1570
f 1570 1588 1589
f 1570 1589 1568
f 1568 1589 1590
f 1568 1590 1566
f 1566 1590 1591
f 1566 1591 1564
f 1564 1591 1592
f 1564 1592 1562
f 1562 1592 1581
f 1592 1380 1581
f 1581 1380 1379
f 1581 1379 1582
f 1582 1379 1378
f 1582 1378 1583
f 1583 1378 1377
f 1583 1377 1584
f 1584 1377 1376
f 1584 1376 1585
f 1585 1376 1387
f 1585 1387 1586
f 1586 1387 1386
f 1586 1386 1587
f 1587 1386 1385
f 1587 1385 1588
f 1588 1385 1384
f 1588 1384 1589
f 1589 1384 1383
f 1589 1383 1590
f 1590 1383 1382
f 1590 1382 1591
f 1591 1382 1381
f 1591 1381 1592
f 1592 1381 1380
f 1593 1594 1595
f 1595 1596 1597
f 1595 1598 1596
f 1596 1598 1599
f 1596 1599 1600
f 1600 1599 1601
f 1600 1601 1602
f 1602 1601 1603
f 1602 1603 1604
f 1604 1603 1605
f 1604 1605 1606
f 1606 1605 1607
f 1606 1607 1608
f 1608 1607 1609
f 1608 1609 1610
f 1610 1609 1611
f 1610 1611 1612
f 1612 1611 1613
f 1612 1613 1614
f 1614 1613 1615
f 1614 1615 1616
f 1616 1615 1617
f 1616 1617 1618
f 1618 1617 1594
f 1618 1594 1597
f 1597 1594 1593
f 1597 1593 1595
f 1600 1619 1596
f 1596 1619 1620
f 1596 1620 1597
f 1597 1620 1621
f 1597 1621 1618
f 1618 1621 1622
f 1618 1622 1616
f 1616 1622 1623
f 1616 1623 1614
f 1614 1623 1624
f 1614 1624 1612
f 1612 1624 1625
f 1612 1625 1610
f 1610 1625 1626
f 1610 1626 1608
f 1608 1626 1627
f 1608 1627 1606
f 1606 1627 1628
f 1606 1628 1604
f 1604 1628 1629
f 1604 1629 1602
f 1602 1629 1630
f 1602 1630 1600
f 1600 1630 1619
f 1630 1392 1619
f 1619 1392 1391
f 1619 1391 1620
f 1620 1391 1390
f 1620 1390 1621
f 1621 1390 1389
f 1621 1389 1622
f 1622 1389 1388
f 1622 1388 1623
f 1623 1388 1399
f 1623 1399 1624
f 1624 1399 1398
f 1624 1398 1625
f 1625 1398 1397
f 1625 1397 1626
f 1626 1397 1396
f 1626 1396 1627
f 1627 1396 1395
f 1627 1395 1628
f 1628 1395 1394
f 1628 1394 1629
f 1629 1394 1393
f 1629 1393 1630
f 1630 1393 1392
f 1631 1632 1633
f 1633 1632 1634
f 1633 1634 1635
f 1635 1634 1636
f 1635 1636 1637
f 1637 1636 1638
f 1637 1638 1639
f 1639 1638 1640
f 1639 1640 1641
f 1641 1640 1642
f 1641 1642 1643
f 1643 1642 1644
f 1643 1644 1645
f 1645 1644 1646
f 1645 1646 1647
f 1647 1646 1648
f 1647 1648 1649
f 1649 1648 1650
f 1649 1650 1651
f 1651 1650 1652
f 1651 1652 1653
f 1653 1652 1654
f 1653 1654 1631
f 1631 1654 1632
f 1654 1655 1632
f 1632 1655 1656
f 1632 1656 1634
f 1634 1656 1657
f 1634 1657 1636
f 1636 1657 1658
f 1636 1658 1638
f 1638 1658 1659
f 1638 1659 1640
f 1640 1659 1660
f 1640 1660 1642
f 1642 1660 1661
f 1642 1661 1644
f 1644 1661 1662
f 1644 1662 1646
f 1646 1662 1663
f 1646 1663 1648
f 1648 1663 1664
f 1648 1664 1650
f 1650 1664 1665
f 1650 1665 1652
f 1652 1665 1666
f 1652 1666 1654
f 1654 1666 1655
f 1666 1404 1655
f 1655 1404 1403
f 1655 1403 1656
f 1656 1403 1402
f 1656 1402 1657
f 1657 1402 1401
f 1657 1401 1658
f 1658 1401 1400
f 1658 1400 1659
f 1659 1400 1411
f 1659 1411 1660
f 1660 1411 1410
f 1660 1410 1661
f 1661 1410 1409
f 1661 1409 1662
f 1662 1409 1408
f 1662 1408 1663
f 1663 1408 1407
f 1663 1407 1664
f 1664 1407 1406
f 1664 1406 1665
f 1665 1406 1405
f 1665 1405 1666
f 1666 1405 1404
f 1667 1668 1669
f 1669 1668 1670
f 1669 1670 1671
f 1671 1670 1672
f 1671 1672 1673
f 1667 1669 1674
f 1674 1669 1675
f 1674 1675 1676
f 1676 1675 1677
f 1676 1677 1678
f 1678 1677 1679
f 1678 1679 1680
f 1681 1682 1683
f 1683 1682 1684
f 1683 1684 1685
f 1684 1686 1685
f 1685 1686 1687
f 1685 1687 1688
f 1688 1687 1689
f 1688 1689 1690
f 1690 1689 1691
f 1690 1691 1692
f 1692 1691 1693
f 1692 1693 1694
f 1695 1696 1697
f 1697 1696 1698
f 1697 1698 1699
f 1699 1698 1700
f 1699 1700 1701
f 1701 1700 1702
f 1701 1702 1703
f 1695 1704 1696
f 1696 1704 1705
f 1696 1705 1706
f 1706 1705 1707
f 1706 1707 1708
f 1709 1710 1711
f 1711 1710 1712
f 1711 1712 1713
f 1713 1714 1711
f 1711 1714 1715
f 1711 1715 1716
f 1716 1715 1717
f 1716 1717 1718
f 1718 1717 1719
f 1718 1719 1720
f 1720 1719 1721
f 1720 1721 1722
f 1723 1724 1725
f 1726 1727 1728
f 1728 1727 1729
f 1728 1729 1730
f 1730 1729 1731
f 1730 1731 1732
f 1732 1731 1733
f 1733 1731 1734
f 1733 1734 1735
f 1735 1734 1736
f 1735 1736 1737
f 1737 1736 1738
f 1737 1738 1739
f 1738 1740 1739
f 1739 1740 1741
f 1739 1741 1742
f 1742 1741 1743
f 1743 1741 1744
f 1743 1744 1745
f 1745 1744 1746
f 1745 1746 1747
f 1747 1746 1748
f 1747 1748 1749
f 1748 1750 1749
f 1749 1750 1751
f 1749 1751 1752
f 1752 1751 1753
f 1752 1753 1754
f 1754 1753 1755
f 1723 1725 1756
f 1756 1725 1757
f 1756 1757 1755
f 1755 1757 1758
f 1755 1758 1754
f 1759 1760 1761
f 1761 1760 1762
f 1761 1762 1763
f 1763 1762 1764
f 1763 1764 1765
f 1765 1764 1766
f 1765 1766 1767
f 1767 1766 1768
f 1767 1768 1726
f 1726 1768 1769
f 1726 1769 1727
f 1761 1770 1759
f 1759 1770 1771
f 1759 1771 1772
f 1772 1771 1773
f 1772 1773 1774
f 1774 1773 1775
f 1774 1775 1776
f 1776 1775 1777
f 1776 1777 1778
f 1778 1777 1779
f 1778 1779 1724
f 1724 1779 1780
f 1724 1780 1725
f 1781 1782 1783
f 1784 1785 1783
f 1783 1785 1786
f 1783 1786 1781
f 1787 1784 1415
f 1415 1784 1783
f 1415 1783 1414
f 1782 1788 1783
f 1783 1788 1412
f 1783 1412 1414
f 1418 1412 1788
f 1418 1788 1419
f 1419 1788 1789
f 1419 1789 1421
f 1421 1789 1790
f 1421 1790 1423
f 1423 1790 1791
f 1423 1791 1425
f 1425 1791 1792
f 1425 1792 1427
f 1427 1792 1793
f 1427 1793 1429
f 1429 1793 1794
f 1429 1794 1431
f 1431 1794 1795
f 1431 1795 1433
f 1433 1795 1796
f 1433 1796 1435
f 1435 1796 1797
f 1435 1797 1437
f 1437 1797 1787
f 1437 1787 1415
f 1798 1799 1702
f 1700 1800 1702
f 1702 1800 1798
f 1706 1801 1696
f 1696 1801 1802
f 1696 1802 1698
f 1698 1802 1803
f 1698 1803 1700
f 1700 1803 1804
f 1700 1804 1800
f 1805 1806 1807
f 1808 1809 1810
f 1811 1812 1813
f 1814 1807 1815
f 1815 1807 1806
f 1815 1806 1802
f 1809 1808 1816
f 1811 1813 1817
f 1817 1813 1818
f 1817 1818 1819
f 1805 1800 1804
f 1805 1804 1806
f 1806 1804 1803
f 1806 1803 1802
f 1820 1821 1822
f 1821 1823 1822
f 1822 1823 1816
f 1822 1816 1819
f 1819 1816 1808
f 1819 1808 1817
f 1817 1808 1810
f 1817 1810 1811
f 1802 1801 1815
f 1815 1801 1820
f 1815 1820 1814
f 1814 1820 1822
f 1814 1822 1807
f 1807 1822 1819
f 1807 1819 1805
f 1805 1819 1818
f 1805 1818 1800
f 1800 1818 1813
f 1800 1813 1798
f 1798 1813 1812
f 1798 1812 1799
f 1824 1825 1826
f 1827 1828 1829
f 1830 1828 1827
f 1831 1832 1833
f 1833 1832 1825
f 1833 1825 1834
f 1834 1825 1824
f 1834 1824 1835
f 1835 1824 1836
f 1835 1836 1837
f 1829 1838 1839
f 1839 1838 1840
f 1839 1840 1841
f 1841 1840 1842
f 1841 1842 1843
f 1831 1833 1844
f 1844 1833 1834
f 1844 1834 1845
f 1845 1834 1835
f 1845 1835 1846
f 1846 1835 1837
f 1846 1837 1847
f 1848 1847 1849
f 1849 1847 1837
f 1849 1837 1843
f 1843 1837 1836
f 1843 1836 1841
f 1841 1836 1824
f 1841 1824 1839
f 1839 1824 1826
f 1839 1826 1829
f 1829 1826 1825
f 1829 1825 1827
f 1827 1825 1832
f 1827 1832 1830
f 1838 1683 1840
f 1840 1683 1685
f 1840 1685 1842
f 1842 1685 1688
f 1842 1688 1843
f 1843 1688 1690
f 1843 1690 1849
f 1849 1690 1692
f 1849 1692 1848
f 1850 1851 1679
f 1677 1852 1679
f 1679 1852 1850
f 1671 1853 1669
f 1669 1853 1854
f 1669 1854 1675
f 1675 1854 1855
f 1675 1855 1677
f 1677 1855 1856
f 1677 1856 1852
f 1857 1858 1859
f 1860 1861 1862
f 1863 1864 1865
f 1866 1859 1867
f 1867 1859 1858
f 1867 1858 1854
f 1861 1860 1868
f 1863 1865 1869
f 1869 1865 1870
f 1869 1870 1871
f 1857 1852 1856
f 1857 1856 1858
f 1858 1856 1855
f 1858 1855 1854
f 1872 1873 1874
f 1873 1875 1874
f 1874 1875 1868
f 1874 1868 1871
f 1871 1868 1860
f 1871 1860 1869
f 1869 1860 1862
f 1869 1862 1863
f 1854 1853 1867
f 1867 1853 1872
f 1867 1872 1866
f 1866 1872 1874
f 1866 1874 1859
f 1859 1874 1871
f 1859 1871 1857
f 1857 1871 1870
f 1857 1870 1852
f 1852 1870 1865
f 1852 1865 1850
f 1850 1865 1864
f 1850 1864 1851
f 1876 1541 1877
f 1877 1541 1543
f 1877 1543 1878
f 1878 1543 1548
f 1878 1548 1879
f 1879 1548 1550
f 1879 1550 1880
f 1880 1550 1552
f 1880 1552 1881
f 1882 1883 1539
f 1537 1884 1539
f 1539 1884 1882
f 1531 1885 1529
f 1529 1885 1886
f 1529 1886 1535
f 1535 1886 1887
f 1535 1887 1537
f 1537 1887 1888
f 1537 1888 1884
f 1889 1522 1890
f 1890 1522 1513
f 1890 1513 1891
f 1891 1513 1515
f 1891 1515 1892
f 1892 1515 1517
f 1892 1517 1893
f 1893 1517 1519
f 1893 1519 1894
f 1895 1896 1506
f 1505 1897 1506
f 1506 1897 1895
f 1501 1898 1503
f 1503 1898 1899
f 1503 1899 1510
f 1510 1899 1900
f 1510 1900 1505
f 1505 1900 1901
f 1505 1901 1897
f 1902 1903 1904
f 1905 1906 1907
f 1908 1906 1905
f 1909 1910 1911
f 1911 1910 1903
f 1911 1903 1912
f 1912 1903 1902
f 1912 1902 1913
f 1913 1902 1914
f 1913 1914 1915
f 1907 1916 1917
f 1917 1916 1918
f 1917 1918 1919
f 1919 1918 1920
f 1919 1920 1921
f 1909 1911 1922
f 1922 1911 1912
f 1922 1912 1923
f 1923 1912 1913
f 1923 1913 1924
f 1924 1913 1915
f 1924 1915 1925
f 1926 1925 1927
f 1927 1925 1915
f 1927 1915 1921
f 1921 1915 1914
f 1921 1914 1919
f 1919 1914 1902
f 1919 1902 1917
f 1917 1902 1904
f 1917 1904 1907
f 1907 1904 1903
f 1907 1903 1905
f 1905 1903 1910
f 1905 1910 1908
f 1916 1709 1918
f 1918 1709 1711
f 1918 1711 1920
f 1920 1711 1716
f 1920 1716 1921
f 1921 1716 1718
f 1921 1718 1927
f 1927 1718 1720
f 1927 1720 1926
f 1928 1929 1930
f 1930 1929 1931
f 1930 1931 1932
f 1932 1931 1933
f 1932 1933 1934
f 1934 1933 1935
f 1934 1935 1936
f 1936 1935 1937
f 1936 1937 1938
f 1938 1937 1939
f 1938 1939 1940
f 1940 1939 1941
f 1940 1941 1942
f 1942 1941 1943
f 1942 1943 1944
f 1944 1943 1945
f 1944 1945 1946
f 1946 1945 1947
f 1946 1947 1948
f 1948 1947 1949
f 1948 1949 1950
f 1950 1949 1951
f 1950 1951 1952
f 1952 1951 1953
f 1952 1953 1954
f 1954 1953 1955
f 1954 1955 1956
f 1956 1955 1957
f 1956 1957 1958
f 1958 1957 1959
f 1958 1959 1960
f 1960 1959 1961
f 1960 1961 1962
f 1962 1961 1963
f 1962 1963 1964
f 1964 1963 1965
f 1964 1965 1966
f 1966 1965 1967
f 1966 1967 1968
f 1968 1967 1969
f 1968 1969 1970
f 1970 1969 1971
f 1970 1971 1972
f 1972 1971 1973
f 1972 1973 1974
f 1974 1973 1975
f 1974 1975 1928
f 1928 1975 1929
f 1929 1976 1931
f 1931 1976 1977
f 1931 1977 1933
f 1933 1977 1978
f 1933 1978 1935
f 1935 1978 1979
f 1935 1979 1937
f 1937 1979 1980
f 1937 1980 1939
f 1939 1980 1981
f 1939 1981 1941
f 1941 1981 1982
f 1941 1982 1943
f 1943 1982 1983
f 1943 1983 1945
f 1945 1983 1984
f 1945 1984 1947
f 1947 1984 1985
f 1947 1985 1949
f 1949 1985 1986
f 1949 1986 1951
f 1951 1986 1987
f 1951 1987 1953
f 1953 1987 1988
f 1953 1988 1955
f 1955 1988 1989
f 1955 1989 1957
f 1957 1989 1990
f 1957 1990 1959
f 1959 1990 1991
f 1959 1991 1961
f 1961 1991 1992
f 1961 1992 1963
f 1963 1992 1993
f 1963 1993 1965
f 1965 1993 1994
f 1965 1994 1967
f 1967 1994 1995
f 1967 1995 1969
f 1969 1995 1996
f 1969 1996 1971
f 1971 1996 1997
f 1971 1997 1973
f 1973 1997 1998
f 1973 1998 1975
f 1975 1998 1999
f 1975 1999 1929
f 1929 1999 1976
f 1976 1451 1977
f 1977 1451 1474
f 1977 1474 1978
f 1978 1474 1473
f 1978 1473 1979
f 1979 1473 1472
f 1979 1472 1980
f 1980 1472 1471
f 1980 1471 1981
f 1981 1471 1470
f 1981 1470 1982
f 1982 1470 1469
f 1982 1469 1983
f 1983 1469 1468
f 1983 1468 1984
f 1984 1468 1467
f 1984 1467 1985
f 1985 1467 1466
f 1985 1466 1986
f 1986 1466 1465
f 1986 1465 1987
f 1987 1465 1464
f 1987 1464 1988
f 1988 1464 1463
f 1988 1463 1989
f 1989 1463 1462
f 1989 1462 1990
f 1990 1462 1461
f 1990 1461 1991
f 1991 1461 1460
f 1991 1460 1992
f 1992 1460 1459
f 1992 1459 1993
f 1993 1459 1458
f 1993 1458 1994
f 1994 1458 1457
f 1994 1457 1995
f 1995 1457 1456
f 1995 1456 1996
f 1996 1456 1455
f 1996 1455 1997
f 1997 1455 1454
f 1997 1454 1998
f 1998 1454 1453
f 1998 1453 1999
f 1999 1453 1452
f 1999 1452 1976
f 1976 1452 1451
f 2000 2001 1486
f 1486 2001 2002
f 1486 2002 1475
f 1475 2002 2003
f 1475 2003 1476
f 1476 2003 2004
f 1476 2004 1477
f 1477 2004 2005
f 1477 2005 1478
f 1478 2005 2006
f 1478 2006 1479
f 1479 2006 2007
f 1479 2007 1480
f 1480 2007 2008
f 1480 2008 1481
f 1481 2008 2009
f 1481 2009 1482
f 1482 2009 2010
f 1482 2010 1483
f 1483 2010 2011
f 1483 2011 1484
f 1484 2011 2012
f 1484 2012 1485
f 1485 2012 2000
f 1485 2000 1486
f 2013 2014 1492
f 1492 2014 2015
f 1492 2015 1493
f 1493 2015 2016
f 1493 2016 1494
f 1494 2016 2017
f 1494 2017 1495
f 1495 2017 2018
f 1495 2018 1496
f 1496 2018 2019
f 1496 2019 1497
f 1497 2019 2020
f 1497 2020 1498
f 1498 2020 2021
f 1498 2021 1487
f 1487 2021 2022
f 1487 2022 1488
f 1488 2022 2023
f 1488 2023 1489
f 1489 2023 2024
f 1489 2024 1490
f 1490 2024 2025
f 1490 2025 1491
f 1491 2025 2013
f 1491 2013 1492
f 2026 2027 2028
f 2029 2030 2031
f 2032 2033 2034
f 2035 2028 2036
f 2036 2028 2027
f 2036 2027 1899
f 2030 2029 2037
f 2032 2034 2038
f 2038 2034 2039
f 2038 2039 2040
f 2026 1897 1901
f 2026 1901 2027
f 2027 1901 1900
f 2027 1900 1899
f 2041 2042 2043
f 2042 2044 2043
f 2043 2044 2037
f 2043 2037 2040
f 2040 2037 2029
f 2040 2029 2038
f 2038 2029 2031
f 2038 2031 2032
f 1899 1898 2036
f 2036 1898 2041
f 2036 2041 2035
f 2035 2041 2043
f 2035 2043 2028
f 2028 2043 2040
f 2028 2040 2026
f 2026 2040 2039
f 2026 2039 1897
f 1897 2039 2034
f 1897 2034 1895
f 1895 2034 2033
f 1895 2033 1896
f 1896 2045 1506
f 1506 2045 1507
f 1508 2046 1509
f 1509 2046 2047
f 1504 1512 2047
f 2047 1512 1511
f 2047 1511 1509
f 2048 1502 1504
f 2049 1499 1502
f 1500 1499 2050
f 2050 1499 2049
f 2050 2049 2051
f 2051 2049 2052
f 2051 2052 2053
f 2053 2052 2054
f 2053 2054 2055
f 2056 2057 2058
f 1502 2048 2049
f 2049 2048 2056
f 2049 2056 2052
f 2052 2056 2058
f 2052 2058 2054
f 1508 1507 2046
f 2046 1507 2059
f 2046 2059 2060
f 1504 2047 2048
f 2048 2047 2046
f 2048 2046 2056
f 2056 2046 2060
f 2056 2060 2057
f 1522 1501 1523
f 1523 1501 1500
f 2061 1524 1523
f 2062 1525 1524
f 1516 1514 2063
f 2063 1514 1526
f 2063 1526 1525
f 1516 2063 1518
f 1518 2063 2064
f 1518 2064 1520
f 1520 2064 2065
f 1520 2065 1521
f 1524 2061 2062
f 2062 2061 2066
f 2062 2066 2067
f 2067 2068 2069
f 1525 2062 2063
f 2063 2062 2067
f 2063 2067 2064
f 2064 2067 2069
f 2064 2069 2065
f 1523 2070 2061
f 2061 2070 2071
f 2061 2071 2066
f 2066 2071 2072
f 2068 2067 2073
f 2073 2067 2066
f 2073 2066 2074
f 2074 2066 2072
f 2074 2072 2075
f 1521 2076 1519
f 1519 2076 1894
f 2077 2078 2079
f 2080 2081 2082
f 2083 2084 2085
f 2077 2086 2087
f 2080 2082 2088
f 2077 2087 2078
f 2078 2087 2089
f 2078 2089 2090
f 2085 1889 2091
f 2091 1889 1890
f 2091 1890 2092
f 2092 1890 1891
f 2092 1891 1892
f 2077 2088 2086
f 2086 2088 2082
f 2086 2082 2087
f 2087 2082 2093
f 2087 2093 2089
f 2089 2093 2094
f 2089 2094 2090
f 1894 2081 1893
f 1893 2081 2080
f 1893 2080 1892
f 1892 2080 2088
f 1892 2088 2092
f 2092 2088 2077
f 2092 2077 2091
f 2091 2077 2079
f 2091 2079 2085
f 2085 2079 2078
f 2085 2078 2083
f 2083 2078 2090
f 2083 2090 2084
f 2095 2096 2097
f 2098 2099 2100
f 2101 2102 2103
f 2104 2097 2105
f 2105 2097 2096
f 2105 2096 1886
f 2099 2098 2106
f 2101 2103 2107
f 2107 2103 2108
f 2107 2108 2109
f 2095 1884 1888
f 2095 1888 2096
f 2096 1888 1887
f 2096 1887 1886
f 2110 2111 2112
f 2111 2113 2112
f 2112 2113 2106
f 2112 2106 2109
f 2109 2106 2098
f 2109 2098 2107
f 2107 2098 2100
f 2107 2100 2101
f 1886 1885 2105
f 2105 1885 2110
f 2105 2110 2104
f 2104 2110 2112
f 2104 2112 2097
f 2097 2112 2109
f 2097 2109 2095
f 2095 2109 2108
f 2095 2108 1884
f 1884 2108 2103
f 1884 2103 1882
f 1882 2103 2102
f 1882 2102 1883
f 1541 1531 1542
f 1542 1531 1533
f 2114 1544 1542
f 2115 1545 1544
f 1549 1547 2116
f 2116 1547 1546
f 2116 1546 1545
f 1549 2116 1551
f 1551 2116 2117
f 1551 2117 1553
f 1553 2117 2118
f 1553 2118 1554
f 1544 2114 2115
f 2115 2114 2119
f 2115 2119 2120
f 2120 2121 2122
f 1545 2115 2116
f 2116 2115 2120
f 2116 2120 2117
f 2117 2120 2122
f 2117 2122 2118
f 1542 2123 2114
f 2114 2123 2124
f 2114 2124 2119
f 2119 2124 2125
f 2121 2120 2126
f 2126 2120 2119
f 2126 2119 2127
f 2127 2119 2125
f 2127 2125 2128
f 1538 2129 1536
f 1536 2129 2130
f 1528 1527 2130
f 2130 1527 1534
f 2130 1534 1536
f 2131 1530 1528
f 2132 1532 1530
f 1533 1532 2133
f 2133 1532 2132
f 2133 2132 2134
f 2134 2132 2135
f 2134 2135 2136
f 2136 2135 2137
f 2136 2137 2138
f 2139 2140 2141
f 1530 2131 2132
f 2132 2131 2139
f 2132 2139 2135
f 2135 2139 2141
f 2135 2141 2137
f 1538 1540 2129
f 2129 1540 2142
f 2129 2142 2143
f 1528 2130 2131
f 2131 2130 2129
f 2131 2129 2139
f 2139 2129 2143
f 2139 2143 2140
f 1883 2144 1539
f 1539 2144 1540
f 1554 2145 1552
f 1552 2145 1881
f 2146 2147 2148
f 2149 2150 2151
f 2152 2150 2149
f 2153 2154 2155
f 2155 2154 2147
f 2155 2147 2156
f 2156 2147 2146
f 2156 2146 2157
f 2157 2146 2158
f 2157 2158 2159
f 2151 1876 2160
f 2160 1876 1877
f 2160 1877 2161
f 2161 1877 1878
f 2161 1878 1879
f 2153 2155 2162
f 2162 2155 2156
f 2162 2156 2163
f 2163 2156 2157
f 2163 2157 2164
f 2164 2157 2159
f 2164 2159 2165
f 1881 2165 1880
f 1880 2165 2159
f 1880 2159 1879
f 1879 2159 2158
f 1879 2158 2161
f 2161 2158 2146
f 2161 2146 2160
f 2160 2146 2148
f 2160 2148 2151
f 2151 2148 2147
f 2151 2147 2149
f 2149 2147 2154
f 2149 2154 2152
f 2166 2167 2168
f 2168 2167 2169
f 2168 2169 2170
f 2169 2171 1557
f 2169 1557 2170
f 2170 1557 1556
f 2170 1556 2172
f 2172 1556 1579
f 2172 1579 2173
f 2173 1579 1577
f 2173 1577 2174
f 2174 1577 1575
f 2174 1575 2175
f 2175 1575 1573
f 2175 1573 2176
f 2176 1573 1571
f 2176 1571 2177
f 2177 1571 1569
f 2177 1569 2178
f 2178 1569 1567
f 2178 1567 2179
f 2179 1567 1565
f 2179 1565 2180
f 2180 1565 1563
f 2180 1563 2181
f 2181 1563 1561
f 2181 1561 2171
f 2171 1561 1560
f 2171 1560 1557
f 2182 2183 2184
f 2184 2183 2185
f 2184 2185 2186
f 2185 2187 1595
f 2185 1595 2186
f 2186 1595 1594
f 2186 1594 2188
f 1598 1595 2187
f 1598 2187 1599
f 1599 2187 2189
f 1599 2189 1601
f 1601 2189 2190
f 1601 2190 1603
f 1603 2190 2191
f 1603 2191 1605
f 1605 2191 2192
f 1605 2192 1607
f 1607 2192 2193
f 1607 2193 1609
f 1609 2193 2194
f 1609 2194 1611
f 1611 2194 2195
f 1611 2195 1613
f 1613 2195 2196
f 1613 2196 1615
f 1615 2196 2197
f 1615 2197 1617
f 1617 2197 2188
f 1617 2188 1594
f 1643 2198 1641
f 1641 2198 2199
f 1641 2199 1639
f 1639 2199 2200
f 1639 2200 1637
f 1637 2200 2201
f 1637 2201 1635
f 1635 2201 2202
f 1635 2202 1633
f 1633 2202 2203
f 1633 2203 1631
f 1631 2203 2204
f 1631 2204 1653
f 1653 2204 2205
f 1653 2205 1651
f 1651 2205 2206
f 1651 2206 1649
f 1649 2206 2207
f 1649 2207 1647
f 1647 2207 2208
f 1647 2208 1645
f 1645 2208 2209
f 1645 2209 1643
f 1643 2209 2198
f 2210 1724 2211
f 2211 1724 1723
f 2211 1723 2212
f 1723 1756 2212
f 2212 1756 1755
f 2212 1755 2213
f 2213 1755 1753
f 2213 1753 2214
f 1753 1751 2214
f 2214 1751 1750
f 2214 1750 2215
f 1750 1748 2215
f 2215 1748 1746
f 2215 1746 2216
f 2216 1746 1744
f 2216 1744 2217
f 1744 1741 2217
f 2217 1741 1740
f 2217 1740 2218
f 2218 1740 1738
f 2218 1738 2219
f 1731 2220 1734
f 1734 2220 2219
f 1734 2219 1736
f 1736 2219 1738
f 1766 2221 1768
f 1768 2221 2222
f 1768 2222 1769
f 1769 2222 2223
f 1769 2223 1727
f 1727 2223 2224
f 1727 2224 1729
f 1729 2224 2220
f 1729 2220 1731
f 1778 1724 2210
f 2210 2225 1778
f 1778 2225 2226
f 1778 2226 1776
f 1776 2226 2227
f 1776 2227 1774
f 1766 1764 2221
f 2221 1764 1762
f 2221 1762 2228
f 2228 1762 1760
f 2228 1760 2229
f 2229 1760 1759
f 2229 1759 2227
f 2227 1759 1772
f 2227 1772 1774
f 2230 2231 2232
f 2233 2234 2235
f 2235 2234 2236
f 2235 2236 2237
f 2237 2236 2238
f 2237 2238 2239
f 2239 2238 2240
f 2239 2240 2241
f 2242 2243 2244
f 2244 2243 2233
f 2244 2233 2245
f 2245 2233 2235
f 2246 2247 2248
f 2231 2246 2249
f 2249 2246 2248
f 2249 2248 2242
f 2242 2248 2250
f 2242 2250 2243
f 2251 2252 2230
f 2252 2251 2253
f 2231 2249 2232
f 2232 2249 2242
f 2232 2242 2254
f 2254 2242 2244
f 2254 2244 2255
f 2255 2244 2245
f 2255 2245 2256
f 2256 2245 2235
f 2256 2235 2257
f 2257 2235 2237
f 2257 2237 2258
f 2258 2237 2239
f 2258 2239 2259
f 2259 2239 2241
f 2259 2241 2260
f 2230 2232 2251
f 2251 2232 2254
f 2251 2254 2261
f 2261 2254 2255
f 2261 2255 2262
f 2262 2255 2256
f 2262 2256 2263
f 2263 2256 2257
f 2263 2257 2264
f 2264 2257 2258
f 2264 2258 2265
f 2265 2258 2259
f 2265 2259 2266
f 2266 2259 2260
f 2266 2260 2267
f 2253 2251 2268
f 2268 2251 2261
f 2268 2261 2269
f 2269 2261 2262
f 2269 2262 2270
f 2270 2262 2263
f 2270 2263 2271
f 2271 2263 2264
f 2271 2264 2272
f 2272 2264 2265
f 2272 2265 2273
f 2273 2265 2266
f 2273 2266 2274
f 2274 2266 2267
f 2274 2267 2275
f 2276 2275 2277
f 2277 2275 2267
f 2277 2267 2278
f 2278 2267 2260
f 2278 2260 2279
f 2279 2260 2241
f 2279 2241 2280
f 2280 2241 2240
f 2280 2240 2281
f 2282 1873 2276
f 2276 1873 2275
f 1875 1873 2282
f 2283 1851 2284
f 2284 1851 1864
f 2284 1864 2285
f 2285 1864 1863
f 2285 1863 2286
f 2286 1863 1862
f 2286 1862 2287
f 2287 1862 1861
f 2287 1861 2288
f 1861 1868 2288
f 2288 1868 1875
f 2288 1875 2289
f 2289 1875 2282
f 1851 2283 1679
f 1679 2283 1680
f 2290 2291 2292
f 1667 1674 2293
f 1676 1678 2294
f 2294 1678 1680
f 1667 2293 1668
f 1668 2293 2295
f 1668 2295 1670
f 1670 2295 2292
f 1670 2292 1672
f 1672 2292 2291
f 1672 2291 1673
f 1680 2296 2294
f 2294 2296 2297
f 2294 2297 2298
f 2299 2300 2301
f 2301 2300 2302
f 2301 2302 2303
f 2303 2302 2298
f 2303 2298 2304
f 2304 2298 2297
f 2300 2290 2302
f 2302 2290 2292
f 2302 2292 2298
f 2298 2292 2295
f 2298 2295 2294
f 2294 2295 2293
f 2294 2293 1676
f 1676 2293 1674
f 1683 1671 1681
f 1681 1671 1673
f 2305 2306 2307
f 1691 1689 2308
f 2308 1684 2309
f 2309 1684 1682
f 2309 1682 2310
f 2310 1682 1681
f 2310 1681 2311
f 1689 1687 2308
f 2308 1687 1686
f 2308 1686 1684
f 2312 2305 2313
f 2305 2307 2313
f 2313 2307 2314
f 2313 2314 2315
f 1694 1693 2316
f 2316 1693 2317
f 2316 2317 2318
f 2318 2317 2315
f 2318 2315 2319
f 2319 2315 2314
f 1693 1691 2317
f 2317 1691 2308
f 2317 2308 2315
f 2315 2308 2309
f 2315 2309 2313
f 2313 2309 2310
f 2313 2310 2312
f 2312 2310 2311
f 1694 2320 1692
f 1692 2320 1848
f 1848 2320 2321
f 2322 1828 2323
f 2323 1828 1830
f 1831 2324 1832
f 1832 2324 2325
f 1832 2325 1830
f 1830 2325 2326
f 1830 2326 2323
f 1831 1844 2324
f 2324 1844 1845
f 2324 1845 2327
f 2327 1845 1846
f 2327 1846 2321
f 2321 1846 1847
f 2321 1847 1848
f 1828 2322 1821
f 1821 2322 2328
f 2329 1799 2330
f 2330 1799 1812
f 2330 1812 2331
f 2331 1812 1811
f 2331 1811 2332
f 1811 1810 2332
f 2332 1810 1809
f 2332 1809 2333
f 1821 2328 1823
f 1823 2328 2334
f 1809 1816 2333
f 2333 1816 1823
f 2333 1823 2335
f 2335 1823 2334
f 1799 2329 1702
f 1702 2329 1703
f 2336 2337 2338
f 1695 1697 2339
f 1699 1701 2340
f 2340 1701 1703
f 1695 2339 1704
f 1704 2339 2341
f 1704 2341 1705
f 1705 2341 2338
f 1705 2338 1707
f 1707 2338 2337
f 1707 2337 1708
f 1703 2342 2340
f 2340 2342 2343
f 2340 2343 2344
f 2345 2346 2347
f 2347 2346 2348
f 2347 2348 2349
f 2349 2348 2344
f 2349 2344 2350
f 2350 2344 2343
f 2346 2336 2348
f 2348 2336 2338
f 2348 2338 2344
f 2344 2338 2341
f 2344 2341 2340
f 2340 2341 2339
f 2340 2339 1699
f 1699 2339 1697
f 1709 1706 1710
f 1710 1706 1708
f 2351 2352 2353
f 1719 1717 2354
f 2354 1713 2355
f 2355 1713 1712
f 2355 1712 2356
f 2356 1712 1710
f 2356 1710 2357
f 1717 1715 2354
f 2354 1715 1714
f 2354 1714 1713
f 2358 2351 2359
f 2351 2353 2359
f 2359 2353 2360
f 2359 2360 2361
f 1722 1721 2362
f 2362 1721 2363
f 2362 2363 2364
f 2364 2363 2361
f 2364 2361 2365
f 2365 2361 2360
f 1721 1719 2363
f 2363 1719 2354
f 2363 2354 2361
f 2361 2354 2355
f 2361 2355 2359
f 2359 2355 2356
f 2359 2356 2358
f 2358 2356 2357
f 1722 2366 1720
f 1720 2366 1926
f 1926 2366 2367
f 2368 1906 2369
f 2369 1906 1908
f 1909 2370 1910
f 1910 2370 2371
f 1910 2371 1908
f 1908 2371 2372
f 1908 2372 2369
f 1909 1922 2370
f 2370 1922 1923
f 2370 1923 2373
f 2373 1923 1924
f 2373 1924 2367
f 2367 1924 1925
f 2367 1925 1926
f 2368 2374 1906
f 1906 2374 2375
f 2376 1730 2377
f 2377 1730 1732
f 2377 1732 2378
f 1732 1733 2378
f 2378 1733 1735
f 2378 1735 2379
f 2379 1735 1737
f 2379 1737 2380
f 1737 1739 2380
f 2380 1739 1742
f 2380 1742 2381
f 1742 1743 2381
f 2381 1743 1745
f 2381 1745 2382
f 2382 1745 1747
f 2382 1747 2383
f 1747 1749 2383
f 2383 1749 1752
f 2383 1752 2384
f 2384 1752 1754
f 2384 1754 2385
f 1725 2386 1757
f 1757 2386 2385
f 1757 2385 1758
f 1758 2385 1754
f 2386 1725 2387
f 2387 1725 1780
f 2387 1780 2388
f 1780 1779 2388
f 2388 1779 1777
f 2388 1777 2389
f 2389 1777 1775
f 2389 1775 2390
f 1775 1773 2390
f 2390 1773 1771
f 2390 1771 2391
f 1771 1770 2391
f 2391 1770 1761
f 2391 1761 2392
f 2392 1761 1763
f 2392 1763 2393
f 1730 2376 1728
f 1728 2376 2394
f 1728 2394 1726
f 1726 2394 2395
f 1726 2395 1767
f 1767 2395 2393
f 1767 2393 1765
f 1765 2393 1763
f 2396 2397 2375
f 2398 2399 2400
f 2375 2401 2396
f 2396 2401 2402
f 2396 2402 2403
f 2403 2402 2404
f 2403 2404 2405
f 2405 2404 2406
f 2405 2406 2407
f 2408 2397 2409
f 2409 2397 2396
f 2409 2396 2410
f 2410 2396 2403
f 2410 2403 2400
f 2400 2403 2405
f 2400 2405 2398
f 2398 2405 2407
f 2411 2408 2412
f 2412 2408 2409
f 2412 2409 2413
f 2413 2409 2410
f 2413 2410 2414
f 2414 2410 2400
f 2414 2400 2415
f 2415 2400 2399
f 2416 2411 2417
f 2417 2411 2412
f 2417 2412 2418
f 2418 2412 2413
f 2418 2413 2419
f 2419 2413 2414
f 2419 2414 2420
f 2420 2414 2415
f 2375 2374 2401
f 2401 2374 2421
f 2401 2421 2402
f 2402 2421 2422
f 2402 2422 2404
f 2404 2422 2423
f 2404 2423 2406
f 2423 2424 2406
f 2406 2424 2425
f 2406 2425 2407
f 1788 1782 1781
f 1785 1784 1787
f 1797 2426 1787
f 1787 2426 2427
f 1787 2427 1785
f 1789 1788 2428
f 2428 1788 2429
f 2429 1788 1781
f 2429 1781 2430
f 2428 2431 1789
f 1789 2431 2432
f 1789 2432 1790
f 2432 2433 1790
f 1790 2433 2434
f 1790 2434 1791
f 2434 2435 1791
f 1791 2435 2436
f 1791 2436 1792
f 2436 2437 1792
f 1792 2437 2438
f 1792 2438 1793
f 2438 2439 1793
f 1793 2439 2440
f 1793 2440 1794
f 2440 2441 1794
f 1794 2441 2442
f 1794 2442 1795
f 2442 2443 1795
f 1795 2443 2444
f 1795 2444 1796
f 2427 2445 1785
f 1785 2445 2446
f 1785 2446 1786
f 1786 2446 2447
f 1786 2447 1781
f 1781 2447 2448
f 1781 2448 2430
f 2444 2449 1796
f 1796 2449 2450
f 1796 2450 1797
f 1797 2450 2451
f 1797 2451 2426
f 2452 2453 2454
f 2455 2416 2456
f 2456 2416 2417
f 2456 2417 2457
f 2457 2417 2418
f 2457 2418 2458
f 2458 2418 2419
f 2459 2455 2460
f 2460 2455 2456
f 2460 2456 2461
f 2461 2456 2457
f 2461 2457 2454
f 2454 2457 2458
f 2454 2458 2452
f 2452 2458 2419
f 2452 2419 2420
f 2462 2459 2463
f 2463 2459 2460
f 2463 2460 2464
f 2464 2460 2461
f 2464 2461 2465
f 2465 2461 2454
f 2465 2454 2466
f 2466 2454 2453
f 2467 2462 2468
f 2468 2462 2463
f 2468 2463 2469
f 2469 2463 2464
f 2469 2464 2470
f 2470 2464 2465
f 2470 2465 2471
f 2471 2465 2466
f 2150 2253 2268
f 1828 1821 2397
f 2274 2275 1873
f 2375 2397 1906
f 1906 2397 1821
f 1906 1821 1907
f 1907 1821 1820
f 1907 1820 1916
f 1916 1820 1801
f 1916 1801 1709
f 1709 1801 1706
f 2462 2467 2042
f 1671 1683 1853
f 1853 1683 1838
f 1853 1838 1872
f 1872 1838 1829
f 1872 1829 1873
f 1873 1829 1828
f 1873 1828 2274
f 2274 1828 2397
f 2274 2397 2273
f 2273 2397 2408
f 2273 2408 2272
f 2272 2408 2411
f 2272 2411 2271
f 2271 2411 2416
f 2271 2416 2270
f 2270 2416 2455
f 2270 2455 2269
f 2269 2455 2459
f 2269 2459 2268
f 2268 2459 2462
f 2268 2462 2150
f 1531 1541 1885
f 1885 1541 1876
f 1885 1876 2110
f 2110 1876 2151
f 2110 2151 2111
f 1501 1522 1898
f 1898 1522 1889
f 1898 1889 2041
f 2041 1889 2085
f 2041 2085 2042
f 2042 2085 2084
f 2042 2084 2462
f 2462 2084 2111
f 2462 2111 2150
f 2150 2111 2151
f 2472 2473 2474
f 2474 2473 2475
f 2476 2474 2000
f 2000 2474 2475
f 2000 2475 2477
f 2013 2478 2014
f 2014 2478 2015
f 2479 2013 2025
f 2000 2477 2001
f 2001 2477 2002
f 2476 2000 2012
f 2002 2477 2003
f 2003 2477 2480
f 2003 2480 2004
f 2025 2024 2479
f 2479 2024 2023
f 2479 2023 2481
f 2481 2023 2022
f 2481 2022 2482
f 2482 2022 2021
f 2482 2021 2483
f 2483 2021 1932
f 2483 1932 1934
f 2015 2478 2016
f 2016 2478 2484
f 2016 2484 2017
f 1934 1936 2483
f 2483 1936 1938
f 2483 1938 2485
f 2485 1938 1940
f 1940 1942 2485
f 2485 1942 1944
f 2485 1944 1946
f 2480 2485 2004
f 2004 2485 1946
f 2004 1946 2005
f 2005 1946 1948
f 2005 1948 2006
f 2006 1948 1950
f 2006 1950 2007
f 2007 1950 1952
f 2007 1952 2008
f 2008 1952 1954
f 2008 1954 1956
f 2012 2011 2476
f 2476 2011 2010
f 2476 2010 2486
f 2486 2010 2009
f 2486 2009 2487
f 2487 2009 2008
f 2487 2008 2488
f 2488 2008 1956
f 2488 1956 1958
f 1958 1960 2488
f 2488 1960 1962
f 2488 1962 2489
f 2489 1962 1964
f 1964 1966 2489
f 2489 1966 1968
f 2489 1968 1970
f 2484 2489 2017
f 2017 2489 1970
f 2017 1970 2018
f 2018 1970 1972
f 2018 1972 2019
f 2019 1972 1974
f 2019 1974 2020
f 2020 1974 1928
f 2020 1928 2021
f 2021 1928 1930
f 2021 1930 1932
f 2479 2490 2013
f 2013 2490 2491
f 2013 2491 2478
f 2492 2493 2494
f 2494 2495 2492
f 2492 2495 2496
f 2492 2496 2497
f 2497 2496 2498
f 2497 2498 2499
f 2499 2498 2500
f 2499 2500 2501
f 2501 2500 2502
f 2501 2502 2503
f 2503 2502 2504
f 2505 2506 2490
f 2490 2506 2491
f 2484 2478 2491
f 2507 2508 2506
f 2506 2508 2509
f 2506 2509 2491
f 2491 2509 2484
f 2484 2509 2510
f 2484 2510 2489
f 2510 2511 2489
f 2489 2511 2512
f 2489 2512 2488
f 2512 2513 2488
f 2488 2513 2514
f 2488 2514 2487
f 2515 2486 2516
f 2516 2486 2487
f 2516 2487 2517
f 2517 2487 2514
f 2518 2472 2519
f 2519 2472 2515
f 2515 2472 2486
f 2486 2472 2474
f 2486 2474 2476
f 2520 2521 2522
f 2523 2524 2525
f 2526 2527 2528
f 2529 2530 2531
f 2524 2532 2525
f 2525 2532 2533
f 2525 2533 2534
f 2429 2430 2535
f 2535 2430 2448
f 2535 2448 2536
f 2536 2448 2447
f 2536 2447 2446
f 2537 2521 2538
f 2538 2521 2520
f 2538 2520 2539
f 2539 2520 2540
f 2539 2540 2541
f 2428 2429 2537
f 2537 2429 2535
f 2537 2535 2521
f 2521 2535 2536
f 2521 2536 2522
f 2522 2536 2446
f 2542 2526 2523
f 2523 2526 2528
f 2523 2528 2524
f 2524 2528 2543
f 2524 2543 2532
f 2532 2543 2544
f 2532 2544 2545
f 2545 2544 2546
f 2547 2529 2548
f 2534 2549 2525
f 2525 2549 2550
f 2525 2550 2523
f 2523 2550 2551
f 2523 2551 2542
f 2552 2527 2553
f 2553 2527 2526
f 2553 2526 2554
f 2554 2526 2542
f 2554 2542 2555
f 2555 2542 2551
f 2555 2551 2556
f 2556 2551 2550
f 2556 2550 2557
f 2557 2550 2549
f 2557 2549 2548
f 2548 2549 2534
f 2548 2534 2547
f 2529 2531 2548
f 2548 2531 2558
f 2548 2558 2557
f 2557 2558 2559
f 2557 2559 2556
f 2556 2559 2560
f 2556 2560 2555
f 2555 2560 2561
f 2555 2561 2554
f 2426 2552 2427
f 2427 2552 2553
f 2427 2553 2445
f 2445 2553 2554
f 2445 2554 2446
f 2446 2554 2561
f 2446 2561 2522
f 2522 2561 2560
f 2522 2560 2520
f 2520 2560 2559
f 2520 2559 2540
f 2540 2559 2558
f 2540 2558 2541
f 2541 2558 2531
f 2541 2531 2562
f 2562 2531 2530
f 2562 2530 2563
f 2564 2565 2566
f 2566 2565 2567
f 2566 2567 2568
f 2568 2567 2569
f 2570 2571 2572
f 2572 2571 2573
f 2572 2573 2574
f 2574 2573 2575
f 2574 2575 2564
f 2564 2575 2576
f 2564 2576 2565
f 2037 2577 2030
f 2030 2577 2578
f 2030 2578 2031
f 2031 2578 2579
f 2031 2579 2032
f 2032 2579 2580
f 2032 2580 2033
f 2033 2580 2581
f 2033 2581 1896
f 1896 2581 2045
f 2042 2582 2044
f 2044 2582 2583
f 2044 2583 2037
f 2037 2583 2584
f 2037 2584 2577
f 2585 2586 2045
f 2587 2588 2589
f 2590 2591 2592
f 2593 2594 2585
f 2579 2595 2580
f 2580 2595 2596
f 2580 2596 2581
f 2588 2597 2589
f 2589 2597 2598
f 2589 2598 2599
f 2593 2589 2594
f 2594 2589 2599
f 2594 2599 2585
f 2585 2599 2600
f 2585 2600 2586
f 2045 2581 2585
f 2585 2581 2596
f 2585 2596 2593
f 2593 2596 2595
f 2593 2595 2601
f 2601 2595 2579
f 2601 2579 2578
f 2592 2587 2590
f 2590 2587 2589
f 2590 2589 2602
f 2602 2589 2593
f 2602 2593 2603
f 2603 2593 2601
f 1507 2045 2059
f 2059 2045 2586
f 2059 2586 2060
f 2060 2586 2600
f 2060 2600 2057
f 2057 2600 2599
f 2057 2599 2058
f 2058 2599 2598
f 2058 2598 2054
f 2054 2598 2597
f 2054 2597 2055
f 2055 2075 2053
f 2053 2075 2072
f 2053 2072 2051
f 2051 2072 2071
f 2051 2071 2050
f 2050 2071 2070
f 2050 2070 1500
f 1500 2070 1523
f 2076 1521 2604
f 2604 1521 2065
f 2604 2065 2605
f 2605 2065 2069
f 2605 2069 2606
f 2606 2069 2068
f 2606 2068 2607
f 2075 2608 2074
f 2074 2608 2607
f 2074 2607 2073
f 2073 2607 2068
f 2608 2609 2607
f 2607 2609 2610
f 2611 2612 2613
f 2605 2606 2613
f 2613 2606 2607
f 2613 2607 2611
f 2611 2607 2610
f 2611 2610 2614
f 2076 2604 2615
f 2615 2604 2616
f 2615 2616 2617
f 2617 2616 2618
f 2617 2618 2619
f 2619 2618 2620
f 2619 2620 2621
f 2621 2620 2622
f 2621 2622 2623
f 2614 2624 2611
f 2611 2624 2625
f 2611 2625 2612
f 2612 2625 2626
f 2612 2626 2627
f 2604 2605 2616
f 2616 2605 2613
f 2616 2613 2618
f 2618 2613 2612
f 2618 2612 2620
f 2620 2612 2627
f 2620 2627 2622
f 2628 2629 2090
f 2090 2629 2630
f 2090 2630 2084
f 2628 2090 2631
f 2631 2090 2094
f 2631 2094 2623
f 2623 2094 2093
f 2623 2093 2621
f 2621 2093 2619
f 2619 2093 2082
f 2619 2082 2617
f 2617 2082 2081
f 2617 2081 2615
f 2615 2081 1894
f 2615 1894 2076
f 2111 2084 2632
f 2632 2084 2630
f 2106 2633 2099
f 2099 2633 2634
f 2099 2634 2100
f 2100 2634 2635
f 2100 2635 2101
f 2101 2635 2636
f 2101 2636 2102
f 2102 2636 2637
f 2102 2637 1883
f 1883 2637 2144
f 2111 2632 2113
f 2113 2632 2638
f 2113 2638 2106
f 2106 2638 2639
f 2106 2639 2633
f 2138 2128 2136
f 2136 2128 2125
f 2136 2125 2134
f 2134 2125 2124
f 2134 2124 2133
f 2133 2124 2123
f 2133 2123 1533
f 1533 2123 1542
f 2128 2640 2127
f 2127 2640 2641
f 2145 1554 2642
f 2642 1554 2118
f 2642 2118 2643
f 2643 2118 2122
f 2643 2122 2644
f 2644 2122 2121
f 2644 2121 2641
f 2641 2121 2126
f 2641 2126 2127
f 2645 2646 2144
f 2647 2648 2649
f 2650 2651 2652
f 2653 2654 2645
f 2635 2655 2636
f 2636 2655 2656
f 2636 2656 2637
f 2648 2657 2649
f 2649 2657 2658
f 2649 2658 2659
f 2653 2649 2654
f 2654 2649 2659
f 2654 2659 2645
f 2645 2659 2660
f 2645 2660 2646
f 2144 2637 2645
f 2645 2637 2656
f 2645 2656 2653
f 2653 2656 2655
f 2653 2655 2661
f 2661 2655 2635
f 2661 2635 2634
f 2652 2647 2650
f 2650 2647 2649
f 2650 2649 2662
f 2662 2649 2653
f 2662 2653 2663
f 2663 2653 2661
f 1540 2144 2142
f 2142 2144 2646
f 2142 2646 2143
f 2143 2646 2660
f 2143 2660 2140
f 2140 2660 2659
f 2140 2659 2141
f 2141 2659 2658
f 2141 2658 2137
f 2137 2658 2657
f 2137 2657 2138
f 2640 2664 2641
f 2641 2664 2665
f 2666 2667 2668
f 2643 2644 2668
f 2668 2644 2641
f 2668 2641 2666
f 2666 2641 2665
f 2666 2665 2669
f 2670 2671 2672
f 2145 2642 2673
f 2673 2642 2674
f 2672 2675 2670
f 2670 2675 2676
f 2670 2676 2677
f 2677 2676 2678
f 2677 2678 2674
f 2674 2678 2679
f 2674 2679 2673
f 2669 2680 2666
f 2666 2680 2681
f 2666 2681 2667
f 2667 2681 2682
f 2667 2682 2683
f 2642 2643 2674
f 2674 2643 2668
f 2674 2668 2677
f 2677 2668 2667
f 2677 2667 2670
f 2670 2667 2683
f 2670 2683 2671
f 2684 2685 2152
f 2152 2685 2150
f 2153 2672 2154
f 2154 2672 2686
f 2154 2686 2152
f 2152 2686 2687
f 2152 2687 2684
f 2153 2162 2672
f 2672 2162 2163
f 2672 2163 2675
f 2675 2163 2676
f 2676 2163 2678
f 2678 2163 2164
f 2678 2164 2679
f 2679 2164 2165
f 2679 2165 2673
f 2673 2165 1881
f 2673 1881 2145
f 2685 2688 2150
f 2150 2688 2253
f 2171 2169 2167
f 2168 2170 2172
f 2689 2181 2171
f 2689 2690 2181
f 2181 2690 2691
f 2181 2691 2180
f 2692 2693 2166
f 2166 2693 2694
f 2166 2694 2167
f 2167 2694 2695
f 2167 2695 2171
f 2171 2695 2696
f 2171 2696 2689
f 2173 2697 2172
f 2172 2697 2698
f 2172 2698 2168
f 2168 2698 2699
f 2168 2699 2166
f 2166 2699 2692
f 2179 2700 2701
f 2179 2701 2178
f 2691 2702 2180
f 2180 2702 2703
f 2180 2703 2179
f 2179 2703 2704
f 2179 2704 2700
f 2701 2705 2178
f 2178 2705 2706
f 2178 2706 2177
f 2706 2707 2177
f 2177 2707 2708
f 2177 2708 2176
f 2708 2709 2176
f 2176 2709 2710
f 2176 2710 2175
f 2175 2710 2711
f 2175 2711 2174
f 2711 2712 2174
f 2174 2712 2713
f 2174 2713 2173
f 2173 2713 2714
f 2173 2714 2697
f 2689 2696 2715
f 2715 2696 2716
f 2715 2716 2717
f 2717 2716 2718
f 2717 2718 2719
f 2719 2718 2720
f 2719 2720 2721
f 2721 2720 2722
f 2721 2722 2723
f 2723 2722 2724
f 2725 2726 2727
f 2727 2728 2725
f 2725 2728 2729
f 2725 2729 2730
f 2730 2729 2731
f 2730 2731 2732
f 2733 2734 2735
f 2735 2734 2736
f 2735 2736 2732
f 2732 2736 2737
f 2732 2737 2730
f 2187 2185 2183
f 2184 2186 2188
f 2189 2738 2739
f 2189 2739 2190
f 2738 2189 2740
f 2740 2189 2187
f 2740 2187 2741
f 2741 2187 2183
f 2741 2183 2742
f 2742 2183 2182
f 2742 2182 2743
f 2744 2727 2197
f 2197 2727 2726
f 2197 2726 2188
f 2188 2726 2745
f 2188 2745 2184
f 2184 2745 2746
f 2184 2746 2182
f 2182 2746 2747
f 2182 2747 2743
f 2196 2748 2197
f 2197 2748 2749
f 2197 2749 2744
f 2195 2750 2196
f 2196 2750 2751
f 2196 2751 2748
f 2194 2752 2195
f 2195 2752 2753
f 2195 2753 2750
f 2739 2754 2190
f 2190 2754 2755
f 2190 2755 2191
f 2755 2756 2191
f 2191 2756 2757
f 2191 2757 2192
f 2192 2757 2758
f 2192 2758 2193
f 2758 2759 2193
f 2193 2759 2760
f 2193 2760 2194
f 2194 2760 2761
f 2194 2761 2752
f 2209 2762 2198
f 2198 2762 2763
f 2198 2763 2199
f 2199 2763 2764
f 2199 2764 2200
f 2200 2764 2765
f 2200 2765 2201
f 2201 2765 2766
f 2201 2766 2202
f 2202 2766 2767
f 2202 2767 2203
f 2203 2767 2768
f 2203 2768 2204
f 2204 2768 2769
f 2204 2769 2205
f 2205 2769 2770
f 2205 2770 2206
f 2206 2770 2771
f 2206 2771 2207
f 2207 2771 2772
f 2207 2772 2208
f 2208 2772 2773
f 2208 2773 2209
f 2209 2773 2762
f 2773 2774 2762
f 2762 2774 2775
f 2762 2775 2763
f 2763 2775 2776
f 2763 2776 2764
f 2764 2776 2777
f 2764 2777 2765
f 2765 2777 2778
f 2765 2778 2766
f 2766 2778 2779
f 2766 2779 2767
f 2767 2779 2780
f 2767 2780 2768
f 2768 2780 2781
f 2768 2781 2769
f 2769 2781 2782
f 2769 2782 2770
f 2770 2782 2783
f 2770 2783 2771
f 2771 2783 2784
f 2771 2784 2772
f 2772 2784 2785
f 2772 2785 2773
f 2773 2785 2774
f 2785 2786 2774
f 2774 2786 2787
f 2774 2787 2775
f 2775 2787 2788
f 2775 2788 2776
f 2776 2788 2789
f 2776 2789 2777
f 2777 2789 2790
f 2777 2790 2778
f 2778 2790 2791
f 2778 2791 2779
f 2779 2791 2792
f 2779 2792 2780
f 2780 2792 2793
f 2780 2793 2781
f 2781 2793 2794
f 2781 2794 2782
f 2782 2794 2795
f 2782 2795 2783
f 2783 2795 2796
f 2783 2796 2784
f 2784 2796 2797
f 2784 2797 2785
f 2785 2797 2786
f 2798 2799 2800
f 2801 2802 2803
f 2804 2805 2806
f 2807 2808 2809
f 2809 2808 2810
f 2809 2810 2804
f 2809 2811 2807
f 2807 2811 2812
f 2807 2812 2813
f 2813 2812 2814
f 2814 2812 2815
f 2814 2815 2816
f 2816 2815 2817
f 2816 2817 2818
f 2818 2817 2819
f 2818 2819 2803
f 2803 2819 2820
f 2803 2820 2801
f 2799 2821 2822
f 2822 2821 2697
f 2697 2714 2822
f 2822 2714 2713
f 2822 2713 2823
f 2823 2713 2712
f 2712 2711 2823
f 2823 2711 2710
f 2823 2710 2824
f 2824 2710 2709
f 2824 2709 2825
f 2825 2709 2708
f 2825 2708 2826
f 2826 2708 2707
f 2826 2707 2827
f 2701 2828 2705
f 2705 2828 2827
f 2705 2827 2706
f 2706 2827 2707
f 2799 2822 2800
f 2800 2822 2823
f 2800 2823 2829
f 2829 2823 2824
f 2829 2824 2830
f 2830 2824 2825
f 2830 2825 2831
f 2831 2825 2826
f 2831 2826 2832
f 2832 2826 2827
f 2832 2827 2833
f 2833 2827 2828
f 2833 2828 2834
f 2804 2806 2809
f 2809 2806 2835
f 2809 2835 2798
f 2798 2800 2809
f 2809 2800 2829
f 2809 2829 2811
f 2811 2829 2830
f 2811 2830 2812
f 2812 2830 2831
f 2812 2831 2815
f 2815 2831 2832
f 2815 2832 2817
f 2817 2832 2833
f 2817 2833 2819
f 2819 2833 2834
f 2819 2834 2820
f 2836 2247 2837
f 2837 2247 2246
f 2253 2688 2252
f 2252 2688 2838
f 2252 2838 2230
f 2230 2838 2839
f 2230 2839 2231
f 2231 2839 2840
f 2231 2840 2246
f 2246 2840 2841
f 2246 2841 2837
f 2219 2220 2233
f 2233 2220 2224
f 2233 2224 2234
f 2234 2224 2223
f 2281 2240 2221
f 2221 2240 2222
f 2222 2240 2238
f 2222 2238 2223
f 2223 2238 2236
f 2223 2236 2234
f 2221 2228 2281
f 2281 2228 2229
f 2281 2229 2842
f 2842 2229 2227
f 2842 2227 2226
f 2247 2836 2215
f 2212 2213 2836
f 2836 2213 2214
f 2836 2214 2215
f 2215 2216 2247
f 2247 2216 2217
f 2247 2217 2248
f 2248 2217 2218
f 2248 2218 2250
f 2250 2218 2219
f 2250 2219 2243
f 2243 2219 2233
f 2226 2225 2842
f 2842 2225 2210
f 2842 2210 2836
f 2836 2210 2211
f 2836 2211 2212
f 2843 2844 2845
f 2845 2844 2846
f 2845 2846 2847
f 2847 2846 2848
f 2847 2848 2849
f 2276 2846 2850
f 2850 2846 2844
f 2850 2844 2851
f 2851 2844 2843
f 2851 2843 2852
f 2852 2843 2853
f 2852 2853 2854
f 2276 2277 2846
f 2846 2277 2278
f 2846 2278 2848
f 2848 2278 2279
f 2848 2279 2849
f 2849 2279 2280
f 2849 2280 2855
f 2855 2280 2281
f 2855 2281 2842
f 2856 2282 2276
f 2854 2857 2852
f 2852 2857 2858
f 2852 2858 2851
f 2851 2858 2856
f 2851 2856 2850
f 2850 2856 2276
f 2859 2856 2858
f 2860 2861 2283
f 2862 2863 2864
f 2864 2863 2865
f 2864 2865 2866
f 2858 2857 2862
f 2865 2867 2866
f 2866 2867 2868
f 2866 2868 2869
f 2287 2870 2286
f 2286 2870 2871
f 2286 2871 2285
f 2285 2871 2872
f 2285 2872 2284
f 2873 2874 2860
f 2870 2875 2871
f 2871 2875 2873
f 2871 2873 2872
f 2872 2873 2860
f 2872 2860 2284
f 2284 2860 2283
f 2862 2864 2858
f 2858 2864 2876
f 2858 2876 2859
f 2282 2856 2289
f 2289 2856 2859
f 2289 2859 2288
f 2288 2859 2287
f 2287 2859 2870
f 2870 2859 2876
f 2870 2876 2875
f 2875 2876 2864
f 2875 2864 2873
f 2873 2864 2866
f 2873 2866 2874
f 2874 2866 2869
f 2874 2869 2860
f 2860 2869 2877
f 2860 2877 2861
f 1680 2283 2296
f 2296 2283 2861
f 2296 2861 2297
f 2297 2861 2877
f 2297 2877 2304
f 2304 2877 2869
f 2304 2869 2303
f 2303 2869 2868
f 2303 2868 2301
f 2301 2868 2867
f 2301 2867 2299
f 1681 1673 2311
f 2311 1673 2291
f 2311 2291 2312
f 2312 2291 2290
f 2312 2290 2305
f 2305 2290 2300
f 2305 2300 2306
f 2306 2300 2299
f 2306 2878 2307
f 2307 2878 2879
f 2307 2879 2314
f 2320 1694 2880
f 2880 1694 2316
f 2314 2879 2319
f 2319 2879 2881
f 2319 2881 2318
f 2318 2881 2882
f 2318 2882 2316
f 2316 2882 2883
f 2316 2883 2880
f 2884 2885 2886
f 2327 2321 2887
f 2887 2321 2320
f 2888 2881 2879
f 2889 2890 2891
f 2889 2891 2892
f 2878 2893 2894
f 2894 2893 2895
f 2894 2895 2896
f 2896 2895 2897
f 2896 2897 2898
f 2893 2892 2895
f 2895 2892 2891
f 2895 2891 2897
f 2897 2891 2899
f 2324 2900 2325
f 2325 2900 2886
f 2325 2886 2326
f 2326 2886 2885
f 2326 2885 2323
f 2881 2888 2882
f 2882 2888 2901
f 2882 2901 2883
f 2883 2901 2902
f 2883 2902 2880
f 2899 2884 2897
f 2897 2884 2886
f 2897 2886 2898
f 2898 2886 2900
f 2898 2900 2887
f 2887 2900 2324
f 2887 2324 2327
f 2320 2880 2887
f 2887 2880 2902
f 2887 2902 2898
f 2898 2902 2901
f 2898 2901 2896
f 2896 2901 2888
f 2896 2888 2894
f 2894 2888 2879
f 2894 2879 2878
f 2884 2903 2885
f 2885 2903 2322
f 2885 2322 2323
f 2884 2899 2903
f 2903 2899 2891
f 2903 2891 2904
f 2904 2891 2890
f 2328 2322 2905
f 2905 2322 2903
f 2905 2903 2906
f 2906 2903 2904
f 2906 2904 2907
f 2334 2328 2908
f 2908 2328 2905
f 2908 2905 2909
f 2909 2905 2906
f 2909 2906 2910
f 2910 2906 2907
f 2910 2907 2911
f 2912 2913 2329
f 2330 2331 2914
f 2915 2916 2917
f 2917 2916 2918
f 2917 2918 2919
f 2910 2911 2915
f 2918 2920 2919
f 2919 2920 2921
f 2919 2921 2922
f 2332 2923 2331
f 2331 2923 2924
f 2331 2924 2914
f 2925 2926 2912
f 2923 2927 2924
f 2924 2927 2925
f 2924 2925 2914
f 2914 2925 2912
f 2914 2912 2330
f 2330 2912 2329
f 2915 2917 2910
f 2910 2917 2928
f 2910 2928 2909
f 2909 2928 2929
f 2909 2929 2908
f 2334 2908 2335
f 2335 2908 2929
f 2335 2929 2333
f 2333 2929 2332
f 2332 2929 2923
f 2923 2929 2928
f 2923 2928 2927
f 2927 2928 2917
f 2927 2917 2925
f 2925 2917 2919
f 2925 2919 2926
f 2926 2919 2922
f 2926 2922 2912
f 2912 2922 2930
f 2912 2930 2913
f 1703 2329 2342
f 2342 2329 2913
f 2342 2913 2343
f 2343 2913 2930
f 2343 2930 2350
f 2350 2930 2922
f 2350 2922 2349
f 2349 2922 2921
f 2349 2921 2347
f 2347 2921 2920
f 2347 2920 2345
f 1710 1708 2357
f 2357 1708 2337
f 2357 2337 2358
f 2358 2337 2336
f 2358 2336 2351
f 2351 2336 2346
f 2351 2346 2352
f 2352 2346 2345
f 2352 2931 2353
f 2353 2931 2932
f 2353 2932 2360
f 2360 2932 2365
f 2365 2932 2933
f 2365 2933 2364
f 2364 2933 2934
f 2364 2934 2362
f 2366 1722 2935
f 2935 1722 2362
f 2935 2362 2936
f 2936 2362 2934
f 2373 2367 2937
f 2937 2367 2366
f 2938 2933 2932
f 2939 2940 2941
f 2939 2941 2942
f 2931 2943 2944
f 2944 2943 2945
f 2944 2945 2946
f 2946 2945 2947
f 2946 2947 2948
f 2370 2949 2371
f 2371 2949 2950
f 2371 2950 2372
f 2933 2938 2934
f 2934 2938 2951
f 2934 2951 2936
f 2936 2951 2952
f 2936 2952 2935
f 2947 2950 2948
f 2948 2950 2949
f 2948 2949 2937
f 2937 2949 2370
f 2937 2370 2373
f 2943 2942 2945
f 2945 2942 2941
f 2945 2941 2947
f 2947 2941 2953
f 2947 2953 2950
f 2950 2953 2954
f 2950 2954 2372
f 2372 2954 2369
f 2366 2935 2937
f 2937 2935 2952
f 2937 2952 2948
f 2948 2952 2951
f 2948 2951 2946
f 2946 2951 2938
f 2946 2938 2944
f 2944 2938 2932
f 2944 2932 2931
f 2940 2955 2941
f 2941 2955 2956
f 2941 2956 2953
f 2953 2956 2957
f 2953 2957 2954
f 2954 2957 2368
f 2954 2368 2369
f 2956 2955 2958
f 2374 2368 2959
f 2959 2368 2957
f 2959 2957 2960
f 2960 2957 2956
f 2960 2956 2961
f 2961 2956 2958
f 2425 2424 2962
f 2962 2424 2963
f 2963 2424 2964
f 2964 2424 2423
f 2964 2423 2965
f 2966 2967 2968
f 2968 2967 2969
f 2968 2969 2970
f 2971 2960 2972
f 2972 2960 2961
f 2972 2961 2973
f 2973 2961 2958
f 2421 2374 2959
f 2966 2965 2967
f 2967 2965 2423
f 2967 2423 2969
f 2969 2423 2422
f 2969 2422 2421
f 2421 2959 2969
f 2969 2959 2960
f 2969 2960 2970
f 2970 2960 2971
f 2970 2971 2968
f 2387 2962 2386
f 2386 2962 2974
f 2386 2974 2385
f 2407 2425 2391
f 2387 2388 2962
f 2962 2388 2389
f 2962 2389 2425
f 2425 2389 2390
f 2425 2390 2391
f 2974 2381 2382
f 2391 2392 2407
f 2407 2392 2393
f 2407 2393 2398
f 2398 2393 2395
f 2398 2395 2399
f 2382 2383 2974
f 2974 2383 2384
f 2974 2384 2385
f 2381 2974 2380
f 2380 2974 2471
f 2380 2471 2379
f 2399 2395 2415
f 2415 2395 2394
f 2415 2394 2420
f 2471 2466 2379
f 2379 2466 2453
f 2379 2453 2378
f 2378 2453 2452
f 2378 2452 2377
f 2377 2452 2420
f 2377 2420 2376
f 2376 2420 2394
f 2975 2976 2977
f 2978 2979 2980
f 2981 2982 2983
f 2983 2982 2978
f 2983 2978 2984
f 2985 2986 2987
f 2987 2986 2988
f 2988 2989 2987
f 2987 2989 2990
f 2987 2990 2991
f 2991 2990 2992
f 2991 2992 2993
f 2993 2992 2994
f 2993 2994 2981
f 2981 2994 2995
f 2981 2995 2982
f 2976 2996 2997
f 2997 2996 2752
f 2752 2761 2997
f 2997 2761 2760
f 2997 2760 2998
f 2998 2760 2759
f 2759 2758 2998
f 2998 2758 2757
f 2998 2757 2999
f 2999 2757 2756
f 2999 2756 3000
f 3000 2756 2755
f 3000 2755 3001
f 3001 2755 2754
f 3001 2754 3002
f 2740 3003 2738
f 2738 3003 3002
f 2738 3002 2739
f 2739 3002 2754
f 2976 2997 2977
f 2977 2997 2998
f 2977 2998 3004
f 3004 2998 2999
f 3004 2999 3005
f 3005 2999 3000
f 3005 3000 3006
f 3006 3000 3001
f 3006 3001 3007
f 3007 3001 3002
f 3007 3002 3008
f 3008 3002 3003
f 3008 3003 3009
f 2978 2980 2984
f 2984 2980 3010
f 2984 3010 2975
f 2975 2977 2984
f 2984 2977 3004
f 2984 3004 2983
f 2983 3004 3005
f 2983 3005 2981
f 2981 3005 3006
f 2981 3006 2993
f 2993 3006 3007
f 2993 3007 2991
f 2991 3007 3008
f 2991 3008 2987
f 2987 3008 3009
f 2987 3009 2985
f 2541 2562 3011
f 2528 2527 3012
f 2431 2428 2537
f 2433 2432 3013
f 2435 2434 3014
f 3015 2546 2544
f 3015 3016 3017
f 3017 3016 3018
f 3017 3018 3019
f 3020 3021 3022
f 3023 3024 3020
f 3020 3024 3025
f 3025 3026 3027
f 3027 3026 3011
f 2563 3028 2562
f 2562 3028 3029
f 2562 3029 3011
f 3011 3029 3030
f 3011 3030 3027
f 2426 2451 2552
f 2552 2451 3031
f 2552 3031 2527
f 2451 2450 3031
f 3031 2450 2449
f 3031 2449 3032
f 3032 2449 2444
f 3032 2444 3033
f 2444 2443 3033
f 3033 2443 2442
f 3033 2442 3034
f 3034 2442 2441
f 2436 3035 2437
f 2437 3035 3036
f 2437 3036 2438
f 2438 3036 3037
f 2438 3037 2439
f 2439 3037 3034
f 2439 3034 2440
f 2440 3034 2441
f 2527 3031 3012
f 3012 3031 3032
f 3012 3032 3038
f 3038 3032 3033
f 3038 3033 3039
f 3039 3033 3034
f 3039 3034 3040
f 3040 3034 3037
f 3040 3037 3041
f 3041 3037 3036
f 3041 3036 3042
f 3042 3036 3035
f 3042 3035 3043
f 2434 2433 3014
f 3014 2433 3013
f 3014 3013 3044
f 3044 3013 3045
f 2432 2431 3013
f 3013 2431 2537
f 3013 2537 3045
f 3045 2537 2538
f 3045 2538 2539
f 3015 2544 3016
f 3016 2544 2543
f 3016 2543 2528
f 2528 3012 3016
f 3016 3012 3038
f 3016 3038 3018
f 3018 3038 3039
f 3018 3039 3046
f 3046 3039 3040
f 3046 3040 3047
f 3047 3040 3041
f 3047 3041 3048
f 3048 3041 3042
f 3048 3042 3049
f 3049 3042 3043
f 3049 3043 3050
f 3051 3052 3043
f 3053 3054 3043
f 3043 3026 3053
f 3053 3026 3025
f 3053 3025 3054
f 3054 3025 3024
f 3054 3024 3043
f 3043 3024 3023
f 3043 3023 3051
f 3051 3023 3020
f 3051 3020 3052
f 3052 3020 3022
f 3052 3022 3043
f 3043 3022 3021
f 3043 3021 3050
f 3050 3021 3020
f 3050 3020 3049
f 3049 3020 3055
f 3049 3055 3048
f 3048 3055 3056
f 3048 3056 3047
f 3047 3056 3057
f 3047 3057 3046
f 3046 3057 3058
f 3046 3058 3018
f 3018 3058 3059
f 3018 3059 3019
f 2436 2435 3035
f 3035 2435 3014
f 3035 3014 3043
f 3043 3014 3044
f 3043 3044 3026
f 3026 3044 3045
f 3026 3045 3011
f 3011 3045 2539
f 3011 2539 2541
f 2471 2974 2470
f 2470 2974 3060
f 3061 2467 3062
f 3062 2467 2468
f 3062 2468 3063
f 3063 2468 2469
f 3063 2469 3064
f 3064 2469 2470
f 3064 2470 3065
f 3065 2470 3060
f 2582 2042 3061
f 3061 2042 2467
f 2702 2691 3066
f 3067 3068 3069
f 3070 3071 3072
f 3067 3069 3073
f 3073 2719 3067
f 3067 2719 2721
f 3067 2721 2723
f 3072 3071 3074
f 3074 3071 3075
f 3074 3075 3076
f 3076 3075 3077
f 3076 3077 3078
f 3079 3080 3081
f 3081 3080 3066
f 3081 3066 3082
f 3082 3066 2691
f 3082 2691 2690
f 3083 3070 3079
f 3079 3070 3072
f 3079 3072 3080
f 3080 3072 3074
f 3080 3074 3066
f 3066 3074 3076
f 3066 3076 2702
f 2702 3076 3078
f 2702 3078 2703
f 2704 3084 2700
f 2700 3084 2828
f 2700 2828 2701
f 3085 2802 3086
f 3086 2802 2801
f 3086 2801 3087
f 3087 2801 2820
f 3087 2820 3088
f 3088 2820 2834
f 3088 2834 3089
f 3089 2834 3090
f 3090 2834 2828
f 3090 2828 3091
f 3091 2828 3084
f 3069 3083 3073
f 3073 3083 3079
f 3073 3079 2719
f 2719 3079 3081
f 2719 3081 2717
f 2717 3081 3082
f 2717 3082 2715
f 2715 3082 2690
f 2715 2690 2689
f 2704 2703 3084
f 3084 2703 3078
f 3084 3078 3091
f 3091 3078 3077
f 3091 3077 3090
f 3090 3077 3075
f 3090 3075 3089
f 3089 3075 3071
f 3089 3071 3088
f 3088 3071 3070
f 3088 3070 3087
f 3087 3070 3083
f 3087 3083 3086
f 3086 3083 3069
f 3086 3069 3085
f 2493 2473 2494
f 2494 2473 2472
f 2494 2472 3092
f 3092 2472 2518
f 3093 3094 3095
f 3096 2495 2494
f 3096 2494 3097
f 3097 2494 3098
f 3097 3098 3099
f 2498 2496 3100
f 3101 3102 3103
f 3103 3102 3104
f 2496 2495 3100
f 3100 2495 3096
f 3100 3096 3093
f 3093 3096 3097
f 3093 3097 3094
f 3094 3097 3099
f 3105 3106 3107
f 3107 3106 3102
f 3101 3108 3102
f 3102 3108 3109
f 3102 3109 3107
f 3107 3109 3110
f 3111 3112 3110
f 3110 3112 3113
f 3110 3113 3107
f 3107 3113 3114
f 3107 3114 3105
f 3115 3111 3116
f 3116 3111 3110
f 3116 3110 3117
f 3117 3110 3109
f 3117 3109 3118
f 3118 3109 3108
f 3104 2504 3103
f 3103 2504 2502
f 3103 2502 3101
f 3101 2502 2500
f 3101 2500 3108
f 3108 2500 2498
f 3108 2498 3118
f 3118 2498 3100
f 3118 3100 3117
f 3117 3100 3093
f 3117 3093 3116
f 3116 3093 3095
f 3116 3095 3115
f 3115 3095 3119
f 3120 3121 3122
f 3123 3124 3125
f 3121 3126 3122
f 3122 3126 3127
f 3122 3127 3128
f 3128 3127 3129
f 3128 3129 3123
f 3123 3129 3130
f 3123 3130 3124
f 3124 3130 3131
f 3125 3132 3123
f 3123 3132 3133
f 3123 3133 3128
f 3128 3133 3134
f 3128 3134 3122
f 3122 3134 3135
f 3122 3135 3120
f 3136 3137 3138
f 3125 3139 3132
f 3132 3139 3140
f 3132 3140 3133
f 3133 3140 3136
f 3133 3136 3134
f 3134 3136 3138
f 3134 3138 3135
f 3141 3137 3142
f 3142 3137 3136
f 3142 3136 3143
f 3143 3136 3140
f 3143 3140 3144
f 3144 3140 3139
f 3144 3139 3145
f 3145 3139 3125
f 3141 3146 3137
f 3137 3146 3147
f 3137 3147 3138
f 3138 3147 3148
f 3138 3148 3135
f 3135 3148 3149
f 3135 3149 3120
f 3120 3149 3150
f 3120 3150 3121
f 3121 3150 3151
f 3121 3151 3126
f 3126 3151 3105
f 3152 3141 3153
f 3153 3141 3142
f 3153 3142 3154
f 3154 3142 3143
f 3154 3143 3155
f 3155 3143 3144
f 3145 3156 3144
f 3144 3156 3157
f 3144 3157 3155
f 3158 3159 3160
f 3146 3161 3162
f 3162 3161 3163
f 3162 3163 3164
f 3164 3163 3165
f 3164 3165 3166
f 3166 3165 3167
f 3166 3167 3160
f 3160 3167 3168
f 3160 3168 3158
f 3164 3166 3169
f 3146 3162 3170
f 3171 2503 3172
f 3172 2503 2504
f 3172 2504 3104
f 3173 3174 3175
f 3175 3174 3171
f 3173 3175 3176
f 3176 3175 3160
f 3176 3160 3159
f 3106 3105 3151
f 3102 3106 3177
f 3104 3102 3178
f 3106 3151 3177
f 3177 3151 3150
f 3177 3150 3179
f 3150 3149 3179
f 3179 3149 3148
f 3179 3148 3170
f 3170 3148 3147
f 3170 3147 3146
f 3102 3177 3178
f 3178 3177 3179
f 3178 3179 3180
f 3180 3179 3170
f 3180 3170 3169
f 3169 3170 3162
f 3169 3162 3164
f 3104 3178 3172
f 3172 3178 3180
f 3172 3180 3171
f 3171 3180 3169
f 3171 3169 3175
f 3175 3169 3166
f 3175 3166 3160
f 2490 2479 2481
f 2480 2477 2475
f 2493 2492 2473
f 2473 2492 2497
f 2473 2497 2475
f 2475 2497 2480
f 2480 2497 2499
f 2480 2499 2485
f 2499 2501 2485
f 2485 2501 2503
f 2485 2503 2483
f 2503 3181 2483
f 2483 3181 2570
f 2483 2570 2482
f 2570 2572 2482
f 2482 2572 2574
f 2482 2574 2481
f 2481 2574 2564
f 2481 2564 2566
f 2490 2481 2505
f 2505 2481 2566
f 2505 2566 2568
f 3182 3183 3184
f 3185 3186 3187
f 3188 3189 3190
f 3191 3192 3193
f 3193 3192 3194
f 3193 3194 3195
f 3195 3194 3196
f 3195 3196 3197
f 3197 3196 3198
f 3197 3198 3199
f 3189 3200 3190
f 3190 3200 3198
f 3190 3198 3201
f 3201 3198 3196
f 3201 3196 3187
f 3187 3196 3194
f 3187 3194 3185
f 3185 3194 3192
f 3186 3182 3187
f 3187 3182 3184
f 3187 3184 3201
f 3201 3184 3202
f 3201 3202 3190
f 3190 3202 3203
f 3190 3203 3188
f 3188 3203 2570
f 2571 2570 3204
f 3204 2570 3203
f 3204 3203 3205
f 3205 3203 3202
f 3205 3202 3206
f 3206 3202 3184
f 3206 3184 3207
f 3207 3184 3183
f 3208 3191 3209
f 3209 3191 3193
f 3209 3193 3210
f 3210 3193 3195
f 3210 3195 3211
f 3211 3195 3197
f 3211 3197 3212
f 3212 3197 3199
f 3212 3199 3213
f 3214 2507 2506
f 3214 2506 2569
f 2569 2506 2505
f 2569 2505 2568
f 2507 3214 3215
f 2507 3215 2508
f 3215 3216 2508
f 2508 3216 3217
f 2508 3217 2509
f 2509 3217 3218
f 2509 3218 2510
f 3218 3219 2510
f 2510 3219 3220
f 2510 3220 2511
f 2511 3220 3221
f 2511 3221 2512
f 3221 3222 2512
f 2512 3222 3223
f 2512 3223 2513
f 2513 3223 3224
f 2513 3224 2514
f 2516 3225 2515
f 2515 3225 3226
f 2515 3226 2519
f 3224 3227 2514
f 2514 3227 3228
f 2514 3228 2517
f 2517 3228 3229
f 2517 3229 2516
f 2516 3229 3230
f 2516 3230 3225
f 3226 3231 2519
f 2519 3231 3232
f 2519 3232 2518
f 2518 3232 3233
f 2518 3233 3092
f 2751 2750 3234
f 2975 3010 3235
f 3236 3237 3238
f 3239 2733 3240
f 3240 2733 2735
f 3240 2735 3241
f 3241 2735 2732
f 3241 2732 3242
f 3243 3244 3245
f 3236 3238 3235
f 3235 3010 3236
f 3236 3010 2980
f 3236 2980 2979
f 3245 3244 3246
f 3246 3244 3247
f 3246 3247 3248
f 3248 3247 3249
f 3248 3249 3250
f 3251 3252 3253
f 3253 3252 3234
f 3253 3234 3254
f 3254 3234 2750
f 3254 2750 2753
f 3255 3243 3251
f 3251 3243 3245
f 3251 3245 3252
f 3252 3245 3246
f 3252 3246 3234
f 3234 3246 3248
f 3234 3248 2751
f 2751 3248 3250
f 2751 3250 2748
f 2728 2727 2744
f 3242 2732 3256
f 3256 2732 2731
f 3256 2731 3257
f 3257 2731 2729
f 3257 2729 3258
f 3258 2729 2728
f 3258 2728 3259
f 3259 2728 2744
f 3259 2744 2749
f 3238 3255 3235
f 3235 3255 3251
f 3235 3251 2975
f 2975 3251 3253
f 2975 3253 2976
f 2976 3253 3254
f 2976 3254 2996
f 2996 3254 2753
f 2996 2753 2752
f 2749 2748 3259
f 3259 2748 3250
f 3259 3250 3258
f 3258 3250 3249
f 3258 3249 3257
f 3257 3249 3247
f 3257 3247 3256
f 3256 3247 3244
f 3256 3244 3242
f 3242 3244 3243
f 3242 3243 3241
f 3241 3243 3255
f 3241 3255 3240
f 3240 3255 3238
f 3240 3238 3239
f 3260 3261 3262
f 3262 3261 3263
f 3264 3265 3266
f 3266 3265 3260
f 3267 2532 2545
f 3264 3266 3268
f 3268 3266 3269
f 3268 3269 3270
f 3270 3269 3271
f 3270 3271 3272
f 3272 3271 3267
f 3272 3267 3273
f 3273 3267 2545
f 3273 2545 2546
f 3274 3275 2533
f 3276 2563 3277
f 3277 2563 2530
f 2530 2529 3277
f 3277 2529 2547
f 3277 2547 3275
f 3275 2547 2534
f 3275 2534 2533
f 3277 3278 3276
f 3276 3278 3279
f 3276 3279 3280
f 3280 3279 3281
f 3280 3281 3282
f 3283 3284 3285
f 3286 3287 3288
f 3288 3287 3289
f 3288 3289 3290
f 3291 3292 3293
f 3293 3292 3294
f 3293 3294 3295
f 3295 3294 3296
f 3295 3296 3297
f 3297 3296 3298
f 3297 3298 3288
f 3288 3298 3299
f 3288 3299 3286
f 3286 3299 3300
f 3291 3293 3301
f 3301 3293 3302
f 3301 3302 3303
f 3303 3302 3304
f 3303 3304 3305
f 3305 3304 3306
f 3305 3306 3307
f 3307 3306 3308
f 3307 3308 3309
f 3263 3310 3311
f 3311 3310 3312
f 3311 3312 3308
f 3308 3312 3313
f 3308 3313 3309
f 3275 3314 3277
f 3277 3314 3315
f 3277 3315 3278
f 3278 3315 3316
f 3278 3316 3279
f 3279 3316 3283
f 3279 3283 3281
f 3281 3283 3285
f 3281 3285 3282
f 3282 3285 3317
f 3260 3262 3266
f 3266 3262 3318
f 3266 3318 3269
f 3269 3318 3319
f 3269 3319 3271
f 3271 3319 3274
f 3271 3274 3267
f 3267 3274 2533
f 3267 2533 2532
f 3263 3311 3262
f 3262 3311 3308
f 3262 3308 3318
f 3318 3308 3306
f 3318 3306 3319
f 3319 3306 3304
f 3319 3304 3274
f 3274 3304 3302
f 3274 3302 3275
f 3275 3302 3293
f 3275 3293 3314
f 3314 3293 3295
f 3314 3295 3315
f 3315 3295 3297
f 3315 3297 3316
f 3316 3297 3288
f 3316 3288 3283
f 3283 3288 3290
f 3283 3290 3284
f 3320 3321 3322
f 3322 3321 3323
f 3322 3323 3324
f 3324 3323 3325
f 3324 3325 3326
f 3326 3325 3327
f 3326 3327 3328
f 3328 3327 3329
f 3328 3329 3330
f 3330 3329 3331
f 3332 3333 3334
f 3334 3333 3320
f 3335 3336 3337
f 3330 3336 3328
f 3328 3336 3335
f 3328 3335 3326
f 3326 3335 3338
f 3326 3338 3324
f 3324 3338 3334
f 3324 3334 3322
f 3322 3334 3320
f 3337 3339 3335
f 3335 3339 3340
f 3335 3340 3338
f 3338 3340 3341
f 3338 3341 3334
f 3334 3341 3342
f 3334 3342 3332
f 3343 3344 3345
f 3337 3346 3339
f 3339 3346 3347
f 3339 3347 3340
f 3340 3347 3343
f 3340 3343 3341
f 3341 3343 3345
f 3341 3345 3342
f 3348 3344 3349
f 3349 3344 3343
f 3349 3343 3350
f 3350 3343 3347
f 3350 3347 3351
f 3351 3347 3346
f 3351 3346 3352
f 3352 3346 3337
f 3348 3207 3344
f 3344 3207 3183
f 3344 3183 3345
f 3345 3183 3182
f 3345 3182 3342
f 3342 3182 3186
f 3342 3186 3332
f 3332 3186 3185
f 3332 3185 3333
f 3333 3185 3192
f 3333 3192 3320
f 3320 3192 3191
f 2576 2575 3353
f 3354 3355 3356
f 3356 3355 3357
f 3356 3357 3358
f 3359 3360 3353
f 3353 3360 3361
f 2573 2571 3362
f 3362 2571 3204
f 3362 3204 3205
f 3353 2575 3359
f 3359 2575 2573
f 3359 2573 3360
f 3360 2573 3362
f 3360 3362 3361
f 3361 3362 3205
f 3361 3205 3206
f 3363 3364 3365
f 3365 3364 3366
f 3367 3357 3366
f 3366 3357 3355
f 3366 3355 3365
f 3365 3355 3368
f 3369 3370 3368
f 3368 3370 3371
f 3368 3371 3365
f 3365 3371 3372
f 3365 3372 3363
f 3373 3369 3374
f 3374 3369 3368
f 3374 3368 3375
f 3375 3368 3355
f 3375 3355 3376
f 3376 3355 3354
f 3376 3354 2565
f 2565 3354 3356
f 2565 3356 2567
f 2567 3356 3358
f 2567 3358 2569
f 2569 3358 3357
f 2569 3357 3377
f 3377 3357 3367
f 2565 2576 3376
f 3376 2576 3353
f 3376 3353 3375
f 3375 3353 3361
f 3375 3361 3374
f 3374 3361 3206
f 3374 3206 3373
f 3373 3206 3207
f 3378 2584 2583
f 3379 3380 3381
f 3381 3380 3378
f 3381 3378 3382
f 3382 3378 2583
f 3382 2583 2582
f 2584 3378 2577
f 2577 3378 2601
f 2577 2601 2578
f 3379 3383 2590
f 2590 3383 3384
f 2590 3384 2591
f 3379 2590 3380
f 3380 2590 2602
f 3380 2602 3378
f 3378 2602 2603
f 3378 2603 2601
f 2610 2597 2614
f 2614 2597 2588
f 2614 2588 2587
f 2587 2592 2614
f 2614 2592 2591
f 2614 2591 2624
f 2075 2055 2608
f 2608 2055 2597
f 2608 2597 2609
f 2609 2597 2610
f 3385 2631 2623
f 3385 3386 3387
f 3388 3389 3390
f 3390 3389 3387
f 3390 3387 3391
f 3391 3387 3386
f 2631 3385 2628
f 2628 3385 3387
f 2628 3387 2629
f 2629 3387 3389
f 2629 3389 2630
f 2624 3390 2625
f 2625 3390 3391
f 2625 3391 2626
f 2626 3391 3386
f 2626 3386 2627
f 2627 3386 3385
f 2627 3385 2622
f 2622 3385 2623
f 3388 3392 3393
f 3388 3393 3389
f 2632 2630 3394
f 3394 2630 3389
f 3394 3389 3395
f 3395 3389 3393
f 3396 2639 2638
f 3393 3397 3395
f 3395 3397 3396
f 3395 3396 3394
f 3394 3396 2638
f 3394 2638 2632
f 2639 3396 2633
f 2633 3396 2661
f 2633 2661 2634
f 3393 3392 2650
f 2650 3392 3398
f 2650 3398 2651
f 3393 2650 3397
f 3397 2650 2662
f 3397 2662 3396
f 3396 2662 2663
f 3396 2663 2661
f 2665 2657 2669
f 2669 2657 2648
f 2669 2648 2647
f 2647 2652 2669
f 2669 2652 2651
f 2669 2651 2680
f 2128 2138 2640
f 2640 2138 2657
f 2640 2657 2664
f 2664 2657 2665
f 3399 2686 2672
f 2681 3400 2682
f 2682 3400 3401
f 2682 3401 2683
f 2683 3401 2671
f 3402 3403 3404
f 3404 3403 3405
f 2686 3399 2687
f 2687 3399 3405
f 2687 3405 2684
f 2684 3405 3403
f 2684 3403 2685
f 2672 2671 3399
f 3399 2671 3401
f 3399 3401 3405
f 3405 3401 3400
f 3405 3400 3404
f 3404 3400 2681
f 3404 2681 2680
f 3403 3402 3406
f 2688 2685 3407
f 3407 2685 3403
f 3407 3403 3408
f 3408 3403 3406
f 2837 2841 3409
f 3409 2841 3410
f 3410 2841 2840
f 3410 2840 3411
f 2839 2838 3412
f 2840 2839 3411
f 3411 2839 3412
f 3411 3412 3413
f 3413 3412 3414
f 3413 3414 3415
f 2838 2688 3412
f 3412 2688 3407
f 3412 3407 3414
f 3414 3407 3408
f 3414 3408 3415
f 3415 3408 3406
f 2693 2692 3416
f 2798 2835 3417
f 3418 3419 3420
f 3421 2724 3422
f 3422 2724 2722
f 3422 2722 3423
f 3423 2722 2720
f 3424 3425 3426
f 3418 3420 3417
f 3417 2835 3418
f 3418 2835 2806
f 3418 2806 2805
f 3426 3425 3427
f 3427 3425 3428
f 3427 3428 3429
f 3429 3428 3430
f 3429 3430 3416
f 3431 3432 3433
f 3433 3432 3434
f 3433 3434 3435
f 3435 3434 2699
f 3435 2699 2698
f 3416 2692 2699
f 3416 2699 3429
f 3429 2699 3434
f 3429 3434 3427
f 3427 3434 3432
f 3427 3432 3426
f 3426 3432 3431
f 3426 3431 3424
f 3424 3431 3436
f 2696 2695 2716
f 2716 2695 2694
f 2716 2694 3437
f 3437 3438 2716
f 2716 3438 3439
f 2716 3439 2718
f 2718 3439 3440
f 2718 3440 2720
f 2720 3440 3441
f 2720 3441 3423
f 3420 3436 3417
f 3417 3436 3431
f 3417 3431 2798
f 2798 3431 3433
f 2798 3433 2799
f 2799 3433 3435
f 2799 3435 2821
f 2821 3435 2698
f 2821 2698 2697
f 2694 2693 3437
f 3437 2693 3416
f 3437 3416 3438
f 3438 3416 3430
f 3438 3430 3439
f 3439 3430 3428
f 3439 3428 3440
f 3440 3428 3425
f 3440 3425 3441
f 3441 3425 3424
f 3441 3424 3423
f 3423 3424 3436
f 3423 3436 3422
f 3422 3436 3420
f 3422 3420 3421
f 3442 3443 3444
f 2723 2724 3445
f 3445 2724 3442
f 3445 3442 3446
f 3446 3442 3444
f 3447 3448 3449
f 2734 2733 3450
f 3450 2733 3447
f 3450 3447 3451
f 3451 3447 3449
f 3452 3453 3454
f 3455 3456 3457
f 3452 3454 3458
f 3458 2737 3452
f 3452 2737 2736
f 3452 2736 2734
f 3457 3456 3459
f 3459 3456 3460
f 3459 3460 3461
f 3461 3460 3462
f 3461 3462 3463
f 3464 3465 3466
f 3466 3465 3467
f 3466 3467 3468
f 3468 3467 2746
f 3468 2746 2745
f 2743 2747 3463
f 3463 2747 2746
f 3463 2746 3461
f 3461 2746 3467
f 3461 3467 3459
f 3459 3467 3465
f 3459 3465 3457
f 3457 3465 3464
f 3457 3464 3455
f 3455 3464 3469
f 2742 3470 2741
f 2741 3470 3003
f 2741 3003 2740
f 3471 2988 3472
f 3472 2988 2986
f 3472 2986 3473
f 3473 2986 2985
f 3473 2985 3474
f 3474 2985 3009
f 3474 3009 3475
f 3475 3009 3476
f 3476 3009 3003
f 3476 3003 3477
f 3477 3003 3470
f 3454 3469 3458
f 3458 3469 3464
f 3458 3464 2737
f 2737 3464 3466
f 2737 3466 2730
f 2730 3466 3468
f 2730 3468 2725
f 2725 3468 2745
f 2725 2745 2726
f 2742 2743 3470
f 3470 2743 3463
f 3470 3463 3477
f 3477 3463 3462
f 3477 3462 3476
f 3476 3462 3460
f 3476 3460 3475
f 3475 3460 3456
f 3475 3456 3474
f 3474 3456 3455
f 3474 3455 3473
f 3473 3455 3469
f 3473 3469 3472
f 3472 3469 3454
f 3472 3454 3471
f 2803 2802 3268
f 2789 2788 2854
f 2979 2978 3317
f 3317 2978 2982
f 2849 2855 3268
f 3272 3273 2795
f 2789 2854 2790
f 2803 3268 2818
f 2818 3268 2855
f 2818 2855 2816
f 2816 2855 2842
f 2816 2842 2814
f 2865 2890 2889
f 2797 3282 2786
f 2786 3282 3317
f 2804 3409 3410
f 2988 3478 2989
f 2989 3478 3479
f 3273 2546 3015
f 2795 2794 3272
f 3272 2794 2793
f 3272 2793 3270
f 3270 2793 2792
f 3270 2792 3268
f 3268 2792 2791
f 3268 2791 2790
f 3317 2958 2786
f 2786 2958 2955
f 2786 2955 2787
f 3410 3411 2804
f 2804 3411 3413
f 2804 3413 2805
f 2843 2845 3268
f 3268 2845 2847
f 3268 2847 2849
f 3282 3020 3025
f 2787 2863 2862
f 2810 2836 2804
f 2804 2836 2837
f 2804 2837 3409
f 2810 2808 2836
f 2836 2808 2807
f 2836 2807 2842
f 2842 2807 2813
f 2842 2813 2814
f 3479 3480 2989
f 2989 3480 3060
f 2989 3060 2990
f 2990 3060 2974
f 2990 2974 2992
f 2992 2974 2962
f 2992 2962 2994
f 2994 2962 3317
f 2994 3317 2995
f 2995 3317 2982
f 2962 2963 3317
f 3317 2963 2964
f 3317 2964 2965
f 2965 2966 3317
f 3317 2966 2968
f 3317 2968 2971
f 3019 3059 2795
f 2795 3059 3058
f 2795 3058 2796
f 2796 3058 3057
f 2796 3057 2797
f 2797 3057 3056
f 2797 3056 3282
f 3282 3056 3055
f 3282 3055 3020
f 2790 2854 3268
f 3268 2854 2853
f 3268 2853 2843
f 2971 2972 3317
f 3317 2972 2973
f 3317 2973 2958
f 3276 3027 3030
f 3273 3015 2795
f 2795 3015 3017
f 2795 3017 3019
f 2918 2916 2939
f 2939 2916 2787
f 2939 2787 2940
f 2940 2787 2955
f 2787 2862 2788
f 2788 2862 2857
f 2788 2857 2854
f 3027 3276 3025
f 3025 3276 3280
f 3025 3280 3282
f 2306 2299 2878
f 2878 2299 2867
f 2878 2867 2893
f 2893 2867 2865
f 2893 2865 2892
f 2892 2865 2889
f 3030 3029 3276
f 3276 3029 3028
f 3276 3028 2563
f 2352 2345 2931
f 2931 2345 2920
f 2931 2920 2943
f 2943 2920 2918
f 2943 2918 2942
f 2942 2918 2939
f 2916 2915 2787
f 2787 2915 2911
f 2787 2911 2907
f 2907 2904 2787
f 2787 2904 2890
f 2787 2890 2863
f 2863 2890 2865
f 3481 3061 3062
f 3482 3483 3481
f 3483 3482 3484
f 3478 3485 3479
f 3479 3485 3486
f 3060 3480 3065
f 3065 3480 3479
f 3065 3479 3064
f 3478 3482 3485
f 3485 3482 3481
f 3485 3481 3486
f 3486 3481 3062
f 3486 3062 3479
f 3479 3062 3063
f 3479 3063 3064
f 2582 3061 3382
f 3382 3061 3481
f 3484 3383 3483
f 3483 3383 3379
f 3483 3379 3481
f 3481 3379 3381
f 3481 3381 3382
f 3487 3488 3489
f 3442 3490 3491
f 3442 3491 3443
f 3443 3491 3492
f 3443 3492 3444
f 3444 3492 3489
f 3444 3489 3446
f 3446 3489 3488
f 3446 3488 3445
f 3493 3494 3495
f 3493 3496 3497
f 3497 3496 3498
f 3497 3498 3499
f 3500 3501 3502
f 3499 3498 3503
f 3503 3498 3500
f 3503 3500 3504
f 3504 3500 3502
f 3504 3502 3505
f 3496 3506 3507
f 3508 3509 3510
f 3510 3509 3511
f 3496 3507 3498
f 3498 3507 3510
f 3498 3510 3500
f 3500 3510 3511
f 3500 3511 3501
f 3493 3495 3496
f 3496 3495 3512
f 3496 3512 3506
f 3506 3512 3513
f 3506 3513 3487
f 3487 3489 3506
f 3506 3489 3492
f 3506 3492 3507
f 3507 3492 3491
f 3507 3491 3510
f 3510 3491 3490
f 3510 3490 3508
f 3495 3494 3310
f 3067 2723 3445
f 3512 3069 3513
f 3513 3069 3068
f 3513 3068 3487
f 3487 3068 3067
f 3487 3067 3488
f 3488 3067 3445
f 3268 2802 3264
f 3264 2802 3085
f 3264 3085 3265
f 3265 3085 3260
f 3310 3263 3495
f 3495 3263 3261
f 3495 3261 3512
f 3512 3261 3260
f 3512 3260 3069
f 3069 3260 3085
f 3092 3514 2494
f 2494 3514 3515
f 2494 3515 3098
f 3119 3516 3115
f 3115 3516 3517
f 3115 3517 3111
f 3111 3517 3518
f 3111 3518 3112
f 3112 3518 3519
f 3112 3519 3113
f 3113 3519 3520
f 3113 3520 3114
f 3114 3520 3521
f 3114 3521 3105
f 3105 3521 3126
f 3099 3098 3515
f 3522 3119 3523
f 3523 3119 3095
f 3523 3095 3524
f 3524 3095 3094
f 3515 3525 3099
f 3099 3525 3526
f 3099 3526 3094
f 3094 3526 3527
f 3094 3527 3524
f 3528 3529 3530
f 3531 3532 3533
f 3534 3535 3536
f 3130 3534 3131
f 3537 3127 3126
f 3130 3129 3534
f 3534 3129 3538
f 3534 3538 3535
f 3535 3533 3539
f 3539 3533 3540
f 3532 3541 3533
f 3533 3541 3542
f 3533 3542 3540
f 3540 3542 3543
f 3540 3543 3544
f 3544 3543 3545
f 3516 3546 3517
f 3517 3546 3547
f 3547 3528 3517
f 3517 3528 3530
f 3517 3530 3518
f 3518 3530 3548
f 3126 3521 3537
f 3537 3521 3520
f 3537 3520 3548
f 3548 3520 3519
f 3548 3519 3518
f 3129 3127 3538
f 3538 3127 3537
f 3538 3537 3535
f 3535 3537 3548
f 3535 3548 3533
f 3533 3548 3530
f 3533 3530 3531
f 3531 3530 3529
f 3534 3549 3131
f 3131 3549 3550
f 3534 3536 3549
f 3549 3536 3535
f 3549 3535 3539
f 3551 3552 3545
f 3545 3552 3553
f 3545 3553 3544
f 3544 3553 3549
f 3544 3549 3540
f 3540 3549 3539
f 3125 3124 3145
f 3145 3124 3131
f 3145 3131 3156
f 3156 3131 3554
f 3550 3555 3131
f 3131 3555 3556
f 3131 3556 3554
f 3161 3146 3152
f 3152 3146 3141
f 3557 3558 3559
f 3560 3561 3562
f 3155 3157 3563
f 3152 3153 3564
f 3550 3565 3555
f 3555 3565 3566
f 3555 3566 3556
f 3556 3566 3563
f 3556 3563 3554
f 3554 3563 3157
f 3554 3157 3156
f 3550 3560 3565
f 3565 3560 3562
f 3565 3562 3566
f 3566 3562 3567
f 3566 3567 3563
f 3563 3567 3568
f 3563 3568 3155
f 3155 3568 3154
f 3561 3557 3562
f 3562 3557 3559
f 3562 3559 3567
f 3567 3559 3569
f 3567 3569 3568
f 3568 3569 3564
f 3568 3564 3154
f 3154 3564 3153
f 3152 3564 3570
f 3570 3564 3569
f 3570 3569 3571
f 3571 3569 3559
f 3571 3559 3572
f 3572 3559 3558
f 3572 3558 3573
f 3574 3575 3576
f 3577 3578 3579
f 3580 3581 3582
f 3582 3581 3583
f 3580 3584 3581
f 3581 3584 3585
f 3581 3585 3586
f 3575 3587 3576
f 3576 3587 3588
f 3576 3588 3589
f 3590 3591 3574
f 3574 3591 3592
f 3574 3592 3575
f 3163 3578 3165
f 3165 3578 3577
f 3165 3577 3167
f 3167 3577 3168
f 3589 3583 3576
f 3576 3583 3581
f 3576 3581 3593
f 3593 3581 3586
f 3593 3586 3158
f 3594 3579 3595
f 3595 3579 3578
f 3595 3578 3596
f 3596 3578 3163
f 3596 3163 3161
f 3597 3590 3594
f 3594 3590 3574
f 3594 3574 3579
f 3579 3574 3576
f 3579 3576 3577
f 3577 3576 3593
f 3577 3593 3168
f 3168 3593 3158
f 3598 3584 3599
f 3599 3584 3600
f 3181 2503 3171
f 3213 3586 3598
f 3598 3586 3585
f 3598 3585 3584
f 3199 3198 3173
f 3181 3198 3200
f 3200 3189 3181
f 3181 3189 3188
f 3181 3188 2570
f 3181 3171 3198
f 3198 3171 3174
f 3198 3174 3173
f 3173 3176 3199
f 3199 3176 3159
f 3199 3159 3213
f 3213 3159 3158
f 3213 3158 3586
f 3601 3602 3603
f 3603 3602 3604
f 3603 3604 3605
f 3605 3604 3606
f 3607 3608 3604
f 3604 3608 3609
f 3604 3609 3606
f 3599 3600 3610
f 3610 3600 3611
f 3610 3611 3607
f 3607 3611 3612
f 3607 3612 3608
f 3613 3614 3615
f 3598 3599 3616
f 3616 3599 3610
f 3616 3610 3617
f 3617 3610 3607
f 3613 3615 3618
f 3618 3615 3208
f 3618 3208 3209
f 3602 3614 3604
f 3604 3614 3613
f 3604 3613 3607
f 3607 3613 3618
f 3607 3618 3617
f 3617 3618 3209
f 3213 3598 3212
f 3212 3598 3616
f 3212 3616 3211
f 3211 3616 3617
f 3211 3617 3210
f 3210 3617 3209
f 3191 3208 3320
f 3320 3208 3321
f 3325 3323 3619
f 3329 3327 3620
f 3621 3622 3623
f 3331 3624 3625
f 3625 3624 3626
f 3625 3626 3627
f 3627 3626 3623
f 3627 3623 3628
f 3628 3623 3622
f 3628 3622 3629
f 3331 3329 3624
f 3624 3329 3620
f 3624 3620 3626
f 3626 3620 3630
f 3626 3630 3623
f 3623 3630 3631
f 3623 3631 3621
f 3621 3631 3632
f 3327 3325 3620
f 3620 3325 3619
f 3620 3619 3630
f 3630 3619 3633
f 3630 3633 3631
f 3631 3633 3634
f 3631 3634 3632
f 3632 3634 3635
f 3636 3635 3637
f 3637 3635 3634
f 3637 3634 3638
f 3638 3634 3633
f 3638 3633 3639
f 3639 3633 3619
f 3639 3619 3640
f 3640 3619 3323
f 3640 3323 3321
f 3641 3214 3642
f 3642 3214 2569
f 3642 2569 3377
f 3643 3644 3645
f 3646 3647 3092
f 3092 3647 3514
f 3648 3649 3650
f 3651 3652 3653
f 3654 3655 3656
f 3656 3655 3643
f 3657 3658 3654
f 3092 3233 3646
f 3646 3233 3232
f 3646 3232 3659
f 3232 3231 3659
f 3659 3231 3226
f 3659 3226 3660
f 3660 3226 3225
f 3660 3225 3661
f 3225 3230 3661
f 3661 3230 3229
f 3661 3229 3662
f 3662 3229 3228
f 3662 3228 3663
f 3228 3227 3663
f 3663 3227 3224
f 3663 3224 3664
f 3664 3224 3223
f 3664 3223 3665
f 3223 3222 3665
f 3665 3222 3221
f 3665 3221 3666
f 3666 3221 3220
f 3666 3220 3667
f 3220 3219 3667
f 3667 3219 3218
f 3667 3218 3668
f 3668 3218 3217
f 3668 3217 3669
f 3641 3658 3214
f 3214 3658 3657
f 3214 3657 3215
f 3215 3657 3669
f 3215 3669 3216
f 3216 3669 3217
f 3654 3656 3657
f 3657 3656 3670
f 3657 3670 3669
f 3669 3670 3671
f 3669 3671 3668
f 3668 3671 3672
f 3668 3672 3667
f 3667 3672 3673
f 3667 3673 3666
f 3666 3673 3674
f 3666 3674 3665
f 3665 3674 3675
f 3665 3675 3664
f 3664 3675 3676
f 3664 3676 3663
f 3663 3676 3677
f 3663 3677 3662
f 3662 3677 3678
f 3662 3678 3661
f 3661 3678 3679
f 3661 3679 3660
f 3660 3679 3680
f 3660 3680 3659
f 3659 3680 3648
f 3659 3648 3646
f 3646 3648 3650
f 3646 3650 3647
f 3643 3645 3656
f 3656 3645 3681
f 3656 3681 3670
f 3670 3681 3682
f 3670 3682 3671
f 3671 3682 3683
f 3671 3683 3672
f 3672 3683 3684
f 3672 3684 3673
f 3673 3684 3685
f 3673 3685 3674
f 3674 3685 3686
f 3674 3686 3675
f 3675 3686 3687
f 3675 3687 3676
f 3676 3687 3688
f 3676 3688 3677
f 3677 3688 3689
f 3677 3689 3678
f 3678 3689 3690
f 3678 3690 3679
f 3679 3690 3691
f 3679 3691 3680
f 3680 3691 3651
f 3680 3651 3648
f 3648 3651 3653
f 3648 3653 3649
f 3300 3692 3286
f 3286 3692 3693
f 3694 3289 3693
f 3693 3289 3287
f 3693 3287 3286
f 3237 3694 3238
f 3238 3694 3695
f 3238 3695 3239
f 2979 3317 3236
f 3236 3317 3285
f 3236 3285 3237
f 3237 3285 3284
f 3237 3284 3694
f 3694 3284 3290
f 3694 3290 3289
f 3447 2733 3696
f 3696 2733 3239
f 3696 3239 3697
f 3697 3239 3695
f 3309 3313 3698
f 3699 3300 3299
f 3699 3299 3700
f 3698 3313 3701
f 3701 3313 3312
f 3701 3312 3310
f 3309 3698 3307
f 3307 3698 3702
f 3307 3702 3305
f 3305 3702 3703
f 3305 3703 3303
f 3704 3291 3703
f 3703 3291 3301
f 3703 3301 3303
f 3299 3298 3700
f 3700 3298 3296
f 3700 3296 3705
f 3705 3296 3294
f 3705 3294 3704
f 3704 3294 3292
f 3704 3292 3291
f 3706 3707 3708
f 3708 3707 3709
f 3708 3709 3710
f 3706 3711 3707
f 3707 3711 3712
f 3707 3712 3713
f 3713 3712 3714
f 3713 3714 3629
f 3629 3714 3715
f 3629 3715 3352
f 3352 3337 3629
f 3629 3337 3336
f 3629 3336 3330
f 3627 3628 3625
f 3625 3628 3629
f 3625 3629 3331
f 3331 3629 3330
f 3716 3351 3352
f 3352 3715 3716
f 3716 3715 3714
f 3716 3714 3712
f 3717 3718 3719
f 3348 3349 3720
f 3720 3349 3721
f 3720 3721 3722
f 3722 3721 3723
f 3722 3723 3724
f 3724 3723 3719
f 3725 3726 3727
f 3727 3726 3718
f 3727 3718 3728
f 3728 3718 3717
f 3706 3729 3717
f 3717 3729 3730
f 3717 3730 3728
f 3731 3732 3706
f 3706 3732 3733
f 3706 3733 3729
f 3708 3734 3706
f 3706 3734 3735
f 3706 3735 3731
f 3736 3737 3711
f 3711 3738 3739
f 3719 3723 3717
f 3717 3723 3740
f 3717 3740 3741
f 3349 3350 3721
f 3721 3350 3742
f 3721 3742 3723
f 3723 3742 3743
f 3723 3743 3740
f 3717 3744 3745
f 3350 3351 3742
f 3742 3351 3716
f 3742 3716 3743
f 3743 3716 3712
f 3743 3712 3740
f 3740 3712 3711
f 3740 3711 3741
f 3741 3711 3737
f 3741 3737 3717
f 3717 3737 3736
f 3717 3736 3744
f 3744 3736 3711
f 3744 3711 3745
f 3745 3711 3739
f 3745 3739 3717
f 3717 3739 3738
f 3717 3738 3706
f 3706 3738 3711
f 3207 3348 3373
f 3373 3348 3720
f 3373 3720 3369
f 3369 3720 3722
f 3369 3722 3370
f 3370 3722 3724
f 3370 3724 3371
f 3371 3724 3719
f 3371 3719 3372
f 3372 3719 3718
f 3372 3718 3363
f 3363 3718 3726
f 3364 3363 3746
f 3746 3747 3364
f 3364 3747 3748
f 3364 3748 3366
f 3366 3748 3749
f 3366 3749 3367
f 3367 3749 3750
f 3367 3750 3377
f 3377 3750 3642
f 3751 3752 3753
f 3754 3693 3692
f 3447 3696 3755
f 3447 3755 3448
f 3448 3755 3756
f 3448 3756 3449
f 3449 3756 3753
f 3449 3753 3451
f 3451 3753 3752
f 3451 3752 3450
f 3757 3758 3759
f 3759 3758 3760
f 3759 3760 3761
f 3761 3760 3762
f 3692 3763 3754
f 3754 3763 3764
f 3754 3764 3762
f 3762 3764 3765
f 3762 3765 3761
f 3760 3766 3767
f 3697 3695 3768
f 3768 3695 3694
f 3760 3767 3762
f 3762 3767 3768
f 3762 3768 3754
f 3754 3768 3694
f 3754 3694 3693
f 3758 3769 3760
f 3760 3769 3770
f 3760 3770 3766
f 3766 3770 3771
f 3766 3771 3751
f 3751 3753 3766
f 3766 3753 3756
f 3766 3756 3767
f 3767 3756 3755
f 3767 3755 3768
f 3768 3755 3696
f 3768 3696 3697
f 3757 3505 3502
f 3418 2805 3413
f 3413 3415 3418
f 3418 3415 3406
f 3418 3406 3419
f 3419 3406 3402
f 2680 2651 3404
f 3404 2651 3398
f 3404 3398 3402
f 3402 3398 3419
f 3419 3398 3392
f 3419 3392 3388
f 2624 2591 3390
f 3390 2591 3384
f 3383 3419 3384
f 3384 3419 3388
f 3384 3388 3390
f 3478 2988 3482
f 3482 2988 3471
f 3482 3471 3484
f 3484 3471 3383
f 3383 3471 3419
f 3419 3471 3511
f 3419 3511 3420
f 3420 3511 3509
f 3420 3509 3421
f 3442 2724 3490
f 3490 2724 3421
f 3490 3421 3508
f 3508 3421 3509
f 3452 2734 3450
f 3770 3454 3771
f 3771 3454 3453
f 3771 3453 3751
f 3751 3453 3452
f 3751 3452 3752
f 3752 3452 3450
f 3471 3454 3511
f 3511 3454 3770
f 3511 3770 3501
f 3501 3770 3769
f 3501 3769 3502
f 3502 3769 3758
f 3502 3758 3757
f 3505 3772 3504
f 3504 3772 3773
f 3504 3773 3503
f 3774 3775 3494
f 3494 3493 3774
f 3774 3493 3497
f 3774 3497 3773
f 3773 3497 3499
f 3773 3499 3503
f 3701 3310 3775
f 3775 3310 3494
f 3652 3522 3653
f 3653 3522 3523
f 3653 3523 3649
f 3649 3523 3524
f 3649 3524 3650
f 3650 3524 3527
f 3650 3527 3647
f 3647 3527 3526
f 3647 3526 3514
f 3514 3526 3525
f 3514 3525 3515
f 3516 3119 3776
f 3776 3119 3522
f 3776 3522 3777
f 3778 3779 3780
f 3781 3782 3783
f 3783 3782 3776
f 3783 3776 3777
f 3784 3541 3532
f 3784 3532 3785
f 3532 3531 3785
f 3785 3531 3529
f 3785 3529 3782
f 3781 3786 3782
f 3782 3786 3787
f 3782 3787 3785
f 3785 3787 3788
f 3785 3788 3784
f 3779 3789 3780
f 3780 3789 3790
f 3780 3790 3791
f 3791 3790 3792
f 3791 3792 3793
f 3793 3792 3794
f 3795 3543 3542
f 3541 3784 3542
f 3542 3784 3796
f 3542 3796 3795
f 3529 3528 3782
f 3782 3528 3547
f 3782 3547 3776
f 3776 3547 3546
f 3776 3546 3516
f 3786 3778 3787
f 3787 3778 3780
f 3787 3780 3788
f 3788 3780 3791
f 3788 3791 3784
f 3784 3791 3793
f 3784 3793 3796
f 3796 3793 3794
f 3796 3794 3795
f 3795 3794 3797
f 3795 3797 3543
f 3543 3797 3545
f 3798 3799 3789
f 3789 3799 3790
f 3790 3799 3792
f 3792 3799 3800
f 3792 3800 3794
f 3794 3800 3801
f 3794 3801 3797
f 3797 3801 3545
f 3545 3801 3802
f 3545 3802 3551
f 3803 3804 3805
f 3806 3807 3808
f 3808 3807 3809
f 3810 3811 3812
f 3810 3812 3813
f 3801 3800 3814
f 3814 3800 3799
f 3814 3799 3815
f 3809 3816 3808
f 3808 3816 3815
f 3808 3815 3806
f 3806 3815 3799
f 3812 3817 3818
f 3799 3798 3806
f 3806 3798 3819
f 3806 3819 3807
f 3807 3819 3813
f 3807 3813 3809
f 3809 3813 3812
f 3809 3812 3820
f 3820 3812 3818
f 3804 3803 3821
f 3802 3801 3822
f 3822 3801 3814
f 3822 3814 3823
f 3823 3814 3815
f 3823 3815 3824
f 3824 3815 3816
f 3551 3802 3825
f 3825 3802 3822
f 3825 3822 3826
f 3826 3822 3823
f 3826 3823 3827
f 3827 3823 3824
f 3827 3824 3805
f 3805 3824 3816
f 3805 3816 3803
f 3803 3816 3809
f 3803 3809 3821
f 3821 3809 3820
f 3812 3811 3828
f 3817 3812 3829
f 3829 3812 3828
f 3829 3828 3830
f 3553 3831 3549
f 3549 3831 3832
f 3833 3834 3831
f 3831 3834 3835
f 3831 3835 3832
f 3836 3837 3838
f 3839 3836 3840
f 3840 3836 3838
f 3840 3838 3833
f 3833 3838 3841
f 3833 3841 3834
f 3842 3843 3805
f 3818 3817 3820
f 3820 3817 3839
f 3820 3839 3821
f 3821 3839 3842
f 3821 3842 3804
f 3804 3842 3805
f 3844 3552 3551
f 3551 3825 3844
f 3844 3825 3826
f 3844 3826 3843
f 3843 3826 3827
f 3843 3827 3805
f 3839 3840 3842
f 3842 3840 3833
f 3842 3833 3843
f 3843 3833 3831
f 3843 3831 3844
f 3844 3831 3553
f 3844 3553 3552
f 3837 3573 3838
f 3838 3573 3558
f 3838 3558 3841
f 3841 3558 3557
f 3841 3557 3834
f 3834 3557 3561
f 3834 3561 3835
f 3835 3561 3560
f 3835 3560 3832
f 3832 3560 3550
f 3832 3550 3549
f 3596 3161 3152
f 3152 3570 3596
f 3596 3570 3571
f 3596 3571 3595
f 3595 3571 3572
f 3595 3572 3594
f 3594 3572 3573
f 3594 3573 3597
f 3590 3597 3845
f 3846 3588 3847
f 3847 3588 3587
f 3847 3587 3848
f 3848 3587 3575
f 3848 3575 3592
f 3582 3583 3846
f 3846 3583 3589
f 3846 3589 3588
f 3584 3580 3849
f 3849 3580 3850
f 3849 3850 3851
f 3852 3853 3854
f 3852 3854 3855
f 3855 3854 3856
f 3855 3856 3845
f 3597 3857 3845
f 3845 3857 3858
f 3845 3858 3855
f 3859 3860 3850
f 3850 3860 3861
f 3850 3861 3851
f 3580 3582 3850
f 3850 3582 3846
f 3850 3846 3859
f 3859 3846 3847
f 3859 3847 3862
f 3862 3847 3848
f 3862 3848 3863
f 3863 3848 3592
f 3863 3592 3591
f 3591 3590 3863
f 3863 3590 3845
f 3863 3845 3862
f 3862 3845 3856
f 3862 3856 3859
f 3859 3856 3854
f 3859 3854 3860
f 3860 3854 3853
f 3860 3853 3861
f 3852 3864 3853
f 3853 3864 3865
f 3853 3865 3861
f 3861 3865 3866
f 3861 3866 3851
f 3851 3866 3867
f 3851 3867 3849
f 3849 3867 3868
f 3849 3868 3584
f 3584 3868 3869
f 3584 3869 3600
f 3870 3871 3872
f 3612 3611 3873
f 3873 3611 3600
f 3873 3600 3874
f 3875 3609 3608
f 3609 3875 3606
f 3876 3877 3601
f 3878 3868 3879
f 3879 3868 3867
f 3879 3867 3880
f 3880 3867 3866
f 3880 3866 3865
f 3605 3606 3881
f 3881 3606 3875
f 3881 3875 3873
f 3873 3875 3608
f 3873 3608 3612
f 3872 3871 3877
f 3877 3871 3601
f 3603 3876 3601
f 3882 3870 3883
f 3883 3870 3872
f 3883 3872 3884
f 3884 3872 3877
f 3884 3877 3881
f 3881 3877 3876
f 3881 3876 3605
f 3605 3876 3603
f 3864 3882 3865
f 3865 3882 3883
f 3865 3883 3880
f 3880 3883 3884
f 3880 3884 3879
f 3879 3884 3881
f 3879 3881 3878
f 3878 3881 3873
f 3878 3873 3868
f 3868 3873 3874
f 3868 3874 3869
f 3869 3874 3600
f 3602 3601 3636
f 3636 3637 3602
f 3602 3637 3638
f 3602 3638 3614
f 3638 3639 3614
f 3614 3639 3640
f 3614 3640 3615
f 3615 3640 3321
f 3615 3321 3208
f 3636 3885 3635
f 3635 3885 3886
f 3635 3886 3632
f 3632 3886 3887
f 3632 3887 3621
f 3621 3887 3888
f 3621 3888 3622
f 3622 3888 3889
f 3622 3889 3629
f 3629 3889 3890
f 3629 3890 3713
f 3891 3892 3893
f 3894 3895 3885
f 3885 3895 3886
f 3886 3895 3887
f 3887 3895 3896
f 3887 3896 3888
f 3888 3896 3889
f 3889 3896 3897
f 3889 3897 3890
f 3890 3897 3707
f 3890 3707 3713
f 3710 3709 3898
f 3898 3709 3899
f 3900 3901 3899
f 3899 3901 3902
f 3899 3902 3898
f 3892 3903 3893
f 3893 3903 3904
f 3893 3904 3900
f 3900 3904 3905
f 3900 3905 3901
f 3906 3907 3908
f 3908 3891 3906
f 3906 3891 3893
f 3906 3893 3909
f 3909 3893 3894
f 3894 3893 3895
f 3895 3893 3900
f 3895 3900 3896
f 3896 3900 3899
f 3896 3899 3897
f 3897 3899 3709
f 3897 3709 3707
f 3641 3642 3750
f 3746 3644 3747
f 3747 3644 3643
f 3747 3643 3748
f 3748 3643 3655
f 3748 3655 3749
f 3749 3655 3654
f 3749 3654 3750
f 3750 3654 3658
f 3750 3658 3641
f 3652 3651 3910
f 3910 3651 3701
f 3644 3911 3645
f 3645 3911 3699
f 3645 3699 3681
f 3681 3699 3700
f 3681 3700 3682
f 3682 3700 3705
f 3682 3705 3683
f 3683 3705 3684
f 3684 3705 3704
f 3684 3704 3685
f 3685 3704 3686
f 3686 3704 3703
f 3686 3703 3687
f 3687 3703 3688
f 3688 3703 3702
f 3688 3702 3689
f 3701 3651 3698
f 3698 3651 3691
f 3698 3691 3702
f 3702 3691 3690
f 3702 3690 3689
f 3912 3692 3699
f 3699 3692 3300
f 3913 3914 3915
f 3916 3917 3915
f 3915 3917 3918
f 3915 3918 3913
f 3913 3918 3907
f 3919 3920 3921
f 3921 3920 3922
f 3921 3922 3923
f 3918 3917 3924
f 3918 3924 3925
f 3926 3901 3905
f 3925 3927 3928
f 3928 3927 3929
f 3901 3926 3902
f 3902 3926 3930
f 3902 3930 3898
f 3931 3919 3932
f 3932 3919 3921
f 3932 3921 3933
f 3933 3921 3923
f 3933 3923 3934
f 3934 3923 3935
f 3904 3928 3905
f 3905 3928 3929
f 3905 3929 3926
f 3926 3929 3936
f 3926 3936 3930
f 3904 3903 3928
f 3928 3903 3892
f 3928 3892 3925
f 3925 3892 3891
f 3925 3891 3918
f 3918 3891 3908
f 3918 3908 3907
f 3924 3931 3925
f 3925 3931 3932
f 3925 3932 3927
f 3927 3932 3933
f 3927 3933 3929
f 3929 3933 3934
f 3929 3934 3936
f 3936 3934 3935
f 3936 3935 3930
f 3930 3935 3937
f 3930 3937 3898
f 3898 3937 3710
f 3938 3939 3920
f 3920 3939 3922
f 3922 3939 3923
f 3923 3939 3940
f 3923 3940 3935
f 3935 3940 3941
f 3935 3941 3937
f 3937 3941 3710
f 3710 3941 3942
f 3710 3942 3708
f 3943 3944 3945
f 3943 3945 3946
f 3945 3947 3946
f 3946 3947 3948
f 3946 3948 3949
f 3949 3948 3950
f 3949 3950 3951
f 3951 3950 3939
f 3951 3939 3938
f 3708 3942 3734
f 3734 3942 3952
f 3734 3952 3735
f 3735 3952 3953
f 3954 3955 3953
f 3729 3733 3955
f 3955 3733 3732
f 3955 3732 3953
f 3953 3732 3731
f 3953 3731 3735
f 3730 3956 3728
f 3728 3956 3948
f 3728 3948 3727
f 3727 3948 3947
f 3727 3947 3725
f 3725 3947 3945
f 3725 3945 3726
f 3942 3941 3952
f 3952 3941 3957
f 3952 3957 3953
f 3953 3957 3958
f 3953 3958 3954
f 3941 3940 3957
f 3957 3940 3939
f 3957 3939 3958
f 3958 3939 3950
f 3958 3950 3954
f 3954 3950 3948
f 3954 3948 3955
f 3955 3948 3956
f 3955 3956 3729
f 3729 3956 3730
f 3944 3746 3945
f 3945 3746 3363
f 3945 3363 3726
f 3692 3912 3763
f 3763 3912 3959
f 3763 3959 3764
f 3960 3961 3757
f 3757 3759 3960
f 3960 3759 3761
f 3960 3761 3959
f 3959 3761 3765
f 3959 3765 3764
f 3772 3505 3961
f 3961 3505 3757
f 3962 3775 3774
f 3962 3774 3963
f 3963 3774 3773
f 3963 3773 3964
f 3964 3773 3772
f 3964 3772 3965
f 3810 3775 3811
f 3811 3775 3962
f 3811 3962 3828
f 3910 3783 3652
f 3652 3783 3777
f 3652 3777 3522
f 3789 3779 3701
f 3779 3778 3701
f 3701 3778 3786
f 3701 3786 3910
f 3910 3786 3781
f 3910 3781 3783
f 3810 3813 3775
f 3775 3813 3819
f 3775 3819 3701
f 3701 3819 3798
f 3701 3798 3789
f 3966 3967 3968
f 3969 3970 3968
f 3968 3970 3971
f 3968 3971 3966
f 3967 3966 3972
f 3972 3966 3973
f 3972 3973 3974
f 3973 3975 3976
f 3974 3973 3828
f 3828 3973 3976
f 3828 3976 3830
f 3971 3977 3966
f 3966 3977 3978
f 3966 3978 3973
f 3973 3978 3979
f 3973 3979 3975
f 3829 3830 3980
f 3981 3837 3982
f 3982 3837 3836
f 3817 3829 3839
f 3839 3829 3980
f 3839 3980 3836
f 3836 3980 3983
f 3836 3983 3982
f 3984 3885 3636
f 3636 3601 3984
f 3984 3601 3871
f 3984 3871 3870
f 3981 3855 3858
f 3573 3837 3597
f 3597 3837 3981
f 3597 3981 3857
f 3857 3981 3858
f 3870 3882 3984
f 3984 3882 3864
f 3984 3864 3981
f 3981 3864 3852
f 3981 3852 3855
f 3909 3913 3906
f 3906 3913 3907
f 3885 3984 3894
f 3894 3984 3985
f 3894 3985 3909
f 3909 3985 3986
f 3909 3986 3913
f 3913 3986 3914
f 3987 3988 3989
f 3989 3988 3990
f 3989 3990 3991
f 3990 3992 3991
f 3991 3992 3993
f 3991 3993 3994
f 3994 3993 3995
f 3994 3995 3996
f 3996 3995 3997
f 3996 3997 3998
f 3914 3998 3915
f 3915 3998 3997
f 3915 3997 3916
f 3916 3997 3995
f 3644 3746 3944
f 3644 3944 3911
f 3911 3944 3943
f 3911 3943 3699
f 3699 3943 3946
f 3699 3946 3949
f 3919 3931 3912
f 3912 3931 3924
f 3912 3924 3999
f 3999 3924 3917
f 3999 3917 3916
f 3949 3951 3699
f 3699 3951 3938
f 3699 3938 3912
f 3912 3938 3920
f 3912 3920 3919
f 4000 3961 4001
f 4001 3961 3960
f 4001 3960 4002
f 3959 3912 3999
f 3999 4003 3959
f 3959 4003 4004
f 3959 4004 3960
f 3960 4004 4005
f 3960 4005 4002
f 4006 4007 4008
f 4009 4010 4011
f 4012 4013 4014
f 4015 4016 4017
f 4017 4016 4018
f 4019 4020 4021
f 4021 4020 4022
f 4023 4024 4025
f 4025 4024 4021
f 4025 4021 4026
f 4026 4021 4022
f 4027 4028 4029
f 4029 4028 4030
f 4029 4030 4031
f 4031 4030 4032
f 4031 4032 4018
f 4018 4032 4014
f 4018 4014 4017
f 4017 4014 4013
f 4033 4009 4034
f 4034 4009 4011
f 4034 4011 4035
f 4011 4036 4035
f 4035 4036 4037
f 4035 4037 4038
f 4038 4037 4039
f 4038 4039 4040
f 4040 4039 4008
f 4040 4008 4041
f 4041 4008 4007
f 4041 4007 4042
f 4024 4043 4021
f 4021 4043 4044
f 4021 4044 4019
f 4028 4023 4030
f 4030 4023 4025
f 4030 4025 4032
f 4032 4025 4026
f 4032 4026 4014
f 4014 4026 4022
f 4014 4022 4012
f 4012 4022 4020
f 4044 4006 4019
f 4019 4006 4008
f 4019 4008 4020
f 4020 4008 4039
f 4020 4039 4012
f 4012 4039 4037
f 4012 4037 4013
f 4013 4037 4036
f 4013 4036 4017
f 4017 4036 4011
f 4017 4011 4015
f 4015 4011 4010
f 4045 4046 4047
f 4048 4049 4050
f 4051 4052 4053
f 4051 4053 4054
f 4055 4056 4057
f 4057 4056 4058
f 4057 4058 4049
f 4059 4060 4061
f 4061 4060 4062
f 4061 4062 4063
f 4063 4062 4064
f 4063 4064 4065
f 4066 4067 4068
f 4068 4067 4069
f 4068 4069 4062
f 4062 4069 4070
f 4062 4070 4064
f 4071 4045 4072
f 4072 4045 4047
f 4072 4047 4073
f 4073 4047 4074
f 4073 4074 4075
f 4075 4074 4076
f 4075 4076 4077
f 4077 4076 4078
f 4077 4078 4053
f 4053 4078 4079
f 4053 4079 4054
f 4049 4058 4050
f 4050 4058 4080
f 4050 4080 4081
f 4081 4082 4050
f 4050 4082 4083
f 4050 4083 4048
f 4048 4083 4084
f 4067 4055 4069
f 4069 4055 4057
f 4069 4057 4070
f 4070 4057 4049
f 4070 4049 4064
f 4064 4049 4048
f 4064 4048 4065
f 4065 4048 4084
f 4082 4054 4083
f 4083 4054 4079
f 4083 4079 4084
f 4084 4079 4078
f 4084 4078 4065
f 4065 4078 4076
f 4065 4076 4063
f 4063 4076 4074
f 4063 4074 4061
f 4061 4074 4047
f 4061 4047 4059
f 4059 4047 4046
f 4000 4071 3961
f 3961 4071 4085
f 4027 3965 4086
f 4086 3965 3772
f 4086 3772 4087
f 4087 3772 4088
f 4085 4089 3961
f 3961 4089 4090
f 3961 4090 3772
f 3772 4090 4091
f 3772 4091 4088
f 4092 4093 4094
f 4095 4096 4097
f 4097 4098 4099
f 4096 4095 4100
f 4100 4095 4093
f 4100 4093 4101
f 4102 4103 4104
f 4102 4105 4106
f 4107 4108 4109
f 4108 4110 4109
f 4109 4110 4111
f 4109 4111 4112
f 4112 4111 4113
f 4112 4113 4114
f 4115 4116 4117
f 4118 4119 4120
f 4118 4120 4121
f 4120 4122 4121
f 4121 4122 4123
f 4121 4123 4124
f 4125 4126 4127
f 4127 4126 4128
f 4127 4128 4129
f 4129 4128 4124
f 4129 4124 4130
f 4130 4124 4123
f 4099 4131 4132
f 4132 4131 4133
f 4132 4133 4115
f 4115 4133 4134
f 4115 4134 4116
f 4126 4135 4128
f 4128 4135 4136
f 4128 4136 4124
f 4124 4136 4137
f 4124 4137 4121
f 4121 4137 4094
f 4121 4094 4118
f 4118 4094 4093
f 4097 4099 4095
f 4095 4099 4132
f 4095 4132 4093
f 4093 4132 4115
f 4093 4115 4118
f 4118 4115 4117
f 4118 4117 4119
f 4094 4138 4139
f 4109 4102 4140
f 4140 4102 4106
f 4140 4106 4094
f 4094 4106 4105
f 4094 4105 4138
f 4138 4105 4102
f 4138 4102 4139
f 4139 4102 4104
f 4139 4104 4094
f 4094 4104 4103
f 4094 4103 4092
f 4109 4140 4107
f 4107 4140 4094
f 4107 4094 4108
f 4108 4094 4137
f 4108 4137 4110
f 4110 4137 4136
f 4110 4136 4111
f 4111 4136 4135
f 4111 4135 4113
f 4134 4133 4141
f 4142 4143 4144
f 4144 4143 4099
f 4144 4099 4098
f 4134 4141 4145
f 4145 4141 4146
f 4145 4146 4147
f 4148 4147 4149
f 4149 4147 4146
f 4149 4146 4150
f 4150 4146 4141
f 4150 4141 4151
f 4151 4141 4133
f 4151 4133 4131
f 4152 4153 4154
f 4154 4153 4143
f 4154 4143 4155
f 4155 4143 4142
f 4155 4142 4156
f 4131 4099 4151
f 4151 4099 4143
f 4151 4143 4150
f 4150 4143 4153
f 4150 4153 4149
f 4149 4153 4152
f 4149 4152 4148
f 4148 4152 4157
f 4158 4159 4033
f 4042 4160 4041
f 4041 4160 4161
f 4041 4161 4040
f 4040 4161 4162
f 4040 4162 4038
f 4038 4162 4163
f 4038 4163 4035
f 4035 4163 4158
f 4035 4158 4034
f 4034 4158 4033
f 4033 4164 4009
f 4009 4164 4165
f 4009 4165 4010
f 4010 4165 4015
f 4015 4165 4166
f 4015 4166 4016
f 4016 4166 4018
f 4018 4166 4167
f 4018 4167 4031
f 4031 4167 4029
f 4029 4167 3965
f 4029 3965 4027
f 4168 4169 4170
f 4164 4168 4165
f 4165 4168 4170
f 4165 4170 4166
f 4166 4170 4171
f 4166 4171 4167
f 4167 4171 4172
f 4167 4172 3965
f 3965 4172 3964
f 4169 4173 4170
f 4170 4173 4174
f 4170 4174 4171
f 4171 4174 4175
f 4171 4175 4172
f 4172 4175 4176
f 4172 4176 3964
f 3964 4176 3963
f 4173 4177 4174
f 4174 4177 4178
f 4174 4178 4175
f 4175 4178 4179
f 4175 4179 4176
f 4176 4179 4180
f 4176 4180 3963
f 3963 4180 3962
f 3828 3962 3974
f 3974 3962 4180
f 3974 4180 3972
f 3972 4180 4179
f 3972 4179 3967
f 3967 4179 4178
f 3967 4178 3968
f 3968 4178 4177
f 3968 4177 3969
f 3983 3980 4181
f 3969 4182 4183
f 4184 3971 4183
f 4183 3971 3970
f 4183 3970 3969
f 4181 3978 4184
f 4184 3978 3977
f 4184 3977 3971
f 3830 3976 3980
f 3980 3976 3975
f 3980 3975 4181
f 4181 3975 3979
f 4181 3979 3978
f 3981 3982 4185
f 4185 3982 4186
f 4185 4186 4187
f 4187 4186 4188
f 4187 4188 4189
f 4189 4188 4190
f 4190 4188 4191
f 4190 4191 4192
f 4192 4191 4193
f 4192 4193 4194
f 4182 4193 4183
f 4183 4193 4191
f 4183 4191 4184
f 4184 4191 4188
f 4184 4188 4181
f 4181 4188 4186
f 4181 4186 3983
f 3983 4186 3982
f 3984 3981 4195
f 4195 3981 4185
f 4195 4185 4196
f 4196 4185 4187
f 4196 4187 4197
f 4197 4187 4189
f 4197 4189 4198
f 4198 4189 4190
f 4198 4190 4199
f 4199 4190 4192
f 4199 4192 4200
f 4200 4192 4194
f 3914 3986 3998
f 3998 3986 4201
f 3998 4201 3996
f 3996 4201 3994
f 3994 4201 4202
f 3994 4202 3991
f 3991 4202 4203
f 3991 4203 3989
f 3989 4203 4204
f 3989 4204 3987
f 4200 4205 4199
f 4199 4205 4206
f 4199 4206 4198
f 4198 4206 4207
f 4208 4196 4207
f 4207 4196 4197
f 4207 4197 4198
f 3985 3984 4208
f 4208 3984 4195
f 4208 4195 4196
f 4205 4204 4206
f 4206 4204 4203
f 4206 4203 4207
f 4207 4203 4202
f 4207 4202 4208
f 4208 4202 4201
f 4208 4201 3985
f 3985 4201 3986
f 3987 4209 3988
f 3988 4209 4210
f 3988 4210 3990
f 3990 4210 3992
f 3992 4210 4211
f 3992 4211 3993
f 3993 4211 4212
f 3993 4212 3995
f 3995 4212 3999
f 3995 3999 3916
f 4002 4005 4213
f 4214 4215 4216
f 4216 4215 4217
f 4216 4217 4218
f 4218 4217 4219
f 4218 4219 4220
f 4220 4219 4213
f 4209 4214 4210
f 4210 4214 4216
f 4210 4216 4211
f 4211 4216 4218
f 4211 4218 4212
f 4212 4218 4220
f 4212 4220 3999
f 3999 4220 4003
f 4213 4005 4220
f 4220 4005 4004
f 4220 4004 4003
f 4001 4002 4221
f 4221 4002 4213
f 4221 4213 4222
f 4222 4213 4219
f 4222 4219 4223
f 4223 4219 4217
f 4223 4217 4224
f 4224 4217 4215
f 4224 4225 4223
f 4223 4225 4226
f 4223 4226 4222
f 4222 4226 4227
f 4222 4227 4221
f 4221 4227 4228
f 4221 4228 4001
f 4001 4228 4000
f 4071 4000 4045
f 4045 4000 4228
f 4045 4228 4046
f 4046 4228 4059
f 4059 4228 4227
f 4059 4227 4060
f 4060 4227 4226
f 4060 4226 4062
f 4062 4226 4068
f 4068 4226 4225
f 4068 4225 4066
f 4229 4081 4230
f 4230 4081 4080
f 4230 4080 4231
f 4231 4080 4058
f 4231 4058 4232
f 4232 4058 4056
f 4232 4056 4233
f 4233 4056 4055
f 4233 4055 4234
f 4234 4055 4067
f 4234 4067 4066
f 4235 4236 4237
f 4238 4239 4235
f 4240 4241 4242
f 4239 4243 4235
f 4235 4243 4244
f 4235 4244 4245
f 4245 4246 4235
f 4235 4246 4247
f 4235 4247 4236
f 4236 4247 4248
f 4248 4249 4236
f 4236 4249 4250
f 4236 4250 4237
f 4237 4250 4251
f 4237 4251 4240
f 4242 4252 4240
f 4240 4252 4253
f 4240 4253 4237
f 4237 4253 4254
f 4237 4254 4235
f 4245 4244 4255
f 4245 4255 4256
f 4256 4255 4257
f 4256 4257 4258
f 4259 4260 4261
f 4261 4260 4239
f 4261 4239 4238
f 4262 4263 4264
f 4264 4263 4260
f 4264 4260 4265
f 4265 4260 4259
f 4265 4259 4266
f 4267 4258 4268
f 4268 4258 4257
f 4268 4257 4269
f 4269 4257 4255
f 4269 4255 4270
f 4270 4255 4244
f 4270 4244 4243
f 4271 4267 4262
f 4262 4267 4268
f 4262 4268 4263
f 4263 4268 4269
f 4263 4269 4260
f 4260 4269 4270
f 4260 4270 4239
f 4239 4270 4243
f 4272 4273 4274
f 4275 4276 4277
f 4278 4275 4279
f 4280 4278 4281
f 4280 4282 4283
f 4283 4282 4284
f 4283 4284 4285
f 4286 4287 4288
f 4289 4290 4291
f 4288 4292 4286
f 4286 4292 4293
f 4286 4293 4291
f 4291 4293 4294
f 4291 4294 4289
f 4289 4295 4290
f 4290 4295 4296
f 4290 4296 4297
f 4297 4296 4298
f 4297 4298 4299
f 4297 4300 4290
f 4290 4300 4301
f 4290 4301 4291
f 4291 4301 4302
f 4291 4302 4286
f 4286 4302 4274
f 4286 4274 4287
f 4287 4274 4273
f 4266 4303 4265
f 4265 4303 4276
f 4265 4276 4264
f 4264 4276 4304
f 4264 4304 4262
f 4262 4304 4305
f 4262 4305 4271
f 4285 4272 4283
f 4283 4272 4274
f 4283 4274 4280
f 4280 4274 4302
f 4280 4302 4278
f 4278 4302 4301
f 4278 4301 4275
f 4275 4301 4300
f 4275 4300 4276
f 4276 4300 4297
f 4276 4297 4304
f 4304 4297 4299
f 4304 4299 4305
f 4288 4287 4306
f 4307 4308 4309
f 4309 4308 4272
f 4309 4272 4285
f 4288 4306 4310
f 4310 4306 4311
f 4310 4311 4312
f 4313 4312 4314
f 4314 4312 4311
f 4314 4311 4315
f 4315 4311 4306
f 4315 4306 4316
f 4316 4306 4287
f 4316 4287 4273
f 4317 4318 4319
f 4319 4318 4308
f 4319 4308 4320
f 4320 4308 4307
f 4320 4307 4321
f 4273 4272 4316
f 4316 4272 4308
f 4316 4308 4315
f 4315 4308 4318
f 4315 4318 4314
f 4314 4318 4317
f 4314 4317 4313
f 4313 4317 4322
f 4323 4324 4325
f 4326 4327 4328
f 4329 4330 4328
f 4328 4331 4332
f 4317 4319 4333
f 4333 4319 4320
f 4333 4320 4334
f 4334 4320 4321
f 4335 4336 4325
f 4325 4336 4337
f 4325 4337 4338
f 4325 4339 4340
f 4327 4341 4328
f 4328 4341 4323
f 4328 4323 4331
f 4331 4323 4325
f 4331 4325 4332
f 4332 4325 4340
f 4332 4340 4328
f 4328 4340 4339
f 4328 4339 4329
f 4329 4339 4325
f 4329 4325 4330
f 4330 4325 4338
f 4330 4338 4328
f 4328 4338 4337
f 4328 4337 4342
f 4342 4337 4336
f 4342 4336 4333
f 4333 4336 4335
f 4333 4335 4317
f 4317 4335 4322
f 4324 4323 4343
f 4344 4345 4346
f 4346 4345 4327
f 4346 4327 4326
f 4324 4343 4347
f 4347 4343 4348
f 4347 4348 4349
f 4350 4349 4351
f 4351 4349 4348
f 4351 4348 4352
f 4352 4348 4343
f 4352 4343 4353
f 4353 4343 4323
f 4353 4323 4341
f 4126 4354 4135
f 4135 4354 4345
f 4135 4345 4113
f 4113 4345 4344
f 4113 4344 4114
f 4341 4327 4353
f 4353 4327 4345
f 4353 4345 4352
f 4352 4345 4354
f 4352 4354 4351
f 4351 4354 4126
f 4351 4126 4350
f 4350 4126 4125
f 4355 4152 4154
f 4356 4357 4358
f 4358 4357 4359
f 4360 4361 4362
f 4362 4361 4363
f 4157 4152 4364
f 4364 4152 4355
f 4364 4355 4365
f 4363 4361 4366
f 4366 4361 4367
f 4366 4367 4357
f 4368 4369 4370
f 4370 4369 4371
f 4356 4372 4357
f 4357 4372 4370
f 4357 4370 4366
f 4366 4370 4371
f 4366 4371 4363
f 4360 4365 4361
f 4361 4365 4355
f 4361 4355 4367
f 4367 4355 4154
f 4367 4154 4357
f 4357 4154 4155
f 4357 4155 4359
f 4359 4155 4156
f 4373 4043 4374
f 4374 4043 4024
f 4374 4024 4375
f 4375 4024 4376
f 4376 4024 4023
f 4376 4023 4377
f 4377 4023 4028
f 4377 4028 4378
f 4378 4028 4027
f 4378 4027 4086
f 4006 4044 4007
f 4007 4044 4043
f 4007 4043 4042
f 4042 4043 4373
f 4042 4373 4160
f 4160 4373 4379
f 4134 4145 4380
f 4380 4145 4381
f 4145 4147 4381
f 4381 4147 4148
f 4381 4148 4382
f 4382 4148 4157
f 4382 4157 4383
f 4134 4380 4116
f 4116 4380 4384
f 4116 4384 4117
f 4117 4384 4385
f 4117 4385 4119
f 4119 4385 4386
f 4387 4122 4386
f 4386 4122 4120
f 4386 4120 4119
f 4388 4130 4387
f 4387 4130 4123
f 4387 4123 4122
f 4389 4125 4390
f 4390 4125 4127
f 4390 4127 4388
f 4388 4127 4129
f 4388 4129 4130
f 4391 4324 4347
f 4391 4347 4392
f 4392 4347 4349
f 4392 4349 4393
f 4349 4350 4393
f 4393 4350 4125
f 4393 4125 4389
f 4394 4322 4395
f 4395 4322 4335
f 4395 4335 4396
f 4396 4335 4325
f 4396 4325 4391
f 4391 4325 4324
f 4288 4310 4397
f 4397 4310 4398
f 4310 4312 4398
f 4398 4312 4313
f 4398 4313 4399
f 4399 4313 4322
f 4399 4322 4394
f 4288 4397 4292
f 4292 4397 4400
f 4292 4400 4293
f 4293 4400 4401
f 4293 4401 4294
f 4294 4401 4402
f 4403 4295 4402
f 4402 4295 4289
f 4402 4289 4294
f 4404 4298 4403
f 4403 4298 4296
f 4403 4296 4295
f 4405 4271 4406
f 4406 4271 4305
f 4406 4305 4404
f 4404 4305 4299
f 4404 4299 4298
f 4407 4245 4256
f 4407 4256 4408
f 4408 4256 4258
f 4408 4258 4409
f 4258 4267 4409
f 4409 4267 4271
f 4409 4271 4405
f 4054 4082 4051
f 4051 4082 4081
f 4051 4081 4052
f 4052 4081 4229
f 4052 4229 4410
f 4410 4229 4411
f 4085 4071 4072
f 4085 4072 4412
f 4077 4413 4075
f 4075 4413 4412
f 4075 4412 4073
f 4073 4412 4072
f 4053 4052 4410
f 4410 4414 4053
f 4053 4414 4415
f 4053 4415 4077
f 4077 4415 4416
f 4077 4416 4413
f 4377 4378 4417
f 4377 4417 4376
f 4374 4375 4418
f 4418 4375 4419
f 4413 4416 4420
f 4420 4416 4415
f 4415 4414 4421
f 4085 4412 4089
f 4089 4412 4422
f 4089 4422 4090
f 4090 4422 4423
f 4090 4423 4091
f 4091 4423 4424
f 4091 4424 4088
f 4088 4424 4425
f 4088 4425 4087
f 4087 4425 4417
f 4087 4417 4086
f 4086 4417 4378
f 4412 4413 4422
f 4422 4413 4420
f 4422 4420 4423
f 4423 4420 4426
f 4423 4426 4424
f 4424 4426 4427
f 4424 4427 4425
f 4425 4427 4428
f 4425 4428 4417
f 4417 4428 4419
f 4417 4419 4376
f 4376 4419 4375
f 4415 4421 4420
f 4420 4421 4429
f 4420 4429 4426
f 4426 4429 4430
f 4426 4430 4427
f 4427 4430 4431
f 4427 4431 4428
f 4428 4431 4432
f 4428 4432 4419
f 4419 4432 4433
f 4419 4433 4418
f 4429 4421 4434
f 4435 4418 4433
f 4433 4432 4435
f 4435 4432 4431
f 4435 4431 4434
f 4434 4431 4430
f 4434 4430 4429
f 4245 4407 4246
f 4246 4407 4436
f 4246 4436 4247
f 4437 4249 4436
f 4436 4249 4248
f 4436 4248 4247
f 4438 4439 4440
f 4440 4439 4441
f 4440 4441 4442
f 4442 4441 4443
f 4442 4443 4444
f 4444 4443 4445
f 4446 4438 4447
f 4447 4438 4440
f 4447 4440 4448
f 4448 4440 4442
f 4448 4442 4449
f 4449 4442 4444
f 4449 4444 4450
f 4450 4444 4445
f 4450 4445 4451
f 4452 4446 4453
f 4453 4446 4447
f 4453 4447 4454
f 4454 4447 4448
f 4454 4448 4455
f 4455 4448 4449
f 4455 4449 4456
f 4456 4449 4450
f 4249 4452 4250
f 4250 4452 4453
f 4250 4453 4251
f 4251 4453 4454
f 4251 4454 4240
f 4240 4454 4455
f 4240 4455 4241
f 4241 4455 4456
f 4457 4458 4459
f 4459 4458 4460
f 4459 4460 4461
f 4461 4460 4462
f 4461 4462 4463
f 4464 4465 4466
f 4463 4464 4467
f 4464 4466 4467
f 4467 4466 4468
f 4467 4468 4469
f 4469 4468 4470
f 4469 4470 4471
f 4463 4467 4461
f 4461 4467 4469
f 4461 4469 4459
f 4459 4469 4471
f 4459 4471 4457
f 4229 4470 4472
f 4472 4470 4468
f 4472 4468 4473
f 4473 4468 4466
f 4473 4466 4474
f 4474 4466 4465
f 4474 4465 4475
f 4234 4458 4233
f 4233 4458 4457
f 4233 4457 4232
f 4232 4457 4471
f 4232 4471 4231
f 4231 4471 4470
f 4231 4470 4230
f 4230 4470 4229
f 4411 4229 4472
f 4411 4472 4476
f 4476 4472 4473
f 4476 4473 4477
f 4477 4473 4474
f 4477 4474 4478
f 4478 4474 4475
f 4478 4475 4479
f 4435 4434 4480
f 4480 4434 4481
f 4482 4483 4484
f 4482 4484 4485
f 4485 4484 4486
f 4485 4486 4487
f 4487 4486 4488
f 4487 4488 4489
f 4489 4488 4160
f 4489 4160 4379
f 4490 4159 4491
f 4491 4159 4158
f 4491 4158 4492
f 4160 4488 4161
f 4161 4488 4493
f 4161 4493 4162
f 4162 4493 4492
f 4162 4492 4163
f 4163 4492 4158
f 4488 4486 4493
f 4493 4486 4494
f 4493 4494 4492
f 4492 4494 4495
f 4492 4495 4491
f 4491 4495 4496
f 4491 4496 4490
f 4490 4496 4497
f 4486 4484 4494
f 4494 4484 4498
f 4494 4498 4495
f 4495 4498 4499
f 4495 4499 4496
f 4496 4499 4500
f 4496 4500 4497
f 4501 4497 4502
f 4502 4497 4500
f 4502 4500 4503
f 4503 4500 4499
f 4503 4499 4504
f 4504 4499 4498
f 4504 4498 4483
f 4483 4498 4484
f 4114 4344 4346
f 4307 4309 4321
f 4321 4309 4285
f 4321 4285 4334
f 4334 4285 4284
f 4334 4284 4333
f 4462 4460 4458
f 4194 4109 4112
f 4342 4333 4200
f 4224 4215 4505
f 4505 4215 4214
f 4505 4214 4506
f 4506 4214 4209
f 4506 4209 4507
f 4458 4234 4462
f 4462 4234 4066
f 4462 4066 4505
f 4505 4066 4225
f 4505 4225 4224
f 4092 4103 4194
f 4194 4103 4102
f 4194 4102 4109
f 4346 4326 4114
f 4114 4326 4328
f 4114 4328 4112
f 4112 4328 4342
f 4112 4342 4194
f 4194 4342 4200
f 4508 4509 3987
f 3987 4509 4510
f 3987 4510 4209
f 4209 4510 4511
f 4209 4511 4507
f 4490 4497 4159
f 4159 4497 4501
f 4159 4501 4033
f 4033 4501 4164
f 4173 4512 4177
f 4177 4512 4513
f 4177 4513 4514
f 4142 4144 4156
f 4156 4144 4098
f 4156 4098 4359
f 4359 4098 4097
f 4100 4101 3969
f 3969 4101 4093
f 3969 4093 4182
f 4182 4093 4092
f 4182 4092 4193
f 4193 4092 4194
f 4333 4284 4200
f 4200 4284 4282
f 4200 4282 4280
f 4501 4515 4164
f 4164 4515 4516
f 4164 4516 4168
f 4168 4516 4512
f 4168 4512 4169
f 4169 4512 4173
f 4517 3969 4518
f 4518 3969 4177
f 4518 4177 4519
f 4519 4177 4514
f 4517 4520 3969
f 3969 4520 4521
f 3969 4521 4522
f 4280 4281 4200
f 4200 4281 4278
f 4200 4278 4205
f 4205 4278 4279
f 4205 4279 4204
f 4204 4279 3987
f 3987 4279 4275
f 3987 4275 4277
f 4522 4523 4524
f 4259 4261 4266
f 4266 4261 4238
f 4266 4238 4303
f 4303 4238 4235
f 4524 4368 4522
f 4522 4368 4370
f 4522 4370 3969
f 3969 4370 4372
f 3969 4372 4356
f 4100 3969 4096
f 4096 3969 4356
f 4096 4356 4097
f 4097 4356 4358
f 4097 4358 4359
f 4235 4254 4303
f 4303 4254 3987
f 4303 3987 4276
f 4276 3987 4277
f 4456 4450 4241
f 4241 4450 4451
f 4241 4451 4242
f 4242 4451 4508
f 4242 4508 4252
f 4252 4508 3987
f 4252 3987 4253
f 4253 3987 4254
f 4523 4522 4525
f 4525 4522 4526
f 4525 4526 4527
f 4527 4526 4528
f 4527 4528 4529
f 4529 4528 4530
f 4529 4530 4531
f 4531 4530 4532
f 4531 4533 4529
f 4529 4533 4534
f 4529 4534 4527
f 4527 4534 4535
f 4527 4535 4525
f 4525 4535 4536
f 4525 4536 4523
f 4523 4536 4524
f 4533 4537 4534
f 4534 4537 4538
f 4534 4538 4535
f 4535 4538 4539
f 4535 4539 4536
f 4536 4539 4540
f 4536 4540 4524
f 4368 4524 4369
f 4369 4524 4540
f 4369 4540 4371
f 4371 4540 4539
f 4371 4539 4363
f 4363 4539 4538
f 4363 4538 4362
f 4362 4538 4537
f 4362 4541 4360
f 4360 4541 4542
f 4360 4542 4365
f 4383 4157 4542
f 4542 4157 4364
f 4542 4364 4365
f 4543 4485 4487
f 4487 4489 4543
f 4543 4489 4379
f 4543 4379 4418
f 4418 4379 4373
f 4418 4373 4374
f 4393 4544 4545
f 4414 4410 4421
f 4421 4410 4411
f 4421 4411 4546
f 4546 4411 4476
f 4546 4476 4477
f 4398 4547 4397
f 4397 4547 4548
f 4549 4550 4409
f 4409 4550 4408
f 4381 4551 4380
f 4380 4551 4552
f 4409 4405 4549
f 4549 4405 4406
f 4549 4406 4553
f 4553 4406 4404
f 4553 4404 4554
f 4554 4404 4403
f 4554 4403 4555
f 4555 4403 4402
f 4555 4402 4556
f 4556 4402 4401
f 4556 4401 4548
f 4548 4401 4400
f 4548 4400 4397
f 4557 4558 4559
f 4559 4560 4557
f 4557 4560 4437
f 4557 4437 4561
f 4561 4437 4436
f 4561 4436 4550
f 4550 4436 4407
f 4550 4407 4408
f 4541 4562 4563
f 4562 4564 4565
f 4565 4564 4566
f 4565 4566 4567
f 4567 4566 4568
f 4567 4568 4569
f 4569 4568 4570
f 4569 4570 4571
f 4571 4570 4572
f 4571 4572 4573
f 4573 4572 4574
f 4573 4574 4543
f 4543 4574 4482
f 4543 4482 4485
f 4575 4391 4545
f 4545 4391 4392
f 4545 4392 4393
f 4477 4478 4546
f 4546 4478 4479
f 4546 4479 4576
f 4576 4479 4577
f 4576 4577 4578
f 4578 4577 4579
f 4578 4579 4580
f 4580 4579 4581
f 4580 4581 4582
f 4582 4581 4583
f 4582 4583 4584
f 4584 4583 4585
f 4584 4585 4557
f 4557 4585 4586
f 4557 4586 4558
f 4541 4587 4562
f 4562 4587 4588
f 4562 4588 4589
f 4589 4590 4562
f 4562 4590 4591
f 4562 4591 4564
f 4381 4382 4551
f 4551 4382 4383
f 4551 4383 4563
f 4563 4383 4542
f 4563 4542 4541
f 4393 4389 4544
f 4544 4389 4390
f 4544 4390 4592
f 4592 4390 4388
f 4592 4388 4593
f 4593 4388 4387
f 4593 4387 4594
f 4594 4387 4386
f 4594 4386 4595
f 4595 4386 4385
f 4595 4385 4552
f 4552 4385 4384
f 4552 4384 4380
f 4398 4399 4547
f 4547 4399 4394
f 4547 4394 4596
f 4596 4394 4395
f 4596 4395 4575
f 4575 4395 4396
f 4575 4396 4391
f 4435 4480 4418
f 4418 4480 4597
f 4418 4597 4543
f 4543 4597 4598
f 4543 4598 4599
f 4543 4599 4573
f 4573 4599 4600
f 4573 4600 4571
f 4571 4600 4601
f 4571 4601 4569
f 4569 4601 4602
f 4569 4602 4567
f 4567 4602 4603
f 4567 4603 4565
f 4565 4603 4604
f 4565 4604 4562
f 4562 4604 4605
f 4562 4605 4563
f 4563 4605 4606
f 4563 4606 4551
f 4551 4606 4607
f 4551 4607 4552
f 4552 4607 4608
f 4552 4608 4595
f 4595 4608 4609
f 4595 4609 4594
f 4594 4609 4610
f 4594 4610 4593
f 4593 4610 4611
f 4593 4611 4592
f 4592 4611 4612
f 4592 4612 4544
f 4544 4612 4613
f 4544 4613 4545
f 4545 4613 4614
f 4545 4614 4575
f 4575 4614 4615
f 4575 4615 4596
f 4596 4615 4616
f 4596 4616 4547
f 4547 4616 4617
f 4547 4617 4548
f 4548 4617 4618
f 4548 4618 4556
f 4556 4618 4619
f 4556 4619 4555
f 4555 4619 4620
f 4555 4620 4554
f 4554 4620 4621
f 4554 4621 4553
f 4553 4621 4622
f 4553 4622 4549
f 4549 4622 4623
f 4549 4623 4550
f 4550 4623 4624
f 4550 4624 4561
f 4561 4624 4625
f 4561 4625 4557
f 4557 4625 4626
f 4557 4626 4584
f 4584 4626 4627
f 4584 4627 4582
f 4582 4627 4628
f 4582 4628 4580
f 4580 4628 4629
f 4580 4629 4578
f 4578 4629 4630
f 4578 4630 4576
f 4576 4630 4631
f 4576 4631 4546
f 4546 4631 4632
f 4546 4632 4421
f 4421 4632 4481
f 4421 4481 4434
f 4633 4634 4438
f 4586 4635 4558
f 4558 4635 4636
f 4558 4636 4633
f 4634 4637 4438
f 4438 4637 4638
f 4438 4638 4439
f 4633 4438 4558
f 4558 4438 4446
f 4558 4446 4559
f 4559 4446 4452
f 4559 4452 4560
f 4560 4452 4249
f 4560 4249 4437
f 4639 4439 4638
f 4640 4641 4642
f 4439 4639 4441
f 4451 4445 4508
f 4508 4445 4443
f 4507 4511 4643
f 4643 4511 4510
f 4643 4510 4644
f 4644 4510 4509
f 4644 4509 4508
f 4645 4505 4506
f 4463 4462 4505
f 4505 4645 4463
f 4463 4645 4646
f 4463 4646 4464
f 4464 4646 4647
f 4464 4647 4465
f 4465 4647 4648
f 4465 4648 4475
f 4649 4650 4648
f 4651 4652 4653
f 4653 4652 4654
f 4655 4656 4651
f 4640 4642 4657
f 4657 4642 4658
f 4657 4658 4659
f 4659 4658 4660
f 4659 4660 4661
f 4662 4663 4664
f 4664 4663 4665
f 4664 4665 4666
f 4639 4667 4441
f 4441 4667 4662
f 4441 4662 4443
f 4443 4662 4664
f 4443 4664 4508
f 4508 4664 4666
f 4508 4666 4644
f 4651 4653 4655
f 4655 4653 4668
f 4655 4668 4643
f 4665 4661 4666
f 4666 4661 4660
f 4666 4660 4644
f 4644 4660 4658
f 4644 4658 4643
f 4643 4658 4642
f 4643 4642 4655
f 4655 4642 4641
f 4655 4641 4656
f 4507 4643 4506
f 4506 4643 4668
f 4506 4668 4645
f 4645 4668 4653
f 4645 4653 4646
f 4646 4653 4654
f 4646 4654 4647
f 4647 4654 4669
f 4647 4669 4648
f 4648 4669 4670
f 4648 4670 4649
f 4671 4475 4672
f 4672 4475 4648
f 4672 4648 4650
f 4635 4586 4673
f 4673 4586 4585
f 4673 4585 4674
f 4674 4585 4583
f 4674 4583 4675
f 4675 4583 4581
f 4675 4581 4676
f 4676 4581 4579
f 4676 4579 4677
f 4677 4579 4577
f 4677 4577 4671
f 4671 4577 4479
f 4671 4479 4475
f 4678 4679 4680
f 4678 4680 4681
f 4681 4680 4682
f 4681 4682 4683
f 4683 4682 4684
f 4683 4684 4685
f 4679 4678 4686
f 4686 4678 4687
f 4688 4689 4690
f 4688 4690 4691
f 4691 4690 4692
f 4691 4692 4693
f 4693 4692 4686
f 4693 4686 4687
f 4480 4690 4689
f 4694 4695 4632
f 4632 4695 4684
f 4632 4684 4481
f 4481 4684 4682
f 4481 4682 4680
f 4480 4689 4597
f 4597 4689 4696
f 4597 4696 4697
f 4680 4679 4481
f 4481 4679 4686
f 4481 4686 4480
f 4480 4686 4692
f 4480 4692 4690
f 4698 4699 4700
f 4700 4699 4701
f 4699 4483 4701
f 4701 4483 4482
f 4701 4482 4702
f 4702 4482 4574
f 4702 4574 4703
f 4703 4574 4572
f 4703 4572 4704
f 4704 4572 4570
f 4704 4570 4705
f 4705 4570 4568
f 4705 4568 4706
f 4568 4566 4706
f 4706 4566 4564
f 4706 4564 4707
f 4512 4514 4513
f 4699 4698 4708
f 4504 4483 4699
f 4699 4708 4504
f 4504 4708 4709
f 4504 4709 4503
f 4501 4502 4515
f 4515 4502 4503
f 4521 4520 4710
f 4710 4520 4517
f 4710 4517 4711
f 4522 4521 4526
f 4526 4521 4710
f 4526 4710 4528
f 4712 4713 4714
f 4715 4716 4532
f 4717 4718 4719
f 4720 4721 4722
f 4722 4721 4713
f 4723 4724 4725
f 4725 4724 4726
f 4726 4724 4719
f 4726 4719 4727
f 4728 4729 4730
f 4730 4729 4731
f 4730 4731 4732
f 4732 4731 4733
f 4732 4733 4734
f 4734 4733 4735
f 4503 4709 4515
f 4515 4709 4512
f 4515 4512 4516
f 4736 4737 4517
f 4698 4738 4708
f 4708 4738 4735
f 4708 4735 4709
f 4709 4735 4733
f 4709 4733 4512
f 4512 4733 4731
f 4512 4731 4514
f 4514 4731 4729
f 4514 4729 4519
f 4519 4729 4518
f 4710 4739 4740
f 4713 4712 4722
f 4722 4712 4741
f 4722 4741 4720
f 4720 4741 4719
f 4720 4719 4721
f 4728 4723 4729
f 4729 4723 4725
f 4729 4725 4518
f 4518 4725 4726
f 4518 4726 4517
f 4517 4726 4727
f 4517 4727 4736
f 4736 4727 4719
f 4736 4719 4737
f 4737 4719 4742
f 4737 4742 4517
f 4517 4742 4719
f 4517 4719 4711
f 4711 4719 4718
f 4711 4718 4710
f 4710 4718 4717
f 4710 4717 4739
f 4739 4717 4719
f 4739 4719 4740
f 4740 4719 4741
f 4740 4741 4710
f 4710 4741 4712
f 4710 4712 4528
f 4528 4712 4714
f 4528 4714 4530
f 4530 4714 4743
f 4530 4743 4532
f 4532 4743 4744
f 4532 4744 4715
f 4532 4716 4745
f 4531 4532 4745
f 4745 4746 4531
f 4531 4746 4747
f 4531 4747 4748
f 4707 4564 4748
f 4748 4564 4591
f 4748 4591 4531
f 4531 4591 4590
f 4531 4590 4533
f 4590 4589 4533
f 4533 4589 4588
f 4533 4588 4537
f 4588 4587 4537
f 4537 4587 4541
f 4537 4541 4362
f 4749 4632 4631
f 4749 4631 4750
f 4751 4752 4604
f 4597 4753 4598
f 4598 4753 4754
f 4598 4754 4599
f 4599 4754 4755
f 4750 4631 4756
f 4756 4631 4630
f 4756 4630 4671
f 4751 4604 4748
f 4757 4758 4625
f 4625 4758 4759
f 4755 4701 4599
f 4599 4701 4702
f 4599 4702 4600
f 4600 4702 4703
f 4600 4703 4601
f 4601 4703 4704
f 4601 4704 4602
f 4602 4704 4705
f 4602 4705 4603
f 4603 4705 4706
f 4603 4706 4604
f 4604 4706 4707
f 4604 4707 4748
f 4759 4636 4625
f 4625 4636 4635
f 4625 4635 4626
f 4626 4635 4673
f 4626 4673 4627
f 4627 4673 4674
f 4627 4674 4628
f 4628 4674 4675
f 4628 4675 4629
f 4629 4675 4676
f 4629 4676 4630
f 4630 4676 4677
f 4630 4677 4671
f 4616 4760 4761
f 4762 4763 4623
f 4623 4763 4764
f 4623 4764 4624
f 4624 4764 4765
f 4624 4765 4625
f 4625 4765 4766
f 4625 4766 4757
f 4616 4761 4617
f 4617 4761 4767
f 4617 4767 4618
f 4618 4767 4768
f 4618 4768 4619
f 4619 4768 4769
f 4619 4769 4620
f 4620 4769 4770
f 4620 4770 4621
f 4621 4770 4771
f 4621 4771 4622
f 4622 4771 4772
f 4622 4772 4623
f 4623 4772 4773
f 4623 4773 4762
f 4752 4774 4604
f 4604 4774 4775
f 4604 4775 4605
f 4605 4775 4776
f 4605 4776 4606
f 4606 4776 4777
f 4606 4777 4778
f 4778 4779 4606
f 4606 4779 4780
f 4606 4780 4607
f 4607 4780 4781
f 4607 4781 4608
f 4608 4781 4782
f 4608 4782 4609
f 4609 4782 4783
f 4609 4783 4610
f 4610 4783 4784
f 4610 4784 4611
f 4611 4784 4785
f 4611 4785 4612
f 4612 4785 4786
f 4612 4786 4613
f 4613 4786 4787
f 4613 4787 4788
f 4788 4789 4613
f 4613 4789 4790
f 4613 4790 4614
f 4614 4790 4791
f 4614 4791 4615
f 4791 4792 4615
f 4615 4792 4793
f 4615 4793 4616
f 4616 4793 4794
f 4616 4794 4760
f 4795 4780 4796
f 4796 4780 4779
f 4796 4779 4797
f 4797 4779 4778
f 4797 4778 4798
f 4798 4778 4777
f 4799 4787 4786
f 4799 4786 4800
f 4800 4786 4785
f 4800 4785 4801
f 4801 4785 4784
f 4801 4784 4802
f 4802 4784 4783
f 4802 4783 4803
f 4803 4783 4782
f 4803 4782 4804
f 4804 4782 4781
f 4804 4781 4805
f 4805 4781 4780
f 4805 4780 4795
f 4806 4790 4807
f 4807 4790 4789
f 4807 4789 4808
f 4808 4789 4788
f 4808 4788 4799
f 4799 4788 4787
f 4809 4793 4792
f 4809 4792 4810
f 4810 4792 4791
f 4810 4791 4811
f 4811 4791 4790
f 4811 4790 4806
f 4812 4761 4813
f 4813 4761 4760
f 4813 4760 4814
f 4814 4760 4794
f 4814 4794 4809
f 4809 4794 4793
f 4815 4773 4772
f 4815 4772 4816
f 4816 4772 4771
f 4816 4771 4817
f 4817 4771 4770
f 4817 4770 4818
f 4818 4770 4769
f 4818 4769 4819
f 4819 4769 4768
f 4819 4768 4820
f 4820 4768 4767
f 4820 4767 4821
f 4821 4767 4761
f 4821 4761 4812
f 4822 4764 4823
f 4823 4764 4763
f 4823 4763 4824
f 4824 4763 4762
f 4824 4762 4815
f 4815 4762 4773
f 4825 4766 4765
f 4825 4765 4826
f 4826 4765 4764
f 4826 4764 4822
f 4827 4759 4828
f 4828 4759 4758
f 4828 4758 4829
f 4829 4758 4757
f 4829 4757 4825
f 4825 4757 4766
f 4633 4636 4759
f 4639 4638 4827
f 4827 4638 4637
f 4827 4637 4759
f 4759 4637 4634
f 4759 4634 4633
f 4830 4661 4831
f 4831 4661 4665
f 4665 4663 4831
f 4831 4663 4662
f 4831 4662 4827
f 4827 4662 4667
f 4827 4667 4639
f 4832 4656 4833
f 4833 4656 4641
f 4641 4640 4833
f 4833 4640 4657
f 4833 4657 4830
f 4830 4657 4659
f 4830 4659 4661
f 4834 4669 4832
f 4832 4669 4654
f 4654 4652 4832
f 4832 4652 4651
f 4832 4651 4656
f 4756 4671 4672
f 4672 4650 4835
f 4835 4650 4649
f 4835 4649 4834
f 4834 4649 4670
f 4834 4670 4669
f 4672 4835 4756
f 4756 4835 4836
f 4756 4836 4750
f 4837 4695 4838
f 4838 4695 4694
f 4838 4694 4839
f 4694 4632 4839
f 4839 4632 4749
f 4839 4749 4836
f 4836 4749 4750
f 4695 4837 4684
f 4684 4837 4685
f 4689 4688 4696
f 4696 4688 4840
f 4841 4842 4754
f 4754 4753 4841
f 4841 4753 4597
f 4841 4597 4843
f 4843 4597 4697
f 4843 4697 4840
f 4840 4697 4696
f 4728 4730 4844
f 4754 4842 4845
f 4700 4701 4755
f 4754 4845 4755
f 4755 4845 4698
f 4755 4698 4700
f 4734 4735 4846
f 4846 4735 4738
f 4846 4738 4845
f 4845 4738 4698
f 4844 4730 4846
f 4846 4730 4732
f 4846 4732 4734
f 4847 4848 4721
f 4721 4719 4847
f 4847 4719 4724
f 4847 4724 4844
f 4844 4724 4723
f 4844 4723 4728
f 4746 4745 4849
f 4849 4850 4746
f 4746 4850 4751
f 4746 4751 4747
f 4747 4751 4748
f 4745 4716 4849
f 4849 4716 4715
f 4849 4715 4744
f 4744 4743 4849
f 4849 4743 4714
f 4849 4714 4848
f 4848 4714 4713
f 4848 4713 4721
f 4851 4775 4852
f 4852 4775 4774
f 4852 4774 4853
f 4853 4774 4752
f 4853 4752 4850
f 4850 4752 4751
f 4798 4777 4776
f 4798 4776 4854
f 4854 4776 4775
f 4854 4775 4851
f 4855 4856 4857
f 4857 4856 4858
f 4857 4858 4859
f 4859 4858 4860
f 4859 4860 4861
f 4861 4860 4862
f 4861 4862 4863
f 4863 4862 4864
f 4863 4864 4865
f 4865 4864 4866
f 4865 4866 4867
f 4867 4866 4868
f 4867 4868 4869
f 4869 4868 4870
f 4869 4870 4871
f 4871 4870 4872
f 4871 4872 4873
f 4873 4872 4874
f 4873 4874 4875
f 4875 4874 4876
f 4875 4876 4877
f 4877 4876 4878
f 4877 4878 4855
f 4855 4878 4856
f 430 4879 4880
f 4880 4879 4881
f 430 429 4879
f 4879 429 4882
f 4879 4882 4883
f 4884 4885 4886
f 4886 4885 4880
f 4886 4880 4887
f 4887 4880 4881
f 4883 4888 4879
f 4879 4888 4889
f 4879 4889 4890
f 4882 429 558
f 560 546 4878
f 560 4878 558
f 558 4878 4876
f 558 4876 4882
f 4882 4876 4874
f 4882 4874 4883
f 4883 4874 4872
f 4883 4872 4888
f 4888 4872 4870
f 4888 4870 4889
f 4889 4870 4868
f 4889 4868 4890
f 4890 4868 4866
f 4890 4866 4879
f 4879 4866 4864
f 4879 4864 4881
f 4881 4864 4862
f 4881 4862 4887
f 4887 4862 4860
f 4887 4860 4886
f 4886 4860 4858
f 4886 4858 4884
f 4884 4858 4856
f 4884 4856 4885
f 4885 4856 4878
f 4885 4878 4880
f 4880 4878 546
f 4880 546 430
f 4891 4892 4893
f 4894 4895 4896
f 4897 4898 4894
f 4893 4899 4897
f 4896 4900 4901
f 4897 4894 4893
f 4893 4894 4896
f 4893 4896 4891
f 4891 4896 4901
f 4891 4901 4902
f 4895 4875 4896
f 4896 4875 4877
f 4896 4877 4900
f 4900 4877 4855
f 4900 4855 4901
f 4901 4855 4857
f 4901 4857 4902
f 4902 4857 4859
f 4902 4859 4891
f 4891 4859 4861
f 4891 4861 4892
f 4892 4861 4863
f 4892 4863 4893
f 4893 4863 4865
f 4893 4865 4899
f 4899 4865 4867
f 4899 4867 4897
f 4897 4867 4869
f 4897 4869 4898
f 4898 4869 4871
f 4898 4871 4894
f 4894 4871 4873
f 4894 4873 4895
f 4895 4873 4875
f 4903 4904 4905
f 4905 4904 4906
f 4905 4906 4907
f 4908 4909 4905
f 4905 4909 4910
f 4905 4910 4903
f 4911 4912 4905
f 4905 4912 4913
f 4905 4913 4908
f 4907 4914 4905
f 4905 4914 4915
f 4905 4915 4911
f 4916 4913 4917
f 4917 4913 4912
f 4917 4912 4918
f 4918 4912 4911
f 4918 4911 4919
f 4919 4911 4915
f 4919 4915 4920
f 4920 4915 4914
f 4920 4914 4921
f 4921 4914 4907
f 4921 4907 4922
f 4922 4907 4906
f 4922 4906 4923
f 4923 4906 4904
f 4923 4904 4924
f 4924 4904 4903
f 4924 4903 4925
f 4925 4903 4910
f 4925 4910 4926
f 4926 4910 4909
f 4926 4909 4927
f 4927 4909 4908
f 4927 4908 4916
f 4916 4908 4913
f 4917 4688 4691
f 4923 4809 4810
f 4845 4842 4918
f 4923 4823 4824
f 4918 4852 4853
f 4842 4841 4918
f 4918 4841 4843
f 4918 4843 4917
f 4917 4843 4840
f 4917 4840 4688
f 4853 4844 4918
f 4918 4844 4846
f 4918 4846 4845
f 4838 4839 4926
f 4691 4693 4917
f 4917 4693 4687
f 4917 4687 4916
f 4916 4687 4678
f 4916 4678 4927
f 4927 4678 4681
f 4923 4810 4922
f 4922 4810 4811
f 4922 4811 4921
f 4921 4811 4806
f 4921 4806 4807
f 4815 4812 4824
f 4824 4812 4813
f 4824 4813 4923
f 4923 4813 4814
f 4923 4814 4809
f 4848 4847 4849
f 4849 4847 4844
f 4849 4844 4850
f 4850 4844 4853
f 4807 4796 4921
f 4921 4796 4797
f 4921 4797 4920
f 4920 4797 4798
f 4920 4798 4919
f 4919 4798 4854
f 4919 4854 4918
f 4918 4854 4851
f 4918 4851 4852
f 4807 4808 4796
f 4796 4808 4799
f 4796 4799 4795
f 4795 4799 4805
f 4823 4923 4822
f 4822 4923 4924
f 4822 4924 4826
f 4826 4924 4925
f 4826 4925 4825
f 4825 4925 4926
f 4825 4926 4829
f 4832 4833 4830
f 4838 4926 4837
f 4837 4926 4927
f 4837 4927 4685
f 4685 4927 4681
f 4685 4681 4683
f 4834 4832 4835
f 4835 4832 4926
f 4835 4926 4836
f 4836 4926 4839
f 4815 4816 4812
f 4812 4816 4817
f 4812 4817 4818
f 4830 4831 4832
f 4832 4831 4827
f 4832 4827 4926
f 4926 4827 4828
f 4926 4828 4829
f 4801 4802 4803
f 4818 4819 4812
f 4812 4819 4820
f 4812 4820 4821
f 4799 4800 4805
f 4805 4800 4801
f 4805 4801 4804
f 4804 4801 4803
f 4928 4929 4930
f 4930 4929 4931
f 4930 4931 4932
f 4932 4931 4933
f 4932 4933 4934
f 4934 4933 4935
f 4934 4935 4936
f 4936 4935 4937
f 4936 4937 4938
f 4938 4937 4939
f 4938 4939 4940
f 4940 4939 4941
f 4940 4941 4942
f 4942 4941 4943
f 4942 4943 4944
f 4944 4943 4945
f 4944 4945 4946
f 4946 4945 4947
f 4946 4947 4948
f 4948 4947 4949
f 4948 4949 4950
f 4950 4949 4951
f 4950 4951 4928
f 4928 4951 4929
f 4952 4953 4954
f 4955 4956 4957
f 4957 4956 4954
f 4954 4958 4957
f 4957 4958 4959
f 4957 4959 4960
f 4961 4952 4962
f 4962 4952 4954
f 4962 4954 4963
f 4963 4954 4956
f 4964 4949 4965
f 4965 4949 4947
f 4965 4947 4966
f 4966 4947 4945
f 4966 4945 4967
f 4967 4945 4943
f 4967 4943 4968
f 4968 4943 4941
f 4968 4941 4969
f 4969 4941 4939
f 4969 4939 4970
f 4970 4939 4937
f 4970 4937 4971
f 4971 4937 4935
f 4971 4935 4972
f 4972 4935 4933
f 4972 4933 4973
f 4973 4933 4931
f 4973 4931 4974
f 4974 4931 4929
f 4974 4929 4975
f 4975 4929 4951
f 4975 4951 4964
f 4964 4951 4949
f 4976 4977 4978
f 4978 4977 4979
f 4978 4979 4980
f 4980 4979 4981
f 4980 4981 4982
f 4982 4981 4983
f 4982 4983 4984
f 4984 4983 4985
f 4984 4985 4986
f 4986 4985 4987
f 4986 4987 4988
f 4988 4987 4989
f 4988 4989 4990
f 4990 4989 4991
f 4990 4991 4992
f 4992 4991 4993
f 4992 4993 4994
f 4994 4993 4995
f 4994 4995 4996
f 4996 4995 4997
f 4996 4997 4998
f 4998 4997 4999
f 4998 4999 4976
f 4976 4999 4977
f 4977 4970 4979
f 4979 4970 4971
f 4979 4971 4981
f 4981 4971 4972
f 4981 4972 4983
f 4983 4972 4973
f 4983 4973 4985
f 4985 4973 4974
f 4985 4974 4987
f 4987 4974 4975
f 4987 4975 4989
f 4989 4975 4964
f 4989 4964 4991
f 4991 4964 4965
f 4991 4965 4993
f 4993 4965 4966
f 4993 4966 4995
f 4995 4966 4967
f 4995 4967 4997
f 4997 4967 4968
f 4997 4968 4999
f 4999 4968 4969
f 4999 4969 4977
f 4977 4969 4970
f 5000 4990 5001
f 5001 4990 4992
f 5001 4992 5002
f 5002 4992 4994
f 5002 4994 5003
f 5003 4994 4996
f 5003 4996 5004
f 5004 4996 4998
f 5004 4998 5005
f 5005 4998 4976
f 5005 4976 5006
f 5006 4976 4978
f 5006 4978 5007
f 5007 4978 4980
f 5007 4980 5008
f 5008 4980 4982
f 5008 4982 5009
f 5009 4982 4984
f 5009 4984 5010
f 5010 4984 4986
f 5010 4986 5011
f 5011 4986 4988
f 5011 4988 5000
f 5000 4988 4990
f 5012 5013 5014
f 5014 5013 5015
f 5014 5015 5016
f 5016 5015 5017
f 5016 5017 5018
f 5018 5017 5019
f 5018 5019 5020
f 5020 5019 5021
f 5020 5021 5022
f 5022 5021 5023
f 5022 5023 5024
f 5024 5023 5025
f 5024 5025 5026
f 5026 5025 5027
f 5026 5027 5028
f 5028 5027 5029
f 5028 5029 5030
f 5030 5029 5031
f 5030 5031 5032
f 5032 5031 5033
f 5032 5033 5034
f 5034 5033 5035
f 5034 5035 5012
f 5012 5035 5013
f 5013 5000 5015
f 5015 5000 5001
f 5015 5001 5017
f 5017 5001 5002
f 5017 5002 5019
f 5019 5002 5003
f 5019 5003 5021
f 5021 5003 5004
f 5021 5004 5023
f 5023 5004 5005
f 5023 5005 5025
f 5025 5005 5006
f 5025 5006 5027
f 5027 5006 5007
f 5027 5007 5029
f 5029 5007 5008
f 5029 5008 5031
f 5031 5008 5009
f 5031 5009 5033
f 5033 5009 5010
f 5033 5010 5035
f 5035 5010 5011
f 5035 5011 5013
f 5013 5011 5000
f 4956 5014 4963
f 4963 5014 5016
f 4963 5016 4962
f 4962 5016 5018
f 4962 5018 4961
f 4961 5018 5020
f 4961 5020 4952
f 4952 5020 5022
f 4952 5022 4953
f 4953 5022 5024
f 4953 5024 4954
f 4954 5024 5026
f 4954 5026 4958
f 4958 5026 5028
f 4958 5028 4959
f 4959 5028 5030
f 4959 5030 4960
f 4960 5030 5032
f 4960 5032 4957
f 4957 5032 5034
f 4957 5034 4955
f 4955 5034 5012
f 4955 5012 4956
f 4956 5012 5014
f 5036 5037 5038
f 5038 5037 5039
f 5040 5041 5042
f 5042 5041 5037
f 5042 5037 5043
f 5043 5037 5036
f 5044 5045 5046
f 5046 5045 5038
f 5046 5038 5047
f 5047 5038 5039
f 5045 4928 5038
f 5038 4928 4930
f 5038 4930 5036
f 5036 4930 4932
f 5036 4932 5043
f 5043 4932 4934
f 5043 4934 5042
f 5042 4934 4936
f 5042 4936 5040
f 5040 4936 4938
f 5040 4938 5041
f 5041 4938 4940
f 5041 4940 5037
f 5037 4940 4942
f 5037 4942 5039
f 5039 4942 4944
f 5039 4944 5047
f 5047 4944 4946
f 5047 4946 5046
f 5046 4946 4948
f 5046 4948 5044
f 5044 4948 4950
f 5044 4950 5045
f 5045 4950 4928
f 5048 5049 5050
f 5051 5052 5050
f 5050 5052 5053
f 5050 5053 5048
f 5048 5054 5049
f 5049 5054 5055
f 5049 5055 5056
f 5057 5058 5059
f 5055 5060 5056
f 5056 5060 5061
f 5056 5061 5058
f 5058 5061 5062
f 5058 5062 5059
f 5063 5064 5065
f 5065 5064 5066
f 5065 5066 5067
f 5067 5066 5068
f 5067 5068 5069
f 5069 5068 5070
f 5069 5070 5051
f 5051 5070 5071
f 5051 5071 5052
f 5072 5073 5074
f 5074 5073 5075
f 5074 5075 5063
f 5063 5075 5076
f 5063 5076 5064
f 5059 5077 5057
f 5057 5077 5078
f 5057 5078 5072
f 5072 5078 5079
f 5072 5079 5073
f 5080 5081 5082
f 5083 5084 5082
f 5085 5086 5087
f 5083 5082 5088
f 5088 5082 5089
f 5088 5089 5090
f 5090 5091 5088
f 5088 5091 5087
f 5088 5087 5092
f 5092 5087 5086
f 5087 5093 5094
f 5094 5095 5087
f 5087 5095 5096
f 5087 5096 5085
f 5097 5080 5098
f 5098 5080 5082
f 5098 5082 5099
f 5099 5082 5084
f 5052 5071 5100
f 5100 5101 5052
f 5052 5101 5102
f 5052 5102 5053
f 5053 5102 5103
f 5053 5103 5048
f 5048 5103 5104
f 5048 5104 5054
f 5054 5104 5105
f 5054 5105 5055
f 5068 5106 5070
f 5070 5106 5107
f 5070 5107 5071
f 5071 5107 5108
f 5071 5108 5100
f 5105 5109 5055
f 5055 5109 5110
f 5055 5110 5060
f 5060 5110 5111
f 5060 5111 5061
f 5061 5111 5112
f 5061 5112 5062
f 5062 5112 5113
f 5062 5113 5059
f 5059 5113 5114
f 5059 5114 5077
f 5077 5114 5115
f 5077 5115 5078
f 5078 5115 5116
f 5078 5116 5079
f 5079 5116 5073
f 5116 5117 5073
f 5073 5117 5118
f 5073 5118 5075
f 5075 5118 5119
f 5075 5119 5076
f 5076 5119 5120
f 5076 5120 5064
f 5064 5120 5121
f 5064 5121 5066
f 5066 5121 5122
f 5066 5122 5068
f 5068 5122 5123
f 5068 5123 5106
f 5124 5125 5126
f 5127 5128 5129
f 5115 5127 5116
f 5116 5127 5130
f 5116 5130 5117
f 5117 5130 5131
f 5117 5131 5118
f 5118 5131 5132
f 5118 5132 5119
f 5119 5132 5133
f 5127 5129 5130
f 5130 5129 5134
f 5130 5134 5131
f 5131 5134 5135
f 5131 5135 5132
f 5132 5135 5136
f 5132 5136 5133
f 5133 5136 5137
f 5133 5137 5138
f 5138 5121 5133
f 5133 5121 5120
f 5133 5120 5119
f 5137 5139 5138
f 5138 5139 5140
f 5138 5140 5141
f 5141 5123 5138
f 5138 5123 5122
f 5138 5122 5121
f 5140 5142 5141
f 5141 5142 5143
f 5141 5143 5144
f 5100 5108 5144
f 5144 5108 5107
f 5144 5107 5141
f 5141 5107 5106
f 5141 5106 5123
f 5124 5126 5145
f 5101 5100 5126
f 5126 5100 5144
f 5126 5144 5145
f 5145 5144 5143
f 5125 5146 5147
f 5125 5147 5126
f 5126 5147 5102
f 5126 5102 5101
f 5148 5149 5150
f 5148 5150 5151
f 5105 5104 5147
f 5147 5104 5103
f 5147 5103 5102
f 5109 5105 5150
f 5150 5105 5147
f 5150 5147 5151
f 5151 5147 5146
f 5152 5153 5154
f 5154 5153 5150
f 5154 5150 5155
f 5155 5150 5149
f 5152 5156 5153
f 5153 5156 5157
f 5153 5157 5113
f 5113 5112 5153
f 5153 5112 5111
f 5153 5111 5150
f 5150 5111 5110
f 5150 5110 5109
f 5156 5158 5157
f 5157 5158 5159
f 5157 5159 5160
f 5160 5159 5161
f 5160 5161 5128
f 5128 5127 5160
f 5160 5127 5115
f 5160 5115 5157
f 5157 5115 5114
f 5157 5114 5113
f 5137 5081 5139
f 5139 5081 5080
f 5139 5080 5140
f 5140 5080 5142
f 5142 5080 5097
f 5142 5097 5143
f 5143 5097 5145
f 5145 5097 5098
f 5145 5098 5124
f 5124 5098 5125
f 5125 5098 5099
f 5125 5099 5146
f 5146 5099 5151
f 5151 5099 5084
f 5151 5084 5148
f 5148 5084 5083
f 5148 5083 5149
f 5149 5083 5155
f 5155 5083 5088
f 5155 5088 5154
f 5154 5088 5092
f 5154 5092 5152
f 5152 5092 5086
f 5152 5086 5156
f 5156 5086 5085
f 5156 5085 5158
f 5158 5085 5096
f 5158 5096 5159
f 5159 5096 5095
f 5159 5095 5161
f 5161 5095 5094
f 5161 5094 5128
f 5094 5093 5128
f 5128 5093 5087
f 5128 5087 5129
f 5087 5091 5129
f 5129 5091 5090
f 5129 5090 5134
f 5137 5136 5081
f 5081 5136 5135
f 5081 5135 5082
f 5082 5135 5134
f 5082 5134 5089
f 5089 5134 5090
f 5162 5163 5164
f 5164 5165 5166
f 5166 5165 5167
f 5167 5168 5166
f 5166 5168 5169
f 5166 5169 5170
f 5171 5162 5172
f 5172 5162 5164
f 5172 5164 5173
f 5173 5164 5166
f 5165 5072 5167
f 5167 5072 5074
f 5167 5074 5168
f 5168 5074 5063
f 5168 5063 5169
f 5169 5063 5065
f 5169 5065 5170
f 5170 5065 5067
f 5170 5067 5166
f 5166 5067 5069
f 5166 5069 5173
f 5173 5069 5051
f 5173 5051 5172
f 5172 5051 5050
f 5172 5050 5171
f 5171 5050 5049
f 5171 5049 5162
f 5162 5049 5056
f 5162 5056 5163
f 5163 5056 5058
f 5163 5058 5164
f 5164 5058 5057
f 5164 5057 5165
f 5165 5057 5072
f 5174 5175 5176
f 5177 5178 5176
f 5176 5178 5179
f 5176 5179 5174
f 5174 5180 5175
f 5175 5180 5181
f 5175 5181 5182
f 5183 5184 5185
f 5181 5186 5182
f 5182 5186 5187
f 5182 5187 5184
f 5184 5187 5188
f 5184 5188 5185
f 5189 5190 5191
f 5191 5190 5192
f 5191 5192 5193
f 5193 5192 5194
f 5193 5194 5195
f 5195 5194 5196
f 5195 5196 5197
f 5197 5196 5198
f 5197 5198 5199
f 5199 5198 5200
f 5199 5200 5177
f 5177 5200 5201
f 5177 5201 5178
f 5185 5202 5183
f 5183 5202 5203
f 5183 5203 5189
f 5189 5203 5204
f 5189 5204 5190
f 5205 5206 5207
f 5207 5206 5208
f 5205 5209 5206
f 5206 5209 5210
f 5206 5210 5211
f 5212 5213 5214
f 5214 5213 5206
f 5214 5206 5215
f 5215 5206 5216
f 5217 5218 5206
f 5206 5218 5219
f 5206 5219 5208
f 5211 5220 5206
f 5206 5220 5221
f 5206 5221 5222
f 5222 5223 5206
f 5206 5223 5224
f 5206 5224 5216
f 5198 5196 5225
f 5225 5226 5198
f 5198 5226 5227
f 5198 5227 5200
f 5200 5227 5228
f 5200 5228 5201
f 5228 5229 5201
f 5201 5229 5230
f 5201 5230 5178
f 5230 5231 5178
f 5178 5231 5232
f 5178 5232 5179
f 5179 5232 5233
f 5179 5233 5174
f 5174 5233 5234
f 5174 5234 5180
f 5180 5234 5235
f 5180 5235 5181
f 5181 5235 5236
f 5181 5236 5186
f 5186 5236 5237
f 5186 5237 5187
f 5187 5237 5238
f 5187 5238 5188
f 5188 5238 5239
f 5188 5239 5185
f 5185 5239 5240
f 5185 5240 5202
f 5202 5240 5241
f 5202 5241 5203
f 5203 5241 5242
f 5203 5242 5204
f 5204 5242 5190
f 5242 5243 5190
f 5190 5243 5244
f 5190 5244 5192
f 5192 5244 5245
f 5192 5245 5194
f 5194 5245 5246
f 5194 5246 5196
f 5196 5246 5247
f 5196 5247 5225
f 5248 5249 5250
f 5241 5248 5242
f 5242 5248 5251
f 5242 5251 5243
f 5243 5251 5252
f 5243 5252 5244
f 5244 5252 5253
f 5244 5253 5245
f 5245 5253 5254
f 5248 5250 5251
f 5251 5250 5255
f 5251 5255 5252
f 5252 5255 5256
f 5252 5256 5253
f 5253 5256 5257
f 5253 5257 5254
f 5254 5257 5258
f 5254 5258 5259
f 5259 5247 5254
f 5254 5247 5246
f 5254 5246 5245
f 5258 5260 5259
f 5259 5260 5261
f 5259 5261 5262
f 5262 5226 5259
f 5259 5226 5225
f 5259 5225 5247
f 5261 5263 5262
f 5262 5263 5264
f 5262 5264 5265
f 5230 5229 5265
f 5265 5229 5228
f 5265 5228 5262
f 5262 5228 5227
f 5262 5227 5226
f 5264 5266 5265
f 5265 5266 5267
f 5265 5267 5230
f 5266 5268 5267
f 5267 5268 5269
f 5267 5269 5270
f 5270 5269 5271
f 5234 5233 5270
f 5270 5233 5232
f 5270 5232 5267
f 5267 5232 5231
f 5267 5231 5230
f 5272 5273 5274
f 5235 5234 5274
f 5274 5234 5270
f 5274 5270 5272
f 5272 5270 5271
f 5275 5276 5277
f 5277 5276 5274
f 5277 5274 5278
f 5278 5274 5273
f 5275 5279 5276
f 5276 5279 5280
f 5276 5280 5239
f 5239 5238 5276
f 5276 5238 5237
f 5276 5237 5274
f 5274 5237 5236
f 5274 5236 5235
f 5279 5281 5280
f 5280 5281 5282
f 5280 5282 5283
f 5283 5282 5284
f 5283 5284 5249
f 5249 5248 5283
f 5283 5248 5241
f 5283 5241 5280
f 5280 5241 5240
f 5280 5240 5239
f 5258 5217 5260
f 5260 5217 5206
f 5260 5206 5261
f 5261 5206 5263
f 5263 5206 5213
f 5263 5213 5264
f 5264 5213 5266
f 5266 5213 5212
f 5266 5212 5268
f 5268 5212 5269
f 5269 5212 5214
f 5269 5214 5271
f 5271 5214 5272
f 5272 5214 5215
f 5272 5215 5273
f 5273 5215 5216
f 5273 5216 5278
f 5278 5216 5224
f 5278 5224 5277
f 5277 5224 5223
f 5277 5223 5275
f 5275 5223 5222
f 5275 5222 5279
f 5279 5222 5221
f 5279 5221 5281
f 5281 5221 5220
f 5281 5220 5282
f 5282 5220 5211
f 5282 5211 5284
f 5284 5211 5210
f 5284 5210 5249
f 5210 5209 5249
f 5249 5209 5205
f 5249 5205 5250
f 5205 5207 5250
f 5250 5207 5208
f 5250 5208 5255
f 5258 5257 5217
f 5217 5257 5256
f 5217 5256 5218
f 5218 5256 5255
f 5218 5255 5219
f 5219 5255 5208
f 5285 5286 5287
f 5288 5289 5290
f 5291 5292 5288
f 5287 5293 5291
f 5290 5294 5295
f 5291 5288 5287
f 5287 5288 5290
f 5287 5290 5285
f 5285 5290 5295
f 5285 5295 5296
f 5289 5189 5290
f 5290 5189 5191
f 5290 5191 5294
f 5294 5191 5193
f 5294 5193 5295
f 5295 5193 5195
f 5295 5195 5296
f 5296 5195 5197
f 5296 5197 5285
f 5285 5197 5199
f 5285 5199 5286
f 5286 5199 5177
f 5286 5177 5287
f 5287 5177 5176
f 5287 5176 5293
f 5293 5176 5175
f 5293 5175 5291
f 5291 5175 5182
f 5291 5182 5292
f 5292 5182 5184
f 5292 5184 5288
f 5288 5184 5183
f 5288 5183 5289
f 5289 5183 5189
f 5297 5298 5299
f 5300 5301 5299
f 5299 5301 5302
f 5299 5302 5297
f 5297 5303 5298
f 5298 5303 5304
f 5298 5304 5305
f 5306 5307 5308
f 5304 5309 5305
f 5305 5309 5310
f 5305 5310 5307
f 5307 5310 5311
f 5307 5311 5308
f 5312 5313 5314
f 5314 5313 5315
f 5314 5315 5316
f 5316 5315 5317
f 5316 5317 5318
f 5318 5317 5319
f 5318 5319 5300
f 5300 5319 5320
f 5300 5320 5301
f 5321 5322 5323
f 5323 5322 5324
f 5323 5324 5312
f 5312 5324 5325
f 5312 5325 5313
f 5308 5326 5306
f 5306 5326 5327
f 5306 5327 5321
f 5321 5327 5328
f 5321 5328 5322
f 5329 5330 5331
f 5332 5333 5331
f 5334 5335 5336
f 5332 5331 5337
f 5337 5331 5338
f 5337 5338 5339
f 5339 5340 5337
f 5337 5340 5336
f 5337 5336 5341
f 5341 5336 5335
f 5336 5342 5343
f 5343 5344 5336
f 5336 5344 5345
f 5336 5345 5334
f 5346 5329 5347
f 5347 5329 5331
f 5347 5331 5348
f 5348 5331 5333
f 5301 5320 5349
f 5349 5350 5301
f 5301 5350 5351
f 5301 5351 5302
f 5302 5351 5352
f 5302 5352 5297
f 5297 5352 5353
f 5297 5353 5303
f 5303 5353 5354
f 5303 5354 5304
f 5317 5355 5319
f 5319 5355 5356
f 5319 5356 5320
f 5320 5356 5357
f 5320 5357 5349
f 5354 5358 5304
f 5304 5358 5359
f 5304 5359 5309
f 5309 5359 5360
f 5309 5360 5310
f 5310 5360 5361
f 5310 5361 5311
f 5311 5361 5362
f 5311 5362 5308
f 5308 5362 5363
f 5308 5363 5326
f 5326 5363 5364
f 5326 5364 5327
f 5327 5364 5365
f 5327 5365 5328
f 5328 5365 5322
f 5365 5366 5322
f 5322 5366 5367
f 5322 5367 5324
f 5324 5367 5368
f 5324 5368 5325
f 5325 5368 5369
f 5325 5369 5313
f 5313 5369 5370
f 5313 5370 5315
f 5315 5370 5371
f 5315 5371 5317
f 5317 5371 5372
f 5317 5372 5355
f 5373 5374 5375
f 5376 5377 5378
f 5364 5376 5365
f 5365 5376 5379
f 5365 5379 5366
f 5366 5379 5380
f 5366 5380 5367
f 5367 5380 5381
f 5367 5381 5368
f 5368 5381 5382
f 5376 5378 5379
f 5379 5378 5383
f 5379 5383 5380
f 5380 5383 5384
f 5380 5384 5381
f 5381 5384 5385
f 5381 5385 5382
f 5382 5385 5386
f 5382 5386 5387
f 5387 5370 5382
f 5382 5370 5369
f 5382 5369 5368
f 5386 5388 5387
f 5387 5388 5389
f 5387 5389 5390
f 5390 5372 5387
f 5387 5372 5371
f 5387 5371 5370
f 5389 5391 5390
f 5390 5391 5392
f 5390 5392 5393
f 5349 5357 5393
f 5393 5357 5356
f 5393 5356 5390
f 5390 5356 5355
f 5390 5355 5372
f 5373 5375 5394
f 5350 5349 5375
f 5375 5349 5393
f 5375 5393 5394
f 5394 5393 5392
f 5374 5395 5396
f 5374 5396 5375
f 5375 5396 5351
f 5375 5351 5350
f 5397 5398 5399
f 5397 5399 5400
f 5354 5353 5396
f 5396 5353 5352
f 5396 5352 5351
f 5358 5354 5399
f 5399 5354 5396
f 5399 5396 5400
f 5400 5396 5395
f 5401 5402 5403
f 5403 5402 5399
f 5403 5399 5404
f 5404 5399 5398
f 5401 5405 5402
f 5402 5405 5406
f 5402 5406 5362
f 5362 5361 5402
f 5402 5361 5360
f 5402 5360 5399
f 5399 5360 5359
f 5399 5359 5358
f 5405 5407 5406
f 5406 5407 5408
f 5406 5408 5409
f 5409 5408 5410
f 5409 5410 5377
f 5377 5376 5409
f 5409 5376 5364
f 5409 5364 5406
f 5406 5364 5363
f 5406 5363 5362
f 5386 5330 5388
f 5388 5330 5329
f 5388 5329 5389
f 5389 5329 5391
f 5391 5329 5346
f 5391 5346 5392
f 5392 5346 5394
f 5394 5346 5347
f 5394 5347 5373
f 5373 5347 5374
f 5374 5347 5348
f 5374 5348 5395
f 5395 5348 5400
f 5400 5348 5333
f 5400 5333 5397
f 5397 5333 5332
f 5397 5332 5398
f 5398 5332 5404
f 5404 5332 5337
f 5404 5337 5403
f 5403 5337 5341
f 5403 5341 5401
f 5401 5341 5335
f 5401 5335 5405
f 5405 5335 5334
f 5405 5334 5407
f 5407 5334 5345
f 5407 5345 5408
f 5408 5345 5344
f 5408 5344 5410
f 5410 5344 5343
f 5410 5343 5377
f 5343 5342 5377
f 5377 5342 5336
f 5377 5336 5378
f 5336 5340 5378
f 5378 5340 5339
f 5378 5339 5383
f 5386 5385 5330
f 5330 5385 5384
f 5330 5384 5331
f 5331 5384 5383
f 5331 5383 5338
f 5338 5383 5339
f 5411 5412 5413
f 5413 5414 5415
f 5415 5414 5416
f 5416 5417 5415
f 5415 5417 5418
f 5415 5418 5419
f 5420 5411 5421
f 5421 5411 5413
f 5421 5413 5422
f 5422 5413 5415
f 5414 5321 5416
f 5416 5321 5323
f 5416 5323 5417
f 5417 5323 5312
f 5417 5312 5418
f 5418 5312 5314
f 5418 5314 5419
f 5419 5314 5316
f 5419 5316 5415
f 5415 5316 5318
f 5415 5318 5422
f 5422 5318 5300
f 5422 5300 5421
f 5421 5300 5299
f 5421 5299 5420
f 5420 5299 5298
f 5420 5298 5411
f 5411 5298 5305
f 5411 5305 5412
f 5412 5305 5307
f 5412 5307 5413
f 5413 5307 5306
f 5413 5306 5414
f 5414 5306 5321
f 5423 5424 5425
f 5426 5427 5425
f 5425 5427 5428
f 5425 5428 5423
f 5423 5429 5424
f 5424 5429 5430
f 5424 5430 5431
f 5432 5433 5434
f 5430 5435 5431
f 5431 5435 5436
f 5431 5436 5433
f 5433 5436 5437
f 5433 5437 5434
f 5438 5439 5440
f 5440 5439 5441
f 5440 5441 5442
f 5442 5441 5443
f 5442 5443 5444
f 5444 5443 5445
f 5444 5445 5426
f 5426 5445 5446
f 5426 5446 5427
f 5447 5448 5449
f 5449 5448 5450
f 5449 5450 5438
f 5438 5450 5451
f 5438 5451 5439
f 5434 5452 5432
f 5432 5452 5453
f 5432 5453 5447
f 5447 5453 5454
f 5447 5454 5448
f 5455 5456 5457
f 5458 5459 5457
f 5460 5461 5462
f 5458 5457 5463
f 5463 5457 5464
f 5463 5464 5465
f 5465 5466 5463
f 5463 5466 5462
f 5463 5462 5467
f 5467 5462 5461
f 5462 5468 5469
f 5469 5470 5462
f 5462 5470 5471
f 5462 5471 5460
f 5472 5455 5473
f 5473 5455 5457
f 5473 5457 5474
f 5474 5457 5459
f 5427 5446 5475
f 5475 5476 5427
f 5427 5476 5477
f 5427 5477 5428
f 5428 5477 5478
f 5428 5478 5423
f 5423 5478 5479
f 5423 5479 5429
f 5429 5479 5480
f 5429 5480 5430
f 5443 5481 5445
f 5445 5481 5482
f 5445 5482 5446
f 5446 5482 5483
f 5446 5483 5475
f 5480 5484 5430
f 5430 5484 5485
f 5430 5485 5435
f 5435 5485 5486
f 5435 5486 5436
f 5436 5486 5487
f 5436 5487 5437
f 5437 5487 5488
f 5437 5488 5434
f 5434 5488 5489
f 5434 5489 5452
f 5452 5489 5490
f 5452 5490 5453
f 5453 5490 5491
f 5453 5491 5454
f 5454 5491 5448
f 5491 5492 5448
f 5448 5492 5493
f 5448 5493 5450
f 5450 5493 5494
f 5450 5494 5451
f 5451 5494 5495
f 5451 5495 5439
f 5439 5495 5496
f 5439 5496 5441
f 5441 5496 5497
f 5441 5497 5443
f 5443 5497 5498
f 5443 5498 5481
f 5499 5500 5501
f 5502 5503 5504
f 5490 5502 5491
f 5491 5502 5505
f 5491 5505 5492
f 5492 5505 5506
f 5492 5506 5493
f 5493 5506 5507
f 5493 5507 5494
f 5494 5507 5508
f 5502 5504 5505
f 5505 5504 5509
f 5505 5509 5506
f 5506 5509 5510
f 5506 5510 5507
f 5507 5510 5511
f 5507 5511 5508
f 5508 5511 5512
f 5508 5512 5513
f 5513 5496 5508
f 5508 5496 5495
f 5508 5495 5494
f 5512 5514 5513
f 5513 5514 5515
f 5513 5515 5516
f 5516 5498 5513
f 5513 5498 5497
f 5513 5497 5496
f 5515 5517 5516
f 5516 5517 5518
f 5516 5518 5519
f 5475 5483 5519
f 5519 5483 5482
f 5519 5482 5516
f 5516 5482 5481
f 5516 5481 5498
f 5499 5501 5520
f 5476 5475 5501
f 5501 5475 5519
f 5501 5519 5520
f 5520 5519 5518
f 5500 5521 5522
f 5500 5522 5501
f 5501 5522 5477
f 5501 5477 5476
f 5523 5524 5525
f 5523 5525 5526
f 5480 5479 5522
f 5522 5479 5478
f 5522 5478 5477
f 5484 5480 5525
f 5525 5480 5522
f 5525 5522 5526
f 5526 5522 5521
f 5527 5528 5529
f 5529 5528 5525
f 5529 5525 5530
f 5530 5525 5524
f 5527 5531 5528
f 5528 5531 5532
f 5528 5532 5488
f 5488 5487 5528
f 5528 5487 5486
f 5528 5486 5525
f 5525 5486 5485
f 5525 5485 5484
f 5531 5533 5532
f 5532 5533 5534
f 5532 5534 5535
f 5535 5534 5536
f 5535 5536 5503
f 5503 5502 5535
f 5535 5502 5490
f 5535 5490 5532
f 5532 5490 5489
f 5532 5489 5488
f 5512 5456 5514
f 5514 5456 5455
f 5514 5455 5515
f 5515 5455 5517
f 5517 5455 5472
f 5517 5472 5518
f 5518 5472 5520
f 5520 5472 5473
f 5520 5473 5499
f 5499 5473 5500
f 5500 5473 5474
f 5500 5474 5521
f 5521 5474 5526
f 5526 5474 5459
f 5526 5459 5523
f 5523 5459 5458
f 5523 5458 5524
f 5524 5458 5530
f 5530 5458 5463
f 5530 5463 5529
f 5529 5463 5467
f 5529 5467 5527
f 5527 5467 5461
f 5527 5461 5531
f 5531 5461 5460
f 5531 5460 5533
f 5533 5460 5471
f 5533 5471 5534
f 5534 5471 5470
f 5534 5470 5536
f 5536 5470 5469
f 5536 5469 5503
f 5469 5468 5503
f 5503 5468 5462
f 5503 5462 5504
f 5462 5466 5504
f 5504 5466 5465
f 5504 5465 5509
f 5512 5511 5456
f 5456 5511 5510
f 5456 5510 5457
f 5457 5510 5509
f 5457 5509 5464
f 5464 5509 5465
f 5537 5538 5539
f 5539 5540 5541
f 5541 5540 5542
f 5542 5543 5541
f 5541 5543 5544
f 5541 5544 5545
f 5546 5537 5547
f 5547 5537 5539
f 5547 5539 5548
f 5548 5539 5541
f 5540 5447 5542
f 5542 5447 5449
f 5542 5449 5543
f 5543 5449 5438
f 5543 5438 5544
f 5544 5438 5440
f 5544 5440 5545
f 5545 5440 5442
f 5545 5442 5541
f 5541 5442 5444
f 5541 5444 5548
f 5548 5444 5426
f 5548 5426 5547
f 5547 5426 5425
f 5547 5425 5546
f 5546 5425 5424
f 5546 5424 5537
f 5537 5424 5431
f 5537 5431 5538
f 5538 5431 5433
f 5538 5433 5539
f 5539 5433 5432
f 5539 5432 5540
f 5540 5432 5447
f 5549 5550 5551
f 5551 5550 5552
f 5551 5552 5553
f 5554 5555 5551
f 5551 5555 5556
f 5551 5556 5549
f 5557 5558 5551
f 5551 5558 5559
f 5551 5559 5554
f 5553 5560 5551
f 5551 5560 5561
f 5551 5561 5557
f 5559 5562 5554
f 5554 5562 5563
f 5554 5563 5555
f 5555 5563 5564
f 5555 5564 5556
f 5556 5564 5565
f 5556 5565 5549
f 5549 5565 5566
f 5549 5566 5550
f 5550 5566 5567
f 5550 5567 5552
f 5552 5567 5568
f 5552 5568 5553
f 5553 5568 5569
f 5553 5569 5560
f 5560 5569 5570
f 5560 5570 5561
f 5561 5570 5571
f 5561 5571 5557
f 5557 5571 5572
f 5557 5572 5558
f 5558 5572 5573
f 5558 5573 5559
f 5559 5573 5562
f 5574 5575 5576
f 5574 5576 5577
f 5575 5574 5578
f 5578 5574 5579
f 5578 5579 5580
f 5580 5579 5581
f 5581 5579 5582
f 5581 5582 5583
f 5583 5582 5584
f 5584 5582 5585
f 5584 5585 5586
f 5586 5585 5587
f 5587 5585 5588
f 5587 5588 5589
f 5589 5588 5590
f 5590 5588 5591
f 5590 5591 5592
f 5592 5591 5593
f 5593 5591 5594
f 5593 5594 5595
f 5595 5594 5596
f 5596 5594 5597
f 5596 5597 5598
f 5599 5600 5601
f 5601 5600 5602
f 5602 5603 5601
f 5601 5603 5604
f 5601 5604 5597
f 5597 5604 5605
f 5597 5605 5598
f 5576 5606 5577
f 5577 5606 5607
f 5577 5607 5608
f 5608 5607 5609
f 5608 5609 5599
f 5599 5609 5610
f 5599 5610 5600
f 5611 5599 5612
f 5612 5599 5601
f 5612 5601 5613
f 5613 5601 5597
f 5613 5597 5614
f 5614 5597 5594
f 5614 5594 5615
f 5615 5594 5591
f 5615 5591 5616
f 5616 5591 5588
f 5616 5588 5617
f 5617 5588 5585
f 5617 5585 5618
f 5618 5585 5582
f 5618 5582 5619
f 5619 5582 5579
f 5619 5579 5620
f 5620 5579 5574
f 5620 5574 5621
f 5621 5574 5577
f 5621 5577 5622
f 5622 5577 5608
f 5622 5608 5611
f 5611 5608 5599
f 5623 5612 5624
f 5624 5612 5613
f 5624 5613 5625
f 5625 5613 5614
f 5625 5614 5626
f 5626 5614 5615
f 5626 5615 5627
f 5627 5615 5616
f 5627 5616 5628
f 5628 5616 5617
f 5628 5617 5629
f 5629 5617 5618
f 5629 5618 5630
f 5630 5618 5619
f 5630 5619 5631
f 5631 5619 5620
f 5631 5620 5632
f 5632 5620 5621
f 5632 5621 5633
f 5633 5621 5622
f 5633 5622 5634
f 5634 5622 5611
f 5634 5611 5623
f 5623 5611 5612
f 5635 5624 5636
f 5636 5624 5625
f 5636 5625 5637
f 5637 5625 5626
f 5637 5626 5638
f 5638 5626 5627
f 5638 5627 5639
f 5639 5627 5628
f 5639 5628 5640
f 5640 5628 5629
f 5640 5629 5641
f 5641 5629 5630
f 5641 5630 5642
f 5642 5630 5631
f 5642 5631 5643
f 5643 5631 5632
f 5643 5632 5644
f 5644 5632 5633
f 5644 5633 5645
f 5645 5633 5634
f 5645 5634 5646
f 5646 5634 5623
f 5646 5623 5635
f 5635 5623 5624
f 5647 5636 5648
f 5648 5636 5637
f 5648 5637 5649
f 5649 5637 5638
f 5649 5638 5650
f 5650 5638 5639
f 5650 5639 5651
f 5651 5639 5640
f 5651 5640 5652
f 5652 5640 5641
f 5652 5641 5653
f 5653 5641 5642
f 5653 5642 5654
f 5654 5642 5643
f 5654 5643 5655
f 5655 5643 5644
f 5655 5644 5656
f 5656 5644 5645
f 5656 5645 5657
f 5657 5645 5646
f 5657 5646 5658
f 5658 5646 5635
f 5658 5635 5647
f 5647 5635 5636
f 5659 5648 5660
f 5660 5648 5649
f 5660 5649 5661
f 5661 5649 5650
f 5661 5650 5662
f 5662 5650 5651
f 5662 5651 5663
f 5663 5651 5652
f 5663 5652 5664
f 5664 5652 5653
f 5664 5653 5665
f 5665 5653 5654
f 5665 5654 5666
f 5666 5654 5655
f 5666 5655 5667
f 5667 5655 5656
f 5667 5656 5668
f 5668 5656 5657
f 5668 5657 5669
f 5669 5657 5658
f 5669 5658 5670
f 5670 5658 5647
f 5670 5647 5659
f 5659 5647 5648
f 5671 5660 5672
f 5672 5660 5661
f 5672 5661 5673
f 5673 5661 5662
f 5673 5662 5674
f 5674 5662 5663
f 5674 5663 5675
f 5675 5663 5664
f 5675 5664 5676
f 5676 5664 5665
f 5676 5665 5677
f 5677 5665 5666
f 5677 5666 5678
f 5678 5666 5667
f 5678 5667 5679
f 5679 5667 5668
f 5679 5668 5680
f 5680 5668 5669
f 5680 5669 5681
f 5681 5669 5670
f 5681 5670 5682
f 5682 5670 5659
f 5682 5659 5671
f 5671 5659 5660
f 5683 5672 5684
f 5684 5672 5673
f 5684 5673 5685
f 5685 5673 5674
f 5685 5674 5686
f 5686 5674 5675
f 5686 5675 5687
f 5687 5675 5676
f 5687 5676 5688
f 5688 5676 5677
f 5688 5677 5689
f 5689 5677 5678
f 5689 5678 5690
f 5690 5678 5679
f 5690 5679 5691
f 5691 5679 5680
f 5691 5680 5692
f 5692 5680 5681
f 5692 5681 5693
f 5693 5681 5682
f 5693 5682 5694
f 5694 5682 5671
f 5694 5671 5683
f 5683 5671 5672
f 5695 5684 5696
f 5696 5684 5685
f 5696 5685 5697
f 5697 5685 5686
f 5697 5686 5698
f 5698 5686 5687
f 5698 5687 5699
f 5699 5687 5688
f 5699 5688 5700
f 5700 5688 5689
f 5700 5689 5701
f 5701 5689 5690
f 5701 5690 5702
f 5702 5690 5691
f 5702 5691 5703
f 5703 5691 5692
f 5703 5692 5704
f 5704 5692 5693
f 5704 5693 5705
f 5705 5693 5694
f 5705 5694 5706
f 5706 5694 5683
f 5706 5683 5695
f 5695 5683 5684
f 5707 5696 5708
f 5708 5696 5697
f 5708 5697 5709
f 5709 5697 5698
f 5709 5698 5710
f 5710 5698 5699
f 5710 5699 5711
f 5711 5699 5700
f 5711 5700 5712
f 5712 5700 5701
f 5712 5701 5713
f 5713 5701 5702
f 5713 5702 5714
f 5714 5702 5703
f 5714 5703 5715
f 5715 5703 5704
f 5715 5704 5716
f 5716 5704 5705
f 5716 5705 5717
f 5717 5705 5706
f 5717 5706 5718
f 5718 5706 5695
f 5718 5695 5707
f 5707 5695 5696
f 5562 5708 5563
f 5563 5708 5709
f 5563 5709 5564
f 5564 5709 5710
f 5564 5710 5565
f 5565 5710 5711
f 5565 5711 5566
f 5566 5711 5712
f 5566 5712 5567
f 5567 5712 5713
f 5567 5713 5568
f 5568 5713 5714
f 5568 5714 5569
f 5569 5714 5715
f 5569 5715 5570
f 5570 5715 5716
f 5570 5716 5571
f 5571 5716 5717
f 5571 5717 5572
f 5572 5717 5718
f 5572 5718 5573
f 5573 5718 5707
f 5573 5707 5562
f 5562 5707 5708
f 5603 5719 5604
f 5604 5719 5720
f 5604 5720 5605
f 5605 5720 5598
f 5598 5720 5721
f 5598 5721 5596
f 5596 5721 5595
f 5595 5721 5722
f 5595 5722 5593
f 5593 5722 5592
f 5592 5722 5723
f 5592 5723 5590
f 5590 5723 5589
f 5589 5723 5724
f 5589 5724 5587
f 5587 5724 5586
f 5586 5724 5725
f 5586 5725 5584
f 5584 5725 5583
f 5583 5725 5726
f 5583 5726 5581
f 5581 5726 5580
f 5580 5726 5727
f 5580 5727 5578
f 5578 5727 5575
f 5575 5727 5728
f 5575 5728 5576
f 5576 5728 5606
f 5606 5728 5729
f 5606 5729 5607
f 5607 5729 5609
f 5609 5729 5730
f 5609 5730 5610
f 5610 5730 5600
f 5600 5730 5731
f 5600 5731 5602
f 5732 5733 5734
f 5734 5733 5731
f 5734 5731 5735
f 5735 5731 5730
f 5735 5730 5736
f 5736 5730 5729
f 5736 5729 5737
f 5729 5728 5737
f 5737 5728 5727
f 5737 5727 5738
f 5738 5727 5726
f 5738 5726 5739
f 5739 5726 5725
f 5739 5725 5740
f 5740 5725 5724
f 5740 5724 5741
f 5741 5724 5723
f 5741 5723 5742
f 5742 5723 5722
f 5742 5722 5743
f 5743 5722 5721
f 5743 5721 5744
f 5744 5721 5720
f 5744 5720 5732
f 5732 5720 5719
f 5732 5719 5733
f 5741 5745 5740
f 5740 5745 5746
f 5740 5746 5739
f 5739 5746 5747
f 5739 5747 5738
f 5738 5747 5748
f 5738 5748 5737
f 5737 5748 5749
f 5737 5749 5736
f 5736 5749 5750
f 5736 5750 5735
f 5735 5750 5751
f 5735 5751 5734
f 5734 5751 5752
f 5734 5752 5732
f 5732 5752 5753
f 5732 5753 5744
f 5744 5753 5754
f 5744 5754 5743
f 5743 5754 5755
f 5743 5755 5742
f 5742 5755 5756
f 5742 5756 5741
f 5741 5756 5745
f 5757 5758 5759
f 5759 5758 5760
f 5761 5762 5763
f 5763 5762 5764
f 5765 5766 5762
f 5762 5766 5760
f 5762 5760 5764
f 5764 5760 5758
f 5764 5758 5767
f 5767 5758 5768
f 5769 5770 5771
f 5772 5773 5774
f 5774 5773 5775
f 5776 5777 5778
f 5771 5770 5779
f 5778 5777 5780
f 5781 5782 5783
f 5783 5782 5773
f 5783 5773 5784
f 5784 5773 5772
f 5785 5786 5787
f 5787 5786 5774
f 5787 5774 5788
f 5788 5774 5775
f 5789 5790 5791
f 5792 5793 5794
f 5791 5795 5789
f 5789 5795 5779
f 5789 5779 5772
f 5772 5779 5770
f 5772 5770 5784
f 5796 5797 5798
f 5798 5797 5769
f 5798 5769 5799
f 5799 5769 5771
f 5794 5800 5792
f 5792 5800 5780
f 5792 5780 5775
f 5775 5780 5777
f 5775 5777 5788
f 5801 5802 5803
f 5803 5802 5776
f 5803 5776 5804
f 5804 5776 5778
f 5805 5806 5807
f 5808 5809 5810
f 5810 5809 5811
f 5812 5813 5814
f 5807 5806 5815
f 5814 5813 5816
f 5817 5818 5819
f 5819 5818 5809
f 5819 5809 5820
f 5820 5809 5808
f 5821 5822 5823
f 5823 5822 5810
f 5823 5810 5824
f 5824 5810 5811
f 5825 5826 5827
f 5828 5829 5830
f 5827 5831 5825
f 5825 5831 5815
f 5825 5815 5808
f 5808 5815 5806
f 5808 5806 5820
f 5832 5833 5834
f 5834 5833 5805
f 5834 5805 5835
f 5835 5805 5807
f 5830 5836 5828
f 5828 5836 5816
f 5828 5816 5811
f 5811 5816 5813
f 5811 5813 5824
f 5837 5838 5839
f 5839 5838 5812
f 5839 5812 5840
f 5840 5812 5814
f 5841 5842 5843
f 5843 5842 5844
f 5845 5846 5847
f 5847 5846 5848
f 5849 5850 5848
f 5848 5850 5843
f 5848 5843 5847
f 5847 5843 5844
f 5847 5844 5851
f 5851 5844 5852
f 5853 5854 5855
f 5855 5854 5856
f 5857 5858 5859
f 5859 5858 5860
f 5861 5862 5860
f 5860 5862 5855
f 5860 5855 5859
f 5859 5855 5856
f 5859 5856 5863
f 5863 5856 5864
f 5750 5865 5751
f 5751 5865 5866
f 5751 5866 5752
f 5752 5866 5867
f 5752 5867 5753
f 5753 5867 5868
f 5753 5868 5754
f 5754 5868 5869
f 5754 5869 5755
f 5755 5869 5870
f 5755 5870 5756
f 5756 5870 5871
f 5756 5871 5745
f 5745 5871 5872
f 5745 5872 5746
f 5746 5872 5873
f 5746 5873 5747
f 5747 5873 5874
f 5747 5874 5748
f 5748 5874 5875
f 5748 5875 5749
f 5749 5875 5876
f 5749 5876 5750
f 5750 5876 5865
f 5865 5877 5866
f 5866 5877 5878
f 5866 5878 5867
f 5867 5878 5879
f 5867 5879 5868
f 5868 5879 5880
f 5868 5880 5869
f 5869 5880 5881
f 5869 5881 5870
f 5870 5881 5882
f 5870 5882 5871
f 5871 5882 5883
f 5871 5883 5872
f 5872 5883 5884
f 5872 5884 5873
f 5873 5884 5885
f 5873 5885 5874
f 5874 5885 5886
f 5874 5886 5875
f 5875 5886 5887
f 5875 5887 5876
f 5876 5887 5888
f 5876 5888 5865
f 5865 5888 5877
f 5877 5889 5878
f 5878 5889 5890
f 5878 5890 5879
f 5879 5890 5891
f 5879 5891 5880
f 5880 5891 5892
f 5880 5892 5881
f 5881 5892 5893
f 5881 5893 5882
f 5882 5893 5894
f 5882 5894 5883
f 5883 5894 5895
f 5883 5895 5884
f 5884 5895 5896
f 5884 5896 5885
f 5885 5896 5897
f 5885 5897 5886
f 5886 5897 5898
f 5886 5898 5887
f 5887 5898 5899
f 5887 5899 5888
f 5888 5899 5900
f 5888 5900 5877
f 5877 5900 5889
f 5889 5901 5890
f 5890 5901 5902
f 5890 5902 5891
f 5891 5902 5903
f 5891 5903 5892
f 5892 5903 5904
f 5892 5904 5893
f 5893 5904 5905
f 5893 5905 5894
f 5894 5905 5906
f 5894 5906 5895
f 5895 5906 5907
f 5895 5907 5896
f 5896 5907 5908
f 5896 5908 5897
f 5897 5908 5909
f 5897 5909 5898
f 5898 5909 5910
f 5898 5910 5899
f 5899 5910 5911
f 5899 5911 5900
f 5900 5911 5912
f 5900 5912 5889
f 5889 5912 5901
f 5901 5913 5902
f 5902 5913 5914
f 5902 5914 5903
f 5903 5914 5915
f 5903 5915 5904
f 5904 5915 5916
f 5904 5916 5905
f 5905 5916 5917
f 5905 5917 5906
f 5906 5917 5918
f 5906 5918 5907
f 5907 5918 5919
f 5907 5919 5908
f 5908 5919 5920
f 5908 5920 5909
f 5909 5920 5921
f 5909 5921 5910
f 5910 5921 5922
f 5910 5922 5911
f 5911 5922 5923
f 5911 5923 5912
f 5912 5923 5924
f 5912 5924 5901
f 5901 5924 5913
f 5913 5925 5914
f 5914 5925 5926
f 5914 5926 5915
f 5915 5926 5927
f 5915 5927 5916
f 5916 5927 5928
f 5916 5928 5917
f 5917 5928 5929
f 5917 5929 5918
f 5918 5929 5930
f 5918 5930 5919
f 5919 5930 5931
f 5919 5931 5920
f 5920 5931 5932
f 5920 5932 5921
f 5921 5932 5933
f 5921 5933 5922
f 5922 5933 5934
f 5922 5934 5923
f 5923 5934 5935
f 5923 5935 5924
f 5924 5935 5936
f 5924 5936 5913
f 5913 5936 5925
f 5925 5937 5926
f 5926 5937 5938
f 5926 5938 5927
f 5927 5938 5939
f 5927 5939 5928
f 5928 5939 5940
f 5928 5940 5929
f 5929 5940 5941
f 5929 5941 5930
f 5930 5941 5942
f 5930 5942 5931
f 5931 5942 5943
f 5931 5943 5932
f 5932 5943 5944
f 5932 5944 5933
f 5933 5944 5945
f 5933 5945 5934
f 5934 5945 5946
f 5934 5946 5935
f 5935 5946 5947
f 5935 5947 5936
f 5936 5947 5948
f 5936 5948 5925
f 5925 5948 5937
f 5937 5949 5938
f 5938 5949 5950
f 5938 5950 5939
f 5939 5950 5951
f 5939 5951 5940
f 5940 5951 5952
f 5940 5952 5941
f 5941 5952 5953
f 5941 5953 5942
f 5942 5953 5954
f 5942 5954 5943
f 5943 5954 5955
f 5943 5955 5944
f 5944 5955 5956
f 5944 5956 5945
f 5945 5956 5957
f 5945 5957 5946
f 5946 5957 5958
f 5946 5958 5947
f 5947 5958 5959
f 5947 5959 5948
f 5948 5959 5960
f 5948 5960 5937
f 5937 5960 5949
f 5949 5961 5950
f 5950 5961 5962
f 5950 5962 5951
f 5951 5962 5963
f 5951 5963 5952
f 5952 5963 5964
f 5952 5964 5953
f 5953 5964 5965
f 5953 5965 5954
f 5954 5965 5966
f 5954 5966 5955
f 5955 5966 5967
f 5955 5967 5956
f 5956 5967 5968
f 5956 5968 5957
f 5957 5968 5969
f 5957 5969 5958
f 5958 5969 5970
f 5958 5970 5959
f 5959 5970 5971
f 5959 5971 5960
f 5960 5971 5972
f 5960 5972 5949
f 5949 5972 5961
f 5961 5973 5962
f 5962 5973 5974
f 5962 5974 5963
f 5963 5974 5975
f 5963 5975 5964
f 5964 5975 5976
f 5964 5976 5965
f 5965 5976 5977
f 5965 5977 5966
f 5966 5977 5978
f 5966 5978 5967
f 5967 5978 5979
f 5967 5979 5968
f 5968 5979 5980
f 5968 5980 5969
f 5969 5980 5981
f 5969 5981 5970
f 5970 5981 5982
f 5970 5982 5971
f 5971 5982 5983
f 5971 5983 5972
f 5972 5983 5984
f 5972 5984 5961
f 5961 5984 5973
f 5973 5985 5974
f 5974 5985 5986
f 5974 5986 5975
f 5975 5986 5987
f 5975 5987 5976
f 5976 5987 5988
f 5976 5988 5977
f 5977 5988 5989
f 5977 5989 5978
f 5978 5989 5990
f 5978 5990 5979
f 5979 5990 5991
f 5979 5991 5980
f 5980 5991 5992
f 5980 5992 5981
f 5981 5992 5993
f 5981 5993 5982
f 5982 5993 5994
f 5982 5994 5983
f 5983 5994 5995
f 5983 5995 5984
f 5984 5995 5996
f 5984 5996 5973
f 5973 5996 5985
f 5761 5997 5762
f 5762 5997 5998
f 5998 5999 5762
f 5762 5999 5765
f 5766 5765 6000
f 6000 5765 5999
f 5760 5766 6001
f 6001 5766 6000
f 6002 5759 6001
f 6001 5759 5760
f 5757 5759 6003
f 6003 5759 6002
f 5757 6003 5758
f 5758 6003 6004
f 6004 6005 5758
f 5758 6005 5768
f 5767 5768 6006
f 6006 5768 6005
f 5764 5767 6007
f 6007 5767 6006
f 6008 5763 6007
f 6007 5763 5764
f 5761 5763 5997
f 5997 5763 6008
f 6009 6010 6011
f 6011 6012 6009
f 6009 6012 6013
f 6009 6013 6014
f 6014 6013 6015
f 6009 6016 6010
f 6010 6016 6017
f 6010 6017 6018
f 6018 6019 6010
f 6010 6019 6020
f 6010 6020 6021
f 6022 6023 6024
f 6024 6023 6025
f 6024 6025 6026
f 6021 6027 6010
f 6010 6027 6028
f 6010 6028 6029
f 6022 6030 6023
f 6023 6030 6031
f 6023 6031 6013
f 6013 6031 6032
f 6013 6032 6015
f 5796 6033 6034
f 5796 6034 5797
f 5797 6034 6035
f 5797 6035 5769
f 5769 6035 6036
f 5769 6036 5770
f 5770 6036 6037
f 5770 6037 5784
f 5784 6037 6038
f 5784 6038 5783
f 5783 6038 6039
f 5783 6039 5781
f 5781 6039 6040
f 5781 6040 5782
f 5782 6040 6041
f 5782 6041 5773
f 5773 6041 6042
f 5773 6042 5775
f 5775 6042 6043
f 5775 6043 5792
f 5792 6043 6044
f 5792 6044 5793
f 5793 6044 6045
f 5793 6045 5794
f 5794 6045 6046
f 5794 6046 5800
f 5800 6046 6047
f 5800 6047 5780
f 5780 6047 6048
f 5780 6048 5778
f 5778 6048 6049
f 5778 6049 5804
f 5804 6049 6050
f 5804 6050 5803
f 5803 6050 6051
f 5803 6051 5801
f 5801 6051 6052
f 5801 6052 5802
f 5802 6052 6053
f 5802 6053 5776
f 5776 6053 6054
f 5776 6054 5777
f 5777 6054 6055
f 5777 6055 5788
f 5788 6055 6056
f 5788 6056 5787
f 5787 6056 6057
f 5787 6057 5785
f 5785 6057 6058
f 5785 6058 5786
f 5786 6058 6059
f 5786 6059 5774
f 5774 6059 6060
f 5774 6060 5772
f 5772 6060 6061
f 5772 6061 5789
f 5789 6061 6062
f 5789 6062 5790
f 5790 6062 6063
f 5790 6063 5791
f 5791 6063 6064
f 5791 6064 5795
f 5795 6064 6065
f 5795 6065 5779
f 5779 6065 6066
f 5779 6066 5771
f 5771 6066 6067
f 5771 6067 5799
f 5799 6067 6068
f 5799 6068 5798
f 5798 6068 6033
f 5798 6033 5796
f 5832 6069 6070
f 5832 6070 5833
f 5833 6070 6071
f 5833 6071 5805
f 5805 6071 6072
f 5805 6072 5806
f 5806 6072 6073
f 5806 6073 5820
f 5820 6073 6074
f 5820 6074 5819
f 5819 6074 6075
f 5819 6075 5817
f 5817 6075 6076
f 5817 6076 5818
f 5818 6076 6077
f 5818 6077 5809
f 5809 6077 6078
f 5809 6078 5811
f 5811 6078 6079
f 5811 6079 5828
f 5828 6079 6080
f 5828 6080 5829
f 5829 6080 6081
f 5829 6081 5830
f 5830 6081 6082
f 5830 6082 5836
f 5836 6082 6083
f 5836 6083 5816
f 5816 6083 6084
f 5816 6084 5814
f 5814 6084 6085
f 5814 6085 5840
f 5840 6085 6086
f 5840 6086 5839
f 5839 6086 6087
f 5839 6087 5837
f 5837 6087 6088
f 5837 6088 5838
f 5838 6088 6089
f 5838 6089 5812
f 5812 6089 6090
f 5812 6090 5813
f 5813 6090 6091
f 5813 6091 5824
f 5824 6091 6092
f 5824 6092 5823
f 5823 6092 6093
f 5823 6093 5821
f 5821 6093 6094
f 5821 6094 5822
f 5822 6094 6095
f 5822 6095 5810
f 5810 6095 6096
f 5810 6096 5808
f 5808 6096 6097
f 5808 6097 5825
f 5825 6097 6098
f 5825 6098 5826
f 5826 6098 6099
f 5826 6099 5827
f 5827 6099 6100
f 5827 6100 5831
f 5831 6100 6101
f 5831 6101 5815
f 5815 6101 6102
f 5815 6102 5807
f 5807 6102 6103
f 5807 6103 5835
f 5835 6103 6104
f 5835 6104 5834
f 5834 6104 6069
f 5834 6069 5832
f 5846 6105 5848
f 5848 6105 6106
f 6106 6107 5848
f 5848 6107 5849
f 5850 5849 6108
f 6108 5849 6107
f 5843 5850 6109
f 6109 5850 6108
f 6110 5841 6109
f 6109 5841 5843
f 5842 5841 6111
f 6111 5841 6110
f 5842 6111 5844
f 5844 6111 6112
f 6112 6113 5844
f 5844 6113 5852
f 5851 5852 6114
f 6114 5852 6113
f 5847 5851 6115
f 6115 5851 6114
f 6116 5845 6115
f 6115 5845 5847
f 5846 5845 6105
f 6105 5845 6116
f 5854 6117 5856
f 5856 6117 6118
f 6118 6119 5856
f 5856 6119 5864
f 5863 5864 6120
f 6120 5864 6119
f 5859 5863 6121
f 6121 5863 6120
f 6122 5857 6121
f 6121 5857 5859
f 5858 5857 6123
f 6123 5857 6122
f 5858 6123 5860
f 5860 6123 6124
f 6124 6125 5860
f 5860 6125 5861
f 5862 5861 6126
f 6126 5861 6125
f 5855 5862 6127
f 6127 5862 6126
f 6128 5853 6127
f 6127 5853 5855
f 5854 5853 6117
f 6117 5853 6128
f 6129 6130 5986
f 5986 6130 6131
f 5986 6131 5987
f 5987 6131 6132
f 5987 6132 5988
f 5988 6132 6133
f 5988 6133 5989
f 5989 6133 6134
f 5989 6134 5990
f 5990 6134 6135
f 5990 6135 5991
f 5991 6135 6136
f 5991 6136 5992
f 5992 6136 6137
f 5992 6137 5993
f 5993 6137 6138
f 5993 6138 5994
f 5994 6138 6139
f 5994 6139 5995
f 5995 6139 6140
f 5995 6140 5996
f 5996 6140 6129
f 5996 6129 5985
f 5985 6129 5986
f 6002 6001 6141
f 6141 6001 6000
f 6141 6000 6142
f 6142 6000 5999
f 6142 5999 6143
f 6143 5999 6144
f 6141 6145 6002
f 6002 6145 6146
f 6002 6146 6003
f 6003 6146 6147
f 6003 6147 6004
f 6004 6147 6148
f 6004 6148 6005
f 6005 6148 6149
f 6005 6149 6006
f 6006 6149 6150
f 6006 6150 6007
f 6007 6150 6151
f 6007 6151 6008
f 6008 6151 6152
f 6008 6152 5997
f 5997 6152 6144
f 5997 6144 5998
f 5998 6144 5999
f 6012 6153 6013
f 6013 6153 6154
f 6013 6154 6023
f 6023 6154 6155
f 6023 6155 6025
f 6025 6155 6156
f 6025 6156 6026
f 6026 6156 6157
f 6026 6157 6024
f 6024 6157 6158
f 6024 6158 6022
f 6022 6158 6159
f 6022 6159 6030
f 6030 6159 6160
f 6030 6160 6031
f 6031 6160 6161
f 6031 6161 6032
f 6032 6161 6162
f 6032 6162 6015
f 6015 6162 6163
f 6015 6163 6014
f 6014 6163 6164
f 6014 6164 6009
f 6009 6164 6165
f 6009 6165 6016
f 6016 6165 6166
f 6016 6166 6017
f 6017 6166 6167
f 6017 6167 6018
f 6018 6167 6168
f 6018 6168 6019
f 6019 6168 6169
f 6019 6169 6020
f 6020 6169 6170
f 6020 6170 6021
f 6021 6170 6171
f 6021 6171 6027
f 6027 6171 6172
f 6027 6172 6028
f 6028 6172 6173
f 6028 6173 6029
f 6029 6173 6174
f 6029 6174 6010
f 6010 6174 6175
f 6010 6175 6011
f 6011 6175 6176
f 6011 6176 6012
f 6012 6176 6153
f 6176 6177 6153
f 6153 6177 6178
f 6153 6178 6154
f 6154 6178 6179
f 6154 6179 6155
f 6155 6179 6180
f 6155 6180 6156
f 6156 6180 6181
f 6156 6181 6157
f 6157 6181 6182
f 6157 6182 6158
f 6158 6182 6183
f 6158 6183 6159
f 6159 6183 6184
f 6159 6184 6160
f 6160 6184 6185
f 6160 6185 6161
f 6161 6185 6186
f 6161 6186 6162
f 6162 6186 6187
f 6162 6187 6163
f 6163 6187 6188
f 6163 6188 6164
f 6164 6188 6189
f 6164 6189 6165
f 6165 6189 6190
f 6165 6190 6166
f 6166 6190 6191
f 6166 6191 6167
f 6167 6191 6192
f 6167 6192 6168
f 6168 6192 6193
f 6168 6193 6169
f 6169 6193 6194
f 6169 6194 6170
f 6170 6194 6195
f 6170 6195 6171
f 6171 6195 6196
f 6171 6196 6172
f 6172 6196 6197
f 6172 6197 6173
f 6173 6197 6198
f 6173 6198 6174
f 6174 6198 6199
f 6174 6199 6175
f 6175 6199 6200
f 6175 6200 6176
f 6176 6200 6177
f 6200 6201 6177
f 6177 6201 6202
f 6177 6202 6178
f 6178 6202 6203
f 6178 6203 6179
f 6179 6203 6204
f 6179 6204 6180
f 6180 6204 6205
f 6180 6205 6181
f 6181 6205 6206
f 6181 6206 6182
f 6182 6206 6207
f 6182 6207 6183
f 6183 6207 6208
f 6183 6208 6184
f 6184 6208 6209
f 6184 6209 6185
f 6185 6209 6210
f 6185 6210 6186
f 6186 6210 6211
f 6186 6211 6187
f 6187 6211 6212
f 6187 6212 6188
f 6188 6212 6213
f 6188 6213 6189
f 6189 6213 6214
f 6189 6214 6190
f 6190 6214 6215
f 6190 6215 6191
f 6191 6215 6216
f 6191 6216 6192
f 6192 6216 6217
f 6192 6217 6193
f 6193 6217 6218
f 6193 6218 6194
f 6194 6218 6219
f 6194 6219 6195
f 6195 6219 6220
f 6195 6220 6196
f 6196 6220 6221
f 6196 6221 6197
f 6197 6221 6222
f 6197 6222 6198
f 6198 6222 6223
f 6198 6223 6199
f 6199 6223 6224
f 6199 6224 6200
f 6200 6224 6201
f 6225 6226 6039
f 6227 6062 6228
f 6228 6062 6061
f 6034 6229 6035
f 6035 6229 6225
f 6061 6060 6228
f 6228 6060 6059
f 6228 6059 6230
f 6059 6058 6230
f 6230 6058 6057
f 6230 6057 6231
f 6232 6044 6233
f 6233 6044 6043
f 6036 6035 6037
f 6037 6035 6225
f 6037 6225 6038
f 6038 6225 6039
f 6043 6042 6233
f 6233 6042 6041
f 6233 6041 6226
f 6226 6041 6040
f 6226 6040 6039
f 6052 6234 6053
f 6053 6234 6231
f 6034 6033 6229
f 6229 6033 6068
f 6229 6068 6235
f 6235 6068 6067
f 6235 6067 6066
f 6054 6053 6055
f 6055 6053 6231
f 6055 6231 6056
f 6056 6231 6057
f 6066 6065 6235
f 6235 6065 6064
f 6235 6064 6227
f 6227 6064 6063
f 6227 6063 6062
f 6052 6051 6234
f 6234 6051 6050
f 6234 6050 6236
f 6236 6050 6049
f 6236 6049 6048
f 6048 6047 6236
f 6236 6047 6046
f 6236 6046 6232
f 6232 6046 6045
f 6232 6045 6044
f 6237 6238 6075
f 6239 6098 6240
f 6240 6098 6097
f 6070 6241 6071
f 6071 6241 6237
f 6097 6096 6240
f 6240 6096 6095
f 6240 6095 6242
f 6095 6094 6242
f 6242 6094 6093
f 6242 6093 6243
f 6244 6080 6245
f 6245 6080 6079
f 6072 6071 6073
f 6073 6071 6237
f 6073 6237 6074
f 6074 6237 6075
f 6079 6078 6245
f 6245 6078 6077
f 6245 6077 6238
f 6238 6077 6076
f 6238 6076 6075
f 6088 6246 6089
f 6089 6246 6243
f 6070 6069 6241
f 6241 6069 6104
f 6241 6104 6247
f 6247 6104 6103
f 6247 6103 6102
f 6090 6089 6091
f 6091 6089 6243
f 6091 6243 6092
f 6092 6243 6093
f 6102 6101 6247
f 6247 6101 6100
f 6247 6100 6239
f 6239 6100 6099
f 6239 6099 6098
f 6088 6087 6246
f 6246 6087 6086
f 6246 6086 6248
f 6248 6086 6085
f 6248 6085 6084
f 6084 6083 6248
f 6248 6083 6082
f 6248 6082 6244
f 6244 6082 6081
f 6244 6081 6080
f 6116 6115 6249
f 6249 6115 6114
f 6249 6114 6250
f 6250 6114 6113
f 6250 6113 6251
f 6251 6113 6252
f 6249 6253 6116
f 6116 6253 6254
f 6116 6254 6105
f 6105 6254 6255
f 6105 6255 6106
f 6106 6255 6256
f 6106 6256 6107
f 6107 6256 6257
f 6107 6257 6108
f 6108 6257 6258
f 6108 6258 6109
f 6109 6258 6259
f 6109 6259 6110
f 6110 6259 6260
f 6110 6260 6111
f 6111 6260 6252
f 6111 6252 6112
f 6112 6252 6113
f 6128 6127 6261
f 6261 6127 6126
f 6261 6126 6262
f 6262 6126 6125
f 6262 6125 6263
f 6263 6125 6264
f 6261 6265 6128
f 6128 6265 6266
f 6128 6266 6117
f 6117 6266 6267
f 6117 6267 6118
f 6118 6267 6268
f 6118 6268 6119
f 6119 6268 6269
f 6119 6269 6120
f 6120 6269 6270
f 6120 6270 6121
f 6121 6270 6271
f 6121 6271 6122
f 6122 6271 6272
f 6122 6272 6123
f 6123 6272 6264
f 6123 6264 6124
f 6124 6264 6125
f 6273 6274 6275
f 6275 6274 6276
f 6275 6276 6277
f 6277 6276 6278
f 6277 6278 6279
f 6279 6278 6280
f 6279 6280 6281
f 6281 6280 6282
f 6281 6282 6283
f 6283 6282 6284
f 6283 6284 6285
f 6285 6284 6286
f 6285 6286 6287
f 6287 6286 6288
f 6287 6288 6289
f 6289 6288 6290
f 6289 6290 6291
f 6291 6290 6292
f 6291 6292 6293
f 6293 6292 6294
f 6293 6294 6295
f 6295 6294 6296
f 6295 6296 6273
f 6273 6296 6274
f 6296 6297 6274
f 6274 6297 6298
f 6274 6298 6276
f 6276 6298 6299
f 6276 6299 6278
f 6278 6299 6300
f 6278 6300 6280
f 6280 6300 6301
f 6280 6301 6282
f 6282 6301 6302
f 6282 6302 6284
f 6284 6302 6303
f 6284 6303 6286
f 6286 6303 6304
f 6286 6304 6288
f 6288 6304 6305
f 6288 6305 6290
f 6290 6305 6306
f 6290 6306 6292
f 6292 6306 6307
f 6292 6307 6294
f 6294 6307 6308
f 6294 6308 6296
f 6296 6308 6297
f 6308 6143 6297
f 6297 6143 6144
f 6297 6144 6298
f 6298 6144 6152
f 6298 6152 6299
f 6299 6152 6151
f 6299 6151 6300
f 6300 6151 6150
f 6300 6150 6301
f 6301 6150 6149
f 6301 6149 6302
f 6302 6149 6148
f 6302 6148 6303
f 6303 6148 6147
f 6303 6147 6304
f 6304 6147 6146
f 6304 6146 6305
f 6305 6146 6145
f 6305 6145 6306
f 6306 6145 6141
f 6306 6141 6307
f 6307 6141 6142
f 6307 6142 6308
f 6308 6142 6143
f 6211 6309 6212
f 6212 6309 6310
f 6212 6310 6213
f 6213 6310 6311
f 6213 6311 6214
f 6214 6311 6312
f 6214 6312 6215
f 6215 6312 6313
f 6215 6313 6216
f 6216 6313 6314
f 6216 6314 6217
f 6217 6314 6315
f 6217 6315 6218
f 6218 6315 6316
f 6218 6316 6219
f 6219 6316 6317
f 6219 6317 6220
f 6220 6317 6318
f 6220 6318 6221
f 6221 6318 6319
f 6221 6319 6222
f 6222 6319 6320
f 6222 6320 6223
f 6223 6320 6321
f 6223 6321 6224
f 6224 6321 6322
f 6224 6322 6201
f 6201 6322 6323
f 6201 6323 6202
f 6202 6323 6324
f 6202 6324 6203
f 6203 6324 6325
f 6203 6325 6204
f 6204 6325 6326
f 6204 6326 6205
f 6205 6326 6327
f 6205 6327 6206
f 6206 6327 6328
f 6206 6328 6207
f 6207 6328 6329
f 6207 6329 6208
f 6208 6329 6330
f 6208 6330 6209
f 6209 6330 6331
f 6209 6331 6210
f 6210 6331 6332
f 6210 6332 6211
f 6211 6332 6309
f 6232 6333 6236
f 6236 6333 6334
f 6236 6334 6234
f 6234 6334 6335
f 6234 6335 6231
f 6231 6335 6336
f 6231 6336 6230
f 6230 6336 6337
f 6230 6337 6228
f 6228 6337 6338
f 6228 6338 6227
f 6227 6338 6339
f 6227 6339 6235
f 6235 6339 6340
f 6235 6340 6229
f 6229 6340 6341
f 6229 6341 6225
f 6225 6341 6342
f 6225 6342 6226
f 6226 6342 6343
f 6226 6343 6233
f 6233 6343 6344
f 6233 6344 6232
f 6232 6344 6333
f 6344 6345 6333
f 6333 6345 6346
f 6333 6346 6334
f 6334 6346 6347
f 6334 6347 6335
f 6335 6347 6348
f 6335 6348 6336
f 6336 6348 6349
f 6336 6349 6337
f 6337 6349 6350
f 6337 6350 6338
f 6338 6350 6351
f 6338 6351 6339
f 6339 6351 6352
f 6339 6352 6340
f 6340 6352 6353
f 6340 6353 6341
f 6341 6353 6354
f 6341 6354 6342
f 6342 6354 6355
f 6342 6355 6343
f 6343 6355 6356
f 6343 6356 6344
f 6344 6356 6345
f 6356 6357 6345
f 6345 6357 6358
f 6345 6358 6346
f 6346 6358 6359
f 6346 6359 6347
f 6347 6359 6360
f 6347 6360 6348
f 6348 6360 6361
f 6348 6361 6349
f 6349 6361 6362
f 6349 6362 6350
f 6350 6362 6363
f 6350 6363 6351
f 6351 6363 6364
f 6351 6364 6352
f 6352 6364 6365
f 6352 6365 6353
f 6353 6365 6366
f 6353 6366 6354
f 6354 6366 6367
f 6354 6367 6355
f 6355 6367 6368
f 6355 6368 6356
f 6356 6368 6357
f 6244 6369 6248
f 6248 6369 6370
f 6248 6370 6246
f 6246 6370 6371
f 6246 6371 6243
f 6243 6371 6372
f 6243 6372 6242
f 6242 6372 6373
f 6242 6373 6240
f 6240 6373 6374
f 6240 6374 6239
f 6239 6374 6375
f 6239 6375 6247
f 6247 6375 6376
f 6247 6376 6241
f 6241 6376 6377
f 6241 6377 6237
f 6237 6377 6378
f 6237 6378 6238
f 6238 6378 6379
f 6238 6379 6245
f 6245 6379 6380
f 6245 6380 6244
f 6244 6380 6369
f 6380 6381 6369
f 6369 6381 6382
f 6369 6382 6370
f 6370 6382 6383
f 6370 6383 6371
f 6371 6383 6384
f 6371 6384 6372
f 6372 6384 6385
f 6372 6385 6373
f 6373 6385 6386
f 6373 6386 6374
f 6374 6386 6387
f 6374 6387 6375
f 6375 6387 6388
f 6375 6388 6376
f 6376 6388 6389
f 6376 6389 6377
f 6377 6389 6390
f 6377 6390 6378
f 6378 6390 6391
f 6378 6391 6379
f 6379 6391 6392
f 6379 6392 6380
f 6380 6392 6381
f 6392 6393 6381
f 6381 6393 6394
f 6381 6394 6382
f 6382 6394 6395
f 6382 6395 6383
f 6383 6395 6396
f 6383 6396 6384
f 6384 6396 6397
f 6384 6397 6385
f 6385 6397 6398
f 6385 6398 6386
f 6386 6398 6399
f 6386 6399 6387
f 6387 6399 6400
f 6387 6400 6388
f 6388 6400 6401
f 6388 6401 6389
f 6389 6401 6402
f 6389 6402 6390
f 6390 6402 6403
f 6390 6403 6391
f 6391 6403 6404
f 6391 6404 6392
f 6392 6404 6393
f 6405 6406 6407
f 6407 6406 6408
f 6407 6408 6409
f 6409 6408 6410
f 6409 6410 6411
f 6411 6410 6412
f 6411 6412 6413
f 6413 6412 6414
f 6413 6414 6415
f 6415 6414 6416
f 6415 6416 6417
f 6417 6416 6418
f 6417 6418 6419
f 6419 6418 6420
f 6419 6420 6421
f 6421 6420 6422
f 6421 6422 6423
f 6423 6422 6424
f 6423 6424 6425
f 6425 6424 6426
f 6425 6426 6427
f 6427 6426 6428
f 6427 6428 6405
f 6405 6428 6406
f 6428 6429 6406
f 6406 6429 6430
f 6406 6430 6408
f 6408 6430 6431
f 6408 6431 6410
f 6410 6431 6432
f 6410 6432 6412
f 6412 6432 6433
f 6412 6433 6414
f 6414 6433 6434
f 6414 6434 6416
f 6416 6434 6435
f 6416 6435 6418
f 6418 6435 6436
f 6418 6436 6420
f 6420 6436 6437
f 6420 6437 6422
f 6422 6437 6438
f 6422 6438 6424
f 6424 6438 6439
f 6424 6439 6426
f 6426 6439 6440
f 6426 6440 6428
f 6428 6440 6429
f 6440 6256 6429
f 6429 6256 6255
f 6429 6255 6430
f 6430 6255 6254
f 6430 6254 6431
f 6431 6254 6253
f 6431 6253 6432
f 6432 6253 6249
f 6432 6249 6433
f 6433 6249 6250
f 6433 6250 6434
f 6434 6250 6251
f 6434 6251 6435
f 6435 6251 6252
f 6435 6252 6436
f 6436 6252 6260
f 6436 6260 6437
f 6437 6260 6259
f 6437 6259 6438
f 6438 6259 6258
f 6438 6258 6439
f 6439 6258 6257
f 6439 6257 6440
f 6440 6257 6256
f 6441 6442 6443
f 6443 6442 6444
f 6443 6444 6445
f 6445 6444 6446
f 6445 6446 6447
f 6447 6446 6448
f 6447 6448 6449
f 6449 6448 6450
f 6449 6450 6451
f 6451 6450 6452
f 6451 6452 6453
f 6453 6452 6454
f 6453 6454 6455
f 6455 6454 6456
f 6455 6456 6457
f 6457 6456 6458
f 6457 6458 6459
f 6459 6458 6460
f 6459 6460 6461
f 6461 6460 6462
f 6461 6462 6463
f 6463 6462 6464
f 6463 6464 6441
f 6441 6464 6442
f 6464 6465 6442
f 6442 6465 6466
f 6442 6466 6444
f 6444 6466 6467
f 6444 6467 6446
f 6446 6467 6468
f 6446 6468 6448
f 6448 6468 6469
f 6448 6469 6450
f 6450 6469 6470
f 6450 6470 6452
f 6452 6470 6471
f 6452 6471 6454
f 6454 6471 6472
f 6454 6472 6456
f 6456 6472 6473
f 6456 6473 6458
f 6458 6473 6474
f 6458 6474 6460
f 6460 6474 6475
f 6460 6475 6462
f 6462 6475 6476
f 6462 6476 6464
f 6464 6476 6465
f 6476 6268 6465
f 6465 6268 6267
f 6465 6267 6466
f 6466 6267 6266
f 6466 6266 6467
f 6467 6266 6265
f 6467 6265 6468
f 6468 6265 6261
f 6468 6261 6469
f 6469 6261 6262
f 6469 6262 6470
f 6470 6262 6263
f 6470 6263 6471
f 6471 6263 6264
f 6471 6264 6472
f 6472 6264 6272
f 6472 6272 6473
f 6473 6272 6271
f 6473 6271 6474
f 6474 6271 6270
f 6474 6270 6475
f 6475 6270 6269
f 6475 6269 6476
f 6476 6269 6268
f 6477 6135 6134
f 6477 6134 6478
f 6478 6134 6133
f 6478 6133 6479
f 6479 6133 6132
f 6479 6132 6480
f 6480 6132 6131
f 6480 6131 6481
f 6481 6131 6130
f 6481 6130 6482
f 6482 6130 6129
f 6482 6129 6483
f 6483 6129 6140
f 6483 6140 6484
f 6484 6140 6139
f 6484 6139 6485
f 6485 6139 6138
f 6485 6138 6486
f 6486 6138 6137
f 6486 6137 6487
f 6487 6137 6136
f 6487 6136 6488
f 6488 6136 6135
f 6488 6135 6477
f 6285 6489 6283
f 6283 6489 6490
f 6283 6490 6281
f 6281 6490 6491
f 6281 6491 6279
f 6279 6491 6492
f 6279 6492 6277
f 6277 6492 6493
f 6277 6493 6275
f 6275 6493 6494
f 6275 6494 6273
f 6273 6494 6495
f 6273 6495 6295
f 6295 6495 6496
f 6295 6496 6293
f 6293 6496 6497
f 6293 6497 6291
f 6291 6497 6498
f 6291 6498 6289
f 6289 6498 6499
f 6289 6499 6287
f 6287 6499 6500
f 6287 6500 6285
f 6285 6500 6489
f 6501 6309 6502
f 6502 6309 6332
f 6502 6332 6503
f 6503 6332 6331
f 6503 6331 6504
f 6504 6331 6330
f 6504 6330 6505
f 6505 6330 6329
f 6505 6329 6506
f 6506 6329 6328
f 6506 6328 6507
f 6507 6328 6327
f 6507 6327 6508
f 6508 6327 6326
f 6508 6326 6509
f 6509 6326 6325
f 6509 6325 6510
f 6510 6325 6324
f 6510 6324 6511
f 6511 6324 6323
f 6511 6323 6512
f 6512 6323 6322
f 6512 6322 6513
f 6513 6322 6321
f 6513 6321 6514
f 6514 6321 6320
f 6514 6320 6515
f 6515 6320 6319
f 6515 6319 6516
f 6516 6319 6318
f 6516 6318 6517
f 6517 6318 6317
f 6517 6317 6518
f 6518 6317 6316
f 6518 6316 6519
f 6519 6316 6315
f 6519 6315 6520
f 6520 6315 6314
f 6520 6314 6521
f 6521 6314 6313
f 6521 6313 6522
f 6522 6313 6312
f 6522 6312 6523
f 6523 6312 6311
f 6523 6311 6524
f 6524 6311 6310
f 6524 6310 6501
f 6501 6310 6309
f 6525 6361 6526
f 6526 6361 6360
f 6526 6360 6527
f 6527 6360 6359
f 6527 6359 6528
f 6528 6359 6358
f 6528 6358 6529
f 6529 6358 6357
f 6529 6357 6530
f 6530 6357 6368
f 6530 6368 6531
f 6531 6368 6367
f 6531 6367 6532
f 6532 6367 6366
f 6532 6366 6533
f 6533 6366 6365
f 6533 6365 6534
f 6534 6365 6364
f 6534 6364 6535
f 6535 6364 6363
f 6535 6363 6536
f 6536 6363 6362
f 6536 6362 6525
f 6525 6362 6361
f 6537 6397 6538
f 6538 6397 6396
f 6538 6396 6539
f 6539 6396 6395
f 6539 6395 6540
f 6540 6395 6394
f 6540 6394 6541
f 6541 6394 6393
f 6541 6393 6542
f 6542 6393 6404
f 6542 6404 6543
f 6543 6404 6403
f 6543 6403 6544
f 6544 6403 6402
f 6544 6402 6545
f 6545 6402 6401
f 6545 6401 6546
f 6546 6401 6400
f 6546 6400 6547
f 6547 6400 6399
f 6547 6399 6548
f 6548 6399 6398
f 6548 6398 6537
f 6537 6398 6397
f 6417 6549 6415
f 6415 6549 6550
f 6415 6550 6413
f 6413 6550 6551
f 6413 6551 6411
f 6411 6551 6552
f 6411 6552 6409
f 6409 6552 6553
f 6409 6553 6407
f 6407 6553 6554
f 6407 6554 6405
f 6405 6554 6555
f 6405 6555 6427
f 6427 6555 6556
f 6427 6556 6425
f 6425 6556 6557
f 6425 6557 6423
f 6423 6557 6558
f 6423 6558 6421
f 6421 6558 6559
f 6421 6559 6419
f 6419 6559 6560
f 6419 6560 6417
f 6417 6560 6549
f 6453 6561 6451
f 6451 6561 6562
f 6451 6562 6449
f 6449 6562 6563
f 6449 6563 6447
f 6447 6563 6564
f 6447 6564 6445
f 6445 6564 6565
f 6445 6565 6443
f 6443 6565 6566
f 6443 6566 6441
f 6441 6566 6567
f 6441 6567 6463
f 6463 6567 6568
f 6463 6568 6461
f 6461 6568 6569
f 6461 6569 6459
f 6459 6569 6570
f 6459 6570 6457
f 6457 6570 6571
f 6457 6571 6455
f 6455 6571 6572
f 6455 6572 6453
f 6453 6572 6561
f 6479 6573 6478
f 6478 6573 6574
f 6478 6574 6477
f 6477 6574 6575
f 6477 6575 6488
f 6488 6575 6576
f 6488 6576 6487
f 6487 6576 6577
f 6487 6577 6486
f 6486 6577 6578
f 6486 6578 6485
f 6485 6578 6579
f 6485 6579 6484
f 6484 6579 6580
f 6484 6580 6483
f 6483 6580 6581
f 6483 6581 6482
f 6482 6581 6582
f 6482 6582 6481
f 6481 6582 6583
f 6481 6583 6480
f 6480 6583 6584
f 6480 6584 6479
f 6479 6584 6573
f 6585 6586 6587
f 6587 6586 6588
f 6589 6590 6585
f 6585 6591 6589
f 6589 6591 6592
f 6589 6592 6593
f 6593 6592 6594
f 6593 6594 6595
f 6595 6594 6596
f 6595 6596 6597
f 6597 6596 6598
f 6597 6598 6599
f 6599 6598 6600
f 6599 6600 6601
f 6601 6600 6602
f 6601 6602 6603
f 6603 6602 6604
f 6603 6604 6605
f 6605 6604 6606
f 6605 6606 6607
f 6607 6606 6608
f 6607 6608 6609
f 6609 6608 6610
f 6609 6610 6611
f 6611 6610 6588
f 6611 6588 6590
f 6590 6588 6586
f 6590 6586 6585
f 6605 6612 6603
f 6603 6612 6613
f 6603 6613 6601
f 6601 6613 6614
f 6601 6614 6599
f 6599 6614 6615
f 6599 6615 6597
f 6597 6615 6616
f 6597 6616 6595
f 6595 6616 6617
f 6595 6617 6593
f 6593 6617 6618
f 6593 6618 6589
f 6589 6618 6619
f 6589 6619 6590
f 6590 6619 6620
f 6590 6620 6611
f 6611 6620 6621
f 6611 6621 6609
f 6609 6621 6622
f 6609 6622 6607
f 6607 6622 6623
f 6607 6623 6605
f 6605 6623 6612
f 6623 6493 6612
f 6612 6493 6492
f 6612 6492 6613
f 6613 6492 6491
f 6613 6491 6614
f 6614 6491 6490
f 6614 6490 6615
f 6615 6490 6489
f 6615 6489 6616
f 6616 6489 6500
f 6616 6500 6617
f 6617 6500 6499
f 6617 6499 6618
f 6618 6499 6498
f 6618 6498 6619
f 6619 6498 6497
f 6619 6497 6620
f 6620 6497 6496
f 6620 6496 6621
f 6621 6496 6495
f 6621 6495 6622
f 6622 6495 6494
f 6622 6494 6623
f 6623 6494 6493
f 6502 6624 6501
f 6501 6624 6625
f 6501 6625 6524
f 6524 6625 6626
f 6524 6626 6523
f 6523 6626 6627
f 6523 6627 6522
f 6522 6627 6628
f 6522 6628 6521
f 6521 6628 6629
f 6521 6629 6520
f 6520 6629 6630
f 6520 6630 6519
f 6519 6630 6631
f 6519 6631 6518
f 6518 6631 6632
f 6518 6632 6517
f 6517 6632 6633
f 6517 6633 6516
f 6516 6633 6634
f 6516 6634 6515
f 6515 6634 6635
f 6515 6635 6514
f 6514 6635 6636
f 6514 6636 6513
f 6513 6636 6637
f 6513 6637 6512
f 6512 6637 6638
f 6512 6638 6511
f 6511 6638 6639
f 6511 6639 6510
f 6510 6639 6640
f 6510 6640 6509
f 6509 6640 6641
f 6509 6641 6508
f 6508 6641 6642
f 6508 6642 6507
f 6507 6642 6643
f 6507 6643 6506
f 6506 6643 6644
f 6506 6644 6505
f 6505 6644 6645
f 6505 6645 6504
f 6504 6645 6646
f 6504 6646 6503
f 6503 6646 6647
f 6503 6647 6502
f 6502 6647 6624
f 6536 6648 6535
f 6535 6648 6649
f 6535 6649 6534
f 6534 6649 6650
f 6534 6650 6533
f 6533 6650 6651
f 6533 6651 6532
f 6532 6651 6652
f 6532 6652 6531
f 6531 6652 6653
f 6531 6653 6530
f 6530 6653 6654
f 6530 6654 6529
f 6529 6654 6655
f 6529 6655 6528
f 6528 6655 6656
f 6528 6656 6527
f 6527 6656 6657
f 6527 6657 6526
f 6526 6657 6658
f 6526 6658 6525
f 6525 6658 6659
f 6525 6659 6536
f 6536 6659 6648
f 6548 6660 6547
f 6547 6660 6661
f 6547 6661 6546
f 6546 6661 6662
f 6546 6662 6545
f 6545 6662 6663
f 6545 6663 6544
f 6544 6663 6664
f 6544 6664 6543
f 6543 6664 6665
f 6543 6665 6542
f 6542 6665 6666
f 6542 6666 6541
f 6541 6666 6667
f 6541 6667 6540
f 6540 6667 6668
f 6540 6668 6539
f 6539 6668 6669
f 6539 6669 6538
f 6538 6669 6670
f 6538 6670 6537
f 6537 6670 6671
f 6537 6671 6548
f 6548 6671 6660
f 6672 6673 6674
f 6672 6674 6675
f 6675 6674 6676
f 6675 6676 6677
f 6678 6679 6680
f 6680 6681 6678
f 6678 6681 6682
f 6678 6682 6683
f 6683 6682 6684
f 6683 6684 6676
f 6676 6684 6685
f 6676 6685 6677
f 6686 6687 6688
f 6688 6687 6689
f 6688 6689 6690
f 6690 6689 6691
f 6690 6691 6692
f 6692 6691 6693
f 6692 6693 6694
f 6695 6696 6686
f 6686 6696 6697
f 6697 6698 6686
f 6686 6698 6699
f 6686 6699 6687
f 6700 6701 6702
f 6702 6701 6703
f 6702 6703 6704
f 6704 6703 6705
f 6704 6705 6706
f 6700 6702 6707
f 6707 6702 6708
f 6707 6708 6709
f 6709 6708 6710
f 6709 6710 6711
f 6711 6710 6712
f 6711 6712 6713
f 6714 6715 6716
f 6716 6715 6717
f 6716 6717 6718
f 6718 6719 6716
f 6716 6719 6720
f 6716 6720 6721
f 6721 6720 6722
f 6721 6722 6723
f 6723 6722 6724
f 6723 6724 6725
f 6725 6724 6726
f 6725 6726 6727
f 6728 6729 6730
f 6730 6731 6732
f 6730 6733 6731
f 6731 6733 6734
f 6731 6734 6735
f 6735 6734 6736
f 6735 6736 6737
f 6737 6736 6738
f 6737 6738 6739
f 6739 6738 6740
f 6739 6740 6741
f 6741 6740 6742
f 6741 6742 6743
f 6743 6742 6744
f 6743 6744 6745
f 6745 6744 6746
f 6745 6746 6747
f 6747 6746 6748
f 6747 6748 6749
f 6749 6748 6750
f 6749 6750 6751
f 6751 6750 6752
f 6751 6752 6753
f 6753 6752 6729
f 6753 6729 6732
f 6732 6729 6728
f 6732 6728 6730
f 6735 6754 6731
f 6731 6754 6755
f 6731 6755 6732
f 6732 6755 6756
f 6732 6756 6753
f 6753 6756 6757
f 6753 6757 6751
f 6751 6757 6758
f 6751 6758 6749
f 6749 6758 6759
f 6749 6759 6747
f 6747 6759 6760
f 6747 6760 6745
f 6745 6760 6761
f 6745 6761 6743
f 6743 6761 6762
f 6743 6762 6741
f 6741 6762 6763
f 6741 6763 6739
f 6739 6763 6764
f 6739 6764 6737
f 6737 6764 6765
f 6737 6765 6735
f 6735 6765 6754
f 6765 6553 6754
f 6754 6553 6552
f 6754 6552 6755
f 6755 6552 6551
f 6755 6551 6756
f 6756 6551 6550
f 6756 6550 6757
f 6757 6550 6549
f 6757 6549 6758
f 6758 6549 6560
f 6758 6560 6759
f 6759 6560 6559
f 6759 6559 6760
f 6760 6559 6558
f 6760 6558 6761
f 6761 6558 6557
f 6761 6557 6762
f 6762 6557 6556
f 6762 6556 6763
f 6763 6556 6555
f 6763 6555 6764
f 6764 6555 6554
f 6764 6554 6765
f 6765 6554 6553
f 6766 6767 6768
f 6768 6769 6770
f 6768 6771 6769
f 6769 6771 6772
f 6769 6772 6773
f 6773 6772 6774
f 6773 6774 6775
f 6775 6774 6776
f 6775 6776 6777
f 6777 6776 6778
f 6777 6778 6779
f 6779 6778 6780
f 6779 6780 6781
f 6781 6780 6782
f 6781 6782 6783
f 6783 6782 6784
f 6783 6784 6785
f 6785 6784 6786
f 6785 6786 6787
f 6787 6786 6788
f 6787 6788 6789
f 6789 6788 6790
f 6789 6790 6791
f 6791 6790 6767
f 6791 6767 6770
f 6770 6767 6766
f 6770 6766 6768
f 6773 6792 6769
f 6769 6792 6793
f 6769 6793 6770
f 6770 6793 6794
f 6770 6794 6791
f 6791 6794 6795
f 6791 6795 6789
f 6789 6795 6796
f 6789 6796 6787
f 6787 6796 6797
f 6787 6797 6785
f 6785 6797 6798
f 6785 6798 6783
f 6783 6798 6799
f 6783 6799 6781
f 6781 6799 6800
f 6781 6800 6779
f 6779 6800 6801
f 6779 6801 6777
f 6777 6801 6802
f 6777 6802 6775
f 6775 6802 6803
f 6775 6803 6773
f 6773 6803 6792
f 6803 6565 6792
f 6792 6565 6564
f 6792 6564 6793
f 6793 6564 6563
f 6793 6563 6794
f 6794 6563 6562
f 6794 6562 6795
f 6795 6562 6561
f 6795 6561 6796
f 6796 6561 6572
f 6796 6572 6797
f 6797 6572 6571
f 6797 6571 6798
f 6798 6571 6570
f 6798 6570 6799
f 6799 6570 6569
f 6799 6569 6800
f 6800 6569 6568
f 6800 6568 6801
f 6801 6568 6567
f 6801 6567 6802
f 6802 6567 6566
f 6802 6566 6803
f 6803 6566 6565
f 6804 6805 6806
f 6806 6805 6807
f 6806 6807 6808
f 6808 6807 6809
f 6808 6809 6810
f 6810 6809 6811
f 6810 6811 6812
f 6812 6811 6813
f 6812 6813 6814
f 6814 6813 6815
f 6814 6815 6816
f 6816 6815 6817
f 6816 6817 6818
f 6818 6817 6819
f 6818 6819 6820
f 6820 6819 6821
f 6820 6821 6822
f 6822 6821 6823
f 6822 6823 6824
f 6824 6823 6825
f 6824 6825 6826
f 6826 6825 6827
f 6826 6827 6804
f 6804 6827 6805
f 6827 6828 6805
f 6805 6828 6829
f 6805 6829 6807
f 6807 6829 6830
f 6807 6830 6809
f 6809 6830 6831
f 6809 6831 6811
f 6811 6831 6832
f 6811 6832 6813
f 6813 6832 6833
f 6813 6833 6815
f 6815 6833 6834
f 6815 6834 6817
f 6817 6834 6835
f 6817 6835 6819
f 6819 6835 6836
f 6819 6836 6821
f 6821 6836 6837
f 6821 6837 6823
f 6823 6837 6838
f 6823 6838 6825
f 6825 6838 6839
f 6825 6839 6827
f 6827 6839 6828
f 6839 6577 6828
f 6828 6577 6576
f 6828 6576 6829
f 6829 6576 6575
f 6829 6575 6830
f 6830 6575 6574
f 6830 6574 6831
f 6831 6574 6573
f 6831 6573 6832
f 6832 6573 6584
f 6832 6584 6833
f 6833 6584 6583
f 6833 6583 6834
f 6834 6583 6582
f 6834 6582 6835
f 6835 6582 6581
f 6835 6581 6836
f 6836 6581 6580
f 6836 6580 6837
f 6837 6580 6579
f 6837 6579 6838
f 6838 6579 6578
f 6838 6578 6839
f 6839 6578 6577
f 6840 6841 6842
f 6842 6841 6843
f 6842 6843 6844
f 6844 6843 6845
f 6844 6845 6846
f 6840 6842 6847
f 6847 6842 6848
f 6847 6848 6849
f 6849 6848 6850
f 6849 6850 6851
f 6851 6850 6852
f 6851 6852 6853
f 6854 6855 6856
f 6856 6855 6857
f 6856 6857 6858
f 6857 6859 6858
f 6858 6859 6860
f 6858 6860 6861
f 6861 6860 6862
f 6861 6862 6863
f 6863 6862 6864
f 6863 6864 6865
f 6865 6864 6866
f 6865 6866 6867
f 6868 6869 6870
f 6870 6869 6871
f 6870 6871 6872
f 6872 6871 6873
f 6872 6873 6874
f 6874 6873 6875
f 6874 6875 6876
f 6868 6877 6869
f 6869 6877 6878
f 6869 6878 6879
f 6879 6878 6880
f 6879 6880 6881
f 6882 6883 6884
f 6884 6883 6885
f 6884 6885 6886
f 6886 6887 6884
f 6884 6887 6888
f 6884 6888 6889
f 6889 6888 6890
f 6889 6890 6891
f 6891 6890 6892
f 6891 6892 6893
f 6893 6892 6894
f 6893 6894 6895
f 6896 6897 6898
f 6899 6900 6901
f 6901 6900 6902
f 6901 6902 6903
f 6903 6902 6904
f 6903 6904 6905
f 6905 6904 6906
f 6906 6904 6907
f 6906 6907 6908
f 6908 6907 6909
f 6908 6909 6910
f 6910 6909 6911
f 6910 6911 6912
f 6911 6913 6912
f 6912 6913 6914
f 6912 6914 6915
f 6915 6914 6916
f 6916 6914 6917
f 6916 6917 6918
f 6918 6917 6919
f 6918 6919 6920
f 6920 6919 6921
f 6920 6921 6922
f 6921 6923 6922
f 6922 6923 6924
f 6922 6924 6925
f 6925 6924 6926
f 6925 6926 6927
f 6927 6926 6928
f 6896 6898 6929
f 6929 6898 6930
f 6929 6930 6928
f 6928 6930 6931
f 6928 6931 6927
f 6932 6933 6934
f 6934 6933 6935
f 6934 6935 6936
f 6936 6935 6937
f 6936 6937 6938
f 6938 6937 6939
f 6938 6939 6940
f 6940 6939 6941
f 6940 6941 6899
f 6899 6941 6942
f 6899 6942 6900
f 6934 6943 6932
f 6932 6943 6944
f 6932 6944 6945
f 6945 6944 6946
f 6945 6946 6947
f 6947 6946 6948
f 6947 6948 6949
f 6949 6948 6950
f 6949 6950 6951
f 6951 6950 6952
f 6951 6952 6897
f 6897 6952 6953
f 6897 6953 6898
f 6954 6955 6956
f 6957 6958 6956
f 6956 6958 6959
f 6956 6959 6954
f 6960 6957 6588
f 6588 6957 6956
f 6588 6956 6587
f 6955 6961 6956
f 6956 6961 6585
f 6956 6585 6587
f 6591 6585 6961
f 6591 6961 6592
f 6592 6961 6962
f 6592 6962 6594
f 6594 6962 6963
f 6594 6963 6596
f 6596 6963 6964
f 6596 6964 6598
f 6598 6964 6965
f 6598 6965 6600
f 6600 6965 6966
f 6600 6966 6602
f 6602 6966 6967
f 6602 6967 6604
f 6604 6967 6968
f 6604 6968 6606
f 6606 6968 6969
f 6606 6969 6608
f 6608 6969 6970
f 6608 6970 6610
f 6610 6970 6960
f 6610 6960 6588
f 6971 6972 6875
f 6873 6973 6875
f 6875 6973 6971
f 6879 6974 6869
f 6869 6974 6975
f 6869 6975 6871
f 6871 6975 6976
f 6871 6976 6873
f 6873 6976 6977
f 6873 6977 6973
f 6978 6979 6980
f 6981 6982 6983
f 6984 6985 6986
f 6987 6980 6988
f 6988 6980 6979
f 6988 6979 6975
f 6982 6981 6989
f 6984 6986 6990
f 6990 6986 6991
f 6990 6991 6992
f 6978 6973 6977
f 6978 6977 6979
f 6979 6977 6976
f 6979 6976 6975
f 6993 6994 6995
f 6994 6996 6995
f 6995 6996 6989
f 6995 6989 6992
f 6992 6989 6981
f 6992 6981 6990
f 6990 6981 6983
f 6990 6983 6984
f 6975 6974 6988
f 6988 6974 6993
f 6988 6993 6987
f 6987 6993 6995
f 6987 6995 6980
f 6980 6995 6992
f 6980 6992 6978
f 6978 6992 6991
f 6978 6991 6973
f 6973 6991 6986
f 6973 6986 6971
f 6971 6986 6985
f 6971 6985 6972
f 6997 6998 6999
f 7000 7001 7002
f 7003 7001 7000
f 7004 7005 7006
f 7006 7005 6998
f 7006 6998 7007
f 7007 6998 6997
f 7007 6997 7008
f 7008 6997 7009
f 7008 7009 7010
f 7002 7011 7012
f 7012 7011 7013
f 7012 7013 7014
f 7014 7013 7015
f 7014 7015 7016
f 7004 7006 7017
f 7017 7006 7007
f 7017 7007 7018
f 7018 7007 7008
f 7018 7008 7019
f 7019 7008 7010
f 7019 7010 7020
f 7021 7020 7022
f 7022 7020 7010
f 7022 7010 7016
f 7016 7010 7009
f 7016 7009 7014
f 7014 7009 6997
f 7014 6997 7012
f 7012 6997 6999
f 7012 6999 7002
f 7002 6999 6998
f 7002 6998 7000
f 7000 6998 7005
f 7000 7005 7003
f 7011 6856 7013
f 7013 6856 6858
f 7013 6858 7015
f 7015 6858 6861
f 7015 6861 7016
f 7016 6861 6863
f 7016 6863 7022
f 7022 6863 6865
f 7022 6865 7021
f 7023 7024 6852
f 6850 7025 6852
f 6852 7025 7023
f 6844 7026 6842
f 6842 7026 7027
f 6842 7027 6848
f 6848 7027 7028
f 6848 7028 6850
f 6850 7028 7029
f 6850 7029 7025
f 7030 7031 7032
f 7033 7034 7035
f 7036 7037 7038
f 7039 7032 7040
f 7040 7032 7031
f 7040 7031 7027
f 7034 7033 7041
f 7036 7038 7042
f 7042 7038 7043
f 7042 7043 7044
f 7030 7025 7029
f 7030 7029 7031
f 7031 7029 7028
f 7031 7028 7027
f 7045 7046 7047
f 7046 7048 7047
f 7047 7048 7041
f 7047 7041 7044
f 7044 7041 7033
f 7044 7033 7042
f 7042 7033 7035
f 7042 7035 7036
f 7027 7026 7040
f 7040 7026 7045
f 7040 7045 7039
f 7039 7045 7047
f 7039 7047 7032
f 7032 7047 7044
f 7032 7044 7030
f 7030 7044 7043
f 7030 7043 7025
f 7025 7043 7038
f 7025 7038 7023
f 7023 7038 7037
f 7023 7037 7024
f 7049 6714 7050
f 7050 6714 6716
f 7050 6716 7051
f 7051 6716 6721
f 7051 6721 7052
f 7052 6721 6723
f 7052 6723 7053
f 7053 6723 6725
f 7053 6725 7054
f 7055 7056 6712
f 6710 7057 6712
f 6712 7057 7055
f 6704 7058 6702
f 6702 7058 7059
f 6702 7059 6708
f 6708 7059 7060
f 6708 7060 6710
f 6710 7060 7061
f 6710 7061 7057
f 7062 6695 7063
f 7063 6695 6686
f 7063 6686 7064
f 7064 6686 6688
f 7064 6688 7065
f 7065 6688 6690
f 7065 6690 7066
f 7066 6690 6692
f 7066 6692 7067
f 7068 7069 6679
f 6678 7070 6679
f 6679 7070 7068
f 6674 7071 6676
f 6676 7071 7072
f 6676 7072 6683
f 6683 7072 7073
f 6683 7073 6678
f 6678 7073 7074
f 6678 7074 7070
f 7075 7076 7077
f 7078 7079 7080
f 7081 7079 7078
f 7082 7083 7084
f 7084 7083 7076
f 7084 7076 7085
f 7085 7076 7075
f 7085 7075 7086
f 7086 7075 7087
f 7086 7087 7088
f 7080 7089 7090
f 7090 7089 7091
f 7090 7091 7092
f 7092 7091 7093
f 7092 7093 7094
f 7082 7084 7095
f 7095 7084 7085
f 7095 7085 7096
f 7096 7085 7086
f 7096 7086 7097
f 7097 7086 7088
f 7097 7088 7098
f 7099 7098 7100
f 7100 7098 7088
f 7100 7088 7094
f 7094 7088 7087
f 7094 7087 7092
f 7092 7087 7075
f 7092 7075 7090
f 7090 7075 7077
f 7090 7077 7080
f 7080 7077 7076
f 7080 7076 7078
f 7078 7076 7083
f 7078 7083 7081
f 7089 6882 7091
f 7091 6882 6884
f 7091 6884 7093
f 7093 6884 6889
f 7093 6889 7094
f 7094 6889 6891
f 7094 6891 7100
f 7100 6891 6893
f 7100 6893 7099
f 7101 7102 7103
f 7103 7102 7104
f 7103 7104 7105
f 7105 7104 7106
f 7105 7106 7107
f 7107 7106 7108
f 7107 7108 7109
f 7109 7108 7110
f 7109 7110 7111
f 7111 7110 7112
f 7111 7112 7113
f 7113 7112 7114
f 7113 7114 7115
f 7115 7114 7116
f 7115 7116 7117
f 7117 7116 7118
f 7117 7118 7119
f 7119 7118 7120
f 7119 7120 7121
f 7121 7120 7122
f 7121 7122 7123
f 7123 7122 7124
f 7123 7124 7125
f 7125 7124 7126
f 7125 7126 7127
f 7127 7126 7128
f 7127 7128 7129
f 7129 7128 7130
f 7129 7130 7131
f 7131 7130 7132
f 7131 7132 7133
f 7133 7132 7134
f 7133 7134 7135
f 7135 7134 7136
f 7135 7136 7137
f 7137 7136 7138
f 7137 7138 7139
f 7139 7138 7140
f 7139 7140 7141
f 7141 7140 7142
f 7141 7142 7143
f 7143 7142 7144
f 7143 7144 7145
f 7145 7144 7146
f 7145 7146 7147
f 7147 7146 7148
f 7147 7148 7101
f 7101 7148 7102
f 7102 7149 7104
f 7104 7149 7150
f 7104 7150 7106
f 7106 7150 7151
f 7106 7151 7108
f 7108 7151 7152
f 7108 7152 7110
f 7110 7152 7153
f 7110 7153 7112
f 7112 7153 7154
f 7112 7154 7114
f 7114 7154 7155
f 7114 7155 7116
f 7116 7155 7156
f 7116 7156 7118
f 7118 7156 7157
f 7118 7157 7120
f 7120 7157 7158
f 7120 7158 7122
f 7122 7158 7159
f 7122 7159 7124
f 7124 7159 7160
f 7124 7160 7126
f 7126 7160 7161
f 7126 7161 7128
f 7128 7161 7162
f 7128 7162 7130
f 7130 7162 7163
f 7130 7163 7132
f 7132 7163 7164
f 7132 7164 7134
f 7134 7164 7165
f 7134 7165 7136
f 7136 7165 7166
f 7136 7166 7138
f 7138 7166 7167
f 7138 7167 7140
f 7140 7167 7168
f 7140 7168 7142
f 7142 7168 7169
f 7142 7169 7144
f 7144 7169 7170
f 7144 7170 7146
f 7146 7170 7171
f 7146 7171 7148
f 7148 7171 7172
f 7148 7172 7102
f 7102 7172 7149
f 7149 6624 7150
f 7150 6624 6647
f 7150 6647 7151
f 7151 6647 6646
f 7151 6646 7152
f 7152 6646 6645
f 7152 6645 7153
f 7153 6645 6644
f 7153 6644 7154
f 7154 6644 6643
f 7154 6643 7155
f 7155 6643 6642
f 7155 6642 7156
f 7156 6642 6641
f 7156 6641 7157
f 7157 6641 6640
f 7157 6640 7158
f 7158 6640 6639
f 7158 6639 7159
f 7159 6639 6638
f 7159 6638 7160
f 7160 6638 6637
f 7160 6637 7161
f 7161 6637 6636
f 7161 6636 7162
f 7162 6636 6635
f 7162 6635 7163
f 7163 6635 6634
f 7163 6634 7164
f 7164 6634 6633
f 7164 6633 7165
f 7165 6633 6632
f 7165 6632 7166
f 7166 6632 6631
f 7166 6631 7167
f 7167 6631 6630
f 7167 6630 7168
f 7168 6630 6629
f 7168 6629 7169
f 7169 6629 6628
f 7169 6628 7170
f 7170 6628 6627
f 7170 6627 7171
f 7171 6627 6626
f 7171 6626 7172
f 7172 6626 6625
f 7172 6625 7149
f 7149 6625 6624
f 7173 7174 6659
f 6659 7174 7175
f 6659 7175 6648
f 6648 7175 7176
f 6648 7176 6649
f 6649 7176 7177
f 6649 7177 6650
f 6650 7177 7178
f 6650 7178 6651
f 6651 7178 7179
f 6651 7179 6652
f 6652 7179 7180
f 6652 7180 6653
f 6653 7180 7181
f 6653 7181 6654
f 6654 7181 7182
f 6654 7182 6655
f 6655 7182 7183
f 6655 7183 6656
f 6656 7183 7184
f 6656 7184 6657
f 6657 7184 7185
f 6657 7185 6658
f 6658 7185 7173
f 6658 7173 6659
f 7186 7187 6665
f 6665 7187 7188
f 6665 7188 6666
f 6666 7188 7189
f 6666 7189 6667
f 6667 7189 7190
f 6667 7190 6668
f 6668 7190 7191
f 6668 7191 6669
f 6669 7191 7192
f 6669 7192 6670
f 6670 7192 7193
f 6670 7193 6671
f 6671 7193 7194
f 6671 7194 6660
f 6660 7194 7195
f 6660 7195 6661
f 6661 7195 7196
f 6661 7196 6662
f 6662 7196 7197
f 6662 7197 6663
f 6663 7197 7198
f 6663 7198 6664
f 6664 7198 7186
f 6664 7186 6665
f 7199 7200 7201
f 7202 7203 7204
f 7205 7206 7207
f 7208 7201 7209
f 7209 7201 7200
f 7209 7200 7072
f 7203 7202 7210
f 7205 7207 7211
f 7211 7207 7212
f 7211 7212 7213
f 7199 7070 7074
f 7199 7074 7200
f 7200 7074 7073
f 7200 7073 7072
f 7214 7215 7216
f 7215 7217 7216
f 7216 7217 7210
f 7216 7210 7213
f 7213 7210 7202
f 7213 7202 7211
f 7211 7202 7204
f 7211 7204 7205
f 7072 7071 7209
f 7209 7071 7214
f 7209 7214 7208
f 7208 7214 7216
f 7208 7216 7201
f 7201 7216 7213
f 7201 7213 7199
f 7199 7213 7212
f 7199 7212 7070
f 7070 7212 7207
f 7070 7207 7068
f 7068 7207 7206
f 7068 7206 7069
f 7069 7218 6679
f 6679 7218 6680
f 6681 7219 6682
f 6682 7219 7220
f 6677 6685 7220
f 7220 6685 6684
f 7220 6684 6682
f 7221 6675 6677
f 7222 6672 6675
f 6673 6672 7223
f 7223 6672 7222
f 7223 7222 7224
f 7224 7222 7225
f 7224 7225 7226
f 7226 7225 7227
f 7226 7227 7228
f 7229 7230 7231
f 6675 7221 7222
f 7222 7221 7229
f 7222 7229 7225
f 7225 7229 7231
f 7225 7231 7227
f 6681 6680 7219
f 7219 6680 7232
f 7219 7232 7233
f 6677 7220 7221
f 7221 7220 7219
f 7221 7219 7229
f 7229 7219 7233
f 7229 7233 7230
f 6695 6674 6696
f 6696 6674 6673
f 7234 6697 6696
f 7235 6698 6697
f 6689 6687 7236
f 7236 6687 6699
f 7236 6699 6698
f 6689 7236 6691
f 6691 7236 7237
f 6691 7237 6693
f 6693 7237 7238
f 6693 7238 6694
f 6697 7234 7235
f 7235 7234 7239
f 7235 7239 7240
f 7240 7241 7242
f 6698 7235 7236
f 7236 7235 7240
f 7236 7240 7237
f 7237 7240 7242
f 7237 7242 7238
f 6696 7243 7234
f 7234 7243 7244
f 7234 7244 7239
f 7239 7244 7245
f 7241 7240 7246
f 7246 7240 7239
f 7246 7239 7247
f 7247 7239 7245
f 7247 7245 7248
f 6694 7249 6692
f 6692 7249 7067
f 7250 7251 7252
f 7253 7254 7255
f 7256 7257 7258
f 7250 7259 7260
f 7253 7255 7261
f 7250 7260 7251
f 7251 7260 7262
f 7251 7262 7263
f 7258 7062 7264
f 7264 7062 7063
f 7264 7063 7265
f 7265 7063 7064
f 7265 7064 7065
f 7250 7261 7259
f 7259 7261 7255
f 7259 7255 7260
f 7260 7255 7266
f 7260 7266 7262
f 7262 7266 7267
f 7262 7267 7263
f 7067 7254 7066
f 7066 7254 7253
f 7066 7253 7065
f 7065 7253 7261
f 7065 7261 7265
f 7265 7261 7250
f 7265 7250 7264
f 7264 7250 7252
f 7264 7252 7258
f 7258 7252 7251
f 7258 7251 7256
f 7256 7251 7263
f 7256 7263 7257
f 7268 7269 7270
f 7271 7272 7273
f 7274 7275 7276
f 7277 7270 7278
f 7278 7270 7269
f 7278 7269 7059
f 7272 7271 7279
f 7274 7276 7280
f 7280 7276 7281
f 7280 7281 7282
f 7268 7057 7061
f 7268 7061 7269
f 7269 7061 7060
f 7269 7060 7059
f 7283 7284 7285
f 7284 7286 7285
f 7285 7286 7279
f 7285 7279 7282
f 7282 7279 7271
f 7282 7271 7280
f 7280 7271 7273
f 7280 7273 7274
f 7059 7058 7278
f 7278 7058 7283
f 7278 7283 7277
f 7277 7283 7285
f 7277 7285 7270
f 7270 7285 7282
f 7270 7282 7268
f 7268 7282 7281
f 7268 7281 7057
f 7057 7281 7276
f 7057 7276 7055
f 7055 7276 7275
f 7055 7275 7056
f 6714 6704 6715
f 6715 6704 6706
f 7287 6717 6715
f 7288 6718 6717
f 6722 6720 7289
f 7289 6720 6719
f 7289 6719 6718
f 6722 7289 6724
f 6724 7289 7290
f 6724 7290 6726
f 6726 7290 7291
f 6726 7291 6727
f 6717 7287 7288
f 7288 7287 7292
f 7288 7292 7293
f 7293 7294 7295
f 6718 7288 7289
f 7289 7288 7293
f 7289 7293 7290
f 7290 7293 7295
f 7290 7295 7291
f 6715 7296 7287
f 7287 7296 7297
f 7287 7297 7292
f 7292 7297 7298
f 7294 7293 7299
f 7299 7293 7292
f 7299 7292 7300
f 7300 7292 7298
f 7300 7298 7301
f 6711 7302 6709
f 6709 7302 7303
f 6701 6700 7303
f 7303 6700 6707
f 7303 6707 6709
f 7304 6703 6701
f 7305 6705 6703
f 6706 6705 7306
f 7306 6705 7305
f 7306 7305 7307
f 7307 7305 7308
f 7307 7308 7309
f 7309 7308 7310
f 7309 7310 7311
f 7312 7313 7314
f 6703 7304 7305
f 7305 7304 7312
f 7305 7312 7308
f 7308 7312 7314
f 7308 7314 7310
f 6711 6713 7302
f 7302 6713 7315
f 7302 7315 7316
f 6701 7303 7304
f 7304 7303 7302
f 7304 7302 7312
f 7312 7302 7316
f 7312 7316 7313
f 7056 7317 6712
f 6712 7317 6713
f 6727 7318 6725
f 6725 7318 7054
f 7319 7320 7321
f 7322 7323 7324
f 7325 7323 7322
f 7326 7327 7328
f 7328 7327 7320
f 7328 7320 7329
f 7329 7320 7319
f 7329 7319 7330
f 7330 7319 7331
f 7330 7331 7332
f 7324 7049 7333
f 7333 7049 7050
f 7333 7050 7334
f 7334 7050 7051
f 7334 7051 7052
f 7326 7328 7335
f 7335 7328 7329
f 7335 7329 7336
f 7336 7329 7330
f 7336 7330 7337
f 7337 7330 7332
f 7337 7332 7338
f 7054 7338 7053
f 7053 7338 7332
f 7053 7332 7052
f 7052 7332 7331
f 7052 7331 7334
f 7334 7331 7319
f 7334 7319 7333
f 7333 7319 7321
f 7333 7321 7324
f 7324 7321 7320
f 7324 7320 7322
f 7322 7320 7327
f 7322 7327 7325
f 7339 7340 7341
f 7341 7340 7342
f 7341 7342 7343
f 7342 7344 6730
f 7342 6730 7343
f 7343 6730 6729
f 7343 6729 7345
f 7345 6729 6752
f 7345 6752 7346
f 7346 6752 6750
f 7346 6750 7347
f 7347 6750 6748
f 7347 6748 7348
f 7348 6748 6746
f 7348 6746 7349
f 7349 6746 6744
f 7349 6744 7350
f 7350 6744 6742
f 7350 6742 7351
f 7351 6742 6740
f 7351 6740 7352
f 7352 6740 6738
f 7352 6738 7353
f 7353 6738 6736
f 7353 6736 7354
f 7354 6736 6734
f 7354 6734 7344
f 7344 6734 6733
f 7344 6733 6730
f 7355 7356 7357
f 7357 7356 7358
f 7357 7358 7359
f 7358 7360 6768
f 7358 6768 7359
f 7359 6768 6767
f 7359 6767 7361
f 6771 6768 7360
f 6771 7360 6772
f 6772 7360 7362
f 6772 7362 6774
f 6774 7362 7363
f 6774 7363 6776
f 6776 7363 7364
f 6776 7364 6778
f 6778 7364 7365
f 6778 7365 6780
f 6780 7365 7366
f 6780 7366 6782
f 6782 7366 7367
f 6782 7367 6784
f 6784 7367 7368
f 6784 7368 6786
f 6786 7368 7369
f 6786 7369 6788
f 6788 7369 7370
f 6788 7370 6790
f 6790 7370 7361
f 6790 7361 6767
f 6816 7371 6814
f 6814 7371 7372
f 6814 7372 6812
f 6812 7372 7373
f 6812 7373 6810
f 6810 7373 7374
f 6810 7374 6808
f 6808 7374 7375
f 6808 7375 6806
f 6806 7375 7376
f 6806 7376 6804
f 6804 7376 7377
f 6804 7377 6826
f 6826 7377 7378
f 6826 7378 6824
f 6824 7378 7379
f 6824 7379 6822
f 6822 7379 7380
f 6822 7380 6820
f 6820 7380 7381
f 6820 7381 6818
f 6818 7381 7382
f 6818 7382 6816
f 6816 7382 7371
f 7383 6897 7384
f 7384 6897 6896
f 7384 6896 7385
f 6896 6929 7385
f 7385 6929 6928
f 7385 6928 7386
f 7386 6928 6926
f 7386 6926 7387
f 6926 6924 7387
f 7387 6924 6923
f 7387 6923 7388
f 6923 6921 7388
f 7388 6921 6919
f 7388 6919 7389
f 7389 6919 6917
f 7389 6917 7390
f 6917 6914 7390
f 7390 6914 6913
f 7390 6913 7391
f 7391 6913 6911
f 7391 6911 7392
f 6904 7393 6907
f 6907 7393 7392
f 6907 7392 6909
f 6909 7392 6911
f 6939 7394 6941
f 6941 7394 7395
f 6941 7395 6942
f 6942 7395 7396
f 6942 7396 6900
f 6900 7396 7397
f 6900 7397 6902
f 6902 7397 7393
f 6902 7393 6904
f 6951 6897 7383
f 7383 7398 6951
f 6951 7398 7399
f 6951 7399 6949
f 6949 7399 7400
f 6949 7400 6947
f 6939 6937 7394
f 7394 6937 6935
f 7394 6935 7401
f 7401 6935 6933
f 7401 6933 7402
f 7402 6933 6932
f 7402 6932 7400
f 7400 6932 6945
f 7400 6945 6947
f 7403 7404 7405
f 7406 7407 7408
f 7408 7407 7409
f 7408 7409 7410
f 7410 7409 7411
f 7410 7411 7412
f 7412 7411 7413
f 7412 7413 7414
f 7415 7416 7417
f 7417 7416 7406
f 7417 7406 7418
f 7418 7406 7408
f 7419 7420 7421
f 7404 7419 7422
f 7422 7419 7421
f 7422 7421 7415
f 7415 7421 7423
f 7415 7423 7416
f 7424 7425 7403
f 7425 7424 7426
f 7404 7422 7405
f 7405 7422 7415
f 7405 7415 7427
f 7427 7415 7417
f 7427 7417 7428
f 7428 7417 7418
f 7428 7418 7429
f 7429 7418 7408
f 7429 7408 7430
f 7430 7408 7410
f 7430 7410 7431
f 7431 7410 7412
f 7431 7412 7432
f 7432 7412 7414
f 7432 7414 7433
f 7403 7405 7424
f 7424 7405 7427
f 7424 7427 7434
f 7434 7427 7428
f 7434 7428 7435
f 7435 7428 7429
f 7435 7429 7436
f 7436 7429 7430
f 7436 7430 7437
f 7437 7430 7431
f 7437 7431 7438
f 7438 7431 7432
f 7438 7432 7439
f 7439 7432 7433
f 7439 7433 7440
f 7426 7424 7441
f 7441 7424 7434
f 7441 7434 7442
f 7442 7434 7435
f 7442 7435 7443
f 7443 7435 7436
f 7443 7436 7444
f 7444 7436 7437
f 7444 7437 7445
f 7445 7437 7438
f 7445 7438 7446
f 7446 7438 7439
f 7446 7439 7447
f 7447 7439 7440
f 7447 7440 7448
f 7449 7448 7450
f 7450 7448 7440
f 7450 7440 7451
f 7451 7440 7433
f 7451 7433 7452
f 7452 7433 7414
f 7452 7414 7453
f 7453 7414 7413
f 7453 7413 7454
f 7455 7046 7449
f 7449 7046 7448
f 7048 7046 7455
f 7456 7024 7457
f 7457 7024 7037
f 7457 7037 7458
f 7458 7037 7036
f 7458 7036 7459
f 7459 7036 7035
f 7459 7035 7460
f 7460 7035 7034
f 7460 7034 7461
f 7034 7041 7461
f 7461 7041 7048
f 7461 7048 7462
f 7462 7048 7455
f 7024 7456 6852
f 6852 7456 6853
f 7463 7464 7465
f 6840 6847 7466
f 6849 6851 7467
f 7467 6851 6853
f 6840 7466 6841
f 6841 7466 7468
f 6841 7468 6843
f 6843 7468 7465
f 6843 7465 6845
f 6845 7465 7464
f 6845 7464 6846
f 6853 7469 7467
f 7467 7469 7470
f 7467 7470 7471
f 7472 7473 7474
f 7474 7473 7475
f 7474 7475 7476
f 7476 7475 7471
f 7476 7471 7477
f 7477 7471 7470
f 7473 7463 7475
f 7475 7463 7465
f 7475 7465 7471
f 7471 7465 7468
f 7471 7468 7467
f 7467 7468 7466
f 7467 7466 6849
f 6849 7466 6847
f 6856 6844 6854
f 6854 6844 6846
f 7478 7479 7480
f 6864 6862 7481
f 7481 6857 7482
f 7482 6857 6855
f 7482 6855 7483
f 7483 6855 6854
f 7483 6854 7484
f 6862 6860 7481
f 7481 6860 6859
f 7481 6859 6857
f 7485 7478 7486
f 7478 7480 7486
f 7486 7480 7487
f 7486 7487 7488
f 6867 6866 7489
f 7489 6866 7490
f 7489 7490 7491
f 7491 7490 7488
f 7491 7488 7492
f 7492 7488 7487
f 6866 6864 7490
f 7490 6864 7481
f 7490 7481 7488
f 7488 7481 7482
f 7488 7482 7486
f 7486 7482 7483
f 7486 7483 7485
f 7485 7483 7484
f 6867 7493 6865
f 6865 7493 7021
f 7021 7493 7494
f 7495 7001 7496
f 7496 7001 7003
f 7004 7497 7005
f 7005 7497 7498
f 7005 7498 7003
f 7003 7498 7499
f 7003 7499 7496
f 7004 7017 7497
f 7497 7017 7018
f 7497 7018 7500
f 7500 7018 7019
f 7500 7019 7494
f 7494 7019 7020
f 7494 7020 7021
f 7001 7495 6994
f 6994 7495 7501
f 7502 6972 7503
f 7503 6972 6985
f 7503 6985 7504
f 7504 6985 6984
f 7504 6984 7505
f 6984 6983 7505
f 7505 6983 6982
f 7505 6982 7506
f 6994 7501 6996
f 6996 7501 7507
f 6982 6989 7506
f 7506 6989 6996
f 7506 6996 7508
f 7508 6996 7507
f 6972 7502 6875
f 6875 7502 6876
f 7509 7510 7511
f 6868 6870 7512
f 6872 6874 7513
f 7513 6874 6876
f 6868 7512 6877
f 6877 7512 7514
f 6877 7514 6878
f 6878 7514 7511
f 6878 7511 6880
f 6880 7511 7510
f 6880 7510 6881
f 6876 7515 7513
f 7513 7515 7516
f 7513 7516 7517
f 7518 7519 7520
f 7520 7519 7521
f 7520 7521 7522
f 7522 7521 7517
f 7522 7517 7523
f 7523 7517 7516
f 7519 7509 7521
f 7521 7509 7511
f 7521 7511 7517
f 7517 7511 7514
f 7517 7514 7513
f 7513 7514 7512
f 7513 7512 6872
f 6872 7512 6870
f 6882 6879 6883
f 6883 6879 6881
f 7524 7525 7526
f 6892 6890 7527
f 7527 6886 7528
f 7528 6886 6885
f 7528 6885 7529
f 7529 6885 6883
f 7529 6883 7530
f 6890 6888 7527
f 7527 6888 6887
f 7527 6887 6886
f 7531 7524 7532
f 7524 7526 7532
f 7532 7526 7533
f 7532 7533 7534
f 6895 6894 7535
f 7535 6894 7536
f 7535 7536 7537
f 7537 7536 7534
f 7537 7534 7538
f 7538 7534 7533
f 6894 6892 7536
f 7536 6892 7527
f 7536 7527 7534
f 7534 7527 7528
f 7534 7528 7532
f 7532 7528 7529
f 7532 7529 7531
f 7531 7529 7530
f 6895 7539 6893
f 6893 7539 7099
f 7099 7539 7540
f 7541 7079 7542
f 7542 7079 7081
f 7082 7543 7083
f 7083 7543 7544
f 7083 7544 7081
f 7081 7544 7545
f 7081 7545 7542
f 7082 7095 7543
f 7543 7095 7096
f 7543 7096 7546
f 7546 7096 7097
f 7546 7097 7540
f 7540 7097 7098
f 7540 7098 7099
f 7541 7547 7079
f 7079 7547 7548
f 7549 6903 7550
f 7550 6903 6905
f 7550 6905 7551
f 6905 6906 7551
f 7551 6906 6908
f 7551 6908 7552
f 7552 6908 6910
f 7552 6910 7553
f 6910 6912 7553
f 7553 6912 6915
f 7553 6915 7554
f 6915 6916 7554
f 7554 6916 6918
f 7554 6918 7555
f 7555 6918 6920
f 7555 6920 7556
f 6920 6922 7556
f 7556 6922 6925
f 7556 6925 7557
f 7557 6925 6927
f 7557 6927 7558
f 6898 7559 6930
f 6930 7559 7558
f 6930 7558 6931
f 6931 7558 6927
f 7559 6898 7560
f 7560 6898 6953
f 7560 6953 7561
f 6953 6952 7561
f 7561 6952 6950
f 7561 6950 7562
f 7562 6950 6948
f 7562 6948 7563
f 6948 6946 7563
f 7563 6946 6944
f 7563 6944 7564
f 6944 6943 7564
f 7564 6943 6934
f 7564 6934 7565
f 7565 6934 6936
f 7565 6936 7566
f 6903 7549 6901
f 6901 7549 7567
f 6901 7567 6899
f 6899 7567 7568
f 6899 7568 6940
f 6940 7568 7566
f 6940 7566 6938
f 6938 7566 6936
f 7569 7570 7548
f 7571 7572 7573
f 7548 7574 7569
f 7569 7574 7575
f 7569 7575 7576
f 7576 7575 7577
f 7576 7577 7578
f 7578 7577 7579
f 7578 7579 7580
f 7581 7570 7582
f 7582 7570 7569
f 7582 7569 7583
f 7583 7569 7576
f 7583 7576 7573
f 7573 7576 7578
f 7573 7578 7571
f 7571 7578 7580
f 7584 7581 7585
f 7585 7581 7582
f 7585 7582 7586
f 7586 7582 7583
f 7586 7583 7587
f 7587 7583 7573
f 7587 7573 7588
f 7588 7573 7572
f 7589 7584 7590
f 7590 7584 7585
f 7590 7585 7591
f 7591 7585 7586
f 7591 7586 7592
f 7592 7586 7587
f 7592 7587 7593
f 7593 7587 7588
f 7548 7547 7574
f 7574 7547 7594
f 7574 7594 7575
f 7575 7594 7595
f 7575 7595 7577
f 7577 7595 7596
f 7577 7596 7579
f 7596 7597 7579
f 7579 7597 7598
f 7579 7598 7580
f 6961 6955 6954
f 6958 6957 6960
f 6970 7599 6960
f 6960 7599 7600
f 6960 7600 6958
f 6962 6961 7601
f 7601 6961 7602
f 7602 6961 6954
f 7602 6954 7603
f 7601 7604 6962
f 6962 7604 7605
f 6962 7605 6963
f 7605 7606 6963
f 6963 7606 7607
f 6963 7607 6964
f 7607 7608 6964
f 6964 7608 7609
f 6964 7609 6965
f 7609 7610 6965
f 6965 7610 7611
f 6965 7611 6966
f 7611 7612 6966
f 6966 7612 7613
f 6966 7613 6967
f 7613 7614 6967
f 6967 7614 7615
f 6967 7615 6968
f 7615 7616 6968
f 6968 7616 7617
f 6968 7617 6969
f 7600 7618 6958
f 6958 7618 7619
f 6958 7619 6959
f 6959 7619 7620
f 6959 7620 6954
f 6954 7620 7621
f 6954 7621 7603
f 7617 7622 6969
f 6969 7622 7623
f 6969 7623 6970
f 6970 7623 7624
f 6970 7624 7599
f 7625 7626 7627
f 7628 7589 7629
f 7629 7589 7590
f 7629 7590 7630
f 7630 7590 7591
f 7630 7591 7631
f 7631 7591 7592
f 7632 7628 7633
f 7633 7628 7629
f 7633 7629 7634
f 7634 7629 7630
f 7634 7630 7627
f 7627 7630 7631
f 7627 7631 7625
f 7625 7631 7592
f 7625 7592 7593
f 7635 7632 7636
f 7636 7632 7633
f 7636 7633 7637
f 7637 7633 7634
f 7637 7634 7638
f 7638 7634 7627
f 7638 7627 7639
f 7639 7627 7626
f 7640 7635 7641
f 7641 7635 7636
f 7641 7636 7642
f 7642 7636 7637
f 7642 7637 7643
f 7643 7637 7638
f 7643 7638 7644
f 7644 7638 7639
f 7323 7426 7441
f 7001 6994 7570
f 7447 7448 7046
f 7548 7570 7079
f 7079 7570 6994
f 7079 6994 7080
f 7080 6994 6993
f 7080 6993 7089
f 7089 6993 6974
f 7089 6974 6882
f 6882 6974 6879
f 7635 7640 7215
f 6844 6856 7026
f 7026 6856 7011
f 7026 7011 7045
f 7045 7011 7002
f 7045 7002 7046
f 7046 7002 7001
f 7046 7001 7447
f 7447 7001 7570
f 7447 7570 7446
f 7446 7570 7581
f 7446 7581 7445
f 7445 7581 7584
f 7445 7584 7444
f 7444 7584 7589
f 7444 7589 7443
f 7443 7589 7628
f 7443 7628 7442
f 7442 7628 7632
f 7442 7632 7441
f 7441 7632 7635
f 7441 7635 7323
f 6704 6714 7058
f 7058 6714 7049
f 7058 7049 7283
f 7283 7049 7324
f 7283 7324 7284
f 6674 6695 7071
f 7071 6695 7062
f 7071 7062 7214
f 7214 7062 7258
f 7214 7258 7215
f 7215 7258 7257
f 7215 7257 7635
f 7635 7257 7284
f 7635 7284 7323
f 7323 7284 7324
f 7645 7646 7647
f 7647 7646 7648
f 7649 7647 7173
f 7173 7647 7648
f 7173 7648 7650
f 7186 7651 7187
f 7187 7651 7188
f 7652 7186 7198
f 7173 7650 7174
f 7174 7650 7175
f 7649 7173 7185
f 7175 7650 7176
f 7176 7650 7653
f 7176 7653 7177
f 7198 7197 7652
f 7652 7197 7196
f 7652 7196 7654
f 7654 7196 7195
f 7654 7195 7655
f 7655 7195 7194
f 7655 7194 7656
f 7656 7194 7105
f 7656 7105 7107
f 7188 7651 7189
f 7189 7651 7657
f 7189 7657 7190
f 7107 7109 7656
f 7656 7109 7111
f 7656 7111 7658
f 7658 7111 7113
f 7113 7115 7658
f 7658 7115 7117
f 7658 7117 7119
f 7653 7658 7177
f 7177 7658 7119
f 7177 7119 7178
f 7178 7119 7121
f 7178 7121 7179
f 7179 7121 7123
f 7179 7123 7180
f 7180 7123 7125
f 7180 7125 7181
f 7181 7125 7127
f 7181 7127 7129
f 7185 7184 7649
f 7649 7184 7183
f 7649 7183 7659
f 7659 7183 7182
f 7659 7182 7660
f 7660 7182 7181
f 7660 7181 7661
f 7661 7181 7129
f 7661 7129 7131
f 7131 7133 7661
f 7661 7133 7135
f 7661 7135 7662
f 7662 7135 7137
f 7137 7139 7662
f 7662 7139 7141
f 7662 7141 7143
f 7657 7662 7190
f 7190 7662 7143
f 7190 7143 7191
f 7191 7143 7145
f 7191 7145 7192
f 7192 7145 7147
f 7192 7147 7193
f 7193 7147 7101
f 7193 7101 7194
f 7194 7101 7103
f 7194 7103 7105
f 7652 7663 7186
f 7186 7663 7664
f 7186 7664 7651
f 7665 7666 7667
f 7667 7668 7665
f 7665 7668 7669
f 7665 7669 7670
f 7670 7669 7671
f 7670 7671 7672
f 7672 7671 7673
f 7672 7673 7674
f 7674 7673 7675
f 7674 7675 7676
f 7676 7675 7677
f 7678 7679 7663
f 7663 7679 7664
f 7657 7651 7664
f 7680 7681 7679
f 7679 7681 7682
f 7679 7682 7664
f 7664 7682 7657
f 7657 7682 7683
f 7657 7683 7662
f 7683 7684 7662
f 7662 7684 7685
f 7662 7685 7661
f 7685 7686 7661
f 7661 7686 7687
f 7661 7687 7660
f 7688 7659 7689
f 7689 7659 7660
f 7689 7660 7690
f 7690 7660 7687
f 7691 7645 7692
f 7692 7645 7688
f 7688 7645 7659
f 7659 7645 7647
f 7659 7647 7649
f 7693 7694 7695
f 7696 7697 7698
f 7699 7700 7701
f 7702 7703 7704
f 7697 7705 7698
f 7698 7705 7706
f 7698 7706 7707
f 7602 7603 7708
f 7708 7603 7621
f 7708 7621 7709
f 7709 7621 7620
f 7709 7620 7619
f 7710 7694 7711
f 7711 7694 7693
f 7711 7693 7712
f 7712 7693 7713
f 7712 7713 7714
f 7601 7602 7710
f 7710 7602 7708
f 7710 7708 7694
f 7694 7708 7709
f 7694 7709 7695
f 7695 7709 7619
f 7715 7699 7696
f 7696 7699 7701
f 7696 7701 7697
f 7697 7701 7716
f 7697 7716 7705
f 7705 7716 7717
f 7705 7717 7718
f 7718 7717 7719
f 7720 7702 7721
f 7707 7722 7698
f 7698 7722 7723
f 7698 7723 7696
f 7696 7723 7724
f 7696 7724 7715
f 7725 7700 7726
f 7726 7700 7699
f 7726 7699 7727
f 7727 7699 7715
f 7727 7715 7728
f 7728 7715 7724
f 7728 7724 7729
f 7729 7724 7723
f 7729 7723 7730
f 7730 7723 7722
f 7730 7722 7721
f 7721 7722 7707
f 7721 7707 7720
f 7702 7704 7721
f 7721 7704 7731
f 7721 7731 7730
f 7730 7731 7732
f 7730 7732 7729
f 7729 7732 7733
f 7729 7733 7728
f 7728 7733 7734
f 7728 7734 7727
f 7599 7725 7600
f 7600 7725 7726
f 7600 7726 7618
f 7618 7726 7727
f 7618 7727 7619
f 7619 7727 7734
f 7619 7734 7695
f 7695 7734 7733
f 7695 7733 7693
f 7693 7733 7732
f 7693 7732 7713
f 7713 7732 7731
f 7713 7731 7714
f 7714 7731 7704
f 7714 7704 7735
f 7735 7704 7703
f 7735 7703 7736
f 7737 7738 7739
f 7739 7738 7740
f 7739 7740 7741
f 7741 7740 7742
f 7743 7744 7745
f 7745 7744 7746
f 7745 7746 7747
f 7747 7746 7748
f 7747 7748 7737
f 7737 7748 7749
f 7737 7749 7738
f 7210 7750 7203
f 7203 7750 7751
f 7203 7751 7204
f 7204 7751 7752
f 7204 7752 7205
f 7205 7752 7753
f 7205 7753 7206
f 7206 7753 7754
f 7206 7754 7069
f 7069 7754 7218
f 7215 7755 7217
f 7217 7755 7756
f 7217 7756 7210
f 7210 7756 7757
f 7210 7757 7750
f 7758 7759 7218
f 7760 7761 7762
f 7763 7764 7765
f 7766 7767 7758
f 7752 7768 7753
f 7753 7768 7769
f 7753 7769 7754
f 7761 7770 7762
f 7762 7770 7771
f 7762 7771 7772
f 7766 7762 7767
f 7767 7762 7772
f 7767 7772 7758
f 7758 7772 7773
f 7758 7773 7759
f 7218 7754 7758
f 7758 7754 7769
f 7758 7769 7766
f 7766 7769 7768
f 7766 7768 7774
f 7774 7768 7752
f 7774 7752 7751
f 7765 7760 7763
f 7763 7760 7762
f 7763 7762 7775
f 7775 7762 7766
f 7775 7766 7776
f 7776 7766 7774
f 6680 7218 7232
f 7232 7218 7759
f 7232 7759 7233
f 7233 7759 7773
f 7233 7773 7230
f 7230 7773 7772
f 7230 7772 7231
f 7231 7772 7771
f 7231 7771 7227
f 7227 7771 7770
f 7227 7770 7228
f 7228 7248 7226
f 7226 7248 7245
f 7226 7245 7224
f 7224 7245 7244
f 7224 7244 7223
f 7223 7244 7243
f 7223 7243 6673
f 6673 7243 6696
f 7249 6694 7777
f 7777 6694 7238
f 7777 7238 7778
f 7778 7238 7242
f 7778 7242 7779
f 7779 7242 7241
f 7779 7241 7780
f 7248 7781 7247
f 7247 7781 7780
f 7247 7780 7246
f 7246 7780 7241
f 7781 7782 7780
f 7780 7782 7783
f 7784 7785 7786
f 7778 7779 7786
f 7786 7779 7780
f 7786 7780 7784
f 7784 7780 7783
f 7784 7783 7787
f 7249 7777 7788
f 7788 7777 7789
f 7788 7789 7790
f 7790 7789 7791
f 7790 7791 7792
f 7792 7791 7793
f 7792 7793 7794
f 7794 7793 7795
f 7794 7795 7796
f 7787 7797 7784
f 7784 7797 7798
f 7784 7798 7785
f 7785 7798 7799
f 7785 7799 7800
f 7777 7778 7789
f 7789 7778 7786
f 7789 7786 7791
f 7791 7786 7785
f 7791 7785 7793
f 7793 7785 7800
f 7793 7800 7795
f 7801 7802 7263
f 7263 7802 7803
f 7263 7803 7257
f 7801 7263 7804
f 7804 7263 7267
f 7804 7267 7796
f 7796 7267 7266
f 7796 7266 7794
f 7794 7266 7792
f 7792 7266 7255
f 7792 7255 7790
f 7790 7255 7254
f 7790 7254 7788
f 7788 7254 7067
f 7788 7067 7249
f 7284 7257 7805
f 7805 7257 7803
f 7279 7806 7272
f 7272 7806 7807
f 7272 7807 7273
f 7273 7807 7808
f 7273 7808 7274
f 7274 7808 7809
f 7274 7809 7275
f 7275 7809 7810
f 7275 7810 7056
f 7056 7810 7317
f 7284 7805 7286
f 7286 7805 7811
f 7286 7811 7279
f 7279 7811 7812
f 7279 7812 7806
f 7311 7301 7309
f 7309 7301 7298
f 7309 7298 7307
f 7307 7298 7297
f 7307 7297 7306
f 7306 7297 7296
f 7306 7296 6706
f 6706 7296 6715
f 7301 7813 7300
f 7300 7813 7814
f 7318 6727 7815
f 7815 6727 7291
f 7815 7291 7816
f 7816 7291 7295
f 7816 7295 7817
f 7817 7295 7294
f 7817 7294 7814
f 7814 7294 7299
f 7814 7299 7300
f 7818 7819 7317
f 7820 7821 7822
f 7823 7824 7825
f 7826 7827 7818
f 7808 7828 7809
f 7809 7828 7829
f 7809 7829 7810
f 7821 7830 7822
f 7822 7830 7831
f 7822 7831 7832
f 7826 7822 7827
f 7827 7822 7832
f 7827 7832 7818
f 7818 7832 7833
f 7818 7833 7819
f 7317 7810 7818
f 7818 7810 7829
f 7818 7829 7826
f 7826 7829 7828
f 7826 7828 7834
f 7834 7828 7808
f 7834 7808 7807
f 7825 7820 7823
f 7823 7820 7822
f 7823 7822 7835
f 7835 7822 7826
f 7835 7826 7836
f 7836 7826 7834
f 6713 7317 7315
f 7315 7317 7819
f 7315 7819 7316
f 7316 7819 7833
f 7316 7833 7313
f 7313 7833 7832
f 7313 7832 7314
f 7314 7832 7831
f 7314 7831 7310
f 7310 7831 7830
f 7310 7830 7311
f 7813 7837 7814
f 7814 7837 7838
f 7839 7840 7841
f 7816 7817 7841
f 7841 7817 7814
f 7841 7814 7839
f 7839 7814 7838
f 7839 7838 7842
f 7843 7844 7845
f 7318 7815 7846
f 7846 7815 7847
f 7845 7848 7843
f 7843 7848 7849
f 7843 7849 7850
f 7850 7849 7851
f 7850 7851 7847
f 7847 7851 7852
f 7847 7852 7846
f 7842 7853 7839
f 7839 7853 7854
f 7839 7854 7840
f 7840 7854 7855
f 7840 7855 7856
f 7815 7816 7847
f 7847 7816 7841
f 7847 7841 7850
f 7850 7841 7840
f 7850 7840 7843
f 7843 7840 7856
f 7843 7856 7844
f 7857 7858 7325
f 7325 7858 7323
f 7326 7845 7327
f 7327 7845 7859
f 7327 7859 7325
f 7325 7859 7860
f 7325 7860 7857
f 7326 7335 7845
f 7845 7335 7336
f 7845 7336 7848
f 7848 7336 7849
f 7849 7336 7851
f 7851 7336 7337
f 7851 7337 7852
f 7852 7337 7338
f 7852 7338 7846
f 7846 7338 7054
f 7846 7054 7318
f 7858 7861 7323
f 7323 7861 7426
f 7344 7342 7340
f 7341 7343 7345
f 7862 7354 7344
f 7862 7863 7354
f 7354 7863 7864
f 7354 7864 7353
f 7865 7866 7339
f 7339 7866 7867
f 7339 7867 7340
f 7340 7867 7868
f 7340 7868 7344
f 7344 7868 7869
f 7344 7869 7862
f 7346 7870 7345
f 7345 7870 7871
f 7345 7871 7341
f 7341 7871 7872
f 7341 7872 7339
f 7339 7872 7865
f 7352 7873 7874
f 7352 7874 7351
f 7864 7875 7353
f 7353 7875 7876
f 7353 7876 7352
f 7352 7876 7877
f 7352 7877 7873
f 7874 7878 7351
f 7351 7878 7879
f 7351 7879 7350
f 7879 7880 7350
f 7350 7880 7881
f 7350 7881 7349
f 7881 7882 7349
f 7349 7882 7883
f 7349 7883 7348
f 7348 7883 7884
f 7348 7884 7347
f 7884 7885 7347
f 7347 7885 7886
f 7347 7886 7346
f 7346 7886 7887
f 7346 7887 7870
f 7862 7869 7888
f 7888 7869 7889
f 7888 7889 7890
f 7890 7889 7891
f 7890 7891 7892
f 7892 7891 7893
f 7892 7893 7894
f 7894 7893 7895
f 7894 7895 7896
f 7896 7895 7897
f 7898 7899 7900
f 7900 7901 7898
f 7898 7901 7902
f 7898 7902 7903
f 7903 7902 7904
f 7903 7904 7905
f 7906 7907 7908
f 7908 7907 7909
f 7908 7909 7905
f 7905 7909 7910
f 7905 7910 7903
f 7360 7358 7356
f 7357 7359 7361
f 7362 7911 7912
f 7362 7912 7363
f 7911 7362 7913
f 7913 7362 7360
f 7913 7360 7914
f 7914 7360 7356
f 7914 7356 7915
f 7915 7356 7355
f 7915 7355 7916
f 7917 7900 7370
f 7370 7900 7899
f 7370 7899 7361
f 7361 7899 7918
f 7361 7918 7357
f 7357 7918 7919
f 7357 7919 7355
f 7355 7919 7920
f 7355 7920 7916
f 7369 7921 7370
f 7370 7921 7922
f 7370 7922 7917
f 7368 7923 7369
f 7369 7923 7924
f 7369 7924 7921
f 7367 7925 7368
f 7368 7925 7926
f 7368 7926 7923
f 7912 7927 7363
f 7363 7927 7928
f 7363 7928 7364
f 7928 7929 7364
f 7364 7929 7930
f 7364 7930 7365
f 7365 7930 7931
f 7365 7931 7366
f 7931 7932 7366
f 7366 7932 7933
f 7366 7933 7367
f 7367 7933 7934
f 7367 7934 7925
f 7382 7935 7371
f 7371 7935 7936
f 7371 7936 7372
f 7372 7936 7937
f 7372 7937 7373
f 7373 7937 7938
f 7373 7938 7374
f 7374 7938 7939
f 7374 7939 7375
f 7375 7939 7940
f 7375 7940 7376
f 7376 7940 7941
f 7376 7941 7377
f 7377 7941 7942
f 7377 7942 7378
f 7378 7942 7943
f 7378 7943 7379
f 7379 7943 7944
f 7379 7944 7380
f 7380 7944 7945
f 7380 7945 7381
f 7381 7945 7946
f 7381 7946 7382
f 7382 7946 7935
f 7946 7947 7935
f 7935 7947 7948
f 7935 7948 7936
f 7936 7948 7949
f 7936 7949 7937
f 7937 7949 7950
f 7937 7950 7938
f 7938 7950 7951
f 7938 7951 7939
f 7939 7951 7952
f 7939 7952 7940
f 7940 7952 7953
f 7940 7953 7941
f 7941 7953 7954
f 7941 7954 7942
f 7942 7954 7955
f 7942 7955 7943
f 7943 7955 7956
f 7943 7956 7944
f 7944 7956 7957
f 7944 7957 7945
f 7945 7957 7958
f 7945 7958 7946
f 7946 7958 7947
f 7958 7959 7947
f 7947 7959 7960
f 7947 7960 7948
f 7948 7960 7961
f 7948 7961 7949
f 7949 7961 7962
f 7949 7962 7950
f 7950 7962 7963
f 7950 7963 7951
f 7951 7963 7964
f 7951 7964 7952
f 7952 7964 7965
f 7952 7965 7953
f 7953 7965 7966
f 7953 7966 7954
f 7954 7966 7967
f 7954 7967 7955
f 7955 7967 7968
f 7955 7968 7956
f 7956 7968 7969
f 7956 7969 7957
f 7957 7969 7970
f 7957 7970 7958
f 7958 7970 7959
f 7971 7972 7973
f 7974 7975 7976
f 7977 7978 7979
f 7980 7981 7982
f 7982 7981 7983
f 7982 7983 7977
f 7982 7984 7980
f 7980 7984 7985
f 7980 7985 7986
f 7986 7985 7987
f 7987 7985 7988
f 7987 7988 7989
f 7989 7988 7990
f 7989 7990 7991
f 7991 7990 7992
f 7991 7992 7976
f 7976 7992 7993
f 7976 7993 7974
f 7972 7994 7995
f 7995 7994 7870
f 7870 7887 7995
f 7995 7887 7886
f 7995 7886 7996
f 7996 7886 7885
f 7885 7884 7996
f 7996 7884 7883
f 7996 7883 7997
f 7997 7883 7882
f 7997 7882 7998
f 7998 7882 7881
f 7998 7881 7999
f 7999 7881 7880
f 7999 7880 8000
f 7874 8001 7878
f 7878 8001 8000
f 7878 8000 7879
f 7879 8000 7880
f 7972 7995 7973
f 7973 7995 7996
f 7973 7996 8002
f 8002 7996 7997
f 8002 7997 8003
f 8003 7997 7998
f 8003 7998 8004
f 8004 7998 7999
f 8004 7999 8005
f 8005 7999 8000
f 8005 8000 8006
f 8006 8000 8001
f 8006 8001 8007
f 7977 7979 7982
f 7982 7979 8008
f 7982 8008 7971
f 7971 7973 7982
f 7982 7973 8002
f 7982 8002 7984
f 7984 8002 8003
f 7984 8003 7985
f 7985 8003 8004
f 7985 8004 7988
f 7988 8004 8005
f 7988 8005 7990
f 7990 8005 8006
f 7990 8006 7992
f 7992 8006 8007
f 7992 8007 7993
f 8009 7420 8010
f 8010 7420 7419
f 7426 7861 7425
f 7425 7861 8011
f 7425 8011 7403
f 7403 8011 8012
f 7403 8012 7404
f 7404 8012 8013
f 7404 8013 7419
f 7419 8013 8014
f 7419 8014 8010
f 7392 7393 7406
f 7406 7393 7397
f 7406 7397 7407
f 7407 7397 7396
f 7454 7413 7394
f 7394 7413 7395
f 7395 7413 7411
f 7395 7411 7396
f 7396 7411 7409
f 7396 7409 7407
f 7394 7401 7454
f 7454 7401 7402
f 7454 7402 8015
f 8015 7402 7400
f 8015 7400 7399
f 7420 8009 7388
f 7385 7386 8009
f 8009 7386 7387
f 8009 7387 7388
f 7388 7389 7420
f 7420 7389 7390
f 7420 7390 7421
f 7421 7390 7391
f 7421 7391 7423
f 7423 7391 7392
f 7423 7392 7416
f 7416 7392 7406
f 7399 7398 8015
f 8015 7398 7383
f 8015 7383 8009
f 8009 7383 7384
f 8009 7384 7385
f 8016 8017 8018
f 8018 8017 8019
f 8018 8019 8020
f 8020 8019 8021
f 8020 8021 8022
f 7449 8019 8023
f 8023 8019 8017
f 8023 8017 8024
f 8024 8017 8016
f 8024 8016 8025
f 8025 8016 8026
f 8025 8026 8027
f 7449 7450 8019
f 8019 7450 7451
f 8019 7451 8021
f 8021 7451 7452
f 8021 7452 8022
f 8022 7452 7453
f 8022 7453 8028
f 8028 7453 7454
f 8028 7454 8015
f 8029 7455 7449
f 8027 8030 8025
f 8025 8030 8031
f 8025 8031 8024
f 8024 8031 8029
f 8024 8029 8023
f 8023 8029 7449
f 8032 8029 8031
f 8033 8034 7456
f 8035 8036 8037
f 8037 8036 8038
f 8037 8038 8039
f 8031 8030 8035
f 8038 8040 8039
f 8039 8040 8041
f 8039 8041 8042
f 7460 8043 7459
f 7459 8043 8044
f 7459 8044 7458
f 7458 8044 8045
f 7458 8045 7457
f 8046 8047 8033
f 8043 8048 8044
f 8044 8048 8046
f 8044 8046 8045
f 8045 8046 8033
f 8045 8033 7457
f 7457 8033 7456
f 8035 8037 8031
f 8031 8037 8049
f 8031 8049 8032
f 7455 8029 7462
f 7462 8029 8032
f 7462 8032 7461
f 7461 8032 7460
f 7460 8032 8043
f 8043 8032 8049
f 8043 8049 8048
f 8048 8049 8037
f 8048 8037 8046
f 8046 8037 8039
f 8046 8039 8047
f 8047 8039 8042
f 8047 8042 8033
f 8033 8042 8050
f 8033 8050 8034
f 6853 7456 7469
f 7469 7456 8034
f 7469 8034 7470
f 7470 8034 8050
f 7470 8050 7477
f 7477 8050 8042
f 7477 8042 7476
f 7476 8042 8041
f 7476 8041 7474
f 7474 8041 8040
f 7474 8040 7472
f 6854 6846 7484
f 7484 6846 7464
f 7484 7464 7485
f 7485 7464 7463
f 7485 7463 7478
f 7478 7463 7473
f 7478 7473 7479
f 7479 7473 7472
f 7479 8051 7480
f 7480 8051 8052
f 7480 8052 7487
f 7493 6867 8053
f 8053 6867 7489
f 7487 8052 7492
f 7492 8052 8054
f 7492 8054 7491
f 7491 8054 8055
f 7491 8055 7489
f 7489 8055 8056
f 7489 8056 8053
f 8057 8058 8059
f 7500 7494 8060
f 8060 7494 7493
f 8061 8054 8052
f 8062 8063 8064
f 8062 8064 8065
f 8051 8066 8067
f 8067 8066 8068
f 8067 8068 8069
f 8069 8068 8070
f 8069 8070 8071
f 8066 8065 8068
f 8068 8065 8064
f 8068 8064 8070
f 8070 8064 8072
f 7497 8073 7498
f 7498 8073 8059
f 7498 8059 7499
f 7499 8059 8058
f 7499 8058 7496
f 8054 8061 8055
f 8055 8061 8074
f 8055 8074 8056
f 8056 8074 8075
f 8056 8075 8053
f 8072 8057 8070
f 8070 8057 8059
f 8070 8059 8071
f 8071 8059 8073
f 8071 8073 8060
f 8060 8073 7497
f 8060 7497 7500
f 7493 8053 8060
f 8060 8053 8075
f 8060 8075 8071
f 8071 8075 8074
f 8071 8074 8069
f 8069 8074 8061
f 8069 8061 8067
f 8067 8061 8052
f 8067 8052 8051
f 8057 8076 8058
f 8058 8076 7495
f 8058 7495 7496
f 8057 8072 8076
f 8076 8072 8064
f 8076 8064 8077
f 8077 8064 8063
f 7501 7495 8078
f 8078 7495 8076
f 8078 8076 8079
f 8079 8076 8077
f 8079 8077 8080
f 7507 7501 8081
f 8081 7501 8078
f 8081 8078 8082
f 8082 8078 8079
f 8082 8079 8083
f 8083 8079 8080
f 8083 8080 8084
f 8085 8086 7502
f 7503 7504 8087
f 8088 8089 8090
f 8090 8089 8091
f 8090 8091 8092
f 8083 8084 8088
f 8091 8093 8092
f 8092 8093 8094
f 8092 8094 8095
f 7505 8096 7504
f 7504 8096 8097
f 7504 8097 8087
f 8098 8099 8085
f 8096 8100 8097
f 8097 8100 8098
f 8097 8098 8087
f 8087 8098 8085
f 8087 8085 7503
f 7503 8085 7502
f 8088 8090 8083
f 8083 8090 8101
f 8083 8101 8082
f 8082 8101 8102
f 8082 8102 8081
f 7507 8081 7508
f 7508 8081 8102
f 7508 8102 7506
f 7506 8102 7505
f 7505 8102 8096
f 8096 8102 8101
f 8096 8101 8100
f 8100 8101 8090
f 8100 8090 8098
f 8098 8090 8092
f 8098 8092 8099
f 8099 8092 8095
f 8099 8095 8085
f 8085 8095 8103
f 8085 8103 8086
f 6876 7502 7515
f 7515 7502 8086
f 7515 8086 7516
f 7516 8086 8103
f 7516 8103 7523
f 7523 8103 8095
f 7523 8095 7522
f 7522 8095 8094
f 7522 8094 7520
f 7520 8094 8093
f 7520 8093 7518
f 6883 6881 7530
f 7530 6881 7510
f 7530 7510 7531
f 7531 7510 7509
f 7531 7509 7524
f 7524 7509 7519
f 7524 7519 7525
f 7525 7519 7518
f 7525 8104 7526
f 7526 8104 8105
f 7526 8105 7533
f 7533 8105 7538
f 7538 8105 8106
f 7538 8106 7537
f 7537 8106 8107
f 7537 8107 7535
f 7539 6895 8108
f 8108 6895 7535
f 8108 7535 8109
f 8109 7535 8107
f 7546 7540 8110
f 8110 7540 7539
f 8111 8106 8105
f 8112 8113 8114
f 8112 8114 8115
f 8104 8116 8117
f 8117 8116 8118
f 8117 8118 8119
f 8119 8118 8120
f 8119 8120 8121
f 7543 8122 7544
f 7544 8122 8123
f 7544 8123 7545
f 8106 8111 8107
f 8107 8111 8124
f 8107 8124 8109
f 8109 8124 8125
f 8109 8125 8108
f 8120 8123 8121
f 8121 8123 8122
f 8121 8122 8110
f 8110 8122 7543
f 8110 7543 7546
f 8116 8115 8118
f 8118 8115 8114
f 8118 8114 8120
f 8120 8114 8126
f 8120 8126 8123
f 8123 8126 8127
f 8123 8127 7545
f 7545 8127 7542
f 7539 8108 8110
f 8110 8108 8125
f 8110 8125 8121
f 8121 8125 8124
f 8121 8124 8119
f 8119 8124 8111
f 8119 8111 8117
f 8117 8111 8105
f 8117 8105 8104
f 8113 8128 8114
f 8114 8128 8129
f 8114 8129 8126
f 8126 8129 8130
f 8126 8130 8127
f 8127 8130 7541
f 8127 7541 7542
f 8129 8128 8131
f 7547 7541 8132
f 8132 7541 8130
f 8132 8130 8133
f 8133 8130 8129
f 8133 8129 8134
f 8134 8129 8131
f 7598 7597 8135
f 8135 7597 8136
f 8136 7597 8137
f 8137 7597 7596
f 8137 7596 8138
f 8139 8140 8141
f 8141 8140 8142
f 8141 8142 8143
f 8144 8133 8145
f 8145 8133 8134
f 8145 8134 8146
f 8146 8134 8131
f 7594 7547 8132
f 8139 8138 8140
f 8140 8138 7596
f 8140 7596 8142
f 8142 7596 7595
f 8142 7595 7594
f 7594 8132 8142
f 8142 8132 8133
f 8142 8133 8143
f 8143 8133 8144
f 8143 8144 8141
f 7560 8135 7559
f 7559 8135 8147
f 7559 8147 7558
f 7580 7598 7564
f 7560 7561 8135
f 8135 7561 7562
f 8135 7562 7598
f 7598 7562 7563
f 7598 7563 7564
f 8147 7554 7555
f 7564 7565 7580
f 7580 7565 7566
f 7580 7566 7571
f 7571 7566 7568
f 7571 7568 7572
f 7555 7556 8147
f 8147 7556 7557
f 8147 7557 7558
f 7554 8147 7553
f 7553 8147 7644
f 7553 7644 7552
f 7572 7568 7588
f 7588 7568 7567
f 7588 7567 7593
f 7644 7639 7552
f 7552 7639 7626
f 7552 7626 7551
f 7551 7626 7625
f 7551 7625 7550
f 7550 7625 7593
f 7550 7593 7549
f 7549 7593 7567
f 8148 8149 8150
f 8151 8152 8153
f 8154 8155 8156
f 8156 8155 8151
f 8156 8151 8157
f 8158 8159 8160
f 8160 8159 8161
f 8161 8162 8160
f 8160 8162 8163
f 8160 8163 8164
f 8164 8163 8165
f 8164 8165 8166
f 8166 8165 8167
f 8166 8167 8154
f 8154 8167 8168
f 8154 8168 8155
f 8149 8169 8170
f 8170 8169 7925
f 7925 7934 8170
f 8170 7934 7933
f 8170 7933 8171
f 8171 7933 7932
f 7932 7931 8171
f 8171 7931 7930
f 8171 7930 8172
f 8172 7930 7929
f 8172 7929 8173
f 8173 7929 7928
f 8173 7928 8174
f 8174 7928 7927
f 8174 7927 8175
f 7913 8176 7911
f 7911 8176 8175
f 7911 8175 7912
f 7912 8175 7927
f 8149 8170 8150
f 8150 8170 8171
f 8150 8171 8177
f 8177 8171 8172
f 8177 8172 8178
f 8178 8172 8173
f 8178 8173 8179
f 8179 8173 8174
f 8179 8174 8180
f 8180 8174 8175
f 8180 8175 8181
f 8181 8175 8176
f 8181 8176 8182
f 8151 8153 8157
f 8157 8153 8183
f 8157 8183 8148
f 8148 8150 8157
f 8157 8150 8177
f 8157 8177 8156
f 8156 8177 8178
f 8156 8178 8154
f 8154 8178 8179
f 8154 8179 8166
f 8166 8179 8180
f 8166 8180 8164
f 8164 8180 8181
f 8164 8181 8160
f 8160 8181 8182
f 8160 8182 8158
f 7714 7735 8184
f 7701 7700 8185
f 7604 7601 7710
f 7606 7605 8186
f 7608 7607 8187
f 8188 7719 7717
f 8188 8189 8190
f 8190 8189 8191
f 8190 8191 8192
f 8193 8194 8195
f 8196 8197 8193
f 8193 8197 8198
f 8198 8199 8200
f 8200 8199 8184
f 7736 8201 7735
f 7735 8201 8202
f 7735 8202 8184
f 8184 8202 8203
f 8184 8203 8200
f 7599 7624 7725
f 7725 7624 8204
f 7725 8204 7700
f 7624 7623 8204
f 8204 7623 7622
f 8204 7622 8205
f 8205 7622 7617
f 8205 7617 8206
f 7617 7616 8206
f 8206 7616 7615
f 8206 7615 8207
f 8207 7615 7614
f 7609 8208 7610
f 7610 8208 8209
f 7610 8209 7611
f 7611 8209 8210
f 7611 8210 7612
f 7612 8210 8207
f 7612 8207 7613
f 7613 8207 7614
f 7700 8204 8185
f 8185 8204 8205
f 8185 8205 8211
f 8211 8205 8206
f 8211 8206 8212
f 8212 8206 8207
f 8212 8207 8213
f 8213 8207 8210
f 8213 8210 8214
f 8214 8210 8209
f 8214 8209 8215
f 8215 8209 8208
f 8215 8208 8216
f 7607 7606 8187
f 8187 7606 8186
f 8187 8186 8217
f 8217 8186 8218
f 7605 7604 8186
f 8186 7604 7710
f 8186 7710 8218
f 8218 7710 7711
f 8218 7711 7712
f 8188 7717 8189
f 8189 7717 7716
f 8189 7716 7701
f 7701 8185 8189
f 8189 8185 8211
f 8189 8211 8191
f 8191 8211 8212
f 8191 8212 8219
f 8219 8212 8213
f 8219 8213 8220
f 8220 8213 8214
f 8220 8214 8221
f 8221 8214 8215
f 8221 8215 8222
f 8222 8215 8216
f 8222 8216 8223
f 8224 8225 8216
f 8226 8227 8216
f 8216 8199 8226
f 8226 8199 8198
f 8226 8198 8227
f 8227 8198 8197
f 8227 8197 8216
f 8216 8197 8196
f 8216 8196 8224
f 8224 8196 8193
f 8224 8193 8225
f 8225 8193 8195
f 8225 8195 8216
f 8216 8195 8194
f 8216 8194 8223
f 8223 8194 8193
f 8223 8193 8222
f 8222 8193 8228
f 8222 8228 8221
f 8221 8228 8229
f 8221 8229 8220
f 8220 8229 8230
f 8220 8230 8219
f 8219 8230 8231
f 8219 8231 8191
f 8191 8231 8232
f 8191 8232 8192
f 7609 7608 8208
f 8208 7608 8187
f 8208 8187 8216
f 8216 8187 8217
f 8216 8217 8199
f 8199 8217 8218
f 8199 8218 8184
f 8184 8218 7712
f 8184 7712 7714
f 7644 8147 7643
f 7643 8147 8233
f 8234 7640 8235
f 8235 7640 7641
f 8235 7641 8236
f 8236 7641 7642
f 8236 7642 8237
f 8237 7642 7643
f 8237 7643 8238
f 8238 7643 8233
f 7755 7215 8234
f 8234 7215 7640
f 7875 7864 8239
f 8240 8241 8242
f 8243 8244 8245
f 8240 8242 8246
f 8246 7892 8240
f 8240 7892 7894
f 8240 7894 7896
f 8245 8244 8247
f 8247 8244 8248
f 8247 8248 8249
f 8249 8248 8250
f 8249 8250 8251
f 8252 8253 8254
f 8254 8253 8239
f 8254 8239 8255
f 8255 8239 7864
f 8255 7864 7863
f 8256 8243 8252
f 8252 8243 8245
f 8252 8245 8253
f 8253 8245 8247
f 8253 8247 8239
f 8239 8247 8249
f 8239 8249 7875
f 7875 8249 8251
f 7875 8251 7876
f 7877 8257 7873
f 7873 8257 8001
f 7873 8001 7874
f 8258 7975 8259
f 8259 7975 7974
f 8259 7974 8260
f 8260 7974 7993
f 8260 7993 8261
f 8261 7993 8007
f 8261 8007 8262
f 8262 8007 8263
f 8263 8007 8001
f 8263 8001 8264
f 8264 8001 8257
f 8242 8256 8246
f 8246 8256 8252
f 8246 8252 7892
f 7892 8252 8254
f 7892 8254 7890
f 7890 8254 8255
f 7890 8255 7888
f 7888 8255 7863
f 7888 7863 7862
f 7877 7876 8257
f 8257 7876 8251
f 8257 8251 8264
f 8264 8251 8250
f 8264 8250 8263
f 8263 8250 8248
f 8263 8248 8262
f 8262 8248 8244
f 8262 8244 8261
f 8261 8244 8243
f 8261 8243 8260
f 8260 8243 8256
f 8260 8256 8259
f 8259 8256 8242
f 8259 8242 8258
f 7666 7646 7667
f 7667 7646 7645
f 7667 7645 8265
f 8265 7645 7691
f 8266 8267 8268
f 8269 7668 7667
f 8269 7667 8270
f 8270 7667 8271
f 8270 8271 8272
f 7671 7669 8273
f 8274 8275 8276
f 8276 8275 8277
f 7669 7668 8273
f 8273 7668 8269
f 8273 8269 8266
f 8266 8269 8270
f 8266 8270 8267
f 8267 8270 8272
f 8278 8279 8280
f 8280 8279 8275
f 8274 8281 8275
f 8275 8281 8282
f 8275 8282 8280
f 8280 8282 8283
f 8284 8285 8283
f 8283 8285 8286
f 8283 8286 8280
f 8280 8286 8287
f 8280 8287 8278
f 8288 8284 8289
f 8289 8284 8283
f 8289 8283 8290
f 8290 8283 8282
f 8290 8282 8291
f 8291 8282 8281
f 8277 7677 8276
f 8276 7677 7675
f 8276 7675 8274
f 8274 7675 7673
f 8274 7673 8281
f 8281 7673 7671
f 8281 7671 8291
f 8291 7671 8273
f 8291 8273 8290
f 8290 8273 8266
f 8290 8266 8289
f 8289 8266 8268
f 8289 8268 8288
f 8288 8268 8292
f 8293 8294 8295
f 8296 8297 8298
f 8294 8299 8295
f 8295 8299 8300
f 8295 8300 8301
f 8301 8300 8302
f 8301 8302 8296
f 8296 8302 8303
f 8296 8303 8297
f 8297 8303 8304
f 8298 8305 8296
f 8296 8305 8306
f 8296 8306 8301
f 8301 8306 8307
f 8301 8307 8295
f 8295 8307 8308
f 8295 8308 8293
f 8309 8310 8311
f 8298 8312 8305
f 8305 8312 8313
f 8305 8313 8306
f 8306 8313 8309
f 8306 8309 8307
f 8307 8309 8311
f 8307 8311 8308
f 8314 8310 8315
f 8315 8310 8309
f 8315 8309 8316
f 8316 8309 8313
f 8316 8313 8317
f 8317 8313 8312
f 8317 8312 8318
f 8318 8312 8298
f 8314 8319 8310
f 8310 8319 8320
f 8310 8320 8311
f 8311 8320 8321
f 8311 8321 8308
f 8308 8321 8322
f 8308 8322 8293
f 8293 8322 8323
f 8293 8323 8294
f 8294 8323 8324
f 8294 8324 8299
f 8299 8324 8278
f 8325 8314 8326
f 8326 8314 8315
f 8326 8315 8327
f 8327 8315 8316
f 8327 8316 8328
f 8328 8316 8317
f 8318 8329 8317
f 8317 8329 8330
f 8317 8330 8328
f 8331 8332 8333
f 8319 8334 8335
f 8335 8334 8336
f 8335 8336 8337
f 8337 8336 8338
f 8337 8338 8339
f 8339 8338 8340
f 8339 8340 8333
f 8333 8340 8341
f 8333 8341 8331
f 8337 8339 8342
f 8319 8335 8343
f 8344 7676 8345
f 8345 7676 7677
f 8345 7677 8277
f 8346 8347 8348
f 8348 8347 8344
f 8346 8348 8349
f 8349 8348 8333
f 8349 8333 8332
f 8279 8278 8324
f 8275 8279 8350
f 8277 8275 8351
f 8279 8324 8350
f 8350 8324 8323
f 8350 8323 8352
f 8323 8322 8352
f 8352 8322 8321
f 8352 8321 8343
f 8343 8321 8320
f 8343 8320 8319
f 8275 8350 8351
f 8351 8350 8352
f 8351 8352 8353
f 8353 8352 8343
f 8353 8343 8342
f 8342 8343 8335
f 8342 8335 8337
f 8277 8351 8345
f 8345 8351 8353
f 8345 8353 8344
f 8344 8353 8342
f 8344 8342 8348
f 8348 8342 8339
f 8348 8339 8333
f 7663 7652 7654
f 7653 7650 7648
f 7666 7665 7646
f 7646 7665 7670
f 7646 7670 7648
f 7648 7670 7653
f 7653 7670 7672
f 7653 7672 7658
f 7672 7674 7658
f 7658 7674 7676
f 7658 7676 7656
f 7676 8354 7656
f 7656 8354 7743
f 7656 7743 7655
f 7743 7745 7655
f 7655 7745 7747
f 7655 7747 7654
f 7654 7747 7737
f 7654 7737 7739
f 7663 7654 7678
f 7678 7654 7739
f 7678 7739 7741
f 8355 8356 8357
f 8358 8359 8360
f 8361 8362 8363
f 8364 8365 8366
f 8366 8365 8367
f 8366 8367 8368
f 8368 8367 8369
f 8368 8369 8370
f 8370 8369 8371
f 8370 8371 8372
f 8362 8373 8363
f 8363 8373 8371
f 8363 8371 8374
f 8374 8371 8369
f 8374 8369 8360
f 8360 8369 8367
f 8360 8367 8358
f 8358 8367 8365
f 8359 8355 8360
f 8360 8355 8357
f 8360 8357 8374
f 8374 8357 8375
f 8374 8375 8363
f 8363 8375 8376
f 8363 8376 8361
f 8361 8376 7743
f 7744 7743 8377
f 8377 7743 8376
f 8377 8376 8378
f 8378 8376 8375
f 8378 8375 8379
f 8379 8375 8357
f 8379 8357 8380
f 8380 8357 8356
f 8381 8364 8382
f 8382 8364 8366
f 8382 8366 8383
f 8383 8366 8368
f 8383 8368 8384
f 8384 8368 8370
f 8384 8370 8385
f 8385 8370 8372
f 8385 8372 8386
f 8387 7680 7679
f 8387 7679 7742
f 7742 7679 7678
f 7742 7678 7741
f 7680 8387 8388
f 7680 8388 7681
f 8388 8389 7681
f 7681 8389 8390
f 7681 8390 7682
f 7682 8390 8391
f 7682 8391 7683
f 8391 8392 7683
f 7683 8392 8393
f 7683 8393 7684
f 7684 8393 8394
f 7684 8394 7685
f 8394 8395 7685
f 7685 8395 8396
f 7685 8396 7686
f 7686 8396 8397
f 7686 8397 7687
f 7689 8398 7688
f 7688 8398 8399
f 7688 8399 7692
f 8397 8400 7687
f 7687 8400 8401
f 7687 8401 7690
f 7690 8401 8402
f 7690 8402 7689
f 7689 8402 8403
f 7689 8403 8398
f 8399 8404 7692
f 7692 8404 8405
f 7692 8405 7691
f 7691 8405 8406
f 7691 8406 8265
f 7924 7923 8407
f 8148 8183 8408
f 8409 8410 8411
f 8412 7906 8413
f 8413 7906 7908
f 8413 7908 8414
f 8414 7908 7905
f 8414 7905 8415
f 8416 8417 8418
f 8409 8411 8408
f 8408 8183 8409
f 8409 8183 8153
f 8409 8153 8152
f 8418 8417 8419
f 8419 8417 8420
f 8419 8420 8421
f 8421 8420 8422
f 8421 8422 8423
f 8424 8425 8426
f 8426 8425 8407
f 8426 8407 8427
f 8427 8407 7923
f 8427 7923 7926
f 8428 8416 8424
f 8424 8416 8418
f 8424 8418 8425
f 8425 8418 8419
f 8425 8419 8407
f 8407 8419 8421
f 8407 8421 7924
f 7924 8421 8423
f 7924 8423 7921
f 7901 7900 7917
f 8415 7905 8429
f 8429 7905 7904
f 8429 7904 8430
f 8430 7904 7902
f 8430 7902 8431
f 8431 7902 7901
f 8431 7901 8432
f 8432 7901 7917
f 8432 7917 7922
f 8411 8428 8408
f 8408 8428 8424
f 8408 8424 8148
f 8148 8424 8426
f 8148 8426 8149
f 8149 8426 8427
f 8149 8427 8169
f 8169 8427 7926
f 8169 7926 7925
f 7922 7921 8432
f 8432 7921 8423
f 8432 8423 8431
f 8431 8423 8422
f 8431 8422 8430
f 8430 8422 8420
f 8430 8420 8429
f 8429 8420 8417
f 8429 8417 8415
f 8415 8417 8416
f 8415 8416 8414
f 8414 8416 8428
f 8414 8428 8413
f 8413 8428 8411
f 8413 8411 8412
f 8433 8434 8435
f 8435 8434 8436
f 8437 8438 8439
f 8439 8438 8433
f 8440 7705 7718
f 8437 8439 8441
f 8441 8439 8442
f 8441 8442 8443
f 8443 8442 8444
f 8443 8444 8445
f 8445 8444 8440
f 8445 8440 8446
f 8446 8440 7718
f 8446 7718 7719
f 8447 8448 7706
f 8449 7736 8450
f 8450 7736 7703
f 7703 7702 8450
f 8450 7702 7720
f 8450 7720 8448
f 8448 7720 7707
f 8448 7707 7706
f 8450 8451 8449
f 8449 8451 8452
f 8449 8452 8453
f 8453 8452 8454
f 8453 8454 8455
f 8456 8457 8458
f 8459 8460 8461
f 8461 8460 8462
f 8461 8462 8463
f 8464 8465 8466
f 8466 8465 8467
f 8466 8467 8468
f 8468 8467 8469
f 8468 8469 8470
f 8470 8469 8471
f 8470 8471 8461
f 8461 8471 8472
f 8461 8472 8459
f 8459 8472 8473
f 8464 8466 8474
f 8474 8466 8475
f 8474 8475 8476
f 8476 8475 8477
f 8476 8477 8478
f 8478 8477 8479
f 8478 8479 8480
f 8480 8479 8481
f 8480 8481 8482
f 8436 8483 8484
f 8484 8483 8485
f 8484 8485 8481
f 8481 8485 8486
f 8481 8486 8482
f 8448 8487 8450
f 8450 8487 8488
f 8450 8488 8451
f 8451 8488 8489
f 8451 8489 8452
f 8452 8489 8456
f 8452 8456 8454
f 8454 8456 8458
f 8454 8458 8455
f 8455 8458 8490
f 8433 8435 8439
f 8439 8435 8491
f 8439 8491 8442
f 8442 8491 8492
f 8442 8492 8444
f 8444 8492 8447
f 8444 8447 8440
f 8440 8447 7706
f 8440 7706 7705
f 8436 8484 8435
f 8435 8484 8481
f 8435 8481 8491
f 8491 8481 8479
f 8491 8479 8492
f 8492 8479 8477
f 8492 8477 8447
f 8447 8477 8475
f 8447 8475 8448
f 8448 8475 8466
f 8448 8466 8487
f 8487 8466 8468
f 8487 8468 8488
f 8488 8468 8470
f 8488 8470 8489
f 8489 8470 8461
f 8489 8461 8456
f 8456 8461 8463
f 8456 8463 8457
f 8493 8494 8495
f 8495 8494 8496
f 8495 8496 8497
f 8497 8496 8498
f 8497 8498 8499
f 8499 8498 8500
f 8499 8500 8501
f 8501 8500 8502
f 8501 8502 8503
f 8503 8502 8504
f 8505 8506 8507
f 8507 8506 8493
f 8508 8509 8510
f 8503 8509 8501
f 8501 8509 8508
f 8501 8508 8499
f 8499 8508 8511
f 8499 8511 8497
f 8497 8511 8507
f 8497 8507 8495
f 8495 8507 8493
f 8510 8512 8508
f 8508 8512 8513
f 8508 8513 8511
f 8511 8513 8514
f 8511 8514 8507
f 8507 8514 8515
f 8507 8515 8505
f 8516 8517 8518
f 8510 8519 8512
f 8512 8519 8520
f 8512 8520 8513
f 8513 8520 8516
f 8513 8516 8514
f 8514 8516 8518
f 8514 8518 8515
f 8521 8517 8522
f 8522 8517 8516
f 8522 8516 8523
f 8523 8516 8520
f 8523 8520 8524
f 8524 8520 8519
f 8524 8519 8525
f 8525 8519 8510
f 8521 8380 8517
f 8517 8380 8356
f 8517 8356 8518
f 8518 8356 8355
f 8518 8355 8515
f 8515 8355 8359
f 8515 8359 8505
f 8505 8359 8358
f 8505 8358 8506
f 8506 8358 8365
f 8506 8365 8493
f 8493 8365 8364
f 7749 7748 8526
f 8527 8528 8529
f 8529 8528 8530
f 8529 8530 8531
f 8532 8533 8526
f 8526 8533 8534
f 7746 7744 8535
f 8535 7744 8377
f 8535 8377 8378
f 8526 7748 8532
f 8532 7748 7746
f 8532 7746 8533
f 8533 7746 8535
f 8533 8535 8534
f 8534 8535 8378
f 8534 8378 8379
f 8536 8537 8538
f 8538 8537 8539
f 8540 8530 8539
f 8539 8530 8528
f 8539 8528 8538
f 8538 8528 8541
f 8542 8543 8541
f 8541 8543 8544
f 8541 8544 8538
f 8538 8544 8545
f 8538 8545 8536
f 8546 8542 8547
f 8547 8542 8541
f 8547 8541 8548
f 8548 8541 8528
f 8548 8528 8549
f 8549 8528 8527
f 8549 8527 7738
f 7738 8527 8529
f 7738 8529 7740
f 7740 8529 8531
f 7740 8531 7742
f 7742 8531 8530
f 7742 8530 8550
f 8550 8530 8540
f 7738 7749 8549
f 8549 7749 8526
f 8549 8526 8548
f 8548 8526 8534
f 8548 8534 8547
f 8547 8534 8379
f 8547 8379 8546
f 8546 8379 8380
f 8551 7757 7756
f 8552 8553 8554
f 8554 8553 8551
f 8554 8551 8555
f 8555 8551 7756
f 8555 7756 7755
f 7757 8551 7750
f 7750 8551 7774
f 7750 7774 7751
f 8552 8556 7763
f 7763 8556 8557
f 7763 8557 7764
f 8552 7763 8553
f 8553 7763 7775
f 8553 7775 8551
f 8551 7775 7776
f 8551 7776 7774
f 7783 7770 7787
f 7787 7770 7761
f 7787 7761 7760
f 7760 7765 7787
f 7787 7765 7764
f 7787 7764 7797
f 7248 7228 7781
f 7781 7228 7770
f 7781 7770 7782
f 7782 7770 7783
f 8558 7804 7796
f 8558 8559 8560
f 8561 8562 8563
f 8563 8562 8560
f 8563 8560 8564
f 8564 8560 8559
f 7804 8558 7801
f 7801 8558 8560
f 7801 8560 7802
f 7802 8560 8562
f 7802 8562 7803
f 7797 8563 7798
f 7798 8563 8564
f 7798 8564 7799
f 7799 8564 8559
f 7799 8559 7800
f 7800 8559 8558
f 7800 8558 7795
f 7795 8558 7796
f 8561 8565 8566
f 8561 8566 8562
f 7805 7803 8567
f 8567 7803 8562
f 8567 8562 8568
f 8568 8562 8566
f 8569 7812 7811
f 8566 8570 8568
f 8568 8570 8569
f 8568 8569 8567
f 8567 8569 7811
f 8567 7811 7805
f 7812 8569 7806
f 7806 8569 7834
f 7806 7834 7807
f 8566 8565 7823
f 7823 8565 8571
f 7823 8571 7824
f 8566 7823 8570
f 8570 7823 7835
f 8570 7835 8569
f 8569 7835 7836
f 8569 7836 7834
f 7838 7830 7842
f 7842 7830 7821
f 7842 7821 7820
f 7820 7825 7842
f 7842 7825 7824
f 7842 7824 7853
f 7301 7311 7813
f 7813 7311 7830
f 7813 7830 7837
f 7837 7830 7838
f 8572 7859 7845
f 7854 8573 7855
f 7855 8573 8574
f 7855 8574 7856
f 7856 8574 7844
f 8575 8576 8577
f 8577 8576 8578
f 7859 8572 7860
f 7860 8572 8578
f 7860 8578 7857
f 7857 8578 8576
f 7857 8576 7858
f 7845 7844 8572
f 8572 7844 8574
f 8572 8574 8578
f 8578 8574 8573
f 8578 8573 8577
f 8577 8573 7854
f 8577 7854 7853
f 8576 8575 8579
f 7861 7858 8580
f 8580 7858 8576
f 8580 8576 8581
f 8581 8576 8579
f 8010 8014 8582
f 8582 8014 8583
f 8583 8014 8013
f 8583 8013 8584
f 8012 8011 8585
f 8013 8012 8584
f 8584 8012 8585
f 8584 8585 8586
f 8586 8585 8587
f 8586 8587 8588
f 8011 7861 8585
f 8585 7861 8580
f 8585 8580 8587
f 8587 8580 8581
f 8587 8581 8588
f 8588 8581 8579
f 7866 7865 8589
f 7971 8008 8590
f 8591 8592 8593
f 8594 7897 8595
f 8595 7897 7895
f 8595 7895 8596
f 8596 7895 7893
f 8597 8598 8599
f 8591 8593 8590
f 8590 8008 8591
f 8591 8008 7979
f 8591 7979 7978
f 8599 8598 8600
f 8600 8598 8601
f 8600 8601 8602
f 8602 8601 8603
f 8602 8603 8589
f 8604 8605 8606
f 8606 8605 8607
f 8606 8607 8608
f 8608 8607 7872
f 8608 7872 7871
f 8589 7865 7872
f 8589 7872 8602
f 8602 7872 8607
f 8602 8607 8600
f 8600 8607 8605
f 8600 8605 8599
f 8599 8605 8604
f 8599 8604 8597
f 8597 8604 8609
f 7869 7868 7889
f 7889 7868 7867
f 7889 7867 8610
f 8610 8611 7889
f 7889 8611 8612
f 7889 8612 7891
f 7891 8612 8613
f 7891 8613 7893
f 7893 8613 8614
f 7893 8614 8596
f 8593 8609 8590
f 8590 8609 8604
f 8590 8604 7971
f 7971 8604 8606
f 7971 8606 7972
f 7972 8606 8608
f 7972 8608 7994
f 7994 8608 7871
f 7994 7871 7870
f 7867 7866 8610
f 8610 7866 8589
f 8610 8589 8611
f 8611 8589 8603
f 8611 8603 8612
f 8612 8603 8601
f 8612 8601 8613
f 8613 8601 8598
f 8613 8598 8614
f 8614 8598 8597
f 8614 8597 8596
f 8596 8597 8609
f 8596 8609 8595
f 8595 8609 8593
f 8595 8593 8594
f 8615 8616 8617
f 7896 7897 8618
f 8618 7897 8615
f 8618 8615 8619
f 8619 8615 8617
f 8620 8621 8622
f 7907 7906 8623
f 8623 7906 8620
f 8623 8620 8624
f 8624 8620 8622
f 8625 8626 8627
f 8628 8629 8630
f 8625 8627 8631
f 8631 7910 8625
f 8625 7910 7909
f 8625 7909 7907
f 8630 8629 8632
f 8632 8629 8633
f 8632 8633 8634
f 8634 8633 8635
f 8634 8635 8636
f 8637 8638 8639
f 8639 8638 8640
f 8639 8640 8641
f 8641 8640 7919
f 8641 7919 7918
f 7916 7920 8636
f 8636 7920 7919
f 8636 7919 8634
f 8634 7919 8640
f 8634 8640 8632
f 8632 8640 8638
f 8632 8638 8630
f 8630 8638 8637
f 8630 8637 8628
f 8628 8637 8642
f 7915 8643 7914
f 7914 8643 8176
f 7914 8176 7913
f 8644 8161 8645
f 8645 8161 8159
f 8645 8159 8646
f 8646 8159 8158
f 8646 8158 8647
f 8647 8158 8182
f 8647 8182 8648
f 8648 8182 8649
f 8649 8182 8176
f 8649 8176 8650
f 8650 8176 8643
f 8627 8642 8631
f 8631 8642 8637
f 8631 8637 7910
f 7910 8637 8639
f 7910 8639 7903
f 7903 8639 8641
f 7903 8641 7898
f 7898 8641 7918
f 7898 7918 7899
f 7915 7916 8643
f 8643 7916 8636
f 8643 8636 8650
f 8650 8636 8635
f 8650 8635 8649
f 8649 8635 8633
f 8649 8633 8648
f 8648 8633 8629
f 8648 8629 8647
f 8647 8629 8628
f 8647 8628 8646
f 8646 8628 8642
f 8646 8642 8645
f 8645 8642 8627
f 8645 8627 8644
f 7976 7975 8441
f 7962 7961 8027
f 8152 8151 8490
f 8490 8151 8155
f 8022 8028 8441
f 8445 8446 7968
f 7962 8027 7963
f 7976 8441 7991
f 7991 8441 8028
f 7991 8028 7989
f 7989 8028 8015
f 7989 8015 7987
f 8038 8063 8062
f 7970 8455 7959
f 7959 8455 8490
f 7977 8582 8583
f 8161 8651 8162
f 8162 8651 8652
f 8446 7719 8188
f 7968 7967 8445
f 8445 7967 7966
f 8445 7966 8443
f 8443 7966 7965
f 8443 7965 8441
f 8441 7965 7964
f 8441 7964 7963
f 8490 8131 7959
f 7959 8131 8128
f 7959 8128 7960
f 8583 8584 7977
f 7977 8584 8586
f 7977 8586 7978
f 8016 8018 8441
f 8441 8018 8020
f 8441 8020 8022
f 8455 8193 8198
f 7960 8036 8035
f 7983 8009 7977
f 7977 8009 8010
f 7977 8010 8582
f 7983 7981 8009
f 8009 7981 7980
f 8009 7980 8015
f 8015 7980 7986
f 8015 7986 7987
f 8652 8653 8162
f 8162 8653 8233
f 8162 8233 8163
f 8163 8233 8147
f 8163 8147 8165
f 8165 8147 8135
f 8165 8135 8167
f 8167 8135 8490
f 8167 8490 8168
f 8168 8490 8155
f 8135 8136 8490
f 8490 8136 8137
f 8490 8137 8138
f 8138 8139 8490
f 8490 8139 8141
f 8490 8141 8144
f 8192 8232 7968
f 7968 8232 8231
f 7968 8231 7969
f 7969 8231 8230
f 7969 8230 7970
f 7970 8230 8229
f 7970 8229 8455
f 8455 8229 8228
f 8455 8228 8193
f 7963 8027 8441
f 8441 8027 8026
f 8441 8026 8016
f 8144 8145 8490
f 8490 8145 8146
f 8490 8146 8131
f 8449 8200 8203
f 8446 8188 7968
f 7968 8188 8190
f 7968 8190 8192
f 8091 8089 8112
f 8112 8089 7960
f 8112 7960 8113
f 8113 7960 8128
f 7960 8035 7961
f 7961 8035 8030
f 7961 8030 8027
f 8200 8449 8198
f 8198 8449 8453
f 8198 8453 8455
f 7479 7472 8051
f 8051 7472 8040
f 8051 8040 8066
f 8066 8040 8038
f 8066 8038 8065
f 8065 8038 8062
f 8203 8202 8449
f 8449 8202 8201
f 8449 8201 7736
f 7525 7518 8104
f 8104 7518 8093
f 8104 8093 8116
f 8116 8093 8091
f 8116 8091 8115
f 8115 8091 8112
f 8089 8088 7960
f 7960 8088 8084
f 7960 8084 8080
f 8080 8077 7960
f 7960 8077 8063
f 7960 8063 8036
f 8036 8063 8038
f 8654 8234 8235
f 8655 8656 8654
f 8656 8655 8657
f 8651 8658 8652
f 8652 8658 8659
f 8233 8653 8238
f 8238 8653 8652
f 8238 8652 8237
f 8651 8655 8658
f 8658 8655 8654
f 8658 8654 8659
f 8659 8654 8235
f 8659 8235 8652
f 8652 8235 8236
f 8652 8236 8237
f 7755 8234 8555
f 8555 8234 8654
f 8657 8556 8656
f 8656 8556 8552
f 8656 8552 8654
f 8654 8552 8554
f 8654 8554 8555
f 8660 8661 8662
f 8615 8663 8664
f 8615 8664 8616
f 8616 8664 8665
f 8616 8665 8617
f 8617 8665 8662
f 8617 8662 8619
f 8619 8662 8661
f 8619 8661 8618
f 8666 8667 8668
f 8666 8669 8670
f 8670 8669 8671
f 8670 8671 8672
f 8673 8674 8675
f 8672 8671 8676
f 8676 8671 8673
f 8676 8673 8677
f 8677 8673 8675
f 8677 8675 8678
f 8669 8679 8680
f 8681 8682 8683
f 8683 8682 8684
f 8669 8680 8671
f 8671 8680 8683
f 8671 8683 8673
f 8673 8683 8684
f 8673 8684 8674
f 8666 8668 8669
f 8669 8668 8685
f 8669 8685 8679
f 8679 8685 8686
f 8679 8686 8660
f 8660 8662 8679
f 8679 8662 8665
f 8679 8665 8680
f 8680 8665 8664
f 8680 8664 8683
f 8683 8664 8663
f 8683 8663 8681
f 8668 8667 8483
f 8240 7896 8618
f 8685 8242 8686
f 8686 8242 8241
f 8686 8241 8660
f 8660 8241 8240
f 8660 8240 8661
f 8661 8240 8618
f 8441 7975 8437
f 8437 7975 8258
f 8437 8258 8438
f 8438 8258 8433
f 8483 8436 8668
f 8668 8436 8434
f 8668 8434 8685
f 8685 8434 8433
f 8685 8433 8242
f 8242 8433 8258
f 8265 8687 7667
f 7667 8687 8688
f 7667 8688 8271
f 8292 8689 8288
f 8288 8689 8690
f 8288 8690 8284
f 8284 8690 8691
f 8284 8691 8285
f 8285 8691 8692
f 8285 8692 8286
f 8286 8692 8693
f 8286 8693 8287
f 8287 8693 8694
f 8287 8694 8278
f 8278 8694 8299
f 8272 8271 8688
f 8695 8292 8696
f 8696 8292 8268
f 8696 8268 8697
f 8697 8268 8267
f 8688 8698 8272
f 8272 8698 8699
f 8272 8699 8267
f 8267 8699 8700
f 8267 8700 8697
f 8701 8702 8703
f 8704 8705 8706
f 8707 8708 8709
f 8303 8707 8304
f 8710 8300 8299
f 8303 8302 8707
f 8707 8302 8711
f 8707 8711 8708
f 8708 8706 8712
f 8712 8706 8713
f 8705 8714 8706
f 8706 8714 8715
f 8706 8715 8713
f 8713 8715 8716
f 8713 8716 8717
f 8717 8716 8718
f 8689 8719 8690
f 8690 8719 8720
f 8720 8701 8690
f 8690 8701 8703
f 8690 8703 8691
f 8691 8703 8721
f 8299 8694 8710
f 8710 8694 8693
f 8710 8693 8721
f 8721 8693 8692
f 8721 8692 8691
f 8302 8300 8711
f 8711 8300 8710
f 8711 8710 8708
f 8708 8710 8721
f 8708 8721 8706
f 8706 8721 8703
f 8706 8703 8704
f 8704 8703 8702
f 8707 8722 8304
f 8304 8722 8723
f 8707 8709 8722
f 8722 8709 8708
f 8722 8708 8712
f 8724 8725 8718
f 8718 8725 8726
f 8718 8726 8717
f 8717 8726 8722
f 8717 8722 8713
f 8713 8722 8712
f 8298 8297 8318
f 8318 8297 8304
f 8318 8304 8329
f 8329 8304 8727
f 8723 8728 8304
f 8304 8728 8729
f 8304 8729 8727
f 8334 8319 8325
f 8325 8319 8314
f 8730 8731 8732
f 8733 8734 8735
f 8328 8330 8736
f 8325 8326 8737
f 8723 8738 8728
f 8728 8738 8739
f 8728 8739 8729
f 8729 8739 8736
f 8729 8736 8727
f 8727 8736 8330
f 8727 8330 8329
f 8723 8733 8738
f 8738 8733 8735
f 8738 8735 8739
f 8739 8735 8740
f 8739 8740 8736
f 8736 8740 8741
f 8736 8741 8328
f 8328 8741 8327
f 8734 8730 8735
f 8735 8730 8732
f 8735 8732 8740
f 8740 8732 8742
f 8740 8742 8741
f 8741 8742 8737
f 8741 8737 8327
f 8327 8737 8326
f 8325 8737 8743
f 8743 8737 8742
f 8743 8742 8744
f 8744 8742 8732
f 8744 8732 8745
f 8745 8732 8731
f 8745 8731 8746
f 8747 8748 8749
f 8750 8751 8752
f 8753 8754 8755
f 8755 8754 8756
f 8753 8757 8754
f 8754 8757 8758
f 8754 8758 8759
f 8748 8760 8749
f 8749 8760 8761
f 8749 8761 8762
f 8763 8764 8747
f 8747 8764 8765
f 8747 8765 8748
f 8336 8751 8338
f 8338 8751 8750
f 8338 8750 8340
f 8340 8750 8341
f 8762 8756 8749
f 8749 8756 8754
f 8749 8754 8766
f 8766 8754 8759
f 8766 8759 8331
f 8767 8752 8768
f 8768 8752 8751
f 8768 8751 8769
f 8769 8751 8336
f 8769 8336 8334
f 8770 8763 8767
f 8767 8763 8747
f 8767 8747 8752
f 8752 8747 8749
f 8752 8749 8750
f 8750 8749 8766
f 8750 8766 8341
f 8341 8766 8331
f 8771 8757 8772
f 8772 8757 8773
f 8354 7676 8344
f 8386 8759 8771
f 8771 8759 8758
f 8771 8758 8757
f 8372 8371 8346
f 8354 8371 8373
f 8373 8362 8354
f 8354 8362 8361
f 8354 8361 7743
f 8354 8344 8371
f 8371 8344 8347
f 8371 8347 8346
f 8346 8349 8372
f 8372 8349 8332
f 8372 8332 8386
f 8386 8332 8331
f 8386 8331 8759
f 8774 8775 8776
f 8776 8775 8777
f 8776 8777 8778
f 8778 8777 8779
f 8780 8781 8777
f 8777 8781 8782
f 8777 8782 8779
f 8772 8773 8783
f 8783 8773 8784
f 8783 8784 8780
f 8780 8784 8785
f 8780 8785 8781
f 8786 8787 8788
f 8771 8772 8789
f 8789 8772 8783
f 8789 8783 8790
f 8790 8783 8780
f 8786 8788 8791
f 8791 8788 8381
f 8791 8381 8382
f 8775 8787 8777
f 8777 8787 8786
f 8777 8786 8780
f 8780 8786 8791
f 8780 8791 8790
f 8790 8791 8382
f 8386 8771 8385
f 8385 8771 8789
f 8385 8789 8384
f 8384 8789 8790
f 8384 8790 8383
f 8383 8790 8382
f 8364 8381 8493
f 8493 8381 8494
f 8498 8496 8792
f 8502 8500 8793
f 8794 8795 8796
f 8504 8797 8798
f 8798 8797 8799
f 8798 8799 8800
f 8800 8799 8796
f 8800 8796 8801
f 8801 8796 8795
f 8801 8795 8802
f 8504 8502 8797
f 8797 8502 8793
f 8797 8793 8799
f 8799 8793 8803
f 8799 8803 8796
f 8796 8803 8804
f 8796 8804 8794
f 8794 8804 8805
f 8500 8498 8793
f 8793 8498 8792
f 8793 8792 8803
f 8803 8792 8806
f 8803 8806 8804
f 8804 8806 8807
f 8804 8807 8805
f 8805 8807 8808
f 8809 8808 8810
f 8810 8808 8807
f 8810 8807 8811
f 8811 8807 8806
f 8811 8806 8812
f 8812 8806 8792
f 8812 8792 8813
f 8813 8792 8496
f 8813 8496 8494
f 8814 8387 8815
f 8815 8387 7742
f 8815 7742 8550
f 8816 8817 8818
f 8819 8820 8265
f 8265 8820 8687
f 8821 8822 8823
f 8824 8825 8826
f 8827 8828 8829
f 8829 8828 8816
f 8830 8831 8827
f 8265 8406 8819
f 8819 8406 8405
f 8819 8405 8832
f 8405 8404 8832
f 8832 8404 8399
f 8832 8399 8833
f 8833 8399 8398
f 8833 8398 8834
f 8398 8403 8834
f 8834 8403 8402
f 8834 8402 8835
f 8835 8402 8401
f 8835 8401 8836
f 8401 8400 8836
f 8836 8400 8397
f 8836 8397 8837
f 8837 8397 8396
f 8837 8396 8838
f 8396 8395 8838
f 8838 8395 8394
f 8838 8394 8839
f 8839 8394 8393
f 8839 8393 8840
f 8393 8392 8840
f 8840 8392 8391
f 8840 8391 8841
f 8841 8391 8390
f 8841 8390 8842
f 8814 8831 8387
f 8387 8831 8830
f 8387 8830 8388
f 8388 8830 8842
f 8388 8842 8389
f 8389 8842 8390
f 8827 8829 8830
f 8830 8829 8843
f 8830 8843 8842
f 8842 8843 8844
f 8842 8844 8841
f 8841 8844 8845
f 8841 8845 8840
f 8840 8845 8846
f 8840 8846 8839
f 8839 8846 8847
f 8839 8847 8838
f 8838 8847 8848
f 8838 8848 8837
f 8837 8848 8849
f 8837 8849 8836
f 8836 8849 8850
f 8836 8850 8835
f 8835 8850 8851
f 8835 8851 8834
f 8834 8851 8852
f 8834 8852 8833
f 8833 8852 8853
f 8833 8853 8832
f 8832 8853 8821
f 8832 8821 8819
f 8819 8821 8823
f 8819 8823 8820
f 8816 8818 8829
f 8829 8818 8854
f 8829 8854 8843
f 8843 8854 8855
f 8843 8855 8844
f 8844 8855 8856
f 8844 8856 8845
f 8845 8856 8857
f 8845 8857 8846
f 8846 8857 8858
f 8846 8858 8847
f 8847 8858 8859
f 8847 8859 8848
f 8848 8859 8860
f 8848 8860 8849
f 8849 8860 8861
f 8849 8861 8850
f 8850 8861 8862
f 8850 8862 8851
f 8851 8862 8863
f 8851 8863 8852
f 8852 8863 8864
f 8852 8864 8853
f 8853 8864 8824
f 8853 8824 8821
f 8821 8824 8826
f 8821 8826 8822
f 8473 8865 8459
f 8459 8865 8866
f 8867 8462 8866
f 8866 8462 8460
f 8866 8460 8459
f 8410 8867 8411
f 8411 8867 8868
f 8411 8868 8412
f 8152 8490 8409
f 8409 8490 8458
f 8409 8458 8410
f 8410 8458 8457
f 8410 8457 8867
f 8867 8457 8463
f 8867 8463 8462
f 8620 7906 8869
f 8869 7906 8412
f 8869 8412 8870
f 8870 8412 8868
f 8482 8486 8871
f 8872 8473 8472
f 8872 8472 8873
f 8871 8486 8874
f 8874 8486 8485
f 8874 8485 8483
f 8482 8871 8480
f 8480 8871 8875
f 8480 8875 8478
f 8478 8875 8876
f 8478 8876 8476
f 8877 8464 8876
f 8876 8464 8474
f 8876 8474 8476
f 8472 8471 8873
f 8873 8471 8469
f 8873 8469 8878
f 8878 8469 8467
f 8878 8467 8877
f 8877 8467 8465
f 8877 8465 8464
f 8879 8880 8881
f 8881 8880 8882
f 8881 8882 8883
f 8879 8884 8880
f 8880 8884 8885
f 8880 8885 8886
f 8886 8885 8887
f 8886 8887 8802
f 8802 8887 8888
f 8802 8888 8525
f 8525 8510 8802
f 8802 8510 8509
f 8802 8509 8503
f 8800 8801 8798
f 8798 8801 8802
f 8798 8802 8504
f 8504 8802 8503
f 8889 8524 8525
f 8525 8888 8889
f 8889 8888 8887
f 8889 8887 8885
f 8890 8891 8892
f 8521 8522 8893
f 8893 8522 8894
f 8893 8894 8895
f 8895 8894 8896
f 8895 8896 8897
f 8897 8896 8892
f 8898 8899 8900
f 8900 8899 8891
f 8900 8891 8901
f 8901 8891 8890
f 8879 8902 8890
f 8890 8902 8903
f 8890 8903 8901
f 8904 8905 8879
f 8879 8905 8906
f 8879 8906 8902
f 8881 8907 8879
f 8879 8907 8908
f 8879 8908 8904
f 8909 8910 8884
f 8884 8911 8912
f 8892 8896 8890
f 8890 8896 8913
f 8890 8913 8914
f 8522 8523 8894
f 8894 8523 8915
f 8894 8915 8896
f 8896 8915 8916
f 8896 8916 8913
f 8890 8917 8918
f 8523 8524 8915
f 8915 8524 8889
f 8915 8889 8916
f 8916 8889 8885
f 8916 8885 8913
f 8913 8885 8884
f 8913 8884 8914
f 8914 8884 8910
f 8914 8910 8890
f 8890 8910 8909
f 8890 8909 8917
f 8917 8909 8884
f 8917 8884 8918
f 8918 8884 8912
f 8918 8912 8890
f 8890 8912 8911
f 8890 8911 8879
f 8879 8911 8884
f 8380 8521 8546
f 8546 8521 8893
f 8546 8893 8542
f 8542 8893 8895
f 8542 8895 8543
f 8543 8895 8897
f 8543 8897 8544
f 8544 8897 8892
f 8544 8892 8545
f 8545 8892 8891
f 8545 8891 8536
f 8536 8891 8899
f 8537 8536 8919
f 8919 8920 8537
f 8537 8920 8921
f 8537 8921 8539
f 8539 8921 8922
f 8539 8922 8540
f 8540 8922 8923
f 8540 8923 8550
f 8550 8923 8815
f 8924 8925 8926
f 8927 8866 8865
f 8620 8869 8928
f 8620 8928 8621
f 8621 8928 8929
f 8621 8929 8622
f 8622 8929 8926
f 8622 8926 8624
f 8624 8926 8925
f 8624 8925 8623
f 8930 8931 8932
f 8932 8931 8933
f 8932 8933 8934
f 8934 8933 8935
f 8865 8936 8927
f 8927 8936 8937
f 8927 8937 8935
f 8935 8937 8938
f 8935 8938 8934
f 8933 8939 8940
f 8870 8868 8941
f 8941 8868 8867
f 8933 8940 8935
f 8935 8940 8941
f 8935 8941 8927
f 8927 8941 8867
f 8927 8867 8866
f 8931 8942 8933
f 8933 8942 8943
f 8933 8943 8939
f 8939 8943 8944
f 8939 8944 8924
f 8924 8926 8939
f 8939 8926 8929
f 8939 8929 8940
f 8940 8929 8928
f 8940 8928 8941
f 8941 8928 8869
f 8941 8869 8870
f 8930 8678 8675
f 8591 7978 8586
f 8586 8588 8591
f 8591 8588 8579
f 8591 8579 8592
f 8592 8579 8575
f 7853 7824 8577
f 8577 7824 8571
f 8577 8571 8575
f 8575 8571 8592
f 8592 8571 8565
f 8592 8565 8561
f 7797 7764 8563
f 8563 7764 8557
f 8556 8592 8557
f 8557 8592 8561
f 8557 8561 8563
f 8651 8161 8655
f 8655 8161 8644
f 8655 8644 8657
f 8657 8644 8556
f 8556 8644 8592
f 8592 8644 8684
f 8592 8684 8593
f 8593 8684 8682
f 8593 8682 8594
f 8615 7897 8663
f 8663 7897 8594
f 8663 8594 8681
f 8681 8594 8682
f 8625 7907 8623
f 8943 8627 8944
f 8944 8627 8626
f 8944 8626 8924
f 8924 8626 8625
f 8924 8625 8925
f 8925 8625 8623
f 8644 8627 8684
f 8684 8627 8943
f 8684 8943 8674
f 8674 8943 8942
f 8674 8942 8675
f 8675 8942 8931
f 8675 8931 8930
f 8678 8945 8677
f 8677 8945 8946
f 8677 8946 8676
f 8947 8948 8667
f 8667 8666 8947
f 8947 8666 8670
f 8947 8670 8946
f 8946 8670 8672
f 8946 8672 8676
f 8874 8483 8948
f 8948 8483 8667
f 8825 8695 8826
f 8826 8695 8696
f 8826 8696 8822
f 8822 8696 8697
f 8822 8697 8823
f 8823 8697 8700
f 8823 8700 8820
f 8820 8700 8699
f 8820 8699 8687
f 8687 8699 8698
f 8687 8698 8688
f 8689 8292 8949
f 8949 8292 8695
f 8949 8695 8950
f 8951 8952 8953
f 8954 8955 8956
f 8956 8955 8949
f 8956 8949 8950
f 8957 8714 8705
f 8957 8705 8958
f 8705 8704 8958
f 8958 8704 8702
f 8958 8702 8955
f 8954 8959 8955
f 8955 8959 8960
f 8955 8960 8958
f 8958 8960 8961
f 8958 8961 8957
f 8952 8962 8953
f 8953 8962 8963
f 8953 8963 8964
f 8964 8963 8965
f 8964 8965 8966
f 8966 8965 8967
f 8968 8716 8715
f 8714 8957 8715
f 8715 8957 8969
f 8715 8969 8968
f 8702 8701 8955
f 8955 8701 8720
f 8955 8720 8949
f 8949 8720 8719
f 8949 8719 8689
f 8959 8951 8960
f 8960 8951 8953
f 8960 8953 8961
f 8961 8953 8964
f 8961 8964 8957
f 8957 8964 8966
f 8957 8966 8969
f 8969 8966 8967
f 8969 8967 8968
f 8968 8967 8970
f 8968 8970 8716
f 8716 8970 8718
f 8971 8972 8962
f 8962 8972 8963
f 8963 8972 8965
f 8965 8972 8973
f 8965 8973 8967
f 8967 8973 8974
f 8967 8974 8970
f 8970 8974 8718
f 8718 8974 8975
f 8718 8975 8724
f 8976 8977 8978
f 8979 8980 8981
f 8981 8980 8982
f 8983 8984 8985
f 8983 8985 8986
f 8974 8973 8987
f 8987 8973 8972
f 8987 8972 8988
f 8982 8989 8981
f 8981 8989 8988
f 8981 8988 8979
f 8979 8988 8972
f 8985 8990 8991
f 8972 8971 8979
f 8979 8971 8992
f 8979 8992 8980
f 8980 8992 8986
f 8980 8986 8982
f 8982 8986 8985
f 8982 8985 8993
f 8993 8985 8991
f 8977 8976 8994
f 8975 8974 8995
f 8995 8974 8987
f 8995 8987 8996
f 8996 8987 8988
f 8996 8988 8997
f 8997 8988 8989
f 8724 8975 8998
f 8998 8975 8995
f 8998 8995 8999
f 8999 8995 8996
f 8999 8996 9000
f 9000 8996 8997
f 9000 8997 8978
f 8978 8997 8989
f 8978 8989 8976
f 8976 8989 8982
f 8976 8982 8994
f 8994 8982 8993
f 8985 8984 9001
f 8990 8985 9002
f 9002 8985 9001
f 9002 9001 9003
f 8726 9004 8722
f 8722 9004 9005
f 9006 9007 9004
f 9004 9007 9008
f 9004 9008 9005
f 9009 9010 9011
f 9012 9009 9013
f 9013 9009 9011
f 9013 9011 9006
f 9006 9011 9014
f 9006 9014 9007
f 9015 9016 8978
f 8991 8990 8993
f 8993 8990 9012
f 8993 9012 8994
f 8994 9012 9015
f 8994 9015 8977
f 8977 9015 8978
f 9017 8725 8724
f 8724 8998 9017
f 9017 8998 8999
f 9017 8999 9016
f 9016 8999 9000
f 9016 9000 8978
f 9012 9013 9015
f 9015 9013 9006
f 9015 9006 9016
f 9016 9006 9004
f 9016 9004 9017
f 9017 9004 8726
f 9017 8726 8725
f 9010 8746 9011
f 9011 8746 8731
f 9011 8731 9014
f 9014 8731 8730
f 9014 8730 9007
f 9007 8730 8734
f 9007 8734 9008
f 9008 8734 8733
f 9008 8733 9005
f 9005 8733 8723
f 9005 8723 8722
f 8769 8334 8325
f 8325 8743 8769
f 8769 8743 8744
f 8769 8744 8768
f 8768 8744 8745
f 8768 8745 8767
f 8767 8745 8746
f 8767 8746 8770
f 8763 8770 9018
f 9019 8761 9020
f 9020 8761 8760
f 9020 8760 9021
f 9021 8760 8748
f 9021 8748 8765
f 8755 8756 9019
f 9019 8756 8762
f 9019 8762 8761
f 8757 8753 9022
f 9022 8753 9023
f 9022 9023 9024
f 9025 9026 9027
f 9025 9027 9028
f 9028 9027 9029
f 9028 9029 9018
f 8770 9030 9018
f 9018 9030 9031
f 9018 9031 9028
f 9032 9033 9023
f 9023 9033 9034
f 9023 9034 9024
f 8753 8755 9023
f 9023 8755 9019
f 9023 9019 9032
f 9032 9019 9020
f 9032 9020 9035
f 9035 9020 9021
f 9035 9021 9036
f 9036 9021 8765
f 9036 8765 8764
f 8764 8763 9036
f 9036 8763 9018
f 9036 9018 9035
f 9035 9018 9029
f 9035 9029 9032
f 9032 9029 9027
f 9032 9027 9033
f 9033 9027 9026
f 9033 9026 9034
f 9025 9037 9026
f 9026 9037 9038
f 9026 9038 9034
f 9034 9038 9039
f 9034 9039 9024
f 9024 9039 9040
f 9024 9040 9022
f 9022 9040 9041
f 9022 9041 8757
f 8757 9041 9042
f 8757 9042 8773
f 9043 9044 9045
f 8785 8784 9046
f 9046 8784 8773
f 9046 8773 9047
f 9048 8782 8781
f 8782 9048 8779
f 9049 9050 8774
f 9051 9041 9052
f 9052 9041 9040
f 9052 9040 9053
f 9053 9040 9039
f 9053 9039 9038
f 8778 8779 9054
f 9054 8779 9048
f 9054 9048 9046
f 9046 9048 8781
f 9046 8781 8785
f 9045 9044 9050
f 9050 9044 8774
f 8776 9049 8774
f 9055 9043 9056
f 9056 9043 9045
f 9056 9045 9057
f 9057 9045 9050
f 9057 9050 9054
f 9054 9050 9049
f 9054 9049 8778
f 8778 9049 8776
f 9037 9055 9038
f 9038 9055 9056
f 9038 9056 9053
f 9053 9056 9057
f 9053 9057 9052
f 9052 9057 9054
f 9052 9054 9051
f 9051 9054 9046
f 9051 9046 9041
f 9041 9046 9047
f 9041 9047 9042
f 9042 9047 8773
f 8775 8774 8809
f 8809 8810 8775
f 8775 8810 8811
f 8775 8811 8787
f 8811 8812 8787
f 8787 8812 8813
f 8787 8813 8788
f 8788 8813 8494
f 8788 8494 8381
f 8809 9058 8808
f 8808 9058 9059
f 8808 9059 8805
f 8805 9059 9060
f 8805 9060 8794
f 8794 9060 9061
f 8794 9061 8795
f 8795 9061 9062
f 8795 9062 8802
f 8802 9062 9063
f 8802 9063 8886
f 9064 9065 9066
f 9067 9068 9058
f 9058 9068 9059
f 9059 9068 9060
f 9060 9068 9069
f 9060 9069 9061
f 9061 9069 9062
f 9062 9069 9070
f 9062 9070 9063
f 9063 9070 8880
f 9063 8880 8886
f 8883 8882 9071
f 9071 8882 9072
f 9073 9074 9072
f 9072 9074 9075
f 9072 9075 9071
f 9065 9076 9066
f 9066 9076 9077
f 9066 9077 9073
f 9073 9077 9078
f 9073 9078 9074
f 9079 9080 9081
f 9081 9064 9079
f 9079 9064 9066
f 9079 9066 9082
f 9082 9066 9067
f 9067 9066 9068
f 9068 9066 9073
f 9068 9073 9069
f 9069 9073 9072
f 9069 9072 9070
f 9070 9072 8882
f 9070 8882 8880
f 8814 8815 8923
f 8919 8817 8920
f 8920 8817 8816
f 8920 8816 8921
f 8921 8816 8828
f 8921 8828 8922
f 8922 8828 8827
f 8922 8827 8923
f 8923 8827 8831
f 8923 8831 8814
f 8825 8824 9083
f 9083 8824 8874
f 8817 9084 8818
f 8818 9084 8872
f 8818 8872 8854
f 8854 8872 8873
f 8854 8873 8855
f 8855 8873 8878
f 8855 8878 8856
f 8856 8878 8857
f 8857 8878 8877
f 8857 8877 8858
f 8858 8877 8859
f 8859 8877 8876
f 8859 8876 8860
f 8860 8876 8861
f 8861 8876 8875
f 8861 8875 8862
f 8874 8824 8871
f 8871 8824 8864
f 8871 8864 8875
f 8875 8864 8863
f 8875 8863 8862
f 9085 8865 8872
f 8872 8865 8473
f 9086 9087 9088
f 9089 9090 9088
f 9088 9090 9091
f 9088 9091 9086
f 9086 9091 9080
f 9092 9093 9094
f 9094 9093 9095
f 9094 9095 9096
f 9091 9090 9097
f 9091 9097 9098
f 9099 9074 9078
f 9098 9100 9101
f 9101 9100 9102
f 9074 9099 9075
f 9075 9099 9103
f 9075 9103 9071
f 9104 9092 9105
f 9105 9092 9094
f 9105 9094 9106
f 9106 9094 9096
f 9106 9096 9107
f 9107 9096 9108
f 9077 9101 9078
f 9078 9101 9102
f 9078 9102 9099
f 9099 9102 9109
f 9099 9109 9103
f 9077 9076 9101
f 9101 9076 9065
f 9101 9065 9098
f 9098 9065 9064
f 9098 9064 9091
f 9091 9064 9081
f 9091 9081 9080
f 9097 9104 9098
f 9098 9104 9105
f 9098 9105 9100
f 9100 9105 9106
f 9100 9106 9102
f 9102 9106 9107
f 9102 9107 9109
f 9109 9107 9108
f 9109 9108 9103
f 9103 9108 9110
f 9103 9110 9071
f 9071 9110 8883
f 9111 9112 9093
f 9093 9112 9095
f 9095 9112 9096
f 9096 9112 9113
f 9096 9113 9108
f 9108 9113 9114
f 9108 9114 9110
f 9110 9114 8883
f 8883 9114 9115
f 8883 9115 8881
f 9116 9117 9118
f 9116 9118 9119
f 9118 9120 9119
f 9119 9120 9121
f 9119 9121 9122
f 9122 9121 9123
f 9122 9123 9124
f 9124 9123 9112
f 9124 9112 9111
f 8881 9115 8907
f 8907 9115 9125
f 8907 9125 8908
f 8908 9125 9126
f 9127 9128 9126
f 8902 8906 9128
f 9128 8906 8905
f 9128 8905 9126
f 9126 8905 8904
f 9126 8904 8908
f 8903 9129 8901
f 8901 9129 9121
f 8901 9121 8900
f 8900 9121 9120
f 8900 9120 8898
f 8898 9120 9118
f 8898 9118 8899
f 9115 9114 9125
f 9125 9114 9130
f 9125 9130 9126
f 9126 9130 9131
f 9126 9131 9127
f 9114 9113 9130
f 9130 9113 9112
f 9130 9112 9131
f 9131 9112 9123
f 9131 9123 9127
f 9127 9123 9121
f 9127 9121 9128
f 9128 9121 9129
f 9128 9129 8902
f 8902 9129 8903
f 9117 8919 9118
f 9118 8919 8536
f 9118 8536 8899
f 8865 9085 8936
f 8936 9085 9132
f 8936 9132 8937
f 9133 9134 8930
f 8930 8932 9133
f 9133 8932 8934
f 9133 8934 9132
f 9132 8934 8938
f 9132 8938 8937
f 8945 8678 9134
f 9134 8678 8930
f 9135 8948 8947
f 9135 8947 9136
f 9136 8947 8946
f 9136 8946 9137
f 9137 8946 8945
f 9137 8945 9138
f 8983 8948 8984
f 8984 8948 9135
f 8984 9135 9001
f 9083 8956 8825
f 8825 8956 8950
f 8825 8950 8695
f 8962 8952 8874
f 8952 8951 8874
f 8874 8951 8959
f 8874 8959 9083
f 9083 8959 8954
f 9083 8954 8956
f 8983 8986 8948
f 8948 8986 8992
f 8948 8992 8874
f 8874 8992 8971
f 8874 8971 8962
f 9139 9140 9141
f 9142 9143 9141
f 9141 9143 9144
f 9141 9144 9139
f 9140 9139 9145
f 9145 9139 9146
f 9145 9146 9147
f 9146 9148 9149
f 9147 9146 9001
f 9001 9146 9149
f 9001 9149 9003
f 9144 9150 9139
f 9139 9150 9151
f 9139 9151 9146
f 9146 9151 9152
f 9146 9152 9148
f 9002 9003 9153
f 9154 9010 9155
f 9155 9010 9009
f 8990 9002 9012
f 9012 9002 9153
f 9012 9153 9009
f 9009 9153 9156
f 9009 9156 9155
f 9157 9058 8809
f 8809 8774 9157
f 9157 8774 9044
f 9157 9044 9043
f 9154 9028 9031
f 8746 9010 8770
f 8770 9010 9154
f 8770 9154 9030
f 9030 9154 9031
f 9043 9055 9157
f 9157 9055 9037
f 9157 9037 9154
f 9154 9037 9025
f 9154 9025 9028
f 9082 9086 9079
f 9079 9086 9080
f 9058 9157 9067
f 9067 9157 9158
f 9067 9158 9082
f 9082 9158 9159
f 9082 9159 9086
f 9086 9159 9087
f 9160 9161 9162
f 9162 9161 9163
f 9162 9163 9164
f 9163 9165 9164
f 9164 9165 9166
f 9164 9166 9167
f 9167 9166 9168
f 9167 9168 9169
f 9169 9168 9170
f 9169 9170 9171
f 9087 9171 9088
f 9088 9171 9170
f 9088 9170 9089
f 9089 9170 9168
f 8817 8919 9117
f 8817 9117 9084
f 9084 9117 9116
f 9084 9116 8872
f 8872 9116 9119
f 8872 9119 9122
f 9092 9104 9085
f 9085 9104 9097
f 9085 9097 9172
f 9172 9097 9090
f 9172 9090 9089
f 9122 9124 8872
f 8872 9124 9111
f 8872 9111 9085
f 9085 9111 9093
f 9085 9093 9092
f 9173 9134 9174
f 9174 9134 9133
f 9174 9133 9175
f 9132 9085 9172
f 9172 9176 9132
f 9132 9176 9177
f 9132 9177 9133
f 9133 9177 9178
f 9133 9178 9175
f 9179 9180 9181
f 9182 9183 9184
f 9185 9186 9187
f 9188 9189 9190
f 9190 9189 9191
f 9192 9193 9194
f 9194 9193 9195
f 9196 9197 9198
f 9198 9197 9194
f 9198 9194 9199
f 9199 9194 9195
f 9200 9201 9202
f 9202 9201 9203
f 9202 9203 9204
f 9204 9203 9205
f 9204 9205 9191
f 9191 9205 9187
f 9191 9187 9190
f 9190 9187 9186
f 9206 9182 9207
f 9207 9182 9184
f 9207 9184 9208
f 9184 9209 9208
f 9208 9209 9210
f 9208 9210 9211
f 9211 9210 9212
f 9211 9212 9213
f 9213 9212 9181
f 9213 9181 9214
f 9214 9181 9180
f 9214 9180 9215
f 9197 9216 9194
f 9194 9216 9217
f 9194 9217 9192
f 9201 9196 9203
f 9203 9196 9198
f 9203 9198 9205
f 9205 9198 9199
f 9205 9199 9187
f 9187 9199 9195
f 9187 9195 9185
f 9185 9195 9193
f 9217 9179 9192
f 9192 9179 9181
f 9192 9181 9193
f 9193 9181 9212
f 9193 9212 9185
f 9185 9212 9210
f 9185 9210 9186
f 9186 9210 9209
f 9186 9209 9190
f 9190 9209 9184
f 9190 9184 9188
f 9188 9184 9183
f 9218 9219 9220
f 9221 9222 9223
f 9224 9225 9226
f 9224 9226 9227
f 9228 9229 9230
f 9230 9229 9231
f 9230 9231 9222
f 9232 9233 9234
f 9234 9233 9235
f 9234 9235 9236
f 9236 9235 9237
f 9236 9237 9238
f 9239 9240 9241
f 9241 9240 9242
f 9241 9242 9235
f 9235 9242 9243
f 9235 9243 9237
f 9244 9218 9245
f 9245 9218 9220
f 9245 9220 9246
f 9246 9220 9247
f 9246 9247 9248
f 9248 9247 9249
f 9248 9249 9250
f 9250 9249 9251
f 9250 9251 9226
f 9226 9251 9252
f 9226 9252 9227
f 9222 9231 9223
f 9223 9231 9253
f 9223 9253 9254
f 9254 9255 9223
f 9223 9255 9256
f 9223 9256 9221
f 9221 9256 9257
f 9240 9228 9242
f 9242 9228 9230
f 9242 9230 9243
f 9243 9230 9222
f 9243 9222 9237
f 9237 9222 9221
f 9237 9221 9238
f 9238 9221 9257
f 9255 9227 9256
f 9256 9227 9252
f 9256 9252 9257
f 9257 9252 9251
f 9257 9251 9238
f 9238 9251 9249
f 9238 9249 9236
f 9236 9249 9247
f 9236 9247 9234
f 9234 9247 9220
f 9234 9220 9232
f 9232 9220 9219
f 9173 9244 9134
f 9134 9244 9258
f 9200 9138 9259
f 9259 9138 8945
f 9259 8945 9260
f 9260 8945 9261
f 9258 9262 9134
f 9134 9262 9263
f 9134 9263 8945
f 8945 9263 9264
f 8945 9264 9261
f 9265 9266 9267
f 9268 9269 9270
f 9270 9271 9272
f 9269 9268 9273
f 9273 9268 9266
f 9273 9266 9274
f 9275 9276 9277
f 9275 9278 9279
f 9280 9281 9282
f 9281 9283 9282
f 9282 9283 9284
f 9282 9284 9285
f 9285 9284 9286
f 9285 9286 9287
f 9288 9289 9290
f 9291 9292 9293
f 9291 9293 9294
f 9293 9295 9294
f 9294 9295 9296
f 9294 9296 9297
f 9298 9299 9300
f 9300 9299 9301
f 9300 9301 9302
f 9302 9301 9297
f 9302 9297 9303
f 9303 9297 9296
f 9272 9304 9305
f 9305 9304 9306
f 9305 9306 9288
f 9288 9306 9307
f 9288 9307 9289
f 9299 9308 9301
f 9301 9308 9309
f 9301 9309 9297
f 9297 9309 9310
f 9297 9310 9294
f 9294 9310 9267
f 9294 9267 9291
f 9291 9267 9266
f 9270 9272 9268
f 9268 9272 9305
f 9268 9305 9266
f 9266 9305 9288
f 9266 9288 9291
f 9291 9288 9290
f 9291 9290 9292
f 9267 9311 9312
f 9282 9275 9313
f 9313 9275 9279
f 9313 9279 9267
f 9267 9279 9278
f 9267 9278 9311
f 9311 9278 9275
f 9311 9275 9312
f 9312 9275 9277
f 9312 9277 9267
f 9267 9277 9276
f 9267 9276 9265
f 9282 9313 9280
f 9280 9313 9267
f 9280 9267 9281
f 9281 9267 9310
f 9281 9310 9283
f 9283 9310 9309
f 9283 9309 9284
f 9284 9309 9308
f 9284 9308 9286
f 9307 9306 9314
f 9315 9316 9317
f 9317 9316 9272
f 9317 9272 9271
f 9307 9314 9318
f 9318 9314 9319
f 9318 9319 9320
f 9321 9320 9322
f 9322 9320 9319
f 9322 9319 9323
f 9323 9319 9314
f 9323 9314 9324
f 9324 9314 9306
f 9324 9306 9304
f 9325 9326 9327
f 9327 9326 9316
f 9327 9316 9328
f 9328 9316 9315
f 9328 9315 9329
f 9304 9272 9324
f 9324 9272 9316
f 9324 9316 9323
f 9323 9316 9326
f 9323 9326 9322
f 9322 9326 9325
f 9322 9325 9321
f 9321 9325 9330
f 9331 9332 9206
f 9215 9333 9214
f 9214 9333 9334
f 9214 9334 9213
f 9213 9334 9335
f 9213 9335 9211
f 9211 9335 9336
f 9211 9336 9208
f 9208 9336 9331
f 9208 9331 9207
f 9207 9331 9206
f 9206 9337 9182
f 9182 9337 9338
f 9182 9338 9183
f 9183 9338 9188
f 9188 9338 9339
f 9188 9339 9189
f 9189 9339 9191
f 9191 9339 9340
f 9191 9340 9204
f 9204 9340 9202
f 9202 9340 9138
f 9202 9138 9200
f 9341 9342 9343
f 9337 9341 9338
f 9338 9341 9343
f 9338 9343 9339
f 9339 9343 9344
f 9339 9344 9340
f 9340 9344 9345
f 9340 9345 9138
f 9138 9345 9137
f 9342 9346 9343
f 9343 9346 9347
f 9343 9347 9344
f 9344 9347 9348
f 9344 9348 9345
f 9345 9348 9349
f 9345 9349 9137
f 9137 9349 9136
f 9346 9350 9347
f 9347 9350 9351
f 9347 9351 9348
f 9348 9351 9352
f 9348 9352 9349
f 9349 9352 9353
f 9349 9353 9136
f 9136 9353 9135
f 9001 9135 9147
f 9147 9135 9353
f 9147 9353 9145
f 9145 9353 9352
f 9145 9352 9140
f 9140 9352 9351
f 9140 9351 9141
f 9141 9351 9350
f 9141 9350 9142
f 9156 9153 9354
f 9142 9355 9356
f 9357 9144 9356
f 9356 9144 9143
f 9356 9143 9142
f 9354 9151 9357
f 9357 9151 9150
f 9357 9150 9144
f 9003 9149 9153
f 9153 9149 9148
f 9153 9148 9354
f 9354 9148 9152
f 9354 9152 9151
f 9154 9155 9358
f 9358 9155 9359
f 9358 9359 9360
f 9360 9359 9361
f 9360 9361 9362
f 9362 9361 9363
f 9363 9361 9364
f 9363 9364 9365
f 9365 9364 9366
f 9365 9366 9367
f 9355 9366 9356
f 9356 9366 9364
f 9356 9364 9357
f 9357 9364 9361
f 9357 9361 9354
f 9354 9361 9359
f 9354 9359 9156
f 9156 9359 9155
f 9157 9154 9368
f 9368 9154 9358
f 9368 9358 9369
f 9369 9358 9360
f 9369 9360 9370
f 9370 9360 9362
f 9370 9362 9371
f 9371 9362 9363
f 9371 9363 9372
f 9372 9363 9365
f 9372 9365 9373
f 9373 9365 9367
f 9087 9159 9171
f 9171 9159 9374
f 9171 9374 9169
f 9169 9374 9167
f 9167 9374 9375
f 9167 9375 9164
f 9164 9375 9376
f 9164 9376 9162
f 9162 9376 9377
f 9162 9377 9160
f 9373 9378 9372
f 9372 9378 9379
f 9372 9379 9371
f 9371 9379 9380
f 9381 9369 9380
f 9380 9369 9370
f 9380 9370 9371
f 9158 9157 9381
f 9381 9157 9368
f 9381 9368 9369
f 9378 9377 9379
f 9379 9377 9376
f 9379 9376 9380
f 9380 9376 9375
f 9380 9375 9381
f 9381 9375 9374
f 9381 9374 9158
f 9158 9374 9159
f 9160 9382 9161
f 9161 9382 9383
f 9161 9383 9163
f 9163 9383 9165
f 9165 9383 9384
f 9165 9384 9166
f 9166 9384 9385
f 9166 9385 9168
f 9168 9385 9172
f 9168 9172 9089
f 9175 9178 9386
f 9387 9388 9389
f 9389 9388 9390
f 9389 9390 9391
f 9391 9390 9392
f 9391 9392 9393
f 9393 9392 9386
f 9382 9387 9383
f 9383 9387 9389
f 9383 9389 9384
f 9384 9389 9391
f 9384 9391 9385
f 9385 9391 9393
f 9385 9393 9172
f 9172 9393 9176
f 9386 9178 9393
f 9393 9178 9177
f 9393 9177 9176
f 9174 9175 9394
f 9394 9175 9386
f 9394 9386 9395
f 9395 9386 9392
f 9395 9392 9396
f 9396 9392 9390
f 9396 9390 9397
f 9397 9390 9388
f 9397 9398 9396
f 9396 9398 9399
f 9396 9399 9395
f 9395 9399 9400
f 9395 9400 9394
f 9394 9400 9401
f 9394 9401 9174
f 9174 9401 9173
f 9244 9173 9218
f 9218 9173 9401
f 9218 9401 9219
f 9219 9401 9232
f 9232 9401 9400
f 9232 9400 9233
f 9233 9400 9399
f 9233 9399 9235
f 9235 9399 9241
f 9241 9399 9398
f 9241 9398 9239
f 9402 9254 9403
f 9403 9254 9253
f 9403 9253 9404
f 9404 9253 9231
f 9404 9231 9405
f 9405 9231 9229
f 9405 9229 9406
f 9406 9229 9228
f 9406 9228 9407
f 9407 9228 9240
f 9407 9240 9239
f 9408 9409 9410
f 9411 9412 9408
f 9413 9414 9415
f 9412 9416 9408
f 9408 9416 9417
f 9408 9417 9418
f 9418 9419 9408
f 9408 9419 9420
f 9408 9420 9409
f 9409 9420 9421
f 9421 9422 9409
f 9409 9422 9423
f 9409 9423 9410
f 9410 9423 9424
f 9410 9424 9413
f 9415 9425 9413
f 9413 9425 9426
f 9413 9426 9410
f 9410 9426 9427
f 9410 9427 9408
f 9418 9417 9428
f 9418 9428 9429
f 9429 9428 9430
f 9429 9430 9431
f 9432 9433 9434
f 9434 9433 9412
f 9434 9412 9411
f 9435 9436 9437
f 9437 9436 9433
f 9437 9433 9438
f 9438 9433 9432
f 9438 9432 9439
f 9440 9431 9441
f 9441 9431 9430
f 9441 9430 9442
f 9442 9430 9428
f 9442 9428 9443
f 9443 9428 9417
f 9443 9417 9416
f 9444 9440 9435
f 9435 9440 9441
f 9435 9441 9436
f 9436 9441 9442
f 9436 9442 9433
f 9433 9442 9443
f 9433 9443 9412
f 9412 9443 9416
f 9445 9446 9447
f 9448 9449 9450
f 9451 9448 9452
f 9453 9451 9454
f 9453 9455 9456
f 9456 9455 9457
f 9456 9457 9458
f 9459 9460 9461
f 9462 9463 9464
f 9461 9465 9459
f 9459 9465 9466
f 9459 9466 9464
f 9464 9466 9467
f 9464 9467 9462
f 9462 9468 9463
f 9463 9468 9469
f 9463 9469 9470
f 9470 9469 9471
f 9470 9471 9472
f 9470 9473 9463
f 9463 9473 9474
f 9463 9474 9464
f 9464 9474 9475
f 9464 9475 9459
f 9459 9475 9447
f 9459 9447 9460
f 9460 9447 9446
f 9439 9476 9438
f 9438 9476 9449
f 9438 9449 9437
f 9437 9449 9477
f 9437 9477 9435
f 9435 9477 9478
f 9435 9478 9444
f 9458 9445 9456
f 9456 9445 9447
f 9456 9447 9453
f 9453 9447 9475
f 9453 9475 9451
f 9451 9475 9474
f 9451 9474 9448
f 9448 9474 9473
f 9448 9473 9449
f 9449 9473 9470
f 9449 9470 9477
f 9477 9470 9472
f 9477 9472 9478
f 9461 9460 9479
f 9480 9481 9482
f 9482 9481 9445
f 9482 9445 9458
f 9461 9479 9483
f 9483 9479 9484
f 9483 9484 9485
f 9486 9485 9487
f 9487 9485 9484
f 9487 9484 9488
f 9488 9484 9479
f 9488 9479 9489
f 9489 9479 9460
f 9489 9460 9446
f 9490 9491 9492
f 9492 9491 9481
f 9492 9481 9493
f 9493 9481 9480
f 9493 9480 9494
f 9446 9445 9489
f 9489 9445 9481
f 9489 9481 9488
f 9488 9481 9491
f 9488 9491 9487
f 9487 9491 9490
f 9487 9490 9486
f 9486 9490 9495
f 9496 9497 9498
f 9499 9500 9501
f 9502 9503 9501
f 9501 9504 9505
f 9490 9492 9506
f 9506 9492 9493
f 9506 9493 9507
f 9507 9493 9494
f 9508 9509 9498
f 9498 9509 9510
f 9498 9510 9511
f 9498 9512 9513
f 9500 9514 9501
f 9501 9514 9496
f 9501 9496 9504
f 9504 9496 9498
f 9504 9498 9505
f 9505 9498 9513
f 9505 9513 9501
f 9501 9513 9512
f 9501 9512 9502
f 9502 9512 9498
f 9502 9498 9503
f 9503 9498 9511
f 9503 9511 9501
f 9501 9511 9510
f 9501 9510 9515
f 9515 9510 9509
f 9515 9509 9506
f 9506 9509 9508
f 9506 9508 9490
f 9490 9508 9495
f 9497 9496 9516
f 9517 9518 9519
f 9519 9518 9500
f 9519 9500 9499
f 9497 9516 9520
f 9520 9516 9521
f 9520 9521 9522
f 9523 9522 9524
f 9524 9522 9521
f 9524 9521 9525
f 9525 9521 9516
f 9525 9516 9526
f 9526 9516 9496
f 9526 9496 9514
f 9299 9527 9308
f 9308 9527 9518
f 9308 9518 9286
f 9286 9518 9517
f 9286 9517 9287
f 9514 9500 9526
f 9526 9500 9518
f 9526 9518 9525
f 9525 9518 9527
f 9525 9527 9524
f 9524 9527 9299
f 9524 9299 9523
f 9523 9299 9298
f 9528 9325 9327
f 9529 9530 9531
f 9531 9530 9532
f 9533 9534 9535
f 9535 9534 9536
f 9330 9325 9537
f 9537 9325 9528
f 9537 9528 9538
f 9536 9534 9539
f 9539 9534 9540
f 9539 9540 9530
f 9541 9542 9543
f 9543 9542 9544
f 9529 9545 9530
f 9530 9545 9543
f 9530 9543 9539
f 9539 9543 9544
f 9539 9544 9536
f 9533 9538 9534
f 9534 9538 9528
f 9534 9528 9540
f 9540 9528 9327
f 9540 9327 9530
f 9530 9327 9328
f 9530 9328 9532
f 9532 9328 9329
f 9546 9216 9547
f 9547 9216 9197
f 9547 9197 9548
f 9548 9197 9549
f 9549 9197 9196
f 9549 9196 9550
f 9550 9196 9201
f 9550 9201 9551
f 9551 9201 9200
f 9551 9200 9259
f 9179 9217 9180
f 9180 9217 9216
f 9180 9216 9215
f 9215 9216 9546
f 9215 9546 9333
f 9333 9546 9552
f 9307 9318 9553
f 9553 9318 9554
f 9318 9320 9554
f 9554 9320 9321
f 9554 9321 9555
f 9555 9321 9330
f 9555 9330 9556
f 9307 9553 9289
f 9289 9553 9557
f 9289 9557 9290
f 9290 9557 9558
f 9290 9558 9292
f 9292 9558 9559
f 9560 9295 9559
f 9559 9295 9293
f 9559 9293 9292
f 9561 9303 9560
f 9560 9303 9296
f 9560 9296 9295
f 9562 9298 9563
f 9563 9298 9300
f 9563 9300 9561
f 9561 9300 9302
f 9561 9302 9303
f 9564 9497 9520
f 9564 9520 9565
f 9565 9520 9522
f 9565 9522 9566
f 9522 9523 9566
f 9566 9523 9298
f 9566 9298 9562
f 9567 9495 9568
f 9568 9495 9508
f 9568 9508 9569
f 9569 9508 9498
f 9569 9498 9564
f 9564 9498 9497
f 9461 9483 9570
f 9570 9483 9571
f 9483 9485 9571
f 9571 9485 9486
f 9571 9486 9572
f 9572 9486 9495
f 9572 9495 9567
f 9461 9570 9465
f 9465 9570 9573
f 9465 9573 9466
f 9466 9573 9574
f 9466 9574 9467
f 9467 9574 9575
f 9576 9468 9575
f 9575 9468 9462
f 9575 9462 9467
f 9577 9471 9576
f 9576 9471 9469
f 9576 9469 9468
f 9578 9444 9579
f 9579 9444 9478
f 9579 9478 9577
f 9577 9478 9472
f 9577 9472 9471
f 9580 9418 9429
f 9580 9429 9581
f 9581 9429 9431
f 9581 9431 9582
f 9431 9440 9582
f 9582 9440 9444
f 9582 9444 9578
f 9227 9255 9224
f 9224 9255 9254
f 9224 9254 9225
f 9225 9254 9402
f 9225 9402 9583
f 9583 9402 9584
f 9258 9244 9245
f 9258 9245 9585
f 9250 9586 9248
f 9248 9586 9585
f 9248 9585 9246
f 9246 9585 9245
f 9226 9225 9583
f 9583 9587 9226
f 9226 9587 9588
f 9226 9588 9250
f 9250 9588 9589
f 9250 9589 9586
f 9550 9551 9590
f 9550 9590 9549
f 9547 9548 9591
f 9591 9548 9592
f 9586 9589 9593
f 9593 9589 9588
f 9588 9587 9594
f 9258 9585 9262
f 9262 9585 9595
f 9262 9595 9263
f 9263 9595 9596
f 9263 9596 9264
f 9264 9596 9597
f 9264 9597 9261
f 9261 9597 9598
f 9261 9598 9260
f 9260 9598 9590
f 9260 9590 9259
f 9259 9590 9551
f 9585 9586 9595
f 9595 9586 9593
f 9595 9593 9596
f 9596 9593 9599
f 9596 9599 9597
f 9597 9599 9600
f 9597 9600 9598
f 9598 9600 9601
f 9598 9601 9590
f 9590 9601 9592
f 9590 9592 9549
f 9549 9592 9548
f 9588 9594 9593
f 9593 9594 9602
f 9593 9602 9599
f 9599 9602 9603
f 9599 9603 9600
f 9600 9603 9604
f 9600 9604 9601
f 9601 9604 9605
f 9601 9605 9592
f 9592 9605 9606
f 9592 9606 9591
f 9602 9594 9607
f 9608 9591 9606
f 9606 9605 9608
f 9608 9605 9604
f 9608 9604 9607
f 9607 9604 9603
f 9607 9603 9602
f 9418 9580 9419
f 9419 9580 9609
f 9419 9609 9420
f 9610 9422 9609
f 9609 9422 9421
f 9609 9421 9420
f 9611 9612 9613
f 9613 9612 9614
f 9613 9614 9615
f 9615 9614 9616
f 9615 9616 9617
f 9617 9616 9618
f 9619 9611 9620
f 9620 9611 9613
f 9620 9613 9621
f 9621 9613 9615
f 9621 9615 9622
f 9622 9615 9617
f 9622 9617 9623
f 9623 9617 9618
f 9623 9618 9624
f 9625 9619 9626
f 9626 9619 9620
f 9626 9620 9627
f 9627 9620 9621
f 9627 9621 9628
f 9628 9621 9622
f 9628 9622 9629
f 9629 9622 9623
f 9422 9625 9423
f 9423 9625 9626
f 9423 9626 9424
f 9424 9626 9627
f 9424 9627 9413
f 9413 9627 9628
f 9413 9628 9414
f 9414 9628 9629
f 9630 9631 9632
f 9632 9631 9633
f 9632 9633 9634
f 9634 9633 9635
f 9634 9635 9636
f 9637 9638 9639
f 9636 9637 9640
f 9637 9639 9640
f 9640 9639 9641
f 9640 9641 9642
f 9642 9641 9643
f 9642 9643 9644
f 9636 9640 9634
f 9634 9640 9642
f 9634 9642 9632
f 9632 9642 9644
f 9632 9644 9630
f 9402 9643 9645
f 9645 9643 9641
f 9645 9641 9646
f 9646 9641 9639
f 9646 9639 9647
f 9647 9639 9638
f 9647 9638 9648
f 9407 9631 9406
f 9406 9631 9630
f 9406 9630 9405
f 9405 9630 9644
f 9405 9644 9404
f 9404 9644 9643
f 9404 9643 9403
f 9403 9643 9402
f 9584 9402 9645
f 9584 9645 9649
f 9649 9645 9646
f 9649 9646 9650
f 9650 9646 9647
f 9650 9647 9651
f 9651 9647 9648
f 9651 9648 9652
f 9608 9607 9653
f 9653 9607 9654
f 9655 9656 9657
f 9655 9657 9658
f 9658 9657 9659
f 9658 9659 9660
f 9660 9659 9661
f 9660 9661 9662
f 9662 9661 9333
f 9662 9333 9552
f 9663 9332 9664
f 9664 9332 9331
f 9664 9331 9665
f 9333 9661 9334
f 9334 9661 9666
f 9334 9666 9335
f 9335 9666 9665
f 9335 9665 9336
f 9336 9665 9331
f 9661 9659 9666
f 9666 9659 9667
f 9666 9667 9665
f 9665 9667 9668
f 9665 9668 9664
f 9664 9668 9669
f 9664 9669 9663
f 9663 9669 9670
f 9659 9657 9667
f 9667 9657 9671
f 9667 9671 9668
f 9668 9671 9672
f 9668 9672 9669
f 9669 9672 9673
f 9669 9673 9670
f 9674 9670 9675
f 9675 9670 9673
f 9675 9673 9676
f 9676 9673 9672
f 9676 9672 9677
f 9677 9672 9671
f 9677 9671 9656
f 9656 9671 9657
f 9287 9517 9519
f 9480 9482 9494
f 9494 9482 9458
f 9494 9458 9507
f 9507 9458 9457
f 9507 9457 9506
f 9635 9633 9631
f 9367 9282 9285
f 9515 9506 9373
f 9397 9388 9678
f 9678 9388 9387
f 9678 9387 9679
f 9679 9387 9382
f 9679 9382 9680
f 9631 9407 9635
f 9635 9407 9239
f 9635 9239 9678
f 9678 9239 9398
f 9678 9398 9397
f 9265 9276 9367
f 9367 9276 9275
f 9367 9275 9282
f 9519 9499 9287
f 9287 9499 9501
f 9287 9501 9285
f 9285 9501 9515
f 9285 9515 9367
f 9367 9515 9373
f 9681 9682 9160
f 9160 9682 9683
f 9160 9683 9382
f 9382 9683 9684
f 9382 9684 9680
f 9663 9670 9332
f 9332 9670 9674
f 9332 9674 9206
f 9206 9674 9337
f 9346 9685 9350
f 9350 9685 9686
f 9350 9686 9687
f 9315 9317 9329
f 9329 9317 9271
f 9329 9271 9532
f 9532 9271 9270
f 9273 9274 9142
f 9142 9274 9266
f 9142 9266 9355
f 9355 9266 9265
f 9355 9265 9366
f 9366 9265 9367
f 9506 9457 9373
f 9373 9457 9455
f 9373 9455 9453
f 9674 9688 9337
f 9337 9688 9689
f 9337 9689 9341
f 9341 9689 9685
f 9341 9685 9342
f 9342 9685 9346
f 9690 9142 9691
f 9691 9142 9350
f 9691 9350 9692
f 9692 9350 9687
f 9690 9693 9142
f 9142 9693 9694
f 9142 9694 9695
f 9453 9454 9373
f 9373 9454 9451
f 9373 9451 9378
f 9378 9451 9452
f 9378 9452 9377
f 9377 9452 9160
f 9160 9452 9448
f 9160 9448 9450
f 9695 9696 9697
f 9432 9434 9439
f 9439 9434 9411
f 9439 9411 9476
f 9476 9411 9408
f 9697 9541 9695
f 9695 9541 9543
f 9695 9543 9142
f 9142 9543 9545
f 9142 9545 9529
f 9273 9142 9269
f 9269 9142 9529
f 9269 9529 9270
f 9270 9529 9531
f 9270 9531 9532
f 9408 9427 9476
f 9476 9427 9160
f 9476 9160 9449
f 9449 9160 9450
f 9629 9623 9414
f 9414 9623 9624
f 9414 9624 9415
f 9415 9624 9681
f 9415 9681 9425
f 9425 9681 9160
f 9425 9160 9426
f 9426 9160 9427
f 9696 9695 9698
f 9698 9695 9699
f 9698 9699 9700
f 9700 9699 9701
f 9700 9701 9702
f 9702 9701 9703
f 9702 9703 9704
f 9704 9703 9705
f 9704 9706 9702
f 9702 9706 9707
f 9702 9707 9700
f 9700 9707 9708
f 9700 9708 9698
f 9698 9708 9709
f 9698 9709 9696
f 9696 9709 9697
f 9706 9710 9707
f 9707 9710 9711
f 9707 9711 9708
f 9708 9711 9712
f 9708 9712 9709
f 9709 9712 9713
f 9709 9713 9697
f 9541 9697 9542
f 9542 9697 9713
f 9542 9713 9544
f 9544 9713 9712
f 9544 9712 9536
f 9536 9712 9711
f 9536 9711 9535
f 9535 9711 9710
f 9535 9714 9533
f 9533 9714 9715
f 9533 9715 9538
f 9556 9330 9715
f 9715 9330 9537
f 9715 9537 9538
f 9716 9658 9660
f 9660 9662 9716
f 9716 9662 9552
f 9716 9552 9591
f 9591 9552 9546
f 9591 9546 9547
f 9566 9717 9718
f 9587 9583 9594
f 9594 9583 9584
f 9594 9584 9719
f 9719 9584 9649
f 9719 9649 9650
f 9571 9720 9570
f 9570 9720 9721
f 9722 9723 9582
f 9582 9723 9581
f 9554 9724 9553
f 9553 9724 9725
f 9582 9578 9722
f 9722 9578 9579
f 9722 9579 9726
f 9726 9579 9577
f 9726 9577 9727
f 9727 9577 9576
f 9727 9576 9728
f 9728 9576 9575
f 9728 9575 9729
f 9729 9575 9574
f 9729 9574 9721
f 9721 9574 9573
f 9721 9573 9570
f 9730 9731 9732
f 9732 9733 9730
f 9730 9733 9610
f 9730 9610 9734
f 9734 9610 9609
f 9734 9609 9723
f 9723 9609 9580
f 9723 9580 9581
f 9714 9735 9736
f 9735 9737 9738
f 9738 9737 9739
f 9738 9739 9740
f 9740 9739 9741
f 9740 9741 9742
f 9742 9741 9743
f 9742 9743 9744
f 9744 9743 9745
f 9744 9745 9746
f 9746 9745 9747
f 9746 9747 9716
f 9716 9747 9655
f 9716 9655 9658
f 9748 9564 9718
f 9718 9564 9565
f 9718 9565 9566
f 9650 9651 9719
f 9719 9651 9652
f 9719 9652 9749
f 9749 9652 9750
f 9749 9750 9751
f 9751 9750 9752
f 9751 9752 9753
f 9753 9752 9754
f 9753 9754 9755
f 9755 9754 9756
f 9755 9756 9757
f 9757 9756 9758
f 9757 9758 9730
f 9730 9758 9759
f 9730 9759 9731
f 9714 9760 9735
f 9735 9760 9761
f 9735 9761 9762
f 9762 9763 9735
f 9735 9763 9764
f 9735 9764 9737
f 9554 9555 9724
f 9724 9555 9556
f 9724 9556 9736
f 9736 9556 9715
f 9736 9715 9714
f 9566 9562 9717
f 9717 9562 9563
f 9717 9563 9765
f 9765 9563 9561
f 9765 9561 9766
f 9766 9561 9560
f 9766 9560 9767
f 9767 9560 9559
f 9767 9559 9768
f 9768 9559 9558
f 9768 9558 9725
f 9725 9558 9557
f 9725 9557 9553
f 9571 9572 9720
f 9720 9572 9567
f 9720 9567 9769
f 9769 9567 9568
f 9769 9568 9748
f 9748 9568 9569
f 9748 9569 9564
f 9608 9653 9591
f 9591 9653 9770
f 9591 9770 9716
f 9716 9770 9771
f 9716 9771 9772
f 9716 9772 9746
f 9746 9772 9773
f 9746 9773 9744
f 9744 9773 9774
f 9744 9774 9742
f 9742 9774 9775
f 9742 9775 9740
f 9740 9775 9776
f 9740 9776 9738
f 9738 9776 9777
f 9738 9777 9735
f 9735 9777 9778
f 9735 9778 9736
f 9736 9778 9779
f 9736 9779 9724
f 9724 9779 9780
f 9724 9780 9725
f 9725 9780 9781
f 9725 9781 9768
f 9768 9781 9782
f 9768 9782 9767
f 9767 9782 9783
f 9767 9783 9766
f 9766 9783 9784
f 9766 9784 9765
f 9765 9784 9785
f 9765 9785 9717
f 9717 9785 9786
f 9717 9786 9718
f 9718 9786 9787
f 9718 9787 9748
f 9748 9787 9788
f 9748 9788 9769
f 9769 9788 9789
f 9769 9789 9720
f 9720 9789 9790
f 9720 9790 9721
f 9721 9790 9791
f 9721 9791 9729
f 9729 9791 9792
f 9729 9792 9728
f 9728 9792 9793
f 9728 9793 9727
f 9727 9793 9794
f 9727 9794 9726
f 9726 9794 9795
f 9726 9795 9722
f 9722 9795 9796
f 9722 9796 9723
f 9723 9796 9797
f 9723 9797 9734
f 9734 9797 9798
f 9734 9798 9730
f 9730 9798 9799
f 9730 9799 9757
f 9757 9799 9800
f 9757 9800 9755
f 9755 9800 9801
f 9755 9801 9753
f 9753 9801 9802
f 9753 9802 9751
f 9751 9802 9803
f 9751 9803 9749
f 9749 9803 9804
f 9749 9804 9719
f 9719 9804 9805
f 9719 9805 9594
f 9594 9805 9654
f 9594 9654 9607
f 9806 9807 9611
f 9759 9808 9731
f 9731 9808 9809
f 9731 9809 9806
f 9807 9810 9611
f 9611 9810 9811
f 9611 9811 9612
f 9806 9611 9731
f 9731 9611 9619
f 9731 9619 9732
f 9732 9619 9625
f 9732 9625 9733
f 9733 9625 9422
f 9733 9422 9610
f 9812 9612 9811
f 9813 9814 9815
f 9612 9812 9614
f 9624 9618 9681
f 9681 9618 9616
f 9680 9684 9816
f 9816 9684 9683
f 9816 9683 9817
f 9817 9683 9682
f 9817 9682 9681
f 9818 9678 9679
f 9636 9635 9678
f 9678 9818 9636
f 9636 9818 9819
f 9636 9819 9637
f 9637 9819 9820
f 9637 9820 9638
f 9638 9820 9821
f 9638 9821 9648
f 9822 9823 9821
f 9824 9825 9826
f 9826 9825 9827
f 9828 9829 9824
f 9813 9815 9830
f 9830 9815 9831
f 9830 9831 9832
f 9832 9831 9833
f 9832 9833 9834
f 9835 9836 9837
f 9837 9836 9838
f 9837 9838 9839
f 9812 9840 9614
f 9614 9840 9835
f 9614 9835 9616
f 9616 9835 9837
f 9616 9837 9681
f 9681 9837 9839
f 9681 9839 9817
f 9824 9826 9828
f 9828 9826 9841
f 9828 9841 9816
f 9838 9834 9839
f 9839 9834 9833
f 9839 9833 9817
f 9817 9833 9831
f 9817 9831 9816
f 9816 9831 9815
f 9816 9815 9828
f 9828 9815 9814
f 9828 9814 9829
f 9680 9816 9679
f 9679 9816 9841
f 9679 9841 9818
f 9818 9841 9826
f 9818 9826 9819
f 9819 9826 9827
f 9819 9827 9820
f 9820 9827 9842
f 9820 9842 9821
f 9821 9842 9843
f 9821 9843 9822
f 9844 9648 9845
f 9845 9648 9821
f 9845 9821 9823
f 9808 9759 9846
f 9846 9759 9758
f 9846 9758 9847
f 9847 9758 9756
f 9847 9756 9848
f 9848 9756 9754
f 9848 9754 9849
f 9849 9754 9752
f 9849 9752 9850
f 9850 9752 9750
f 9850 9750 9844
f 9844 9750 9652
f 9844 9652 9648
f 9851 9852 9853
f 9851 9853 9854
f 9854 9853 9855
f 9854 9855 9856
f 9856 9855 9857
f 9856 9857 9858
f 9852 9851 9859
f 9859 9851 9860
f 9861 9862 9863
f 9861 9863 9864
f 9864 9863 9865
f 9864 9865 9866
f 9866 9865 9859
f 9866 9859 9860
f 9653 9863 9862
f 9867 9868 9805
f 9805 9868 9857
f 9805 9857 9654
f 9654 9857 9855
f 9654 9855 9853
f 9653 9862 9770
f 9770 9862 9869
f 9770 9869 9870
f 9853 9852 9654
f 9654 9852 9859
f 9654 9859 9653
f 9653 9859 9865
f 9653 9865 9863
f 9871 9872 9873
f 9873 9872 9874
f 9872 9656 9874
f 9874 9656 9655
f 9874 9655 9875
f 9875 9655 9747
f 9875 9747 9876
f 9876 9747 9745
f 9876 9745 9877
f 9877 9745 9743
f 9877 9743 9878
f 9878 9743 9741
f 9878 9741 9879
f 9741 9739 9879
f 9879 9739 9737
f 9879 9737 9880
f 9685 9687 9686
f 9872 9871 9881
f 9677 9656 9872
f 9872 9881 9677
f 9677 9881 9882
f 9677 9882 9676
f 9674 9675 9688
f 9688 9675 9676
f 9694 9693 9883
f 9883 9693 9690
f 9883 9690 9884
f 9695 9694 9699
f 9699 9694 9883
f 9699 9883 9701
f 9885 9886 9887
f 9888 9889 9705
f 9890 9891 9892
f 9893 9894 9895
f 9895 9894 9886
f 9896 9897 9898
f 9898 9897 9899
f 9899 9897 9892
f 9899 9892 9900
f 9901 9902 9903
f 9903 9902 9904
f 9903 9904 9905
f 9905 9904 9906
f 9905 9906 9907
f 9907 9906 9908
f 9676 9882 9688
f 9688 9882 9685
f 9688 9685 9689
f 9909 9910 9690
f 9871 9911 9881
f 9881 9911 9908
f 9881 9908 9882
f 9882 9908 9906
f 9882 9906 9685
f 9685 9906 9904
f 9685 9904 9687
f 9687 9904 9902
f 9687 9902 9692
f 9692 9902 9691
f 9883 9912 9913
f 9886 9885 9895
f 9895 9885 9914
f 9895 9914 9893
f 9893 9914 9892
f 9893 9892 9894
f 9901 9896 9902
f 9902 9896 9898
f 9902 9898 9691
f 9691 9898 9899
f 9691 9899 9690
f 9690 9899 9900
f 9690 9900 9909
f 9909 9900 9892
f 9909 9892 9910
f 9910 9892 9915
f 9910 9915 9690
f 9690 9915 9892
f 9690 9892 9884
f 9884 9892 9891
f 9884 9891 9883
f 9883 9891 9890
f 9883 9890 9912
f 9912 9890 9892
f 9912 9892 9913
f 9913 9892 9914
f 9913 9914 9883
f 9883 9914 9885
f 9883 9885 9701
f 9701 9885 9887
f 9701 9887 9703
f 9703 9887 9916
f 9703 9916 9705
f 9705 9916 9917
f 9705 9917 9888
f 9705 9889 9918
f 9704 9705 9918
f 9918 9919 9704
f 9704 9919 9920
f 9704 9920 9921
f 9880 9737 9921
f 9921 9737 9764
f 9921 9764 9704
f 9704 9764 9763
f 9704 9763 9706
f 9763 9762 9706
f 9706 9762 9761
f 9706 9761 9710
f 9761 9760 9710
f 9710 9760 9714
f 9710 9714 9535
f 9922 9805 9804
f 9922 9804 9923
f 9924 9925 9777
f 9770 9926 9771
f 9771 9926 9927
f 9771 9927 9772
f 9772 9927 9928
f 9923 9804 9929
f 9929 9804 9803
f 9929 9803 9844
f 9924 9777 9921
f 9930 9931 9798
f 9798 9931 9932
f 9928 9874 9772
f 9772 9874 9875
f 9772 9875 9773
f 9773 9875 9876
f 9773 9876 9774
f 9774 9876 9877
f 9774 9877 9775
f 9775 9877 9878
f 9775 9878 9776
f 9776 9878 9879
f 9776 9879 9777
f 9777 9879 9880
f 9777 9880 9921
f 9932 9809 9798
f 9798 9809 9808
f 9798 9808 9799
f 9799 9808 9846
f 9799 9846 9800
f 9800 9846 9847
f 9800 9847 9801
f 9801 9847 9848
f 9801 9848 9802
f 9802 9848 9849
f 9802 9849 9803
f 9803 9849 9850
f 9803 9850 9844
f 9789 9933 9934
f 9935 9936 9796
f 9796 9936 9937
f 9796 9937 9797
f 9797 9937 9938
f 9797 9938 9798
f 9798 9938 9939
f 9798 9939 9930
f 9789 9934 9790
f 9790 9934 9940
f 9790 9940 9791
f 9791 9940 9941
f 9791 9941 9792
f 9792 9941 9942
f 9792 9942 9793
f 9793 9942 9943
f 9793 9943 9794
f 9794 9943 9944
f 9794 9944 9795
f 9795 9944 9945
f 9795 9945 9796
f 9796 9945 9946
f 9796 9946 9935
f 9925 9947 9777
f 9777 9947 9948
f 9777 9948 9778
f 9778 9948 9949
f 9778 9949 9779
f 9779 9949 9950
f 9779 9950 9951
f 9951 9952 9779
f 9779 9952 9953
f 9779 9953 9780
f 9780 9953 9954
f 9780 9954 9781
f 9781 9954 9955
f 9781 9955 9782
f 9782 9955 9956
f 9782 9956 9783
f 9783 9956 9957
f 9783 9957 9784
f 9784 9957 9958
f 9784 9958 9785
f 9785 9958 9959
f 9785 9959 9786
f 9786 9959 9960
f 9786 9960 9961
f 9961 9962 9786
f 9786 9962 9963
f 9786 9963 9787
f 9787 9963 9964
f 9787 9964 9788
f 9964 9965 9788
f 9788 9965 9966
f 9788 9966 9789
f 9789 9966 9967
f 9789 9967 9933
f 9968 9953 9969
f 9969 9953 9952
f 9969 9952 9970
f 9970 9952 9951
f 9970 9951 9971
f 9971 9951 9950
f 9972 9960 9959
f 9972 9959 9973
f 9973 9959 9958
f 9973 9958 9974
f 9974 9958 9957
f 9974 9957 9975
f 9975 9957 9956
f 9975 9956 9976
f 9976 9956 9955
f 9976 9955 9977
f 9977 9955 9954
f 9977 9954 9978
f 9978 9954 9953
f 9978 9953 9968
f 9979 9963 9980
f 9980 9963 9962
f 9980 9962 9981
f 9981 9962 9961
f 9981 9961 9972
f 9972 9961 9960
f 9982 9966 9965
f 9982 9965 9983
f 9983 9965 9964
f 9983 9964 9984
f 9984 9964 9963
f 9984 9963 9979
f 9985 9934 9986
f 9986 9934 9933
f 9986 9933 9987
f 9987 9933 9967
f 9987 9967 9982
f 9982 9967 9966
f 9988 9946 9945
f 9988 9945 9989
f 9989 9945 9944
f 9989 9944 9990
f 9990 9944 9943
f 9990 9943 9991
f 9991 9943 9942
f 9991 9942 9992
f 9992 9942 9941
f 9992 9941 9993
f 9993 9941 9940
f 9993 9940 9994
f 9994 9940 9934
f 9994 9934 9985
f 9995 9937 9996
f 9996 9937 9936
f 9996 9936 9997
f 9997 9936 9935
f 9997 9935 9988
f 9988 9935 9946
f 9998 9939 9938
f 9998 9938 9999
f 9999 9938 9937
f 9999 9937 9995
f 10000 9932 10001
f 10001 9932 9931
f 10001 9931 10002
f 10002 9931 9930
f 10002 9930 9998
f 9998 9930 9939
f 9806 9809 9932
f 9812 9811 10000
f 10000 9811 9810
f 10000 9810 9932
f 9932 9810 9807
f 9932 9807 9806
f 10003 9834 10004
f 10004 9834 9838
f 9838 9836 10004
f 10004 9836 9835
f 10004 9835 10000
f 10000 9835 9840
f 10000 9840 9812
f 10005 9829 10006
f 10006 9829 9814
f 9814 9813 10006
f 10006 9813 9830
f 10006 9830 10003
f 10003 9830 9832
f 10003 9832 9834
f 10007 9842 10005
f 10005 9842 9827
f 9827 9825 10005
f 10005 9825 9824
f 10005 9824 9829
f 9929 9844 9845
f 9845 9823 10008
f 10008 9823 9822
f 10008 9822 10007
f 10007 9822 9843
f 10007 9843 9842
f 9845 10008 9929
f 9929 10008 10009
f 9929 10009 9923
f 10010 9868 10011
f 10011 9868 9867
f 10011 9867 10012
f 9867 9805 10012
f 10012 9805 9922
f 10012 9922 10009
f 10009 9922 9923
f 9868 10010 9857
f 9857 10010 9858
f 9862 9861 9869
f 9869 9861 10013
f 10014 10015 9927
f 9927 9926 10014
f 10014 9926 9770
f 10014 9770 10016
f 10016 9770 9870
f 10016 9870 10013
f 10013 9870 9869
f 9901 9903 10017
f 9927 10015 10018
f 9873 9874 9928
f 9927 10018 9928
f 9928 10018 9871
f 9928 9871 9873
f 9907 9908 10019
f 10019 9908 9911
f 10019 9911 10018
f 10018 9911 9871
f 10017 9903 10019
f 10019 9903 9905
f 10019 9905 9907
f 10020 10021 9894
f 9894 9892 10020
f 10020 9892 9897
f 10020 9897 10017
f 10017 9897 9896
f 10017 9896 9901
f 9919 9918 10022
f 10022 10023 9919
f 9919 10023 9924
f 9919 9924 9920
f 9920 9924 9921
f 9918 9889 10022
f 10022 9889 9888
f 10022 9888 9917
f 9917 9916 10022
f 10022 9916 9887
f 10022 9887 10021
f 10021 9887 9886
f 10021 9886 9894
f 10024 9948 10025
f 10025 9948 9947
f 10025 9947 10026
f 10026 9947 9925
f 10026 9925 10023
f 10023 9925 9924
f 9971 9950 9949
f 9971 9949 10027
f 10027 9949 9948
f 10027 9948 10024
f 10028 10029 10030
f 10030 10029 10031
f 10030 10031 10032
f 10032 10031 10033
f 10032 10033 10034
f 10034 10033 10035
f 10034 10035 10036
f 10036 10035 10037
f 10036 10037 10038
f 10038 10037 10039
f 10038 10039 10040
f 10040 10039 10041
f 10040 10041 10042
f 10042 10041 10043
f 10042 10043 10044
f 10044 10043 10045
f 10044 10045 10046
f 10046 10045 10047
f 10046 10047 10048
f 10048 10047 10049
f 10048 10049 10050
f 10050 10049 10051
f 10050 10051 10028
f 10028 10051 10029
f 5603 10052 10053
f 10053 10052 10054
f 5603 5602 10052
f 10052 5602 10055
f 10052 10055 10056
f 10057 10058 10059
f 10059 10058 10053
f 10059 10053 10060
f 10060 10053 10054
f 10056 10061 10052
f 10052 10061 10062
f 10052 10062 10063
f 10055 5602 5731
f 5733 5719 10051
f 5733 10051 5731
f 5731 10051 10049
f 5731 10049 10055
f 10055 10049 10047
f 10055 10047 10056
f 10056 10047 10045
f 10056 10045 10061
f 10061 10045 10043
f 10061 10043 10062
f 10062 10043 10041
f 10062 10041 10063
f 10063 10041 10039
f 10063 10039 10052
f 10052 10039 10037
f 10052 10037 10054
f 10054 10037 10035
f 10054 10035 10060
f 10060 10035 10033
f 10060 10033 10059
f 10059 10033 10031
f 10059 10031 10057
f 10057 10031 10029
f 10057 10029 10058
f 10058 10029 10051
f 10058 10051 10053
f 10053 10051 5719
f 10053 5719 5603
f 10064 10065 10066
f 10067 10068 10069
f 10070 10071 10067
f 10066 10072 10070
f 10069 10073 10074
f 10070 10067 10066
f 10066 10067 10069
f 10066 10069 10064
f 10064 10069 10074
f 10064 10074 10075
f 10068 10048 10069
f 10069 10048 10050
f 10069 10050 10073
f 10073 10050 10028
f 10073 10028 10074
f 10074 10028 10030
f 10074 10030 10075
f 10075 10030 10032
f 10075 10032 10064
f 10064 10032 10034
f 10064 10034 10065
f 10065 10034 10036
f 10065 10036 10066
f 10066 10036 10038
f 10066 10038 10072
f 10072 10038 10040
f 10072 10040 10070
f 10070 10040 10042
f 10070 10042 10071
f 10071 10042 10044
f 10071 10044 10067
f 10067 10044 10046
f 10067 10046 10068
f 10068 10046 10048
f 10076 10077 10078
f 10078 10077 10079
f 10078 10079 10080
f 10081 10082 10078
f 10078 10082 10083
f 10078 10083 10076
f 10084 10085 10078
f 10078 10085 10086
f 10078 10086 10081
f 10080 10087 10078
f 10078 10087 10088
f 10078 10088 10084
f 10089 10086 10090
f 10090 10086 10085
f 10090 10085 10091
f 10091 10085 10084
f 10091 10084 10092
f 10092 10084 10088
f 10092 10088 10093
f 10093 10088 10087
f 10093 10087 10094
f 10094 10087 10080
f 10094 10080 10095
f 10095 10080 10079
f 10095 10079 10096
f 10096 10079 10077
f 10096 10077 10097
f 10097 10077 10076
f 10097 10076 10098
f 10098 10076 10083
f 10098 10083 10099
f 10099 10083 10082
f 10099 10082 10100
f 10100 10082 10081
f 10100 10081 10089
f 10089 10081 10086
f 10090 9861 9864
f 10096 9982 9983
f 10018 10015 10091
f 10096 9996 9997
f 10091 10025 10026
f 10015 10014 10091
f 10091 10014 10016
f 10091 10016 10090
f 10090 10016 10013
f 10090 10013 9861
f 10026 10017 10091
f 10091 10017 10019
f 10091 10019 10018
f 10011 10012 10099
f 9864 9866 10090
f 10090 9866 9860
f 10090 9860 10089
f 10089 9860 9851
f 10089 9851 10100
f 10100 9851 9854
f 10096 9983 10095
f 10095 9983 9984
f 10095 9984 10094
f 10094 9984 9979
f 10094 9979 9980
f 9988 9985 9997
f 9997 9985 9986
f 9997 9986 10096
f 10096 9986 9987
f 10096 9987 9982
f 10021 10020 10022
f 10022 10020 10017
f 10022 10017 10023
f 10023 10017 10026
f 9980 9969 10094
f 10094 9969 9970
f 10094 9970 10093
f 10093 9970 9971
f 10093 9971 10092
f 10092 9971 10027
f 10092 10027 10091
f 10091 10027 10024
f 10091 10024 10025
f 9980 9981 9969
f 9969 9981 9972
f 9969 9972 9968
f 9968 9972 9978
f 9996 10096 9995
f 9995 10096 10097
f 9995 10097 9999
f 9999 10097 10098
f 9999 10098 9998
f 9998 10098 10099
f 9998 10099 10002
f 10005 10006 10003
f 10011 10099 10010
f 10010 10099 10100
f 10010 10100 9858
f 9858 10100 9854
f 9858 9854 9856
f 10007 10005 10008
f 10008 10005 10099
f 10008 10099 10009
f 10009 10099 10012
f 9988 9989 9985
f 9985 9989 9990
f 9985 9990 9991
f 10003 10004 10005
f 10005 10004 10000
f 10005 10000 10099
f 10099 10000 10001
f 10099 10001 10002
f 9974 9975 9976
f 9991 9992 9985
f 9985 9992 9993
f 9985 9993 9994
f 9972 9973 9978
f 9978 9973 9974
f 9978 9974 9977
f 9977 9974 9976
f 10101 10102 10103
f 10103 10102 10104
f 10103 10104 10105
f 10105 10104 10106
f 10105 10106 10107
f 10107 10106 10108
f 10107 10108 10109
f 10109 10108 10110
f 10109 10110 10111
f 10111 10110 10112
f 10111 10112 10113
f 10113 10112 10114
f 10113 10114 10115
f 10115 10114 10116
f 10115 10116 10117
f 10117 10116 10118
f 10117 10118 10119
f 10119 10118 10120
f 10119 10120 10121
f 10121 10120 10122
f 10121 10122 10123
f 10123 10122 10124
f 10123 10124 10101
f 10101 10124 10102
f 10125 10126 10127
f 10128 10129 10130
f 10130 10129 10127
f 10127 10131 10130
f 10130 10131 10132
f 10130 10132 10133
f 10134 10125 10135
f 10135 10125 10127
f 10135 10127 10136
f 10136 10127 10129
f 10137 10122 10138
f 10138 10122 10120
f 10138 10120 10139
f 10139 10120 10118
f 10139 10118 10140
f 10140 10118 10116
f 10140 10116 10141
f 10141 10116 10114
f 10141 10114 10142
f 10142 10114 10112
f 10142 10112 10143
f 10143 10112 10110
f 10143 10110 10144
f 10144 10110 10108
f 10144 10108 10145
f 10145 10108 10106
f 10145 10106 10146
f 10146 10106 10104
f 10146 10104 10147
f 10147 10104 10102
f 10147 10102 10148
f 10148 10102 10124
f 10148 10124 10137
f 10137 10124 10122
f 10149 10150 10151
f 10151 10150 10152
f 10151 10152 10153
f 10153 10152 10154
f 10153 10154 10155
f 10155 10154 10156
f 10155 10156 10157
f 10157 10156 10158
f 10157 10158 10159
f 10159 10158 10160
f 10159 10160 10161
f 10161 10160 10162
f 10161 10162 10163
f 10163 10162 10164
f 10163 10164 10165
f 10165 10164 10166
f 10165 10166 10167
f 10167 10166 10168
f 10167 10168 10169
f 10169 10168 10170
f 10169 10170 10171
f 10171 10170 10172
f 10171 10172 10149
f 10149 10172 10150
f 10150 10143 10152
f 10152 10143 10144
f 10152 10144 10154
f 10154 10144 10145
f 10154 10145 10156
f 10156 10145 10146
f 10156 10146 10158
f 10158 10146 10147
f 10158 10147 10160
f 10160 10147 10148
f 10160 10148 10162
f 10162 10148 10137
f 10162 10137 10164
f 10164 10137 10138
f 10164 10138 10166
f 10166 10138 10139
f 10166 10139 10168
f 10168 10139 10140
f 10168 10140 10170
f 10170 10140 10141
f 10170 10141 10172
f 10172 10141 10142
f 10172 10142 10150
f 10150 10142 10143
f 10173 10163 10174
f 10174 10163 10165
f 10174 10165 10175
f 10175 10165 10167
f 10175 10167 10176
f 10176 10167 10169
f 10176 10169 10177
f 10177 10169 10171
f 10177 10171 10178
f 10178 10171 10149
f 10178 10149 10179
f 10179 10149 10151
f 10179 10151 10180
f 10180 10151 10153
f 10180 10153 10181
f 10181 10153 10155
f 10181 10155 10182
f 10182 10155 10157
f 10182 10157 10183
f 10183 10157 10159
f 10183 10159 10184
f 10184 10159 10161
f 10184 10161 10173
f 10173 10161 10163
f 10185 10186 10187
f 10187 10186 10188
f 10187 10188 10189
f 10189 10188 10190
f 10189 10190 10191
f 10191 10190 10192
f 10191 10192 10193
f 10193 10192 10194
f 10193 10194 10195
f 10195 10194 10196
f 10195 10196 10197
f 10197 10196 10198
f 10197 10198 10199
f 10199 10198 10200
f 10199 10200 10201
f 10201 10200 10202
f 10201 10202 10203
f 10203 10202 10204
f 10203 10204 10205
f 10205 10204 10206
f 10205 10206 10207
f 10207 10206 10208
f 10207 10208 10185
f 10185 10208 10186
f 10186 10173 10188
f 10188 10173 10174
f 10188 10174 10190
f 10190 10174 10175
f 10190 10175 10192
f 10192 10175 10176
f 10192 10176 10194
f 10194 10176 10177
f 10194 10177 10196
f 10196 10177 10178
f 10196 10178 10198
f 10198 10178 10179
f 10198 10179 10200
f 10200 10179 10180
f 10200 10180 10202
f 10202 10180 10181
f 10202 10181 10204
f 10204 10181 10182
f 10204 10182 10206
f 10206 10182 10183
f 10206 10183 10208
f 10208 10183 10184
f 10208 10184 10186
f 10186 10184 10173
f 10129 10187 10136
f 10136 10187 10189
f 10136 10189 10135
f 10135 10189 10191
f 10135 10191 10134
f 10134 10191 10193
f 10134 10193 10125
f 10125 10193 10195
f 10125 10195 10126
f 10126 10195 10197
f 10126 10197 10127
f 10127 10197 10199
f 10127 10199 10131
f 10131 10199 10201
f 10131 10201 10132
f 10132 10201 10203
f 10132 10203 10133
f 10133 10203 10205
f 10133 10205 10130
f 10130 10205 10207
f 10130 10207 10128
f 10128 10207 10185
f 10128 10185 10129
f 10129 10185 10187
f 10209 10210 10211
f 10211 10210 10212
f 10213 10214 10215
f 10215 10214 10210
f 10215 10210 10216
f 10216 10210 10209
f 10217 10218 10219
f 10219 10218 10211
f 10219 10211 10220
f 10220 10211 10212
f 10218 10101 10211
f 10211 10101 10103
f 10211 10103 10209
f 10209 10103 10105
f 10209 10105 10216
f 10216 10105 10107
f 10216 10107 10215
f 10215 10107 10109
f 10215 10109 10213
f 10213 10109 10111
f 10213 10111 10214
f 10214 10111 10113
f 10214 10113 10210
f 10210 10113 10115
f 10210 10115 10212
f 10212 10115 10117
f 10212 10117 10220
f 10220 10117 10119
f 10220 10119 10219
f 10219 10119 10121
f 10219 10121 10217
f 10217 10121 10123
f 10217 10123 10218
f 10218 10123 10101
f 10221 10222 10223
f 10224 10225 10223
f 10223 10225 10226
f 10223 10226 10221
f 10221 10227 10222
f 10222 10227 10228
f 10222 10228 10229
f 10230 10231 10232
f 10228 10233 10229
f 10229 10233 10234
f 10229 10234 10231
f 10231 10234 10235
f 10231 10235 10232
f 10236 10237 10238
f 10238 10237 10239
f 10238 10239 10240
f 10240 10239 10241
f 10240 10241 10242
f 10242 10241 10243
f 10242 10243 10224
f 10224 10243 10244
f 10224 10244 10225
f 10245 10246 10247
f 10247 10246 10248
f 10247 10248 10236
f 10236 10248 10249
f 10236 10249 10237
f 10232 10250 10230
f 10230 10250 10251
f 10230 10251 10245
f 10245 10251 10252
f 10245 10252 10246
f 10253 10254 10255
f 10256 10257 10255
f 10258 10259 10260
f 10256 10255 10261
f 10261 10255 10262
f 10261 10262 10263
f 10263 10264 10261
f 10261 10264 10260
f 10261 10260 10265
f 10265 10260 10259
f 10260 10266 10267
f 10267 10268 10260
f 10260 10268 10269
f 10260 10269 10258
f 10270 10253 10271
f 10271 10253 10255
f 10271 10255 10272
f 10272 10255 10257
f 10225 10244 10273
f 10273 10274 10225
f 10225 10274 10275
f 10225 10275 10226
f 10226 10275 10276
f 10226 10276 10221
f 10221 10276 10277
f 10221 10277 10227
f 10227 10277 10278
f 10227 10278 10228
f 10241 10279 10243
f 10243 10279 10280
f 10243 10280 10244
f 10244 10280 10281
f 10244 10281 10273
f 10278 10282 10228
f 10228 10282 10283
f 10228 10283 10233
f 10233 10283 10284
f 10233 10284 10234
f 10234 10284 10285
f 10234 10285 10235
f 10235 10285 10286
f 10235 10286 10232
f 10232 10286 10287
f 10232 10287 10250
f 10250 10287 10288
f 10250 10288 10251
f 10251 10288 10289
f 10251 10289 10252
f 10252 10289 10246
f 10289 10290 10246
f 10246 10290 10291
f 10246 10291 10248
f 10248 10291 10292
f 10248 10292 10249
f 10249 10292 10293
f 10249 10293 10237
f 10237 10293 10294
f 10237 10294 10239
f 10239 10294 10295
f 10239 10295 10241
f 10241 10295 10296
f 10241 10296 10279
f 10297 10298 10299
f 10300 10301 10302
f 10288 10300 10289
f 10289 10300 10303
f 10289 10303 10290
f 10290 10303 10304
f 10290 10304 10291
f 10291 10304 10305
f 10291 10305 10292
f 10292 10305 10306
f 10300 10302 10303
f 10303 10302 10307
f 10303 10307 10304
f 10304 10307 10308
f 10304 10308 10305
f 10305 10308 10309
f 10305 10309 10306
f 10306 10309 10310
f 10306 10310 10311
f 10311 10294 10306
f 10306 10294 10293
f 10306 10293 10292
f 10310 10312 10311
f 10311 10312 10313
f 10311 10313 10314
f 10314 10296 10311
f 10311 10296 10295
f 10311 10295 10294
f 10313 10315 10314
f 10314 10315 10316
f 10314 10316 10317
f 10273 10281 10317
f 10317 10281 10280
f 10317 10280 10314
f 10314 10280 10279
f 10314 10279 10296
f 10297 10299 10318
f 10274 10273 10299
f 10299 10273 10317
f 10299 10317 10318
f 10318 10317 10316
f 10298 10319 10320
f 10298 10320 10299
f 10299 10320 10275
f 10299 10275 10274
f 10321 10322 10323
f 10321 10323 10324
f 10278 10277 10320
f 10320 10277 10276
f 10320 10276 10275
f 10282 10278 10323
f 10323 10278 10320
f 10323 10320 10324
f 10324 10320 10319
f 10325 10326 10327
f 10327 10326 10323
f 10327 10323 10328
f 10328 10323 10322
f 10325 10329 10326
f 10326 10329 10330
f 10326 10330 10286
f 10286 10285 10326
f 10326 10285 10284
f 10326 10284 10323
f 10323 10284 10283
f 10323 10283 10282
f 10329 10331 10330
f 10330 10331 10332
f 10330 10332 10333
f 10333 10332 10334
f 10333 10334 10301
f 10301 10300 10333
f 10333 10300 10288
f 10333 10288 10330
f 10330 10288 10287
f 10330 10287 10286
f 10310 10254 10312
f 10312 10254 10253
f 10312 10253 10313
f 10313 10253 10315
f 10315 10253 10270
f 10315 10270 10316
f 10316 10270 10318
f 10318 10270 10271
f 10318 10271 10297
f 10297 10271 10298
f 10298 10271 10272
f 10298 10272 10319
f 10319 10272 10324
f 10324 10272 10257
f 10324 10257 10321
f 10321 10257 10256
f 10321 10256 10322
f 10322 10256 10328
f 10328 10256 10261
f 10328 10261 10327
f 10327 10261 10265
f 10327 10265 10325
f 10325 10265 10259
f 10325 10259 10329
f 10329 10259 10258
f 10329 10258 10331
f 10331 10258 10269
f 10331 10269 10332
f 10332 10269 10268
f 10332 10268 10334
f 10334 10268 10267
f 10334 10267 10301
f 10267 10266 10301
f 10301 10266 10260
f 10301 10260 10302
f 10260 10264 10302
f 10302 10264 10263
f 10302 10263 10307
f 10310 10309 10254
f 10254 10309 10308
f 10254 10308 10255
f 10255 10308 10307
f 10255 10307 10262
f 10262 10307 10263
f 10335 10336 10337
f 10337 10338 10339
f 10339 10338 10340
f 10340 10341 10339
f 10339 10341 10342
f 10339 10342 10343
f 10344 10335 10345
f 10345 10335 10337
f 10345 10337 10346
f 10346 10337 10339
f 10338 10245 10340
f 10340 10245 10247
f 10340 10247 10341
f 10341 10247 10236
f 10341 10236 10342
f 10342 10236 10238
f 10342 10238 10343
f 10343 10238 10240
f 10343 10240 10339
f 10339 10240 10242
f 10339 10242 10346
f 10346 10242 10224
f 10346 10224 10345
f 10345 10224 10223
f 10345 10223 10344
f 10344 10223 10222
f 10344 10222 10335
f 10335 10222 10229
f 10335 10229 10336
f 10336 10229 10231
f 10336 10231 10337
f 10337 10231 10230
f 10337 10230 10338
f 10338 10230 10245
# 20668 faces, 0 coords texture

# End of File
