####
#
# OBJ File Generated by Meshlab
#
####
# Object DR_Wheel.obj
#
# Vertices: 2677
# Faces: 5354
#
####
v -0.0035623731091619 -0.0456979833543301 0.0150244748219848
v -0.0034648517612368 -0.0457054786384106 0.0152399996295571
v -0.0090618329122663 -0.0449319407343864 0.0152399996295571
v -0.0036326744593680 -0.0456924475729465 0.0146049996837974
v -0.0034648517612368 -0.0457054786384106 -0.0152399996295571
v -0.0035623731091619 -0.0456979833543301 -0.0150244748219848
v -0.0090618329122663 -0.0449319407343864 -0.0152399996295571
v -0.0036326744593680 -0.0456924475729465 -0.0146049996837974
v -0.0198520906269550 -0.0413145311176777 0.0152399996295571
v -0.0197638850659132 -0.0413567982614040 0.0150244748219848
v -0.0146181927993894 -0.0434431172907352 0.0152399996295571
v -0.0197002347558737 -0.0413871556520462 0.0146049996837974
v -0.0197002347558737 -0.0413871556520462 -0.0146049996837974
v -0.0146181927993894 -0.0434431172907352 -0.0152399996295571
v -0.0197638850659132 -0.0413567982614040 -0.0150244748219848
v -0.0198520906269550 -0.0413145311176777 -0.0152399996295571
v -0.0259340964257717 -0.0377944260835648 0.0150244748219848
v -0.0258533898741007 -0.0378496795892715 0.0152399996295571
v -0.0303137470036745 -0.0343812853097916 0.0152399996295571
v -0.0259922128170729 -0.0377544835209846 0.0146049996837974
v -0.0258533898741007 -0.0378496795892715 -0.0152399996295571
v -0.0259340964257717 -0.0377944260835648 -0.0150244748219848
v -0.0303137470036745 -0.0343812853097916 -0.0152399996295571
v -0.0259922128170729 -0.0377544835209846 -0.0146049996837974
v -0.0377544835209846 -0.0259922128170729 0.0146049996837974
v -0.0377544835209846 -0.0259922128170729 -0.0146049996837974
v -0.0343812853097916 -0.0303137470036745 -0.0152399996295571
v -0.0377944260835648 -0.0259340964257717 -0.0150244748219848
v -0.0378496795892715 -0.0258533898741007 -0.0152399996295571
v -0.0378496795892715 -0.0258533898741007 0.0152399996295571
v -0.0377944260835648 -0.0259340964257717 0.0150244748219848
v -0.0343812853097916 -0.0303137470036745 0.0152399996295571
v -0.0413567982614040 -0.0197638850659132 0.0150244748219848
v -0.0413145311176777 -0.0198520906269550 0.0152399996295571
v -0.0434431172907352 -0.0146181927993894 0.0152399996295571
v -0.0413871556520462 -0.0197002347558737 0.0146049996837974
v -0.0413145311176777 -0.0198520906269550 -0.0152399996295571
v -0.0413567982614040 -0.0197638850659132 -0.0150244748219848
v -0.0434431172907352 -0.0146181927993894 -0.0152399996295571
v -0.0413871556520462 -0.0197002347558737 -0.0146049996837974
v -0.0456924475729465 -0.0036326744593680 0.0146049996837974
v -0.0456924475729465 -0.0036326744593680 -0.0146049996837974
v -0.0449319407343864 -0.0090618329122663 -0.0152399996295571
v -0.0456979833543301 -0.0035623731091619 -0.0150244748219848
v -0.0457054786384106 -0.0034648517612368 -0.0152399996295571
v -0.0457054786384106 -0.0034648517612368 0.0152399996295571
v -0.0456979833543301 -0.0035623731091619 0.0150244748219848
v -0.0449319407343864 -0.0090618329122663 0.0152399996295571
v -0.0456979833543301 0.0035623731091619 0.0150244748219848
v -0.0457054786384106 0.0034648517612368 0.0152399996295571
v -0.0449319407343864 0.0090618329122663 0.0152399996295571
v -0.0456924475729465 0.0036326744593680 0.0146049996837974
v -0.0457054786384106 0.0034648517612368 -0.0152399996295571
v -0.0456979833543301 0.0035623731091619 -0.0150244748219848
v -0.0449319407343864 0.0090618329122663 -0.0152399996295571
v -0.0456924475729465 0.0036326744593680 -0.0146049996837974
v -0.0413871556520462 0.0197002347558737 0.0146049996837974
v -0.0413871556520462 0.0197002347558737 -0.0146049996837974
v -0.0434431172907352 0.0146181927993894 -0.0152399996295571
v -0.0413567982614040 0.0197638850659132 -0.0150244748219848
v -0.0413145311176777 0.0198520906269550 -0.0152399996295571
v -0.0413145311176777 0.0198520906269550 0.0152399996295571
v -0.0413567982614040 0.0197638850659132 0.0150244748219848
v -0.0434431172907352 0.0146181927993894 0.0152399996295571
v -0.0377944260835648 0.0259340964257717 0.0150244748219848
v -0.0378496795892715 0.0258533898741007 0.0152399996295571
v -0.0343812853097916 0.0303137470036745 0.0152399996295571
v -0.0377544835209846 0.0259922128170729 0.0146049996837974
v -0.0378496795892715 0.0258533898741007 -0.0152399996295571
v -0.0377944260835648 0.0259340964257717 -0.0150244748219848
v -0.0343812853097916 0.0303137470036745 -0.0152399996295571
v -0.0377544835209846 0.0259922128170729 -0.0146049996837974
v -0.0258533898741007 0.0378496795892715 0.0152399996295571
v -0.0259340964257717 0.0377944260835648 0.0150244748219848
v -0.0303137470036745 0.0343812853097916 0.0152399996295571
v -0.0259922128170729 0.0377544835209846 0.0146049996837974
v -0.0259922128170729 0.0377544835209846 -0.0146049996837974
v -0.0303137470036745 0.0343812853097916 -0.0152399996295571
v -0.0259340964257717 0.0377944260835648 -0.0150244748219848
v -0.0258533898741007 0.0378496795892715 -0.0152399996295571
v -0.0197638850659132 0.0413567982614040 0.0150244748219848
v -0.0198520906269550 0.0413145311176777 0.0152399996295571
v -0.0146181927993894 0.0434431172907352 0.0152399996295571
v -0.0197002347558737 0.0413871556520462 0.0146049996837974
v -0.0198520906269550 0.0413145311176777 -0.0152399996295571
v -0.0197638850659132 0.0413567982614040 -0.0150244748219848
v -0.0146181927993894 0.0434431172907352 -0.0152399996295571
v -0.0197002347558737 0.0413871556520462 -0.0146049996837974
v -0.0034648517612368 0.0457054786384106 0.0152399996295571
v -0.0035623731091619 0.0456979833543301 0.0150244748219848
v -0.0090618329122663 0.0449319407343864 0.0152399996295571
v -0.0036326744593680 0.0456924475729465 0.0146049996837974
v -0.0036326744593680 0.0456924475729465 -0.0146049996837974
v -0.0090618329122663 0.0449319407343864 -0.0152399996295571
v -0.0035623731091619 0.0456979833543301 -0.0150244748219848
v -0.0034648517612368 0.0457054786384106 -0.0152399996295571
v 0.0035623731091619 0.0456979833543301 0.0150244748219848
v 0.0034648517612368 0.0457054786384106 0.0152399996295571
v 0.0090618329122663 0.0449319407343864 0.0152399996295571
v 0.0036326744593680 0.0456924475729465 0.0146049996837974
v 0.0034648517612368 0.0457054786384106 -0.0152399996295571
v 0.0035623731091619 0.0456979833543301 -0.0150244748219848
v 0.0090618329122663 0.0449319407343864 -0.0152399996295571
v 0.0036326744593680 0.0456924475729465 -0.0146049996837974
v 0.0197002347558737 0.0413871556520462 0.0146049996837974
v 0.0197002347558737 0.0413871556520462 -0.0146049996837974
v 0.0146181927993894 0.0434431172907352 -0.0152399996295571
v 0.0197638850659132 0.0413567982614040 -0.0150244748219848
v 0.0198520906269550 0.0413145311176777 -0.0152399996295571
v 0.0198520906269550 0.0413145311176777 0.0152399996295571
v 0.0197638850659132 0.0413567982614040 0.0150244748219848
v 0.0146181927993894 0.0434431172907352 0.0152399996295571
v 0.0259340964257717 0.0377944260835648 0.0150244748219848
v 0.0258533898741007 0.0378496795892715 0.0152399996295571
v 0.0303137470036745 0.0343812853097916 0.0152399996295571
v 0.0259922128170729 0.0377544835209846 0.0146049996837974
v 0.0258533898741007 0.0378496795892715 -0.0152399996295571
v 0.0259340964257717 0.0377944260835648 -0.0150244748219848
v 0.0303137470036745 0.0343812853097916 -0.0152399996295571
v 0.0259922128170729 0.0377544835209846 -0.0146049996837974
v 0.0378496795892715 0.0258533898741007 0.0152399996295571
v 0.0377944260835648 0.0259340964257717 0.0150244748219848
v 0.0343812853097916 0.0303137470036745 0.0152399996295571
v 0.0377544835209846 0.0259922128170729 0.0146049996837974
v 0.0377544835209846 0.0259922128170729 -0.0146049996837974
v 0.0343812853097916 0.0303137470036745 -0.0152399996295571
v 0.0377944260835648 0.0259340964257717 -0.0150244748219848
v 0.0378496795892715 0.0258533898741007 -0.0152399996295571
v 0.0413567982614040 0.0197638850659132 0.0150244748219848
v 0.0413145311176777 0.0198520906269550 0.0152399996295571
v 0.0434431172907352 0.0146181927993894 0.0152399996295571
v 0.0413871556520462 0.0197002347558737 0.0146049996837974
v 0.0413145311176777 0.0198520906269550 -0.0152399996295571
v 0.0413567982614040 0.0197638850659132 -0.0150244748219848
v 0.0434431172907352 0.0146181927993894 -0.0152399996295571
v 0.0413871556520462 0.0197002347558737 -0.0146049996837974
v 0.0457054786384106 0.0034648517612368 0.0152399996295571
v 0.0456979833543301 0.0035623731091619 0.0150244748219848
v 0.0449319407343864 0.0090618329122663 0.0152399996295571
v 0.0456924475729465 0.0036326744593680 0.0146049996837974
v 0.0456924475729465 0.0036326744593680 -0.0146049996837974
v 0.0449319407343864 0.0090618329122663 -0.0152399996295571
v 0.0456979833543301 0.0035623731091619 -0.0150244748219848
v 0.0457054786384106 0.0034648517612368 -0.0152399996295571
v 0.0456979833543301 -0.0035623731091619 0.0150244748219848
v 0.0457054786384106 -0.0034648517612368 0.0152399996295571
v 0.0449319407343864 -0.0090618329122663 0.0152399996295571
v 0.0456924475729465 -0.0036326744593680 0.0146049996837974
v 0.0457054786384106 -0.0034648517612368 -0.0152399996295571
v 0.0456979833543301 -0.0035623731091619 -0.0150244748219848
v 0.0449319407343864 -0.0090618329122663 -0.0152399996295571
v 0.0456924475729465 -0.0036326744593680 -0.0146049996837974
v 0.0413871556520462 -0.0197002347558737 0.0146049996837974
v 0.0413871556520462 -0.0197002347558737 -0.0146049996837974
v 0.0434431172907352 -0.0146181927993894 -0.0152399996295571
v 0.0413567982614040 -0.0197638850659132 -0.0150244748219848
v 0.0413145311176777 -0.0198520906269550 -0.0152399996295571
v 0.0413145311176777 -0.0198520906269550 0.0152399996295571
v 0.0413567982614040 -0.0197638850659132 0.0150244748219848
v 0.0434431172907352 -0.0146181927993894 0.0152399996295571
v 0.0377944260835648 -0.0259340964257717 0.0150244748219848
v 0.0378496795892715 -0.0258533898741007 0.0152399996295571
v 0.0343812853097916 -0.0303137470036745 0.0152399996295571
v 0.0377544835209846 -0.0259922128170729 0.0146049996837974
v 0.0378496795892715 -0.0258533898741007 -0.0152399996295571
v 0.0377944260835648 -0.0259340964257717 -0.0150244748219848
v 0.0343812853097916 -0.0303137470036745 -0.0152399996295571
v 0.0377544835209846 -0.0259922128170729 -0.0146049996837974
v 0.0259922128170729 -0.0377544835209846 0.0146049996837974
v 0.0259922128170729 -0.0377544835209846 -0.0146049996837974
v 0.0303137470036745 -0.0343812853097916 -0.0152399996295571
v 0.0259340964257717 -0.0377944260835648 -0.0150244748219848
v 0.0258533898741007 -0.0378496795892715 -0.0152399996295571
v 0.0258533898741007 -0.0378496795892715 0.0152399996295571
v 0.0259340964257717 -0.0377944260835648 0.0150244748219848
v 0.0303137470036745 -0.0343812853097916 0.0152399996295571
v 0.0197638850659132 -0.0413567982614040 0.0150244748219848
v 0.0198520906269550 -0.0413145311176777 0.0152399996295571
v 0.0146181927993894 -0.0434431172907352 0.0152399996295571
v 0.0197002347558737 -0.0413871556520462 0.0146049996837974
v 0.0198520906269550 -0.0413145311176777 -0.0152399996295571
v 0.0197638850659132 -0.0413567982614040 -0.0150244748219848
v 0.0146181927993894 -0.0434431172907352 -0.0152399996295571
v 0.0197002347558737 -0.0413871556520462 -0.0146049996837974
v 0.0036326744593680 -0.0456924475729465 0.0146049996837974
v 0.0036326744593680 -0.0456924475729465 -0.0146049996837974
v 0.0090618329122663 -0.0449319407343864 -0.0152399996295571
v 0.0035623731091619 -0.0456979833543301 -0.0150244748219848
v 0.0034648517612368 -0.0457054786384106 -0.0152399996295571
v 0.0034648517612368 -0.0457054786384106 0.0152399996295571
v 0.0035623731091619 -0.0456979833543301 0.0150244748219848
v 0.0090618329122663 -0.0449319407343864 0.0152399996295571
v -0.0126999998465180 0.0000000000000000 -0.0152399996295571
v -0.0073323482647538 0.0000018949559717 -0.0152399996295571
v -0.0120784174650908 -0.0039245160296559 -0.0152399996295571
v -0.0036678151227534 -0.0063490523025393 -0.0152399996295571
v -0.0102745154872537 -0.0074648726731539 -0.0152399996295571
v -0.0074648726731539 -0.0102745154872537 -0.0152399996295571
v 0.0126999998465180 0.0000000000000000 -0.0152399996295571
v 0.0073323482647538 -0.0000018949559717 -0.0152399996295571
v 0.0120784174650908 0.0039245160296559 -0.0152399996295571
v 0.0036678151227534 0.0063490523025393 -0.0152399996295571
v 0.0102745154872537 0.0074648726731539 -0.0152399996295571
v 0.0074648726731539 -0.0102745154872537 -0.0152399996295571
v 0.0036645329091698 -0.0063509470783174 -0.0152399996295571
v 0.0102745154872537 -0.0074648726731539 -0.0152399996295571
v 0.0120784174650908 -0.0039245160296559 -0.0152399996295571
v -0.0039245160296559 0.0120784174650908 -0.0152399996295571
v -0.0000000000000001 0.0126999998465180 -0.0152399996295571
v -0.0036645329091698 0.0063509470783174 -0.0152399996295571
v 0.0039245160296559 0.0120784174650908 -0.0152399996295571
v 0.0074648726731539 0.0102745154872537 -0.0152399996295571
v -0.0120784174650908 0.0039245160296559 -0.0152399996295571
v -0.0102745154872537 0.0074648726731539 -0.0152399996295571
v -0.0074648726731539 0.0102745154872537 -0.0152399996295571
v 0.0039245160296559 -0.0120784174650908 -0.0152399996295571
v 0.0000000000000000 -0.0126999998465180 -0.0152399996295571
v -0.0039245160296559 -0.0120784174650908 -0.0152399996295571
v -0.0039245160296559 0.0120784174650908 0.0152399996295571
v -0.0074648726731539 0.0102745154872537 0.0152399996295571
v -0.0036645329091698 0.0063509470783174 0.0152399996295571
v 0.0126999998465180 0.0000000000000000 0.0152399996295571
v 0.0073323482647538 -0.0000018949559717 0.0152399996295571
v 0.0120784174650908 -0.0039245160296559 0.0152399996295571
v 0.0036645329091698 -0.0063509470783174 0.0152399996295571
v 0.0102745154872537 -0.0074648726731539 0.0152399996295571
v 0.0074648726731539 -0.0102745154872537 0.0152399996295571
v -0.0126999998465180 0.0000000000000000 0.0152399996295571
v -0.0073323482647538 0.0000018949559717 0.0152399996295571
v -0.0120784174650908 0.0039245160296559 0.0152399996295571
v -0.0102745154872537 0.0074648726731539 0.0152399996295571
v -0.0074648726731539 -0.0102745154872537 0.0152399996295571
v -0.0036678151227534 -0.0063490523025393 0.0152399996295571
v -0.0102745154872537 -0.0074648726731539 0.0152399996295571
v -0.0120784174650908 -0.0039245160296559 0.0152399996295571
v 0.0120784174650908 0.0039245160296559 0.0152399996295571
v 0.0102745154872537 0.0074648726731539 0.0152399996295571
v 0.0036678151227534 0.0063490523025393 0.0152399996295571
v -0.0039245160296559 -0.0120784174650908 0.0152399996295571
v 0.0000000000000000 -0.0126999998465180 0.0152399996295571
v 0.0039245160296559 -0.0120784174650908 0.0152399996295571
v 0.0074648726731539 0.0102745154872537 0.0152399996295571
v 0.0039245160296559 0.0120784174650908 0.0152399996295571
v -0.0000000000000001 0.0126999998465180 0.0152399996295571
v -0.0295909997075796 0.0000000000000000 -0.0152399996295571
v -0.0464089363813400 -0.0024129999801517 -0.0152399996295571
v -0.0490116253495216 0.0017780000343919 -0.0152399996295571
v -0.0483766235411167 -0.0024129999801517 -0.0152399996295571
v -0.0490116253495216 -0.0017780000343919 -0.0152399996295571
v 0.0262780301272869 0.0406888835132122 -0.0152399996295571
v 0.0252941865473986 0.0389848165214062 -0.0152399996295571
v 0.0260456055402756 0.0415563099086285 -0.0152399996295571
v -0.0229660179466009 -0.0433343127369881 -0.0152399996295571
v -0.0260456055402756 -0.0415563099086285 -0.0152399996295571
v -0.0252941865473986 -0.0389848165214062 -0.0152399996295571
v 0.0204768404364586 -0.0412325747311115 -0.0152399996295571
v 0.0201627332717180 -0.0412279367446899 -0.0152399996295571
v 0.0413978174328804 -0.0211147479712963 -0.0152399996295571
v -0.0224841684103012 -0.0433977469801903 -0.0152399996295571
v -0.0227314028888941 -0.0434139519929886 -0.0152399996295571
v -0.0486196279525757 -0.0023646634072065 -0.0152399996295571
v -0.0488256365060806 -0.0022270127665251 -0.0152399996295571
v -0.0489632859826088 -0.0020210039801896 -0.0152399996295571
v -0.0433343127369881 0.0229660179466009 -0.0152399996295571
v -0.0413978174328804 0.0211147479712963 -0.0152399996295571
v -0.0431018844246864 0.0220985915511847 -0.0152399996295571
v -0.0262318849563599 -0.0413929484784603 -0.0152399996295571
v -0.0263414680957794 -0.0411707349121571 -0.0152399996295571
v -0.0412325747311115 -0.0204768404364586 -0.0152399996295571
v -0.0412279367446899 -0.0201627332717180 -0.0152399996295571
v -0.0389848165214062 -0.0252941865473986 -0.0152399996295571
v 0.0433343127369881 -0.0229660179466009 -0.0152399996295571
v 0.0415563099086285 -0.0260456055402756 -0.0152399996295571
v 0.0406888835132122 -0.0262780301272869 -0.0152399996295571
v -0.0406888835132122 0.0262780301272869 -0.0152399996295571
v -0.0415563099086285 0.0260456055402756 -0.0152399996295571
v -0.0204768404364586 0.0412325747311115 -0.0152399996295571
v -0.0201627332717180 0.0412279367446899 -0.0152399996295571
v -0.0262780301272869 -0.0406888835132122 -0.0152399996295571
v -0.0263576731085777 -0.0409235022962093 -0.0152399996295571
v -0.0415563099086285 -0.0260456055402756 -0.0152399996295571
v -0.0406888835132122 -0.0262780301272869 -0.0152399996295571
v 0.0409235022962093 -0.0263576731085777 -0.0152399996295571
v 0.0411707349121571 -0.0263414680957794 -0.0152399996295571
v 0.0413929484784603 -0.0262318849563599 -0.0152399996295571
v 0.0262780301272869 -0.0406888835132122 -0.0152399996295571
v 0.0263576731085777 -0.0409235022962093 -0.0152399996295571
v 0.0263414680957794 -0.0411707349121571 -0.0152399996295571
v 0.0208961404860020 -0.0413283817470074 -0.0152399996295571
v 0.0208087600767612 -0.0413028150796890 -0.0152399996295571
v 0.0205419957637787 -0.0412420295178890 -0.0152399996295571
v -0.0432881638407707 0.0222619548439980 -0.0152399996295571
v -0.0433977469801903 0.0224841684103012 -0.0152399996295571
v -0.0434139519929886 0.0227314028888941 -0.0152399996295571
v -0.0383497513830662 -0.0254700370132923 -0.0152399996295571
v -0.0380754061043262 -0.0256230756640434 -0.0152399996295571
v -0.0380467735230923 -0.0256448872387409 -0.0152399996295571
v 0.0384109057486057 -0.0254456475377083 -0.0152399996295571
v 0.0383497513830662 -0.0254700370132923 -0.0152399996295571
v 0.0380754061043262 -0.0256230756640434 -0.0152399996295571
v 0.0256448872387409 -0.0380467735230923 -0.0152399996295571
v 0.0211147479712963 -0.0413978174328804 -0.0152399996295571
v 0.0256230756640434 -0.0380754061043262 -0.0152399996295571
v 0.0254700370132923 -0.0383497513830662 -0.0152399996295571
v 0.0260456055402756 -0.0415563099086285 -0.0152399996295571
v 0.0229660179466009 -0.0433343127369881 -0.0152399996295571
v 0.0220985915511847 -0.0431018844246864 -0.0152399996295571
v -0.0031857369467616 0.0457719154655933 -0.0152399996295571
v 0.0024129999801517 0.0464089363813400 -0.0152399996295571
v -0.0031525304075330 0.0457858070731163 -0.0152399996295571
v -0.0028828228823841 0.0459468774497509 -0.0152399996295571
v 0.0028828228823841 0.0459468774497509 -0.0152399996295571
v 0.0031525304075330 0.0457858070731163 -0.0152399996295571
v 0.0201627332717180 0.0412279367446899 -0.0152399996295571
v 0.0204768404364586 0.0412325747311115 -0.0152399996295571
v 0.0031857369467616 -0.0457719154655933 -0.0152399996295571
v -0.0024129999801517 -0.0464089363813400 -0.0152399996295571
v 0.0031525304075330 -0.0457858070731163 -0.0152399996295571
v 0.0028828228823841 -0.0459468774497509 -0.0152399996295571
v 0.0431018844246864 0.0220985915511847 -0.0152399996295571
v 0.0413978174328804 0.0211147479712963 -0.0152399996295571
v 0.0433343127369881 0.0229660179466009 -0.0152399996295571
v -0.0413929484784603 0.0262318849563599 -0.0152399996295571
v -0.0411707349121571 0.0263414680957794 -0.0152399996295571
v -0.0409235022962093 0.0263576731085777 -0.0152399996295571
v -0.0208961404860020 0.0413283817470074 -0.0152399996295571
v -0.0208087600767612 0.0413028150796890 -0.0152399996295571
v -0.0205419957637787 0.0412420295178890 -0.0152399996295571
v -0.0252952463924885 -0.0389798767864704 -0.0152399996295571
v -0.0253433585166931 -0.0387607775628567 -0.0152399996295571
v -0.0211147479712963 -0.0413978174328804 -0.0152399996295571
v -0.0253649074584246 -0.0386723242700100 -0.0152399996295571
v -0.0254456475377083 -0.0384109057486057 -0.0152399996295571
v -0.0384109057486057 -0.0254456475377083 -0.0152399996295571
v -0.0386723242700100 -0.0253649074584246 -0.0152399996295571
v -0.0387607775628567 -0.0253433585166931 -0.0152399996295571
v -0.0409235022962093 -0.0263576731085777 -0.0152399996295571
v -0.0411707349121571 -0.0263414680957794 -0.0152399996295571
v -0.0413929484784603 -0.0262318849563599 -0.0152399996295571
v -0.0413283817470074 -0.0208961404860020 -0.0152399996295571
v -0.0413028150796890 -0.0208087600767612 -0.0152399996295571
v -0.0412420295178890 -0.0205419957637787 -0.0152399996295571
v 0.0389798767864704 -0.0252952463924885 -0.0152399996295571
v 0.0387607775628567 -0.0253433585166931 -0.0152399996295571
v 0.0386723242700100 -0.0253649074584246 -0.0152399996295571
v 0.0227314028888941 -0.0434139519929886 -0.0152399996295571
v 0.0224841684103012 -0.0433977469801903 -0.0152399996295571
v 0.0222619548439980 -0.0432881638407707 -0.0152399996295571
v 0.0211099386215210 -0.0413962639868259 -0.0152399996295571
v 0.0022270127665251 0.0488256365060806 -0.0152399996295571
v 0.0023646634072065 0.0486196279525757 -0.0152399996295571
v 0.0020210039801896 0.0489632859826088 -0.0152399996295571
v 0.0024129999801517 0.0483766235411167 -0.0152399996295571
v 0.0017780000343919 0.0490116253495216 -0.0152399996295571
v 0.0025676032528281 0.0462394990026951 -0.0152399996295571
v 0.0026304924394935 0.0461736693978310 -0.0152399996295571
v 0.0028311235364527 0.0459876433014870 -0.0152399996295571
v 0.0220985915511847 0.0431018844246864 -0.0152399996295571
v 0.0222619548439980 0.0432881638407707 -0.0152399996295571
v 0.0224841684103012 0.0433977469801903 -0.0152399996295571
v 0.0262318849563599 0.0413929484784603 -0.0152399996295571
v 0.0263414680957794 0.0411707349121571 -0.0152399996295571
v 0.0263576731085777 0.0409235022962093 -0.0152399996295571
v -0.0022270127665251 -0.0488256365060806 -0.0152399996295571
v -0.0023646634072065 -0.0486196279525757 -0.0152399996295571
v -0.0020210039801896 -0.0489632859826088 -0.0152399996295571
v -0.0024129999801517 -0.0483766235411167 -0.0152399996295571
v -0.0017780000343919 -0.0490116253495216 -0.0152399996295571
v 0.0464089363813400 -0.0024129999801517 -0.0152399996295571
v 0.0412325747311115 0.0204768404364586 -0.0152399996295571
v 0.0412279367446899 0.0201627332717180 -0.0152399996295571
v 0.0389848165214062 0.0252941865473986 -0.0152399996295571
v 0.0483766235411167 0.0024129999801517 -0.0152399996295571
v 0.0486196279525757 0.0023646634072065 -0.0152399996295571
v 0.0488256365060806 0.0022270127665251 -0.0152399996295571
v -0.0239396225661039 0.0173931531608105 -0.0152399996295571
v -0.0270327236503363 0.0120357442647219 -0.0152399996295571
v -0.0464089363813400 0.0024129999801517 -0.0152399996295571
v -0.0289443656802177 0.0061523150652647 -0.0152399996295571
v -0.0384109057486057 0.0254456475377083 -0.0152399996295571
v -0.0383497513830662 0.0254700370132923 -0.0152399996295571
v -0.0380754061043262 0.0256230756640434 -0.0152399996295571
v -0.0256448872387409 0.0380467735230923 -0.0152399996295571
v -0.0211147479712963 0.0413978174328804 -0.0152399996295571
v -0.0256230756640434 0.0380754061043262 -0.0152399996295571
v -0.0254700370132923 0.0383497513830662 -0.0152399996295571
v -0.0224841684103012 0.0433977469801903 -0.0152399996295571
v -0.0222619548439980 0.0432881638407707 -0.0152399996295571
v -0.0227314028888941 0.0434139519929886 -0.0152399996295571
v -0.0220985915511847 0.0431018844246864 -0.0152399996295571
v -0.0229660179466009 0.0433343127369881 -0.0152399996295571
v -0.0260456055402756 0.0415563099086285 -0.0152399996295571
v -0.0222619548439980 -0.0432881638407707 -0.0152399996295571
v -0.0220985915511847 -0.0431018844246864 -0.0152399996295571
v -0.0254700370132923 -0.0383497513830662 -0.0152399996295571
v -0.0256230756640434 -0.0380754061043262 -0.0152399996295571
v -0.0389798767864704 -0.0252952463924885 -0.0152399996295571
v -0.0433977469801903 -0.0224841684103012 -0.0152399996295571
v -0.0432881638407707 -0.0222619548439980 -0.0152399996295571
v -0.0434139519929886 -0.0227314028888941 -0.0152399996295571
v -0.0431018844246864 -0.0220985915511847 -0.0152399996295571
v -0.0433343127369881 -0.0229660179466009 -0.0152399996295571
v -0.0413978174328804 -0.0211147479712963 -0.0152399996295571
v 0.0433977469801903 -0.0224841684103012 -0.0152399996295571
v 0.0434139519929886 -0.0227314028888941 -0.0152399996295571
v 0.0432881638407707 -0.0222619548439980 -0.0152399996295571
v 0.0431018844246864 -0.0220985915511847 -0.0152399996295571
v 0.0389848165214062 -0.0252941865473986 -0.0152399996295571
v 0.0254456475377083 -0.0384109057486057 -0.0152399996295571
v 0.0253649074584246 -0.0386723242700100 -0.0152399996295571
v 0.0253433585166931 -0.0387607775628567 -0.0152399996295571
v -0.0028311235364527 0.0459876433014870 -0.0152399996295571
v -0.0026304924394935 0.0461736693978310 -0.0152399996295571
v -0.0025676032528281 0.0462394990026951 -0.0152399996295571
v -0.0023646634072065 0.0486196279525757 -0.0152399996295571
v -0.0022270127665251 0.0488256365060806 -0.0152399996295571
v -0.0024129999801517 0.0483766235411167 -0.0152399996295571
v -0.0020210039801896 0.0489632859826088 -0.0152399996295571
v 0.0201270282268524 0.0412325114011765 -0.0152399996295571
v 0.0023646634072065 -0.0486196279525757 -0.0152399996295571
v 0.0022270127665251 -0.0488256365060806 -0.0152399996295571
v 0.0024129999801517 -0.0483766235411167 -0.0152399996295571
v 0.0020210039801896 -0.0489632859826088 -0.0152399996295571
v 0.0380467735230923 0.0256448872387409 -0.0152399996295571
v 0.0380754061043262 0.0256230756640434 -0.0152399996295571
v 0.0383497513830662 0.0254700370132923 -0.0152399996295571
v -0.0461736693978310 0.0026304924394935 -0.0152399996295571
v -0.0459876433014870 0.0028311235364527 -0.0152399996295571
v -0.0198002438992262 0.0219903979450464 -0.0152399996295571
v -0.0389798767864704 0.0252952463924885 -0.0152399996295571
v -0.0387607775628567 0.0253433585166931 -0.0152399996295571
v -0.0386723242700100 0.0253649074584246 -0.0152399996295571
v -0.0263576731085777 0.0409235022962093 -0.0152399996295571
v -0.0263414680957794 0.0411707349121571 -0.0152399996295571
v -0.0262780301272869 0.0406888835132122 -0.0152399996295571
v -0.0262318849563599 0.0413929484784603 -0.0152399996295571
v -0.0211099386215210 0.0413962639868259 -0.0152399996295571
v -0.0413962639868259 -0.0211099386215210 -0.0152399996295571
v 0.0252952463924885 -0.0389798767864704 -0.0152399996295571
v 0.0252941865473986 -0.0389848165214062 -0.0152399996295571
v 0.0262318849563599 -0.0413929484784603 -0.0152399996295571
v -0.0017780000343919 0.0490116253495216 -0.0152399996295571
v -0.0024129999801517 0.0464089363813400 -0.0152399996295571
v -0.0024163876660168 0.0464051850140095 -0.0152399996295571
v 0.0024163876660168 0.0464051850140095 -0.0152399996295571
v 0.0205419957637787 0.0412420295178890 -0.0152399996295571
v 0.0208087600767612 0.0413028150796890 -0.0152399996295571
v 0.0208961404860020 0.0413283817470074 -0.0152399996295571
v 0.0028311235364527 -0.0459876433014870 -0.0152399996295571
v 0.0026304924394935 -0.0461736693978310 -0.0152399996295571
v 0.0025676032528281 -0.0462394990026951 -0.0152399996295571
v 0.0415563099086285 0.0260456055402756 -0.0152399996295571
v 0.0457858070731163 0.0031525304075330 -0.0152399996295571
v 0.0459468774497509 0.0028828228823841 -0.0152399996295571
v 0.0488256365060806 -0.0022270127665251 -0.0152399996295571
v 0.0486196279525757 -0.0023646634072065 -0.0152399996295571
v 0.0489632859826088 -0.0020210039801896 -0.0152399996295571
v 0.0483766235411167 -0.0024129999801517 -0.0152399996295571
v 0.0490116253495216 -0.0017780000343919 -0.0152399996295571
v 0.0490116253495216 0.0017780000343919 -0.0152399996295571
v -0.0488256365060806 0.0022270127665251 -0.0152399996295571
v -0.0486196279525757 0.0023646634072065 -0.0152399996295571
v -0.0489632859826088 0.0020210039801896 -0.0152399996295571
v -0.0483766235411167 0.0024129999801517 -0.0152399996295571
v -0.0462394990026951 0.0025676032528281 -0.0152399996295571
v -0.0289443656802177 -0.0061523150652647 -0.0152399996295571
v -0.0389848165214062 0.0252941865473986 -0.0152399996295571
v -0.0254456475377083 0.0384109057486057 -0.0152399996295571
v -0.0253649074584246 0.0386723242700100 -0.0152399996295571
v -0.0253433585166931 0.0387607775628567 -0.0152399996295571
v 0.0211099386215210 0.0413962639868259 -0.0152399996295571
v 0.0211147479712963 0.0413978174328804 -0.0152399996295571
v 0.0229660179466009 0.0433343127369881 -0.0152399996295571
v 0.0227314028888941 0.0434139519929886 -0.0152399996295571
v 0.0017780000343919 -0.0490116253495216 -0.0152399996295571
v 0.0024129999801517 -0.0464089363813400 -0.0152399996295571
v 0.0024163876660168 -0.0464051850140095 -0.0152399996295571
v 0.0384109057486057 0.0254456475377083 -0.0152399996295571
v 0.0386723242700100 0.0253649074584246 -0.0152399996295571
v 0.0387607775628567 0.0253433585166931 -0.0152399996295571
v 0.0411707349121571 0.0263414680957794 -0.0152399996295571
v 0.0413929484784603 0.0262318849563599 -0.0152399996295571
v 0.0409235022962093 0.0263576731085777 -0.0152399996295571
v 0.0406888835132122 0.0262780301272869 -0.0152399996295571
v 0.0413283817470074 0.0208961404860020 -0.0152399996295571
v 0.0413028150796890 0.0208087600767612 -0.0152399996295571
v 0.0412420295178890 0.0205419957637787 -0.0152399996295571
v 0.0389798767864704 0.0252952463924885 -0.0152399996295571
v -0.0464051850140095 0.0024163876660168 -0.0152399996295571
v -0.0252941865473986 0.0389848165214062 -0.0152399996295571
v -0.0252952463924885 0.0389798767864704 -0.0152399996295571
v 0.0434139519929886 0.0227314028888941 -0.0152399996295571
v 0.0433977469801903 0.0224841684103012 -0.0152399996295571
v 0.0432881638407707 0.0222619548439980 -0.0152399996295571
v 0.0457719154655933 0.0031857369467616 -0.0152399996295571
v 0.0253433585166931 0.0387607775628567 -0.0152399996295571
v 0.0253649074584246 0.0386723242700100 -0.0152399996295571
v 0.0030931017827243 0.0294288974255323 -0.0152399996295571
v -0.0459468774497509 0.0028828228823841 -0.0152399996295571
v -0.0457858070731163 0.0031525304075330 -0.0152399996295571
v 0.0462394990026951 -0.0025676032528281 -0.0152399996295571
v 0.0461736693978310 -0.0026304924394935 -0.0152399996295571
v 0.0239396225661039 0.0173931531608105 -0.0152399996295571
v 0.0459876433014870 -0.0028311235364527 -0.0152399996295571
v 0.0270327236503363 0.0120357442647219 -0.0152399996295571
v 0.0459468774497509 -0.0028828228823841 -0.0152399996295571
v 0.0457858070731163 -0.0031525304075330 -0.0152399996295571
v 0.0091441217809916 -0.0281427130103111 -0.0152399996295571
v -0.0028828228823841 -0.0459468774497509 -0.0152399996295571
v 0.0030931017827243 -0.0294288974255323 -0.0152399996295571
v -0.0031525304075330 -0.0457858070731163 -0.0152399996295571
v -0.0030931017827243 -0.0294288974255323 -0.0152399996295571
v 0.0198002438992262 -0.0219903979450464 -0.0152399996295571
v 0.0239396225661039 -0.0173931531608105 -0.0152399996295571
v -0.0457719154655933 -0.0031857369467616 -0.0152399996295571
v -0.0457858070731163 -0.0031525304075330 -0.0152399996295571
v 0.0413962639868259 0.0211099386215210 -0.0152399996295571
v 0.0459876433014870 0.0028311235364527 -0.0152399996295571
v 0.0461736693978310 0.0026304924394935 -0.0152399996295571
v 0.0462394990026951 0.0025676032528281 -0.0152399996295571
v 0.0252952463924885 0.0389798767864704 -0.0152399996295571
v -0.0091441217809916 0.0281427130103111 -0.0152399996295571
v -0.0147954998537898 0.0256265569478273 -0.0152399996295571
v 0.0198002438992262 0.0219903979450464 -0.0152399996295571
v 0.0147954998537898 0.0256265569478273 -0.0152399996295571
v 0.0256230756640434 0.0380754061043262 -0.0152399996295571
v 0.0091441217809916 0.0281427130103111 -0.0152399996295571
v 0.0254700370132923 0.0383497513830662 -0.0152399996295571
v 0.0254456475377083 0.0384109057486057 -0.0152399996295571
v -0.0025676032528281 -0.0462394990026951 -0.0152399996295571
v -0.0026304924394935 -0.0461736693978310 -0.0152399996295571
v -0.0028311235364527 -0.0459876433014870 -0.0152399996295571
v 0.0289443656802177 -0.0061523150652647 -0.0152399996295571
v -0.0459468774497509 -0.0028828228823841 -0.0152399996295571
v -0.0459876433014870 -0.0028311235364527 -0.0152399996295571
v -0.0461736693978310 -0.0026304924394935 -0.0152399996295571
v 0.0464051850140095 0.0024163876660168 -0.0152399996295571
v 0.0464089363813400 0.0024129999801517 -0.0152399996295571
v 0.0489632859826088 0.0020210039801896 -0.0152399996295571
v -0.0412420295178890 0.0205419957637787 -0.0152399996295571
v -0.0413028150796890 0.0208087600767612 -0.0152399996295571
v -0.0462394990026951 -0.0025676032528281 -0.0152399996295571
v -0.0464051850140095 -0.0024163876660168 -0.0152399996295571
v -0.0270327236503363 -0.0120357442647219 -0.0152399996295571
v -0.0239396225661039 -0.0173931531608105 -0.0152399996295571
v -0.0198002438992262 -0.0219903979450464 -0.0152399996295571
v -0.0147954998537898 -0.0256265569478273 -0.0152399996295571
v -0.0030931017827243 0.0294288974255323 -0.0152399996295571
v -0.0412325114011765 0.0201270282268524 -0.0152399996295571
v -0.0412279367446899 0.0201627332717180 -0.0152399996295571
v -0.0412325747311115 0.0204768404364586 -0.0152399996295571
v 0.0464051850140095 -0.0024163876660168 -0.0152399996295571
v 0.0147954998537898 -0.0256265569478273 -0.0152399996295571
v -0.0024163876660168 -0.0464051850140095 -0.0152399996295571
v 0.0270327236503363 -0.0120357442647219 -0.0152399996295571
v 0.0412325114011765 -0.0201270282268524 -0.0152399996295571
v 0.0412279367446899 -0.0201627332717180 -0.0152399996295571
v 0.0295909997075796 0.0000000000000000 -0.0152399996295571
v 0.0289443656802177 0.0061523150652647 -0.0152399996295571
v -0.0413283817470074 0.0208961404860020 -0.0152399996295571
v -0.0413962639868259 0.0211099386215210 -0.0152399996295571
v 0.0412325747311115 -0.0204768404364586 -0.0152399996295571
v 0.0412420295178890 -0.0205419957637787 -0.0152399996295571
v 0.0413028150796890 -0.0208087600767612 -0.0152399996295571
v -0.0201270282268524 -0.0412325114011765 -0.0152399996295571
v -0.0201627332717180 -0.0412279367446899 -0.0152399996295571
v -0.0091441217809916 -0.0281427130103111 -0.0152399996295571
v 0.0413283817470074 -0.0208961404860020 -0.0152399996295571
v 0.0413962639868259 -0.0211099386215210 -0.0152399996295571
v -0.0204768404364586 -0.0412325747311115 -0.0152399996295571
v -0.0205419957637787 -0.0412420295178890 -0.0152399996295571
v -0.0208087600767612 -0.0413028150796890 -0.0152399996295571
v -0.0208961404860020 -0.0413283817470074 -0.0152399996295571
v -0.0211099386215210 -0.0413962639868259 -0.0152399996295571
v 0.0262780301272869 -0.0406888835132122 0.0152399996295571
v 0.0252941865473986 -0.0389848165214062 0.0152399996295571
v 0.0260456055402756 -0.0415563099086285 0.0152399996295571
v -0.0220985915511847 -0.0431018844246864 0.0152399996295571
v -0.0211147479712963 -0.0413978174328804 0.0152399996295571
v -0.0229660179466009 -0.0433343127369881 0.0152399996295571
v 0.0229660179466009 -0.0433343127369881 0.0152399996295571
v 0.0201270282268524 -0.0412325114011765 0.0152399996295571
v 0.0201627332717180 -0.0412279367446899 0.0152399996295571
v 0.0204768404364586 -0.0412325747311115 0.0152399996295571
v 0.0254700370132923 -0.0383497513830662 0.0152399996295571
v 0.0256230756640434 -0.0380754061043262 0.0152399996295571
v 0.0433343127369881 0.0229660179466009 0.0152399996295571
v 0.0415563099086285 0.0260456055402756 0.0152399996295571
v 0.0406888835132122 0.0262780301272869 0.0152399996295571
v 0.0220985915511847 -0.0431018844246864 0.0152399996295571
v 0.0222619548439980 -0.0432881638407707 0.0152399996295571
v 0.0224841684103012 -0.0433977469801903 0.0152399996295571
v 0.0262318849563599 -0.0413929484784603 0.0152399996295571
v 0.0263414680957794 -0.0411707349121571 0.0152399996295571
v 0.0263576731085777 -0.0409235022962093 0.0152399996295571
v 0.0253433585166931 -0.0387607775628567 0.0152399996295571
v 0.0253649074584246 -0.0386723242700100 0.0152399996295571
v 0.0254456475377083 -0.0384109057486057 0.0152399996295571
v 0.0383497513830662 -0.0254700370132923 0.0152399996295571
v 0.0413978174328804 -0.0211147479712963 0.0152399996295571
v 0.0380754061043262 -0.0256230756640434 0.0152399996295571
v 0.0380467735230923 -0.0256448872387409 0.0152399996295571
v 0.0433977469801903 -0.0224841684103012 0.0152399996295571
v 0.0432881638407707 -0.0222619548439980 0.0152399996295571
v 0.0434139519929886 -0.0227314028888941 0.0152399996295571
v 0.0431018844246864 -0.0220985915511847 0.0152399996295571
v 0.0433343127369881 -0.0229660179466009 0.0152399996295571
v 0.0415563099086285 -0.0260456055402756 0.0152399996295571
v -0.0222619548439980 -0.0432881638407707 0.0152399996295571
v -0.0224841684103012 -0.0433977469801903 0.0152399996295571
v -0.0227314028888941 -0.0434139519929886 0.0152399996295571
v -0.0017780000343919 -0.0490116253495216 0.0152399996295571
v 0.0017780000343919 -0.0490116253495216 0.0152399996295571
v -0.0024129999801517 -0.0483766235411167 0.0152399996295571
v 0.0204768404364586 0.0412325747311115 0.0152399996295571
v 0.0201627332717180 0.0412279367446899 0.0152399996295571
v 0.0252941865473986 0.0389848165214062 0.0152399996295571
v 0.0205419957637787 -0.0412420295178890 0.0152399996295571
v 0.0208087600767612 -0.0413028150796890 0.0152399996295571
v 0.0208961404860020 -0.0413283817470074 0.0152399996295571
v 0.0409235022962093 -0.0263576731085777 0.0152399996295571
v 0.0411707349121571 -0.0263414680957794 0.0152399996295571
v 0.0406888835132122 -0.0262780301272869 0.0152399996295571
v 0.0413929484784603 -0.0262318849563599 0.0152399996295571
v -0.0412325114011765 -0.0201270282268524 0.0152399996295571
v -0.0389848165214062 -0.0252941865473986 0.0152399996295571
v -0.0412279367446899 -0.0201627332717180 0.0152399996295571
v -0.0412325747311115 -0.0204768404364586 0.0152399996295571
v -0.0387607775628567 -0.0253433585166931 0.0152399996295571
v -0.0386723242700100 -0.0253649074584246 0.0152399996295571
v -0.0384109057486057 -0.0254456475377083 0.0152399996295571
v -0.0383497513830662 -0.0254700370132923 0.0152399996295571
v -0.0256448872387409 -0.0380467735230923 0.0152399996295571
v -0.0256230756640434 -0.0380754061043262 0.0152399996295571
v -0.0254700370132923 -0.0383497513830662 0.0152399996295571
v -0.0263576731085777 -0.0409235022962093 0.0152399996295571
v -0.0263414680957794 -0.0411707349121571 0.0152399996295571
v -0.0262780301272869 -0.0406888835132122 0.0152399996295571
v -0.0262318849563599 -0.0413929484784603 0.0152399996295571
v 0.0031525304075330 -0.0457858070731163 0.0152399996295571
v 0.0413929484784603 0.0262318849563599 0.0152399996295571
v 0.0411707349121571 0.0263414680957794 0.0152399996295571
v 0.0409235022962093 0.0263576731085777 0.0152399996295571
v 0.0224841684103012 0.0433977469801903 0.0152399996295571
v 0.0222619548439980 0.0432881638407707 0.0152399996295571
v 0.0220985915511847 0.0431018844246864 0.0152399996295571
v 0.0227314028888941 -0.0434139519929886 0.0152399996295571
v 0.0211147479712963 -0.0413978174328804 0.0152399996295571
v 0.0211099386215210 -0.0413962639868259 0.0152399996295571
v 0.0252952463924885 -0.0389798767864704 0.0152399996295571
v 0.0384109057486057 -0.0254456475377083 0.0152399996295571
v 0.0386723242700100 -0.0253649074584246 0.0152399996295571
v 0.0387607775628567 -0.0253433585166931 0.0152399996295571
v -0.0433977469801903 -0.0224841684103012 0.0152399996295571
v -0.0434139519929886 -0.0227314028888941 0.0152399996295571
v -0.0432881638407707 -0.0222619548439980 0.0152399996295571
v -0.0433343127369881 -0.0229660179466009 0.0152399996295571
v -0.0431018844246864 -0.0220985915511847 0.0152399996295571
v -0.0413978174328804 -0.0211147479712963 0.0152399996295571
v -0.0380754061043262 -0.0256230756640434 0.0152399996295571
v 0.0031857369467616 0.0457719154655933 0.0152399996295571
v -0.0024129999801517 0.0464089363813400 0.0152399996295571
v 0.0031525304075330 0.0457858070731163 0.0152399996295571
v 0.0028828228823841 0.0459468774497509 0.0152399996295571
v -0.0028828228823841 0.0459468774497509 0.0152399996295571
v -0.0031525304075330 0.0457858070731163 0.0152399996295571
v -0.0201627332717180 0.0412279367446899 0.0152399996295571
v -0.0204768404364586 0.0412325747311115 0.0152399996295571
v -0.0252941865473986 0.0389848165214062 0.0152399996295571
v 0.0483766235411167 0.0024129999801517 0.0152399996295571
v 0.0464089363813400 0.0024129999801517 0.0152399996295571
v 0.0490116253495216 -0.0017780000343919 0.0152399996295571
v 0.0464089363813400 -0.0024129999801517 0.0152399996295571
v 0.0483766235411167 -0.0024129999801517 0.0152399996295571
v -0.0490116253495216 0.0017780000343919 0.0152399996295571
v -0.0490116253495216 -0.0017780000343919 0.0152399996295571
v -0.0483766235411167 0.0024129999801517 0.0152399996295571
v -0.0459468774497509 -0.0028828228823841 0.0152399996295571
v -0.0457858070731163 -0.0031525304075330 0.0152399996295571
v -0.0464089363813400 0.0024129999801517 0.0152399996295571
v -0.0024129999801517 -0.0464089363813400 0.0152399996295571
v 0.0432881638407707 0.0222619548439980 0.0152399996295571
v 0.0433977469801903 0.0224841684103012 0.0152399996295571
v 0.0431018844246864 0.0220985915511847 0.0152399996295571
v 0.0434139519929886 0.0227314028888941 0.0152399996295571
v 0.0254700370132923 0.0383497513830662 0.0152399996295571
v 0.0256230756640434 0.0380754061043262 0.0152399996295571
v 0.0256448872387409 0.0380467735230923 0.0152399996295571
v 0.0262780301272869 0.0406888835132122 0.0152399996295571
v 0.0229660179466009 0.0433343127369881 0.0152399996295571
v 0.0227314028888941 0.0434139519929886 0.0152399996295571
v 0.0389848165214062 -0.0252941865473986 0.0152399996295571
v 0.0389798767864704 -0.0252952463924885 0.0152399996295571
v -0.0412420295178890 -0.0205419957637787 0.0152399996295571
v -0.0413028150796890 -0.0208087600767612 0.0152399996295571
v -0.0413283817470074 -0.0208961404860020 0.0152399996295571
v -0.0411707349121571 -0.0263414680957794 0.0152399996295571
v -0.0409235022962093 -0.0263576731085777 0.0152399996295571
v -0.0413929484784603 -0.0262318849563599 0.0152399996295571
v -0.0406888835132122 -0.0262780301272869 0.0152399996295571
v -0.0415563099086285 -0.0260456055402756 0.0152399996295571
v -0.0389798767864704 -0.0252952463924885 0.0152399996295571
v -0.0254456475377083 -0.0384109057486057 0.0152399996295571
v -0.0253649074584246 -0.0386723242700100 0.0152399996295571
v -0.0253433585166931 -0.0387607775628567 0.0152399996295571
v -0.0022270127665251 0.0488256365060806 0.0152399996295571
v -0.0023646634072065 0.0486196279525757 0.0152399996295571
v -0.0020210039801896 0.0489632859826088 0.0152399996295571
v -0.0024129999801517 0.0483766235411167 0.0152399996295571
v -0.0017780000343919 0.0490116253495216 0.0152399996295571
v 0.0017780000343919 0.0490116253495216 0.0152399996295571
v -0.0025676032528281 0.0462394990026951 0.0152399996295571
v -0.0026304924394935 0.0461736693978310 0.0152399996295571
v -0.0028311235364527 0.0459876433014870 0.0152399996295571
v -0.0263414680957794 0.0411707349121571 0.0152399996295571
v -0.0263576731085777 0.0409235022962093 0.0152399996295571
v -0.0262318849563599 0.0413929484784603 0.0152399996295571
v -0.0262780301272869 0.0406888835132122 0.0152399996295571
v -0.0260456055402756 0.0415563099086285 0.0152399996295571
v -0.0229660179466009 0.0433343127369881 0.0152399996295571
v -0.0415563099086285 0.0260456055402756 0.0152399996295571
v -0.0389848165214062 0.0252941865473986 0.0152399996295571
v -0.0406888835132122 0.0262780301272869 0.0152399996295571
v 0.0025676032528281 -0.0462394990026951 0.0152399996295571
v 0.0026304924394935 -0.0461736693978310 0.0152399996295571
v 0.0028311235364527 -0.0459876433014870 0.0152399996295571
v 0.0028828228823841 -0.0459468774497509 0.0152399996295571
v 0.0389798767864704 0.0252952463924885 0.0152399996295571
v 0.0387607775628567 0.0253433585166931 0.0152399996295571
v 0.0413978174328804 0.0211147479712963 0.0152399996295571
v 0.0386723242700100 0.0253649074584246 0.0152399996295571
v 0.0384109057486057 0.0254456475377083 0.0152399996295571
v 0.0254456475377083 0.0384109057486057 0.0152399996295571
v 0.0253649074584246 0.0386723242700100 0.0152399996295571
v 0.0253433585166931 0.0387607775628567 0.0152399996295571
v 0.0263576731085777 0.0409235022962093 0.0152399996295571
v 0.0263414680957794 0.0411707349121571 0.0152399996295571
v 0.0208961404860020 0.0413283817470074 0.0152399996295571
v 0.0208087600767612 0.0413028150796890 0.0152399996295571
v 0.0205419957637787 0.0412420295178890 0.0152399996295571
v -0.0413962639868259 -0.0211099386215210 0.0152399996295571
v -0.0260456055402756 -0.0415563099086285 0.0152399996295571
v -0.0252941865473986 -0.0389848165214062 0.0152399996295571
v -0.0252952463924885 -0.0389798767864704 0.0152399996295571
v 0.0028311235364527 0.0459876433014870 0.0152399996295571
v 0.0026304924394935 0.0461736693978310 0.0152399996295571
v 0.0025676032528281 0.0462394990026951 0.0152399996295571
v 0.0023646634072065 0.0486196279525757 0.0152399996295571
v 0.0022270127665251 0.0488256365060806 0.0152399996295571
v 0.0024129999801517 0.0483766235411167 0.0152399996295571
v 0.0020210039801896 0.0489632859826088 0.0152399996295571
v -0.0201270282268524 0.0412325114011765 0.0152399996295571
v -0.0222619548439980 0.0432881638407707 0.0152399996295571
v -0.0224841684103012 0.0433977469801903 0.0152399996295571
v -0.0220985915511847 0.0431018844246864 0.0152399996295571
v -0.0227314028888941 0.0434139519929886 0.0152399996295571
v 0.0486196279525757 -0.0023646634072065 0.0152399996295571
v 0.0488256365060806 -0.0022270127665251 0.0152399996295571
v 0.0489632859826088 -0.0020210039801896 0.0152399996295571
v -0.0413028150796890 0.0208087600767612 0.0152399996295571
v -0.0412420295178890 0.0205419957637787 0.0152399996295571
v -0.0023646634072065 -0.0486196279525757 0.0152399996295571
v -0.0022270127665251 -0.0488256365060806 0.0152399996295571
v -0.0020210039801896 -0.0489632859826088 0.0152399996295571
v 0.0389848165214062 0.0252941865473986 0.0152399996295571
v 0.0383497513830662 0.0254700370132923 0.0152399996295571
v 0.0380754061043262 0.0256230756640434 0.0152399996295571
v 0.0252952463924885 0.0389798767864704 0.0152399996295571
v 0.0260456055402756 0.0415563099086285 0.0152399996295571
v 0.0262318849563599 0.0413929484784603 0.0152399996295571
v 0.0024129999801517 0.0464089363813400 0.0152399996295571
v 0.0024163876660168 0.0464051850140095 0.0152399996295571
v -0.0024163876660168 0.0464051850140095 0.0152399996295571
v -0.0205419957637787 0.0412420295178890 0.0152399996295571
v -0.0208087600767612 0.0413028150796890 0.0152399996295571
v -0.0208961404860020 0.0413283817470074 0.0152399996295571
v 0.0239396225661039 0.0173931531608105 0.0152399996295571
v 0.0270327236503363 0.0120357442647219 0.0152399996295571
v 0.0289443656802177 0.0061523150652647 0.0152399996295571
v 0.0295909997075796 0.0000000000000000 0.0152399996295571
v 0.0461736693978310 0.0026304924394935 0.0152399996295571
v 0.0459876433014870 0.0028311235364527 0.0152399996295571
v 0.0198002438992262 0.0219903979450464 0.0152399996295571
v -0.0409235022962093 0.0263576731085777 0.0152399996295571
v -0.0411707349121571 0.0263414680957794 0.0152399996295571
v -0.0413929484784603 0.0262318849563599 0.0152399996295571
v -0.0413283817470074 0.0208961404860020 0.0152399996295571
v -0.0459468774497509 0.0028828228823841 0.0152399996295571
v -0.0457858070731163 0.0031525304075330 0.0152399996295571
v -0.0457719154655933 0.0031857369467616 0.0152399996295571
v -0.0489632859826088 -0.0020210039801896 0.0152399996295571
v -0.0488256365060806 -0.0022270127665251 0.0152399996295571
v -0.0486196279525757 -0.0023646634072065 0.0152399996295571
v -0.0462394990026951 -0.0025676032528281 0.0152399996295571
v -0.0461736693978310 -0.0026304924394935 0.0152399996295571
v -0.0459876433014870 -0.0028311235364527 0.0152399996295571
v 0.0022270127665251 -0.0488256365060806 0.0152399996295571
v 0.0023646634072065 -0.0486196279525757 0.0152399996295571
v 0.0020210039801896 -0.0489632859826088 0.0152399996295571
v 0.0024129999801517 -0.0483766235411167 0.0152399996295571
v 0.0024129999801517 -0.0464089363813400 0.0152399996295571
v 0.0024163876660168 -0.0464051850140095 0.0152399996295571
v 0.0211147479712963 0.0413978174328804 0.0152399996295571
v 0.0211099386215210 0.0413962639868259 0.0152399996295571
v -0.0211147479712963 0.0413978174328804 0.0152399996295571
v -0.0211099386215210 0.0413962639868259 0.0152399996295571
v 0.0488256365060806 0.0022270127665251 0.0152399996295571
v 0.0486196279525757 0.0023646634072065 0.0152399996295571
v 0.0489632859826088 0.0020210039801896 0.0152399996295571
v 0.0490116253495216 0.0017780000343919 0.0152399996295571
v 0.0462394990026951 0.0025676032528281 0.0152399996295571
v -0.0433977469801903 0.0224841684103012 0.0152399996295571
v -0.0432881638407707 0.0222619548439980 0.0152399996295571
v -0.0434139519929886 0.0227314028888941 0.0152399996295571
v -0.0431018844246864 0.0220985915511847 0.0152399996295571
v -0.0433343127369881 0.0229660179466009 0.0152399996295571
v -0.0413978174328804 0.0211147479712963 0.0152399996295571
v -0.0412325747311115 0.0204768404364586 0.0152399996295571
v -0.0412279367446899 0.0201627332717180 0.0152399996295571
v -0.0459876433014870 0.0028311235364527 0.0152399996295571
v -0.0461736693978310 0.0026304924394935 0.0152399996295571
v -0.0462394990026951 0.0025676032528281 0.0152399996295571
v -0.0486196279525757 0.0023646634072065 0.0152399996295571
v -0.0488256365060806 0.0022270127665251 0.0152399996295571
v -0.0489632859826088 0.0020210039801896 0.0152399996295571
v 0.0464051850140095 0.0024163876660168 0.0152399996295571
v -0.0413962639868259 0.0211099386215210 0.0152399996295571
v -0.0464051850140095 0.0024163876660168 0.0152399996295571
v -0.0483766235411167 -0.0024129999801517 0.0152399996295571
v -0.0464089363813400 -0.0024129999801517 0.0152399996295571
v -0.0464051850140095 -0.0024163876660168 0.0152399996295571
v -0.0030931017827243 0.0294288974255323 0.0152399996295571
v 0.0030931017827243 0.0294288974255323 0.0152399996295571
v 0.0459468774497509 0.0028828228823841 0.0152399996295571
v 0.0457858070731163 0.0031525304075330 0.0152399996295571
v 0.0457719154655933 -0.0031857369467616 0.0152399996295571
v 0.0457858070731163 -0.0031525304075330 0.0152399996295571
v 0.0289443656802177 -0.0061523150652647 0.0152399996295571
v 0.0270327236503363 -0.0120357442647219 0.0152399996295571
v 0.0412279367446899 -0.0201627332717180 0.0152399996295571
v 0.0239396225661039 -0.0173931531608105 0.0152399996295571
v 0.0198002438992262 -0.0219903979450464 0.0152399996295571
v 0.0091441217809916 0.0281427130103111 0.0152399996295571
v 0.0147954998537898 0.0256265569478273 0.0152399996295571
v 0.0147954998537898 -0.0256265569478273 0.0152399996295571
v 0.0091441217809916 -0.0281427130103111 0.0152399996295571
v 0.0030931017827243 -0.0294288974255323 0.0152399996295571
v 0.0459468774497509 -0.0028828228823841 0.0152399996295571
v 0.0459876433014870 -0.0028311235364527 0.0152399996295571
v 0.0461736693978310 -0.0026304924394935 0.0152399996295571
v -0.0270327236503363 0.0120357442647219 0.0152399996295571
v -0.0239396225661039 0.0173931531608105 0.0152399996295571
v -0.0256230756640434 0.0380754061043262 0.0152399996295571
v -0.0198002438992262 0.0219903979450464 0.0152399996295571
v -0.0254700370132923 0.0383497513830662 0.0152399996295571
v -0.0147954998537898 0.0256265569478273 0.0152399996295571
v 0.0412420295178890 0.0205419957637787 0.0152399996295571
v 0.0413028150796890 0.0208087600767612 0.0152399996295571
v -0.0208961404860020 -0.0413283817470074 0.0152399996295571
v -0.0208087600767612 -0.0413028150796890 0.0152399996295571
v -0.0239396225661039 -0.0173931531608105 0.0152399996295571
v 0.0413283817470074 -0.0208961404860020 0.0152399996295571
v 0.0413028150796890 -0.0208087600767612 0.0152399996295571
v 0.0412420295178890 -0.0205419957637787 0.0152399996295571
v 0.0412325747311115 -0.0204768404364586 0.0152399996295571
v 0.0462394990026951 -0.0025676032528281 0.0152399996295571
v 0.0464051850140095 -0.0024163876660168 0.0152399996295571
v -0.0253433585166931 0.0387607775628567 0.0152399996295571
v -0.0253649074584246 0.0386723242700100 0.0152399996295571
v -0.0254456475377083 0.0384109057486057 0.0152399996295571
v 0.0412325114011765 0.0201270282268524 0.0152399996295571
v 0.0412279367446899 0.0201627332717180 0.0152399996295571
v 0.0412325747311115 0.0204768404364586 0.0152399996295571
v -0.0211099386215210 -0.0413962639868259 0.0152399996295571
v -0.0289443656802177 0.0061523150652647 0.0152399996295571
v -0.0289443656802177 -0.0061523150652647 0.0152399996295571
v -0.0295909997075796 0.0000000000000000 0.0152399996295571
v 0.0413283817470074 0.0208961404860020 0.0152399996295571
v 0.0413962639868259 0.0211099386215210 0.0152399996295571
v -0.0384109057486057 0.0254456475377083 0.0152399996295571
v -0.0386723242700100 0.0253649074584246 0.0152399996295571
v -0.0091441217809916 0.0281427130103111 0.0152399996295571
v -0.0252952463924885 0.0389798767864704 0.0152399996295571
v -0.0270327236503363 -0.0120357442647219 0.0152399996295571
v -0.0380467735230923 0.0256448872387409 0.0152399996295571
v -0.0380754061043262 0.0256230756640434 0.0152399996295571
v -0.0383497513830662 0.0254700370132923 0.0152399996295571
v 0.0413962639868259 -0.0211099386215210 0.0152399996295571
v -0.0091441217809916 -0.0281427130103111 0.0152399996295571
v -0.0030931017827243 -0.0294288974255323 0.0152399996295571
v -0.0031857369467616 -0.0457719154655933 0.0152399996295571
v -0.0031525304075330 -0.0457858070731163 0.0152399996295571
v -0.0205419957637787 -0.0412420295178890 0.0152399996295571
v -0.0204768404364586 -0.0412325747311115 0.0152399996295571
v -0.0198002438992262 -0.0219903979450464 0.0152399996295571
v -0.0201627332717180 -0.0412279367446899 0.0152399996295571
v -0.0147954998537898 -0.0256265569478273 0.0152399996295571
v -0.0387607775628567 0.0253433585166931 0.0152399996295571
v -0.0389798767864704 0.0252952463924885 0.0152399996295571
v -0.0028828228823841 -0.0459468774497509 0.0152399996295571
v -0.0028311235364527 -0.0459876433014870 0.0152399996295571
v -0.0026304924394935 -0.0461736693978310 0.0152399996295571
v -0.0025676032528281 -0.0462394990026951 0.0152399996295571
v -0.0024163876660168 -0.0464051850140095 0.0152399996295571
v 0.0120784174650908 0.0039245160296559 0.0088900001719594
v 0.0102745154872537 0.0074648726731539 0.0088900001719594
v 0.0074648726731539 0.0102745154872537 0.0088900001719594
v 0.0039245160296559 0.0120784174650908 0.0088900001719594
v -0.0000000000000001 0.0126999998465180 0.0088900001719594
v -0.0039245160296559 0.0120784174650908 0.0088900001719594
v -0.0074648726731539 0.0102745154872537 0.0088900001719594
v -0.0102745154872537 0.0074648726731539 0.0088900001719594
v -0.0120784174650908 0.0039245160296559 0.0088900001719594
v -0.0126999998465180 0.0000000000000000 0.0088900001719594
v -0.0120784174650908 -0.0039245160296559 0.0088900001719594
v -0.0102745154872537 -0.0074648726731539 0.0088900001719594
v -0.0074648726731539 -0.0102745154872537 0.0088900001719594
v -0.0039245160296559 -0.0120784174650908 0.0088900001719594
v 0.0000000000000000 -0.0126999998465180 0.0088900001719594
v 0.0039245160296559 -0.0120784174650908 0.0088900001719594
v 0.0074648726731539 -0.0102745154872537 0.0088900001719594
v 0.0102745154872537 -0.0074648726731539 0.0088900001719594
v 0.0120784174650908 -0.0039245160296559 0.0088900001719594
v 0.0126999998465180 0.0000000000000000 0.0088900001719594
v 0.0295909997075796 0.0000000000000000 0.0088900001719594
v 0.0289443656802177 0.0061523150652647 0.0088900001719594
v 0.0270327236503363 0.0120357442647219 0.0088900001719594
v 0.0239396225661039 0.0173931531608105 0.0088900001719594
v 0.0198002438992262 0.0219903979450464 0.0088900001719594
v 0.0147954998537898 0.0256265569478273 0.0088900001719594
v 0.0091441217809916 0.0281427130103111 0.0088900001719594
v 0.0030931017827243 0.0294288974255323 0.0088900001719594
v -0.0030931017827243 0.0294288974255323 0.0088900001719594
v -0.0091441217809916 0.0281427130103111 0.0088900001719594
v -0.0147954998537898 0.0256265569478273 0.0088900001719594
v -0.0198002438992262 0.0219903979450464 0.0088900001719594
v -0.0239396225661039 0.0173931531608105 0.0088900001719594
v -0.0270327236503363 0.0120357442647219 0.0088900001719594
v -0.0289443656802177 0.0061523150652647 0.0088900001719594
v -0.0295909997075796 0.0000000000000000 0.0088900001719594
v -0.0289443656802177 -0.0061523150652647 0.0088900001719594
v -0.0270327236503363 -0.0120357442647219 0.0088900001719594
v -0.0239396225661039 -0.0173931531608105 0.0088900001719594
v -0.0198002438992262 -0.0219903979450464 0.0088900001719594
v -0.0147954998537898 -0.0256265569478273 0.0088900001719594
v -0.0091441217809916 -0.0281427130103111 0.0088900001719594
v -0.0030931017827243 -0.0294288974255323 0.0088900001719594
v 0.0030931017827243 -0.0294288974255323 0.0088900001719594
v 0.0091441217809916 -0.0281427130103111 0.0088900001719594
v 0.0147954998537898 -0.0256265569478273 0.0088900001719594
v 0.0198002438992262 -0.0219903979450464 0.0088900001719594
v 0.0239396225661039 -0.0173931531608105 0.0088900001719594
v 0.0270327236503363 -0.0120357442647219 0.0088900001719594
v 0.0289443656802177 -0.0061523150652647 0.0088900001719594
v -0.0120784174650908 0.0039245160296559 -0.0088900001719594
v -0.0102745154872537 0.0074648726731539 -0.0088900001719594
v -0.0074648726731539 0.0102745154872537 -0.0088900001719594
v -0.0039245160296559 0.0120784174650908 -0.0088900001719594
v -0.0000000000000001 0.0126999998465180 -0.0088900001719594
v 0.0039245160296559 0.0120784174650908 -0.0088900001719594
v 0.0074648726731539 0.0102745154872537 -0.0088900001719594
v 0.0102745154872537 0.0074648726731539 -0.0088900001719594
v 0.0120784174650908 0.0039245160296559 -0.0088900001719594
v 0.0126999998465180 0.0000000000000000 -0.0088900001719594
v 0.0120784174650908 -0.0039245160296559 -0.0088900001719594
v 0.0102745154872537 -0.0074648726731539 -0.0088900001719594
v 0.0074648726731539 -0.0102745154872537 -0.0088900001719594
v 0.0039245160296559 -0.0120784174650908 -0.0088900001719594
v 0.0000000000000000 -0.0126999998465180 -0.0088900001719594
v -0.0039245160296559 -0.0120784174650908 -0.0088900001719594
v -0.0074648726731539 -0.0102745154872537 -0.0088900001719594
v -0.0102745154872537 -0.0074648726731539 -0.0088900001719594
v -0.0120784174650908 -0.0039245160296559 -0.0088900001719594
v -0.0126999998465180 0.0000000000000000 -0.0088900001719594
v -0.0295909997075796 0.0000000000000000 -0.0088900001719594
v -0.0289443656802177 0.0061523150652647 -0.0088900001719594
v -0.0270327236503363 0.0120357442647219 -0.0088900001719594
v -0.0239396225661039 0.0173931531608105 -0.0088900001719594
v -0.0198002438992262 0.0219903979450464 -0.0088900001719594
v -0.0147954998537898 0.0256265569478273 -0.0088900001719594
v -0.0091441217809916 0.0281427130103111 -0.0088900001719594
v -0.0030931017827243 0.0294288974255323 -0.0088900001719594
v 0.0030931017827243 0.0294288974255323 -0.0088900001719594
v 0.0091441217809916 0.0281427130103111 -0.0088900001719594
v 0.0147954998537898 0.0256265569478273 -0.0088900001719594
v 0.0198002438992262 0.0219903979450464 -0.0088900001719594
v 0.0239396225661039 0.0173931531608105 -0.0088900001719594
v 0.0270327236503363 0.0120357442647219 -0.0088900001719594
v 0.0289443656802177 0.0061523150652647 -0.0088900001719594
v 0.0295909997075796 0.0000000000000000 -0.0088900001719594
v 0.0289443656802177 -0.0061523150652647 -0.0088900001719594
v 0.0270327236503363 -0.0120357442647219 -0.0088900001719594
v 0.0239396225661039 -0.0173931531608105 -0.0088900001719594
v 0.0198002438992262 -0.0219903979450464 -0.0088900001719594
v 0.0147954998537898 -0.0256265569478273 -0.0088900001719594
v 0.0091441217809916 -0.0281427130103111 -0.0088900001719594
v 0.0030931017827243 -0.0294288974255323 -0.0088900001719594
v -0.0030931017827243 -0.0294288974255323 -0.0088900001719594
v -0.0091441217809916 -0.0281427130103111 -0.0088900001719594
v -0.0147954998537898 -0.0256265569478273 -0.0088900001719594
v -0.0198002438992262 -0.0219903979450464 -0.0088900001719594
v -0.0239396225661039 -0.0173931531608105 -0.0088900001719594
v -0.0270327236503363 -0.0120357442647219 -0.0088900001719594
v -0.0289443656802177 -0.0061523150652647 -0.0088900001719594
v -0.0017780000343919 -0.0496466234326363 0.0146049996837974
v -0.0017780000343919 -0.0496466234326363 -0.0146049996837974
v 0.0017780000343919 -0.0496466234326363 0.0146049996837974
v 0.0017780000343919 -0.0496466234326363 -0.0146049996837974
v 0.0022640079259872 -0.0495499521493912 -0.0146049996837974
v 0.0022640079259872 -0.0495499521493912 0.0146049996837974
v 0.0026760254986584 -0.0492746494710445 -0.0146049996837974
v 0.0026760254986584 -0.0492746494710445 0.0146049996837974
v 0.0029513270128518 -0.0488626323640347 -0.0146049996837974
v 0.0029513270128518 -0.0488626323640347 0.0146049996837974
v 0.0030479999259114 -0.0483766235411167 -0.0146049996837974
v 0.0030479999259114 -0.0483766235411167 0.0146049996837974
v 0.0030479999259114 -0.0463254489004612 0.0146049996837974
v 0.0030479999259114 -0.0463254489004612 -0.0146049996837974
v -0.0030479999259114 -0.0463254489004612 -0.0146049996837974
v -0.0030479999259114 -0.0483766235411167 -0.0146049996837974
v -0.0030479999259114 -0.0463254489004612 0.0146049996837974
v -0.0030479999259114 -0.0483766235411167 0.0146049996837974
v -0.0029513270128518 -0.0488626323640347 -0.0146049996837974
v -0.0029513270128518 -0.0488626323640347 0.0146049996837974
v -0.0026760254986584 -0.0492746494710445 -0.0146049996837974
v -0.0026760254986584 -0.0492746494710445 0.0146049996837974
v -0.0022640079259872 -0.0495499521493912 -0.0146049996837974
v -0.0022640079259872 -0.0495499521493912 0.0146049996837974
v 0.0025537554174662 -0.0463934428989887 0.0152242034673691
v 0.0027304999530315 -0.0483766235411167 0.0151549261063337
v 0.0029628877528012 -0.0463386699557304 0.0149225667119026
v 0.0029095360077918 -0.0463466346263885 0.0150008248165250
v 0.0029629261698574 -0.0483766235411167 0.0149224996566772
v 0.0027508689090610 -0.0463688634335995 0.0151426522061229
v 0.0027304969262332 -0.0463715605437756 0.0151549279689789
v 0.0030123624019325 -0.0463310629129410 0.0148147372528911
v 0.0028727289754897 -0.0488300733268261 0.0149224996566772
v 0.0026579953264445 -0.0487411282956600 0.0151549261063337
v 0.0024515192490071 -0.0490501411259174 0.0151549261063337
v 0.0021425059530884 -0.0492566190660000 0.0151549261063337
v 0.0017780000343919 -0.0493291243910789 0.0151549261063337
v 0.0026158692780882 -0.0492144934833050 0.0149224996566772
v 0.0022314516827464 -0.0494713522493839 0.0149224996566772
v 0.0017780000343919 -0.0495615489780903 0.0149224996566772
v -0.0017780000343919 -0.0493291243910789 0.0151549261063337
v -0.0017780000343919 -0.0495615489780903 0.0149224996566772
v -0.0022314516827464 -0.0494713522493839 0.0149224996566772
v -0.0021425059530884 -0.0492566190660000 0.0151549261063337
v -0.0024515192490071 -0.0490501411259174 0.0151549261063337
v -0.0026579953264445 -0.0487411282956600 0.0151549261063337
v -0.0027304999530315 -0.0483766235411167 0.0151549261063337
v -0.0026158692780882 -0.0492144934833050 0.0149224996566772
v -0.0028727289754897 -0.0488300733268261 0.0149224996566772
v -0.0029629261698574 -0.0483766235411167 0.0149224996566772
v -0.0030123624019325 -0.0463310629129410 0.0148147372528911
v -0.0029628877528012 -0.0463386699557304 0.0149225667119026
v -0.0029095360077918 -0.0463466346263885 0.0150008248165250
v -0.0025537554174662 -0.0463934428989887 0.0152242034673691
v -0.0027304969262332 -0.0463715605437756 0.0151549279689789
v -0.0027508689090610 -0.0463688634335995 0.0151426522061229
v 0.0030123624019325 -0.0463310629129410 -0.0148147372528911
v 0.0029629261698574 -0.0483766235411167 -0.0149224996566772
v 0.0029628877528012 -0.0463386699557304 -0.0149225667119026
v 0.0029095360077918 -0.0463466346263885 -0.0150008248165250
v 0.0027304999530315 -0.0483766235411167 -0.0151549261063337
v 0.0025537554174662 -0.0463934428989887 -0.0152242034673691
v 0.0027304969262332 -0.0463715605437756 -0.0151549279689789
v 0.0027508689090610 -0.0463688634335995 -0.0151426522061229
v 0.0026579953264445 -0.0487411282956600 -0.0151549261063337
v 0.0028727289754897 -0.0488300733268261 -0.0149224996566772
v 0.0026158692780882 -0.0492144934833050 -0.0149224996566772
v 0.0022314516827464 -0.0494713522493839 -0.0149224996566772
v 0.0017780000343919 -0.0495615489780903 -0.0149224996566772
v 0.0024515192490071 -0.0490501411259174 -0.0151549261063337
v 0.0021425059530884 -0.0492566190660000 -0.0151549261063337
v 0.0017780000343919 -0.0493291243910789 -0.0151549261063337
v -0.0017780000343919 -0.0495615489780903 -0.0149224996566772
v -0.0017780000343919 -0.0493291243910789 -0.0151549261063337
v -0.0025537554174662 -0.0463934428989887 -0.0152242034673691
v -0.0027304999530315 -0.0483766235411167 -0.0151549261063337
v -0.0026560029946268 -0.0463811121881008 -0.0151916639879346
v -0.0027508689090610 -0.0463688634335995 -0.0151426522061229
v -0.0028620127122849 -0.0483766235411167 -0.0150540126487613
v -0.0029095360077918 -0.0463466346263885 -0.0150008248165250
v -0.0029629261698574 -0.0483766235411167 -0.0149224996566772
v -0.0030123624019325 -0.0463310629129410 -0.0148147372528911
v -0.0021425059530884 -0.0492566190660000 -0.0151549261063337
v -0.0022314516827464 -0.0494713522493839 -0.0149224996566772
v -0.0026158692780882 -0.0492144934833050 -0.0149224996566772
v -0.0028727289754897 -0.0488300733268261 -0.0149224996566772
v -0.0024515192490071 -0.0490501411259174 -0.0151549261063337
v -0.0026579953264445 -0.0487411282956600 -0.0151549261063337
v -0.0029379646293819 -0.0461123101413250 -0.0150372143834829
v -0.0030518954154104 -0.0460989437997341 -0.0148349031805992
v -0.0031689670868218 -0.0458989739418030 -0.0148813258856535
v -0.0030326109845191 -0.0459111332893372 -0.0151244504377246
v -0.0027641181368381 -0.0461314357817173 -0.0151889035478234
v -0.0030916323885322 -0.0460941269993782 -0.0146049996837974
v -0.0031248708255589 -0.0460226014256477 -0.0146049996837974
v -0.0032165336888283 -0.0458945967257023 -0.0146049996837974
v -0.0033473626244813 -0.0457588508725166 -0.0149475745856762
v -0.0033368717413396 -0.0457930788397789 -0.0146049996837974
v -0.0034055390860885 -0.0457542762160301 -0.0146049996837974
v -0.0034055390860885 -0.0457542762160301 0.0146049996837974
v -0.0033368717413396 -0.0457930788397789 0.0146049996837974
v -0.0032165336888283 -0.0458945967257023 0.0146049996837974
v -0.0031248708255589 -0.0460226014256477 0.0146049996837974
v -0.0030916323885322 -0.0460941269993782 0.0146049996837974
v -0.0030326109845191 -0.0459111332893372 0.0151244504377246
v -0.0031689670868218 -0.0458989739418030 0.0148813258856535
v -0.0030518954154104 -0.0460989437997341 0.0148349031805992
v -0.0027641181368381 -0.0461314357817173 0.0151889035478234
v -0.0033473626244813 -0.0457588508725166 0.0149475745856762
v -0.0029379646293819 -0.0461123101413250 0.0150372143834829
v 0.0030326109845191 -0.0459111332893372 -0.0151244504377246
v 0.0031689670868218 -0.0458989739418030 -0.0148813258856535
v 0.0030518954154104 -0.0460989437997341 -0.0148349031805992
v 0.0027641181368381 -0.0461314357817173 -0.0151889035478234
v 0.0033473626244813 -0.0457588508725166 -0.0149475745856762
v 0.0029379646293819 -0.0461123101413250 -0.0150372143834829
v 0.0034055390860885 -0.0457542762160301 -0.0146049996837974
v 0.0033368717413396 -0.0457930788397789 -0.0146049996837974
v 0.0032165336888283 -0.0458945967257023 -0.0146049996837974
v 0.0031248708255589 -0.0460226014256477 -0.0146049996837974
v 0.0030916323885322 -0.0460941269993782 -0.0146049996837974
v 0.0030916323885322 -0.0460941269993782 0.0146049996837974
v 0.0031248708255589 -0.0460226014256477 0.0146049996837974
v 0.0032165336888283 -0.0458945967257023 0.0146049996837974
v 0.0033368717413396 -0.0457930788397789 0.0146049996837974
v 0.0034055390860885 -0.0457542762160301 0.0146049996837974
v 0.0029379646293819 -0.0461123101413250 0.0150372143834829
v 0.0030518954154104 -0.0460989437997341 0.0148349031805992
v 0.0031689670868218 -0.0458989739418030 0.0148813258856535
v 0.0030326109845191 -0.0459111332893372 0.0151244504377246
v 0.0027641181368381 -0.0461314357817173 0.0151889035478234
v 0.0033473626244813 -0.0457588508725166 0.0149475745856762
v 0.0232835188508034 -0.0438842363655567 0.0146049996837974
v 0.0232835188508034 -0.0438842363655567 -0.0146049996837974
v 0.0263631045818329 -0.0421062372624874 0.0146049996837974
v 0.0263631045818329 -0.0421062372624874 -0.0146049996837974
v 0.0267356634140015 -0.0417795106768608 -0.0146049996837974
v 0.0267356634140015 -0.0417795106768608 0.0146049996837974
v 0.0269548315554857 -0.0413350835442543 -0.0146049996837974
v 0.0269548315554857 -0.0413350835442543 0.0146049996837974
v 0.0269872397184372 -0.0408406183123589 -0.0146049996837974
v 0.0269872397184372 -0.0408406183123589 0.0146049996837974
v 0.0268279574811459 -0.0403713844716549 -0.0146049996837974
v 0.0268279574811459 -0.0403713844716549 0.0146049996837974
v 0.0258023701608181 -0.0385950170457363 0.0146049996837974
v 0.0258023701608181 -0.0385950170457363 -0.0146049996837974
v 0.0205230787396431 -0.0416430160403252 -0.0146049996837974
v 0.0215486660599709 -0.0434193834662437 -0.0146049996837974
v 0.0205230787396431 -0.0416430160403252 0.0146049996837974
v 0.0215486660599709 -0.0434193834662437 0.0146049996837974
v 0.0218753907829523 -0.0437919422984123 -0.0146049996837974
v 0.0218753907829523 -0.0437919422984123 0.0146049996837974
v 0.0223198179155588 -0.0440111123025417 -0.0146049996837974
v 0.0223198179155588 -0.0440111123025417 0.0146049996837974
v 0.0228142868727446 -0.0440435186028481 -0.0146049996837974
v 0.0228142868727446 -0.0440435186028481 0.0146049996837974
v 0.0421062372624874 -0.0263631045818329 0.0146049996837974
v 0.0421062372624874 -0.0263631045818329 -0.0146049996837974
v 0.0438842363655567 -0.0232835188508034 0.0146049996837974
v 0.0438842363655567 -0.0232835188508034 -0.0146049996837974
v 0.0440435186028481 -0.0228142868727446 -0.0146049996837974
v 0.0440435186028481 -0.0228142868727446 0.0146049996837974
v 0.0440111123025417 -0.0223198179155588 -0.0146049996837974
v 0.0440111123025417 -0.0223198179155588 0.0146049996837974
v 0.0437919422984123 -0.0218753907829523 -0.0146049996837974
v 0.0437919422984123 -0.0218753907829523 0.0146049996837974
v 0.0434193834662437 -0.0215486660599709 -0.0146049996837974
v 0.0434193834662437 -0.0215486660599709 0.0146049996837974
v 0.0416430160403252 -0.0205230787396431 0.0146049996837974
v 0.0416430160403252 -0.0205230787396431 -0.0146049996837974
v 0.0385950170457363 -0.0258023701608181 -0.0146049996837974
v 0.0403713844716549 -0.0268279574811459 -0.0146049996837974
v 0.0385950170457363 -0.0258023701608181 0.0146049996837974
v 0.0403713844716549 -0.0268279574811459 0.0146049996837974
v 0.0408406183123589 -0.0269872397184372 -0.0146049996837974
v 0.0408406183123589 -0.0269872397184372 0.0146049996837974
v 0.0413350835442543 -0.0269548315554857 -0.0146049996837974
v 0.0413350835442543 -0.0269548315554857 0.0146049996837974
v 0.0417795106768608 -0.0267356634140015 -0.0146049996837974
v 0.0417795106768608 -0.0267356634140015 0.0146049996837974
v 0.0496466234326363 -0.0017780000343919 0.0146049996837974
v 0.0496466234326363 -0.0017780000343919 -0.0146049996837974
v 0.0496466234326363 0.0017780000343919 0.0146049996837974
v 0.0496466234326363 0.0017780000343919 -0.0146049996837974
v 0.0495499521493912 0.0022640079259872 -0.0146049996837974
v 0.0495499521493912 0.0022640079259872 0.0146049996837974
v 0.0492746494710445 0.0026760254986584 -0.0146049996837974
v 0.0492746494710445 0.0026760254986584 0.0146049996837974
v 0.0488626323640347 0.0029513270128518 -0.0146049996837974
v 0.0488626323640347 0.0029513270128518 0.0146049996837974
v 0.0483766235411167 0.0030479999259114 -0.0146049996837974
v 0.0483766235411167 0.0030479999259114 0.0146049996837974
v 0.0463254489004612 0.0030479999259114 0.0146049996837974
v 0.0463254489004612 0.0030479999259114 -0.0146049996837974
v 0.0463254489004612 -0.0030479999259114 -0.0146049996837974
v 0.0483766235411167 -0.0030479999259114 -0.0146049996837974
v 0.0463254489004612 -0.0030479999259114 0.0146049996837974
v 0.0483766235411167 -0.0030479999259114 0.0146049996837974
v 0.0488626323640347 -0.0029513270128518 -0.0146049996837974
v 0.0488626323640347 -0.0029513270128518 0.0146049996837974
v 0.0492746494710445 -0.0026760254986584 -0.0146049996837974
v 0.0492746494710445 -0.0026760254986584 0.0146049996837974
v 0.0495499521493912 -0.0022640079259872 -0.0146049996837974
v 0.0495499521493912 -0.0022640079259872 0.0146049996837974
v 0.0438842363655567 0.0232835188508034 0.0146049996837974
v 0.0438842363655567 0.0232835188508034 -0.0146049996837974
v 0.0421062372624874 0.0263631045818329 0.0146049996837974
v 0.0421062372624874 0.0263631045818329 -0.0146049996837974
v 0.0417795106768608 0.0267356634140015 -0.0146049996837974
v 0.0417795106768608 0.0267356634140015 0.0146049996837974
v 0.0413350835442543 0.0269548315554857 -0.0146049996837974
v 0.0413350835442543 0.0269548315554857 0.0146049996837974
v 0.0408406183123589 0.0269872397184372 -0.0146049996837974
v 0.0408406183123589 0.0269872397184372 0.0146049996837974
v 0.0403713844716549 0.0268279574811459 -0.0146049996837974
v 0.0403713844716549 0.0268279574811459 0.0146049996837974
v 0.0385950170457363 0.0258023701608181 0.0146049996837974
v 0.0385950170457363 0.0258023701608181 -0.0146049996837974
v 0.0416430160403252 0.0205230787396431 -0.0146049996837974
v 0.0434193834662437 0.0215486660599709 -0.0146049996837974
v 0.0416430160403252 0.0205230787396431 0.0146049996837974
v 0.0434193834662437 0.0215486660599709 0.0146049996837974
v 0.0437919422984123 0.0218753907829523 -0.0146049996837974
v 0.0437919422984123 0.0218753907829523 0.0146049996837974
v 0.0440111123025417 0.0223198179155588 -0.0146049996837974
v 0.0440111123025417 0.0223198179155588 0.0146049996837974
v 0.0440435186028481 0.0228142868727446 -0.0146049996837974
v 0.0440435186028481 0.0228142868727446 0.0146049996837974
v 0.0263631045818329 0.0421062372624874 0.0146049996837974
v 0.0263631045818329 0.0421062372624874 -0.0146049996837974
v 0.0232835188508034 0.0438842363655567 0.0146049996837974
v 0.0232835188508034 0.0438842363655567 -0.0146049996837974
v 0.0228142868727446 0.0440435186028481 -0.0146049996837974
v 0.0228142868727446 0.0440435186028481 0.0146049996837974
v 0.0223198179155588 0.0440111123025417 -0.0146049996837974
v 0.0223198179155588 0.0440111123025417 0.0146049996837974
v 0.0218753907829523 0.0437919422984123 -0.0146049996837974
v 0.0218753907829523 0.0437919422984123 0.0146049996837974
v 0.0215486660599709 0.0434193834662437 -0.0146049996837974
v 0.0215486660599709 0.0434193834662437 0.0146049996837974
v 0.0205230787396431 0.0416430160403252 0.0146049996837974
v 0.0205230787396431 0.0416430160403252 -0.0146049996837974
v 0.0258023701608181 0.0385950170457363 -0.0146049996837974
v 0.0268279574811459 0.0403713844716549 -0.0146049996837974
v 0.0258023701608181 0.0385950170457363 0.0146049996837974
v 0.0268279574811459 0.0403713844716549 0.0146049996837974
v 0.0269872397184372 0.0408406183123589 -0.0146049996837974
v 0.0269872397184372 0.0408406183123589 0.0146049996837974
v 0.0269548315554857 0.0413350835442543 -0.0146049996837974
v 0.0269548315554857 0.0413350835442543 0.0146049996837974
v 0.0267356634140015 0.0417795106768608 -0.0146049996837974
v 0.0267356634140015 0.0417795106768608 0.0146049996837974
v 0.0017780000343919 0.0496466234326363 0.0146049996837974
v 0.0017780000343919 0.0496466234326363 -0.0146049996837974
v -0.0017780000343919 0.0496466234326363 0.0146049996837974
v -0.0017780000343919 0.0496466234326363 -0.0146049996837974
v -0.0022640079259872 0.0495499521493912 -0.0146049996837974
v -0.0022640079259872 0.0495499521493912 0.0146049996837974
v -0.0026760254986584 0.0492746494710445 -0.0146049996837974
v -0.0026760254986584 0.0492746494710445 0.0146049996837974
v -0.0029513270128518 0.0488626323640347 -0.0146049996837974
v -0.0029513270128518 0.0488626323640347 0.0146049996837974
v -0.0030479999259114 0.0483766235411167 -0.0146049996837974
v -0.0030479999259114 0.0483766235411167 0.0146049996837974
v -0.0030479999259114 0.0463254489004612 0.0146049996837974
v -0.0030479999259114 0.0463254489004612 -0.0146049996837974
v 0.0030479999259114 0.0463254489004612 -0.0146049996837974
v 0.0030479999259114 0.0483766235411167 -0.0146049996837974
v 0.0030479999259114 0.0463254489004612 0.0146049996837974
v 0.0030479999259114 0.0483766235411167 0.0146049996837974
v 0.0029513270128518 0.0488626323640347 -0.0146049996837974
v 0.0029513270128518 0.0488626323640347 0.0146049996837974
v 0.0026760254986584 0.0492746494710445 -0.0146049996837974
v 0.0026760254986584 0.0492746494710445 0.0146049996837974
v 0.0022640079259872 0.0495499521493912 -0.0146049996837974
v 0.0022640079259872 0.0495499521493912 0.0146049996837974
v -0.0232835188508034 0.0438842363655567 0.0146049996837974
v -0.0232835188508034 0.0438842363655567 -0.0146049996837974
v -0.0263631045818329 0.0421062372624874 0.0146049996837974
v -0.0263631045818329 0.0421062372624874 -0.0146049996837974
v -0.0267356634140015 0.0417795106768608 -0.0146049996837974
v -0.0267356634140015 0.0417795106768608 0.0146049996837974
v -0.0269548315554857 0.0413350835442543 -0.0146049996837974
v -0.0269548315554857 0.0413350835442543 0.0146049996837974
v -0.0269872397184372 0.0408406183123589 -0.0146049996837974
v -0.0269872397184372 0.0408406183123589 0.0146049996837974
v -0.0268279574811459 0.0403713844716549 -0.0146049996837974
v -0.0268279574811459 0.0403713844716549 0.0146049996837974
v -0.0258023701608181 0.0385950170457363 0.0146049996837974
v -0.0258023701608181 0.0385950170457363 -0.0146049996837974
v -0.0205230787396431 0.0416430160403252 -0.0146049996837974
v -0.0215486660599709 0.0434193834662437 -0.0146049996837974
v -0.0205230787396431 0.0416430160403252 0.0146049996837974
v -0.0215486660599709 0.0434193834662437 0.0146049996837974
v -0.0218753907829523 0.0437919422984123 -0.0146049996837974
v -0.0218753907829523 0.0437919422984123 0.0146049996837974
v -0.0223198179155588 0.0440111123025417 -0.0146049996837974
v -0.0223198179155588 0.0440111123025417 0.0146049996837974
v -0.0228142868727446 0.0440435186028481 -0.0146049996837974
v -0.0228142868727446 0.0440435186028481 0.0146049996837974
v -0.0421062372624874 0.0263631045818329 0.0146049996837974
v -0.0421062372624874 0.0263631045818329 -0.0146049996837974
v -0.0438842363655567 0.0232835188508034 0.0146049996837974
v -0.0438842363655567 0.0232835188508034 -0.0146049996837974
v -0.0440435186028481 0.0228142868727446 -0.0146049996837974
v -0.0440435186028481 0.0228142868727446 0.0146049996837974
v -0.0440111123025417 0.0223198179155588 -0.0146049996837974
v -0.0440111123025417 0.0223198179155588 0.0146049996837974
v -0.0437919422984123 0.0218753907829523 -0.0146049996837974
v -0.0437919422984123 0.0218753907829523 0.0146049996837974
v -0.0434193834662437 0.0215486660599709 -0.0146049996837974
v -0.0434193834662437 0.0215486660599709 0.0146049996837974
v -0.0416430160403252 0.0205230787396431 0.0146049996837974
v -0.0416430160403252 0.0205230787396431 -0.0146049996837974
v -0.0385950170457363 0.0258023701608181 -0.0146049996837974
v -0.0403713844716549 0.0268279574811459 -0.0146049996837974
v -0.0385950170457363 0.0258023701608181 0.0146049996837974
v -0.0403713844716549 0.0268279574811459 0.0146049996837974
v -0.0408406183123589 0.0269872397184372 -0.0146049996837974
v -0.0408406183123589 0.0269872397184372 0.0146049996837974
v -0.0413350835442543 0.0269548315554857 -0.0146049996837974
v -0.0413350835442543 0.0269548315554857 0.0146049996837974
v -0.0417795106768608 0.0267356634140015 -0.0146049996837974
v -0.0417795106768608 0.0267356634140015 0.0146049996837974
v -0.0496466234326363 0.0017780000343919 0.0146049996837974
v -0.0496466234326363 0.0017780000343919 -0.0146049996837974
v -0.0496466234326363 -0.0017780000343919 0.0146049996837974
v -0.0496466234326363 -0.0017780000343919 -0.0146049996837974
v -0.0495499521493912 -0.0022640079259872 -0.0146049996837974
v -0.0495499521493912 -0.0022640079259872 0.0146049996837974
v -0.0492746494710445 -0.0026760254986584 -0.0146049996837974
v -0.0492746494710445 -0.0026760254986584 0.0146049996837974
v -0.0488626323640347 -0.0029513270128518 -0.0146049996837974
v -0.0488626323640347 -0.0029513270128518 0.0146049996837974
v -0.0483766235411167 -0.0030479999259114 -0.0146049996837974
v -0.0483766235411167 -0.0030479999259114 0.0146049996837974
v -0.0463254489004612 -0.0030479999259114 0.0146049996837974
v -0.0463254489004612 -0.0030479999259114 -0.0146049996837974
v -0.0463254489004612 0.0030479999259114 -0.0146049996837974
v -0.0483766235411167 0.0030479999259114 -0.0146049996837974
v -0.0463254489004612 0.0030479999259114 0.0146049996837974
v -0.0483766235411167 0.0030479999259114 0.0146049996837974
v -0.0488626323640347 0.0029513270128518 -0.0146049996837974
v -0.0488626323640347 0.0029513270128518 0.0146049996837974
v -0.0492746494710445 0.0026760254986584 -0.0146049996837974
v -0.0492746494710445 0.0026760254986584 0.0146049996837974
v -0.0495499521493912 0.0022640079259872 -0.0146049996837974
v -0.0495499521493912 0.0022640079259872 0.0146049996837974
v -0.0438842363655567 -0.0232835188508034 0.0146049996837974
v -0.0438842363655567 -0.0232835188508034 -0.0146049996837974
v -0.0421062372624874 -0.0263631045818329 0.0146049996837974
v -0.0421062372624874 -0.0263631045818329 -0.0146049996837974
v -0.0417795106768608 -0.0267356634140015 -0.0146049996837974
v -0.0417795106768608 -0.0267356634140015 0.0146049996837974
v -0.0413350835442543 -0.0269548315554857 -0.0146049996837974
v -0.0413350835442543 -0.0269548315554857 0.0146049996837974
v -0.0408406183123589 -0.0269872397184372 -0.0146049996837974
v -0.0408406183123589 -0.0269872397184372 0.0146049996837974
v -0.0403713844716549 -0.0268279574811459 -0.0146049996837974
v -0.0403713844716549 -0.0268279574811459 0.0146049996837974
v -0.0385950170457363 -0.0258023701608181 0.0146049996837974
v -0.0385950170457363 -0.0258023701608181 -0.0146049996837974
v -0.0416430160403252 -0.0205230787396431 -0.0146049996837974
v -0.0434193834662437 -0.0215486660599709 -0.0146049996837974
v -0.0416430160403252 -0.0205230787396431 0.0146049996837974
v -0.0434193834662437 -0.0215486660599709 0.0146049996837974
v -0.0437919422984123 -0.0218753907829523 -0.0146049996837974
v -0.0437919422984123 -0.0218753907829523 0.0146049996837974
v -0.0440111123025417 -0.0223198179155588 -0.0146049996837974
v -0.0440111123025417 -0.0223198179155588 0.0146049996837974
v -0.0440435186028481 -0.0228142868727446 -0.0146049996837974
v -0.0440435186028481 -0.0228142868727446 0.0146049996837974
v -0.0263631045818329 -0.0421062372624874 0.0146049996837974
v -0.0263631045818329 -0.0421062372624874 -0.0146049996837974
v -0.0232835188508034 -0.0438842363655567 0.0146049996837974
v -0.0232835188508034 -0.0438842363655567 -0.0146049996837974
v -0.0228142868727446 -0.0440435186028481 -0.0146049996837974
v -0.0228142868727446 -0.0440435186028481 0.0146049996837974
v -0.0223198179155588 -0.0440111123025417 -0.0146049996837974
v -0.0223198179155588 -0.0440111123025417 0.0146049996837974
v -0.0218753907829523 -0.0437919422984123 -0.0146049996837974
v -0.0218753907829523 -0.0437919422984123 0.0146049996837974
v -0.0215486660599709 -0.0434193834662437 -0.0146049996837974
v -0.0215486660599709 -0.0434193834662437 0.0146049996837974
v -0.0205230787396431 -0.0416430160403252 0.0146049996837974
v -0.0205230787396431 -0.0416430160403252 -0.0146049996837974
v -0.0258023701608181 -0.0385950170457363 -0.0146049996837974
v -0.0268279574811459 -0.0403713844716549 -0.0146049996837974
v -0.0258023701608181 -0.0385950170457363 0.0146049996837974
v -0.0268279574811459 -0.0403713844716549 0.0146049996837974
v -0.0269872397184372 -0.0408406183123589 -0.0146049996837974
v -0.0269872397184372 -0.0408406183123589 0.0146049996837974
v -0.0269548315554857 -0.0413350835442543 -0.0146049996837974
v -0.0269548315554857 -0.0413350835442543 0.0146049996837974
v -0.0267356634140015 -0.0417795106768608 -0.0146049996837974
v -0.0267356634140015 -0.0417795106768608 0.0146049996837974
v 0.0254083368927240 -0.0389010198414326 0.0152242034673691
v 0.0265529938042164 -0.0405301339924335 0.0151549261063337
v 0.0254907216876745 -0.0388392210006714 0.0151916639879346
v 0.0255667548626661 -0.0387811809778214 0.0151426522061229
v 0.0266668871045113 -0.0404643788933754 0.0150540126487613
v 0.0256930496543646 -0.0386825948953629 0.0150008248165250
v 0.0267542805522680 -0.0404139235615730 0.0149224996566772
v 0.0257743131369352 -0.0386176966130733 0.0148147372528911
v 0.0266724564135075 -0.0408820584416389 0.0151549261063337
v 0.0266481488943100 -0.0412529110908508 0.0151549261063337
v 0.0264837741851807 -0.0415862314403057 0.0151549261063337
v 0.0262043550610542 -0.0418312735855579 0.0151549261063337
v 0.0269028935581446 -0.0408517196774483 0.0149224996566772
v 0.0268726553767920 -0.0413130670785904 0.0149224996566772
v 0.0266681704670191 -0.0417277216911316 0.0149224996566772
v 0.0263205673545599 -0.0420325621962547 0.0149224996566772
v 0.0230875201523304 -0.0435447581112385 0.0151916630566120
v 0.0231247693300247 -0.0436092726886272 0.0151549261063337
v 0.0231905244290829 -0.0437231659889221 0.0150540126487613
v 0.0232593510299921 -0.0438423752784729 0.0148480040952563
v 0.0232409816235304 -0.0438105612993240 0.0149224996566772
v 0.0227631218731403 -0.0436548776924610 0.0151916630566120
v 0.0227900110185146 -0.0438591241836548 0.0150540126487613
v 0.0228079780936241 -0.0439955964684486 0.0148480040952563
v 0.0224212743341923 -0.0436324700713158 0.0151916630566120
v 0.0223679561167955 -0.0438314601778984 0.0150540126487613
v 0.0223323293030262 -0.0439644195139408 0.0148480040952563
v 0.0221140235662460 -0.0434809513390064 0.0151916630566120
v 0.0219886135309935 -0.0436443910002708 0.0150540126487613
v 0.0219048168510199 -0.0437535941600800 0.0148480040952563
v 0.0218881443142891 -0.0432233884930611 0.0151916630566120
v 0.0217097364366055 -0.0433263927698135 0.0150540126487613
v 0.0215905271470547 -0.0433952175080776 0.0148480040952563
v 0.0205567479133606 -0.0416300557553768 0.0148147372528911
v 0.0206535849720240 -0.0415921285748482 0.0150008248165250
v 0.0208021085709333 -0.0415320470929146 0.0151426522061229
v 0.0208903905004263 -0.0414952225983143 0.0151916639879346
v 0.0209851041436195 -0.0414547771215439 0.0152242034673691
v 0.0267542805522680 -0.0404139235615730 -0.0149224996566772
v 0.0257743131369352 -0.0386176966130733 -0.0148147372528911
v 0.0266668871045113 -0.0404643788933754 -0.0150540126487613
v 0.0256930496543646 -0.0386825948953629 -0.0150008248165250
v 0.0255667548626661 -0.0387811809778214 -0.0151426522061229
v 0.0265529938042164 -0.0405301339924335 -0.0151549261063337
v 0.0254907216876745 -0.0388392210006714 -0.0151916639879346
v 0.0254083368927240 -0.0389010198414326 -0.0152242034673691
v 0.0269028935581446 -0.0408517196774483 -0.0149224996566772
v 0.0268726553767920 -0.0413130670785904 -0.0149224996566772
v 0.0266681704670191 -0.0417277216911316 -0.0149224996566772
v 0.0263205673545599 -0.0420325621962547 -0.0149224996566772
v 0.0266724564135075 -0.0408820584416389 -0.0151549261063337
v 0.0266481488943100 -0.0412529110908508 -0.0151549261063337
v 0.0264837741851807 -0.0415862314403057 -0.0151549261063337
v 0.0262043550610542 -0.0418312735855579 -0.0151549261063337
v 0.0232409816235304 -0.0438105612993240 -0.0149224996566772
v 0.0231247693300247 -0.0436092726886272 -0.0151549261063337
v 0.0209851041436195 -0.0414547771215439 -0.0152242034673691
v 0.0218236297369003 -0.0432606339454651 -0.0151549261063337
v 0.0208903905004263 -0.0414952225983143 -0.0151916639879346
v 0.0208021085709333 -0.0415320470929146 -0.0151426522061229
v 0.0217097364366055 -0.0433263927698135 -0.0150540126487613
v 0.0206535849720240 -0.0415921285748482 -0.0150008248165250
v 0.0216223429888487 -0.0433768481016159 -0.0149224996566772
v 0.0205567479133606 -0.0416300557553768 -0.0148147372528911
v 0.0227728448808193 -0.0437287352979183 -0.0151549261063337
v 0.0228031817823648 -0.0439591743052006 -0.0149224996566772
v 0.0223418362438679 -0.0439289361238480 -0.0149224996566772
v 0.0219271816313267 -0.0437244512140751 -0.0149224996566772
v 0.0224019940942526 -0.0437044277787209 -0.0151549261063337
v 0.0220686737447977 -0.0435400530695915 -0.0151549261063337
v 0.0432606339454651 -0.0218236297369003 0.0151549261063337
v 0.0414547771215439 -0.0209851041436195 0.0152242034673691
v 0.0432233884930611 -0.0218881443142891 0.0151916630566120
v 0.0433263927698135 -0.0217097364366055 0.0150540126487613
v 0.0415320470929146 -0.0208021085709333 0.0151426522061229
v 0.0415241979062557 -0.0208211001008749 0.0151549279689789
v 0.0433952175080776 -0.0215905271470547 0.0148480040952563
v 0.0416300557553768 -0.0205567479133606 0.0148147372528911
v 0.0433768481016159 -0.0216223429888487 0.0149224996566772
v 0.0416119061410427 -0.0206033978611231 0.0149225667119026
v 0.0415921285748482 -0.0206535849720240 0.0150008248165250
v 0.0434809513390064 -0.0221140235662460 0.0151916630566120
v 0.0436548776924610 -0.0227631218731403 0.0151916630566120
v 0.0436324700713158 -0.0224212743341923 0.0151916630566120
v 0.0436443910002708 -0.0219886135309935 0.0150540126487613
v 0.0438314601778984 -0.0223679561167955 0.0150540126487613
v 0.0438591241836548 -0.0227900110185146 0.0150540126487613
v 0.0437535941600800 -0.0219048168510199 0.0148480040952563
v 0.0435447581112385 -0.0230875201523304 0.0151916630566120
v 0.0436092726886272 -0.0231247693300247 0.0151549261063337
v 0.0437231659889221 -0.0231905244290829 0.0150540126487613
v 0.0438105612993240 -0.0232409816235304 0.0149224996566772
v 0.0439644195139408 -0.0223323293030262 0.0148480040952563
v 0.0439955964684486 -0.0228079780936241 0.0148480040952563
v 0.0438423752784729 -0.0232593510299921 0.0148480040952563
v 0.0417667590081692 -0.0261671077460051 0.0151916630566120
v 0.0418312735855579 -0.0262043550610542 0.0151549261063337
v 0.0419451668858528 -0.0262701120227575 0.0150540126487613
v 0.0420325621962547 -0.0263205673545599 0.0149224996566772
v 0.0420643761754036 -0.0263389367610216 0.0148480040952563
v 0.0415408797562122 -0.0264246724545956 0.0151916630566120
v 0.0408917814493179 -0.0265985969454050 0.0151916630566120
v 0.0412336289882660 -0.0265761911869049 0.0151916630566120
v 0.0416662916541100 -0.0265881102532148 0.0150540126487613
v 0.0412869490683079 -0.0267751812934875 0.0150540126487613
v 0.0408648923039436 -0.0268028434365988 0.0150540126487613
v 0.0417500883340836 -0.0266973152756691 0.0148480040952563
v 0.0405673831701279 -0.0264884792268276 0.0151916630566120
v 0.0405301339924335 -0.0265529938042164 0.0151549261063337
v 0.0404643788933754 -0.0266668871045113 0.0150540126487613
v 0.0404139235615730 -0.0267542805522680 0.0149224996566772
v 0.0413225740194321 -0.0269081406295300 0.0148480040952563
v 0.0408469252288342 -0.0269393175840378 0.0148480040952563
v 0.0403955541551113 -0.0267860963940620 0.0148480040952563
v 0.0386176966130733 -0.0257743131369352 0.0148147372528911
v 0.0386490188539028 -0.0257352702319622 0.0149225667119026
v 0.0386825948953629 -0.0256930496543646 0.0150008248165250
v 0.0387811809778214 -0.0255667548626661 0.0151426522061229
v 0.0389010198414326 -0.0254083368927240 0.0152242034673691
v 0.0387937016785145 -0.0255504585802555 0.0151549279689789
v 0.0433768481016159 -0.0216223429888487 -0.0149224996566772
v 0.0416300557553768 -0.0205567479133606 -0.0148147372528911
v 0.0433263927698135 -0.0217097364366055 -0.0150540126487613
v 0.0415921285748482 -0.0206535849720240 -0.0150008248165250
v 0.0415320470929146 -0.0208021085709333 -0.0151426522061229
v 0.0432606339454651 -0.0218236297369003 -0.0151549261063337
v 0.0414952225983143 -0.0208903905004263 -0.0151916639879346
v 0.0414547771215439 -0.0209851041436195 -0.0152242034673691
v 0.0437244512140751 -0.0219271816313267 -0.0149224996566772
v 0.0438423752784729 -0.0232593510299921 -0.0148480040952563
v 0.0439591743052006 -0.0228031817823648 -0.0149224996566772
v 0.0439289361238480 -0.0223418362438679 -0.0149224996566772
v 0.0435400530695915 -0.0220686737447977 -0.0151549261063337
v 0.0437044277787209 -0.0224019940942526 -0.0151549261063337
v 0.0437287352979183 -0.0227728448808193 -0.0151549261063337
v 0.0438105612993240 -0.0232409816235304 -0.0149224996566772
v 0.0437231659889221 -0.0231905244290829 -0.0150540126487613
v 0.0436092726886272 -0.0231247693300247 -0.0151549261063337
v 0.0435447581112385 -0.0230875201523304 -0.0151916630566120
v 0.0420643761754036 -0.0263389367610216 -0.0148480040952563
v 0.0420325621962547 -0.0263205673545599 -0.0149224996566772
v 0.0419451668858528 -0.0262701120227575 -0.0150540126487613
v 0.0418312735855579 -0.0262043550610542 -0.0151549261063337
v 0.0417667590081692 -0.0261671077460051 -0.0151916630566120
v 0.0389010198414326 -0.0254083368927240 -0.0152242034673691
v 0.0405301339924335 -0.0265529938042164 -0.0151549261063337
v 0.0388392210006714 -0.0254907216876745 -0.0151916639879346
v 0.0387811809778214 -0.0255667548626661 -0.0151426522061229
v 0.0404643788933754 -0.0266668871045113 -0.0150540126487613
v 0.0386825948953629 -0.0256930496543646 -0.0150008248165250
v 0.0404139235615730 -0.0267542805522680 -0.0149224996566772
v 0.0386176966130733 -0.0257743131369352 -0.0148147372528911
v 0.0417277216911316 -0.0266681704670191 -0.0149224996566772
v 0.0413130670785904 -0.0268726553767920 -0.0149224996566772
v 0.0408517196774483 -0.0269028935581446 -0.0149224996566772
v 0.0415862314403057 -0.0264837741851807 -0.0151549261063337
v 0.0412529110908508 -0.0266481488943100 -0.0151549261063337
v 0.0408820584416389 -0.0266724564135075 -0.0151549261063337
v 0.0463934428989887 0.0025537554174662 0.0152242034673691
v 0.0483766235411167 0.0027304999530315 0.0151549261063337
v 0.0463386699557304 0.0029628877528012 0.0149225667119026
v 0.0463466346263885 0.0029095360077918 0.0150008248165250
v 0.0483766235411167 0.0029629261698574 0.0149224996566772
v 0.0463688634335995 0.0027508689090610 0.0151426522061229
v 0.0463715605437756 0.0027304969262332 0.0151549279689789
v 0.0463310629129410 0.0030123624019325 0.0148147372528911
v 0.0488300733268261 0.0028727289754897 0.0149224996566772
v 0.0487411282956600 0.0026579953264445 0.0151549261063337
v 0.0490501411259174 0.0024515192490071 0.0151549261063337
v 0.0492566190660000 0.0021425059530884 0.0151549261063337
v 0.0493291243910789 0.0017780000343919 0.0151549261063337
v 0.0492144934833050 0.0026158692780882 0.0149224996566772
v 0.0494713522493839 0.0022314516827464 0.0149224996566772
v 0.0495615489780903 0.0017780000343919 0.0149224996566772
v 0.0493291243910789 -0.0017780000343919 0.0151549261063337
v 0.0495615489780903 -0.0017780000343919 0.0149224996566772
v 0.0494713522493839 -0.0022314516827464 0.0149224996566772
v 0.0492566190660000 -0.0021425059530884 0.0151549261063337
v 0.0490501411259174 -0.0024515192490071 0.0151549261063337
v 0.0487411282956600 -0.0026579953264445 0.0151549261063337
v 0.0483766235411167 -0.0027304999530315 0.0151549261063337
v 0.0492144934833050 -0.0026158692780882 0.0149224996566772
v 0.0488300733268261 -0.0028727289754897 0.0149224996566772
v 0.0483766235411167 -0.0029629261698574 0.0149224996566772
v 0.0463310629129410 -0.0030123624019325 0.0148147372528911
v 0.0463386699557304 -0.0029628877528012 0.0149225667119026
v 0.0463466346263885 -0.0029095360077918 0.0150008248165250
v 0.0463934428989887 -0.0025537554174662 0.0152242034673691
v 0.0463715605437756 -0.0027304969262332 0.0151549279689789
v 0.0463688634335995 -0.0027508689090610 0.0151426522061229
v 0.0463310629129410 0.0030123624019325 -0.0148147372528911
v 0.0483766235411167 0.0029629261698574 -0.0149224996566772
v 0.0463386699557304 0.0029628877528012 -0.0149225667119026
v 0.0463466346263885 0.0029095360077918 -0.0150008248165250
v 0.0483766235411167 0.0027304999530315 -0.0151549261063337
v 0.0463934428989887 0.0025537554174662 -0.0152242034673691
v 0.0463715605437756 0.0027304969262332 -0.0151549279689789
v 0.0463688634335995 0.0027508689090610 -0.0151426522061229
v 0.0487411282956600 0.0026579953264445 -0.0151549261063337
v 0.0488300733268261 0.0028727289754897 -0.0149224996566772
v 0.0492144934833050 0.0026158692780882 -0.0149224996566772
v 0.0494713522493839 0.0022314516827464 -0.0149224996566772
v 0.0495615489780903 0.0017780000343919 -0.0149224996566772
v 0.0490501411259174 0.0024515192490071 -0.0151549261063337
v 0.0492566190660000 0.0021425059530884 -0.0151549261063337
v 0.0493291243910789 0.0017780000343919 -0.0151549261063337
v 0.0495615489780903 -0.0017780000343919 -0.0149224996566772
v 0.0493291243910789 -0.0017780000343919 -0.0151549261063337
v 0.0463934428989887 -0.0025537554174662 -0.0152242034673691
v 0.0483766235411167 -0.0027304999530315 -0.0151549261063337
v 0.0463386699557304 -0.0029628877528012 -0.0149225667119026
v 0.0463466346263885 -0.0029095360077918 -0.0150008248165250
v 0.0483766235411167 -0.0029629261698574 -0.0149224996566772
v 0.0463688634335995 -0.0027508689090610 -0.0151426522061229
v 0.0463715605437756 -0.0027304969262332 -0.0151549279689789
v 0.0463310629129410 -0.0030123624019325 -0.0148147372528911
v 0.0492566190660000 -0.0021425059530884 -0.0151549261063337
v 0.0494713522493839 -0.0022314516827464 -0.0149224996566772
v 0.0492144934833050 -0.0026158692780882 -0.0149224996566772
v 0.0488300733268261 -0.0028727289754897 -0.0149224996566772
v 0.0490501411259174 -0.0024515192490071 -0.0151549261063337
v 0.0487411282956600 -0.0026579953264445 -0.0151549261063337
v 0.0389010198414326 0.0254083368927240 0.0152242034673691
v 0.0405301339924335 0.0265529938042164 0.0151549261063337
v 0.0386490188539028 0.0257352702319622 0.0149225667119026
v 0.0386825948953629 0.0256930496543646 0.0150008248165250
v 0.0404139235615730 0.0267542805522680 0.0149224996566772
v 0.0387811809778214 0.0255667548626661 0.0151426522061229
v 0.0387937016785145 0.0255504585802555 0.0151549279689789
v 0.0386176966130733 0.0257743131369352 0.0148147372528911
v 0.0408517196774483 0.0269028935581446 0.0149224996566772
v 0.0408820584416389 0.0266724564135075 0.0151549261063337
v 0.0412529110908508 0.0266481488943100 0.0151549261063337
v 0.0415862314403057 0.0264837741851807 0.0151549261063337
v 0.0418312735855579 0.0262043550610542 0.0151549261063337
v 0.0413130670785904 0.0268726553767920 0.0149224996566772
v 0.0417277216911316 0.0266681704670191 0.0149224996566772
v 0.0420325621962547 0.0263205673545599 0.0149224996566772
v 0.0436092726886272 0.0231247693300247 0.0151549261063337
v 0.0438105612993240 0.0232409816235304 0.0149224996566772
v 0.0439591743052006 0.0228031817823648 0.0149224996566772
v 0.0437287352979183 0.0227728448808193 0.0151549261063337
v 0.0437044277787209 0.0224019940942526 0.0151549261063337
v 0.0435400530695915 0.0220686737447977 0.0151549261063337
v 0.0432606339454651 0.0218236297369003 0.0151549261063337
v 0.0433263927698135 0.0217097364366055 0.0150540126487613
v 0.0439289361238480 0.0223418362438679 0.0149224996566772
v 0.0437244512140751 0.0219271816313267 0.0149224996566772
v 0.0433768481016159 0.0216223429888487 0.0149224996566772
v 0.0416300557553768 0.0205567479133606 0.0148147372528911
v 0.0415921285748482 0.0206535849720240 0.0150008248165250
v 0.0415320470929146 0.0208021085709333 0.0151426522061229
v 0.0414952225983143 0.0208903905004263 0.0151916639879346
v 0.0414547771215439 0.0209851041436195 0.0152242034673691
v 0.0386176966130733 0.0257743131369352 -0.0148147372528911
v 0.0404139235615730 0.0267542805522680 -0.0149224996566772
v 0.0386490188539028 0.0257352702319622 -0.0149225667119026
v 0.0386825948953629 0.0256930496543646 -0.0150008248165250
v 0.0405301339924335 0.0265529938042164 -0.0151549261063337
v 0.0389010198414326 0.0254083368927240 -0.0152242034673691
v 0.0387937016785145 0.0255504585802555 -0.0151549279689789
v 0.0387811809778214 0.0255667548626661 -0.0151426522061229
v 0.0408820584416389 0.0266724564135075 -0.0151549261063337
v 0.0408517196774483 0.0269028935581446 -0.0149224996566772
v 0.0420643761754036 0.0263389367610216 -0.0148480040952563
v 0.0417277216911316 0.0266681704670191 -0.0149224996566772
v 0.0413130670785904 0.0268726553767920 -0.0149224996566772
v 0.0412529110908508 0.0266481488943100 -0.0151549261063337
v 0.0415862314403057 0.0264837741851807 -0.0151549261063337
v 0.0420325621962547 0.0263205673545599 -0.0149224996566772
v 0.0419451668858528 0.0262701120227575 -0.0150540126487613
v 0.0418312735855579 0.0262043550610542 -0.0151549261063337
v 0.0417667590081692 0.0261671077460051 -0.0151916630566120
v 0.0438423752784729 0.0232593510299921 -0.0148480040952563
v 0.0438105612993240 0.0232409816235304 -0.0149224996566772
v 0.0437231659889221 0.0231905244290829 -0.0150540126487613
v 0.0436092726886272 0.0231247693300247 -0.0151549261063337
v 0.0435447581112385 0.0230875201523304 -0.0151916630566120
v 0.0414547771215439 0.0209851041436195 -0.0152242034673691
v 0.0432606339454651 0.0218236297369003 -0.0151549261063337
v 0.0416119061410427 0.0206033978611231 -0.0149225667119026
v 0.0415921285748482 0.0206535849720240 -0.0150008248165250
v 0.0433768481016159 0.0216223429888487 -0.0149224996566772
v 0.0415320470929146 0.0208021085709333 -0.0151426522061229
v 0.0415241979062557 0.0208211001008749 -0.0151549279689789
v 0.0416300557553768 0.0205567479133606 -0.0148147372528911
v 0.0439591743052006 0.0228031817823648 -0.0149224996566772
v 0.0439289361238480 0.0223418362438679 -0.0149224996566772
v 0.0437244512140751 0.0219271816313267 -0.0149224996566772
v 0.0437287352979183 0.0227728448808193 -0.0151549261063337
v 0.0437044277787209 0.0224019940942526 -0.0151549261063337
v 0.0435400530695915 0.0220686737447977 -0.0151549261063337
v 0.0209851041436195 0.0414547771215439 0.0152242034673691
v 0.0218881443142891 0.0432233884930611 0.0151916630566120
v 0.0208903905004263 0.0414952225983143 0.0151916639879346
v 0.0208021085709333 0.0415320470929146 0.0151426522061229
v 0.0217097364366055 0.0433263927698135 0.0150540126487613
v 0.0206535849720240 0.0415921285748482 0.0150008248165250
v 0.0215905271470547 0.0433952175080776 0.0148480040952563
v 0.0205567479133606 0.0416300557553768 0.0148147372528911
v 0.0219048168510199 0.0437535941600800 0.0148480040952563
v 0.0219886135309935 0.0436443910002708 0.0150540126487613
v 0.0221140235662460 0.0434809513390064 0.0151916630566120
v 0.0227631218731403 0.0436548776924610 0.0151916630566120
v 0.0224212743341923 0.0436324700713158 0.0151916630566120
v 0.0223679561167955 0.0438314601778984 0.0150540126487613
v 0.0227900110185146 0.0438591241836548 0.0150540126487613
v 0.0230875201523304 0.0435447581112385 0.0151916630566120
v 0.0231247693300247 0.0436092726886272 0.0151549261063337
v 0.0231905244290829 0.0437231659889221 0.0150540126487613
v 0.0232409816235304 0.0438105612993240 0.0149224996566772
v 0.0223323293030262 0.0439644195139408 0.0148480040952563
v 0.0228079780936241 0.0439955964684486 0.0148480040952563
v 0.0232593510299921 0.0438423752784729 0.0148480040952563
v 0.0263389367610216 0.0420643761754036 0.0148480040952563
v 0.0263205673545599 0.0420325621962547 0.0149224996566772
v 0.0262701120227575 0.0419451668858528 0.0150540126487613
v 0.0262043550610542 0.0418312735855579 0.0151549261063337
v 0.0261671077460051 0.0417667590081692 0.0151916630566120
v 0.0264246724545956 0.0415408797562122 0.0151916630566120
v 0.0265985969454050 0.0408917814493179 0.0151916630566120
v 0.0265761911869049 0.0412336289882660 0.0151916630566120
v 0.0265881102532148 0.0416662916541100 0.0150540126487613
v 0.0267751812934875 0.0412869490683079 0.0150540126487613
v 0.0268028434365988 0.0408648923039436 0.0150540126487613
v 0.0266973152756691 0.0417500883340836 0.0148480040952563
v 0.0264884792268276 0.0405673831701279 0.0151916630566120
v 0.0265529938042164 0.0405301339924335 0.0151549261063337
v 0.0266668871045113 0.0404643788933754 0.0150540126487613
v 0.0267542805522680 0.0404139235615730 0.0149224996566772
v 0.0269081406295300 0.0413225740194321 0.0148480040952563
v 0.0269393175840378 0.0408469252288342 0.0148480040952563
v 0.0267860963940620 0.0403955541551113 0.0148480040952563
v 0.0257743131369352 0.0386176966130733 0.0148147372528911
v 0.0257352702319622 0.0386490188539028 0.0149225667119026
v 0.0256930496543646 0.0386825948953629 0.0150008248165250
v 0.0255667548626661 0.0387811809778214 0.0151426522061229
v 0.0254083368927240 0.0389010198414326 0.0152242034673691
v 0.0255504585802555 0.0387937016785145 0.0151549279689789
v 0.0205567479133606 0.0416300557553768 -0.0148147372528911
v 0.0216223429888487 0.0433768481016159 -0.0149224996566772
v 0.0206033978611231 0.0416119061410427 -0.0149225667119026
v 0.0206535849720240 0.0415921285748482 -0.0150008248165250
v 0.0218236297369003 0.0432606339454651 -0.0151549261063337
v 0.0209851041436195 0.0414547771215439 -0.0152242034673691
v 0.0208211001008749 0.0415241979062557 -0.0151549279689789
v 0.0208021085709333 0.0415320470929146 -0.0151426522061229
v 0.0220686737447977 0.0435400530695915 -0.0151549261063337
v 0.0219271816313267 0.0437244512140751 -0.0149224996566772
v 0.0223418362438679 0.0439289361238480 -0.0149224996566772
v 0.0228031817823648 0.0439591743052006 -0.0149224996566772
v 0.0232409816235304 0.0438105612993240 -0.0149224996566772
v 0.0224019940942526 0.0437044277787209 -0.0151549261063337
v 0.0227728448808193 0.0437287352979183 -0.0151549261063337
v 0.0231247693300247 0.0436092726886272 -0.0151549261063337
v 0.0263205673545599 0.0420325621962547 -0.0149224996566772
v 0.0262043550610542 0.0418312735855579 -0.0151549261063337
v 0.0254083368927240 0.0389010198414326 -0.0152242034673691
v 0.0265529938042164 0.0405301339924335 -0.0151549261063337
v 0.0254907216876745 0.0388392210006714 -0.0151916639879346
v 0.0255667548626661 0.0387811809778214 -0.0151426522061229
v 0.0266668871045113 0.0404643788933754 -0.0150540126487613
v 0.0256930496543646 0.0386825948953629 -0.0150008248165250
v 0.0267542805522680 0.0404139235615730 -0.0149224996566772
v 0.0257743131369352 0.0386176966130733 -0.0148147372528911
v 0.0264837741851807 0.0415862314403057 -0.0151549261063337
v 0.0266681704670191 0.0417277216911316 -0.0149224996566772
v 0.0268726553767920 0.0413130670785904 -0.0149224996566772
v 0.0269028935581446 0.0408517196774483 -0.0149224996566772
v 0.0266481488943100 0.0412529110908508 -0.0151549261063337
v 0.0266724564135075 0.0408820584416389 -0.0151549261063337
v -0.0025537554174662 0.0463934428989887 0.0152242034673691
v -0.0027304999530315 0.0483766235411167 0.0151549261063337
v -0.0029628877528012 0.0463386699557304 0.0149225667119026
v -0.0029095360077918 0.0463466346263885 0.0150008248165250
v -0.0029629261698574 0.0483766235411167 0.0149224996566772
v -0.0027508689090610 0.0463688634335995 0.0151426522061229
v -0.0027304969262332 0.0463715605437756 0.0151549279689789
v -0.0030123624019325 0.0463310629129410 0.0148147372528911
v -0.0028727289754897 0.0488300733268261 0.0149224996566772
v -0.0026579953264445 0.0487411282956600 0.0151549261063337
v -0.0024515192490071 0.0490501411259174 0.0151549261063337
v -0.0021425059530884 0.0492566190660000 0.0151549261063337
v -0.0017780000343919 0.0493291243910789 0.0151549261063337
v -0.0026158692780882 0.0492144934833050 0.0149224996566772
v -0.0022314516827464 0.0494713522493839 0.0149224996566772
v -0.0017780000343919 0.0495615489780903 0.0149224996566772
v 0.0017780000343919 0.0493291243910789 0.0151549261063337
v 0.0017780000343919 0.0495615489780903 0.0149224996566772
v 0.0022314516827464 0.0494713522493839 0.0149224996566772
v 0.0021425059530884 0.0492566190660000 0.0151549261063337
v 0.0024515192490071 0.0490501411259174 0.0151549261063337
v 0.0026579953264445 0.0487411282956600 0.0151549261063337
v 0.0027304999530315 0.0483766235411167 0.0151549261063337
v 0.0026158692780882 0.0492144934833050 0.0149224996566772
v 0.0028727289754897 0.0488300733268261 0.0149224996566772
v 0.0029629261698574 0.0483766235411167 0.0149224996566772
v 0.0030123624019325 0.0463310629129410 0.0148147372528911
v 0.0029628877528012 0.0463386699557304 0.0149225667119026
v 0.0029095360077918 0.0463466346263885 0.0150008248165250
v 0.0025537554174662 0.0463934428989887 0.0152242034673691
v 0.0027304969262332 0.0463715605437756 0.0151549279689789
v 0.0027508689090610 0.0463688634335995 0.0151426522061229
v -0.0030123624019325 0.0463310629129410 -0.0148147372528911
v -0.0029629261698574 0.0483766235411167 -0.0149224996566772
v -0.0029628877528012 0.0463386699557304 -0.0149225667119026
v -0.0029095360077918 0.0463466346263885 -0.0150008248165250
v -0.0027304999530315 0.0483766235411167 -0.0151549261063337
v -0.0025537554174662 0.0463934428989887 -0.0152242034673691
v -0.0027304969262332 0.0463715605437756 -0.0151549279689789
v -0.0027508689090610 0.0463688634335995 -0.0151426522061229
v -0.0026579953264445 0.0487411282956600 -0.0151549261063337
v -0.0028727289754897 0.0488300733268261 -0.0149224996566772
v -0.0026158692780882 0.0492144934833050 -0.0149224996566772
v -0.0022314516827464 0.0494713522493839 -0.0149224996566772
v -0.0017780000343919 0.0495615489780903 -0.0149224996566772
v -0.0024515192490071 0.0490501411259174 -0.0151549261063337
v -0.0021425059530884 0.0492566190660000 -0.0151549261063337
v -0.0017780000343919 0.0493291243910789 -0.0151549261063337
v 0.0017780000343919 0.0495615489780903 -0.0149224996566772
v 0.0017780000343919 0.0493291243910789 -0.0151549261063337
v 0.0025537554174662 0.0463934428989887 -0.0152242034673691
v 0.0027304999530315 0.0483766235411167 -0.0151549261063337
v 0.0026560029946268 0.0463811121881008 -0.0151916639879346
v 0.0027508689090610 0.0463688634335995 -0.0151426522061229
v 0.0028620127122849 0.0483766235411167 -0.0150540126487613
v 0.0029095360077918 0.0463466346263885 -0.0150008248165250
v 0.0029629261698574 0.0483766235411167 -0.0149224996566772
v 0.0030123624019325 0.0463310629129410 -0.0148147372528911
v 0.0021425059530884 0.0492566190660000 -0.0151549261063337
v 0.0022314516827464 0.0494713522493839 -0.0149224996566772
v 0.0026158692780882 0.0492144934833050 -0.0149224996566772
v 0.0028727289754897 0.0488300733268261 -0.0149224996566772
v 0.0024515192490071 0.0490501411259174 -0.0151549261063337
v 0.0026579953264445 0.0487411282956600 -0.0151549261063337
v -0.0254083368927240 0.0389010198414326 0.0152242034673691
v -0.0265529938042164 0.0405301339924335 0.0151549261063337
v -0.0257352702319622 0.0386490188539028 0.0149225667119026
v -0.0256930496543646 0.0386825948953629 0.0150008248165250
v -0.0267542805522680 0.0404139235615730 0.0149224996566772
v -0.0255667548626661 0.0387811809778214 0.0151426522061229
v -0.0255504585802555 0.0387937016785145 0.0151549279689789
v -0.0257743131369352 0.0386176966130733 0.0148147372528911
v -0.0269028935581446 0.0408517196774483 0.0149224996566772
v -0.0266724564135075 0.0408820584416389 0.0151549261063337
v -0.0266481488943100 0.0412529110908508 0.0151549261063337
v -0.0264837741851807 0.0415862314403057 0.0151549261063337
v -0.0262043550610542 0.0418312735855579 0.0151549261063337
v -0.0268726553767920 0.0413130670785904 0.0149224996566772
v -0.0266681704670191 0.0417277216911316 0.0149224996566772
v -0.0263205673545599 0.0420325621962547 0.0149224996566772
v -0.0231247693300247 0.0436092726886272 0.0151549261063337
v -0.0232409816235304 0.0438105612993240 0.0149224996566772
v -0.0228031817823648 0.0439591743052006 0.0149224996566772
v -0.0227728448808193 0.0437287352979183 0.0151549261063337
v -0.0224019940942526 0.0437044277787209 0.0151549261063337
v -0.0220686737447977 0.0435400530695915 0.0151549261063337
v -0.0218236297369003 0.0432606339454651 0.0151549261063337
v -0.0217097364366055 0.0433263927698135 0.0150540126487613
v -0.0223418362438679 0.0439289361238480 0.0149224996566772
v -0.0219271816313267 0.0437244512140751 0.0149224996566772
v -0.0216223429888487 0.0433768481016159 0.0149224996566772
v -0.0205567479133606 0.0416300557553768 0.0148147372528911
v -0.0206535849720240 0.0415921285748482 0.0150008248165250
v -0.0208021085709333 0.0415320470929146 0.0151426522061229
v -0.0208903905004263 0.0414952225983143 0.0151916639879346
v -0.0209851041436195 0.0414547771215439 0.0152242034673691
v -0.0257743131369352 0.0386176966130733 -0.0148147372528911
v -0.0267542805522680 0.0404139235615730 -0.0149224996566772
v -0.0257352702319622 0.0386490188539028 -0.0149225667119026
v -0.0256930496543646 0.0386825948953629 -0.0150008248165250
v -0.0265529938042164 0.0405301339924335 -0.0151549261063337
v -0.0254083368927240 0.0389010198414326 -0.0152242034673691
v -0.0255504585802555 0.0387937016785145 -0.0151549279689789
v -0.0255667548626661 0.0387811809778214 -0.0151426522061229
v -0.0266724564135075 0.0408820584416389 -0.0151549261063337
v -0.0269028935581446 0.0408517196774483 -0.0149224996566772
v -0.0268726553767920 0.0413130670785904 -0.0149224996566772
v -0.0266681704670191 0.0417277216911316 -0.0149224996566772
v -0.0263205673545599 0.0420325621962547 -0.0149224996566772
v -0.0266481488943100 0.0412529110908508 -0.0151549261063337
v -0.0264837741851807 0.0415862314403057 -0.0151549261063337
v -0.0262043550610542 0.0418312735855579 -0.0151549261063337
v -0.0232409816235304 0.0438105612993240 -0.0149224996566772
v -0.0231247693300247 0.0436092726886272 -0.0151549261063337
v -0.0209851041436195 0.0414547771215439 -0.0152242034673691
v -0.0218236297369003 0.0432606339454651 -0.0151549261063337
v -0.0206033978611231 0.0416119061410427 -0.0149225667119026
v -0.0206535849720240 0.0415921285748482 -0.0150008248165250
v -0.0216223429888487 0.0433768481016159 -0.0149224996566772
v -0.0208021085709333 0.0415320470929146 -0.0151426522061229
v -0.0208211001008749 0.0415241979062557 -0.0151549279689789
v -0.0205567479133606 0.0416300557553768 -0.0148147372528911
v -0.0227728448808193 0.0437287352979183 -0.0151549261063337
v -0.0228031817823648 0.0439591743052006 -0.0149224996566772
v -0.0223418362438679 0.0439289361238480 -0.0149224996566772
v -0.0219271816313267 0.0437244512140751 -0.0149224996566772
v -0.0224019940942526 0.0437044277787209 -0.0151549261063337
v -0.0220686737447977 0.0435400530695915 -0.0151549261063337
v -0.0432606339454651 0.0218236297369003 0.0151549261063337
v -0.0414547771215439 0.0209851041436195 0.0152242034673691
v -0.0432233884930611 0.0218881443142891 0.0151916630566120
v -0.0433263927698135 0.0217097364366055 0.0150540126487613
v -0.0415320470929146 0.0208021085709333 0.0151426522061229
v -0.0415241979062557 0.0208211001008749 0.0151549279689789
v -0.0433952175080776 0.0215905271470547 0.0148480040952563
v -0.0416300557553768 0.0205567479133606 0.0148147372528911
v -0.0433768481016159 0.0216223429888487 0.0149224996566772
v -0.0416119061410427 0.0206033978611231 0.0149225667119026
v -0.0415921285748482 0.0206535849720240 0.0150008248165250
v -0.0434809513390064 0.0221140235662460 0.0151916630566120
v -0.0436548776924610 0.0227631218731403 0.0151916630566120
v -0.0436324700713158 0.0224212743341923 0.0151916630566120
v -0.0436443910002708 0.0219886135309935 0.0150540126487613
v -0.0438314601778984 0.0223679561167955 0.0150540126487613
v -0.0438591241836548 0.0227900110185146 0.0150540126487613
v -0.0437535941600800 0.0219048168510199 0.0148480040952563
v -0.0435447581112385 0.0230875201523304 0.0151916630566120
v -0.0436092726886272 0.0231247693300247 0.0151549261063337
v -0.0437231659889221 0.0231905244290829 0.0150540126487613
v -0.0438105612993240 0.0232409816235304 0.0149224996566772
v -0.0439644195139408 0.0223323293030262 0.0148480040952563
v -0.0439955964684486 0.0228079780936241 0.0148480040952563
v -0.0438423752784729 0.0232593510299921 0.0148480040952563
v -0.0417667590081692 0.0261671077460051 0.0151916630566120
v -0.0418312735855579 0.0262043550610542 0.0151549261063337
v -0.0419451668858528 0.0262701120227575 0.0150540126487613
v -0.0420325621962547 0.0263205673545599 0.0149224996566772
v -0.0420643761754036 0.0263389367610216 0.0148480040952563
v -0.0415408797562122 0.0264246724545956 0.0151916630566120
v -0.0416662916541100 0.0265881102532148 0.0150540126487613
v -0.0417500883340836 0.0266973152756691 0.0148480040952563
v -0.0412336289882660 0.0265761911869049 0.0151916630566120
v -0.0412869490683079 0.0267751812934875 0.0150540126487613
v -0.0413225740194321 0.0269081406295300 0.0148480040952563
v -0.0408917814493179 0.0265985969454050 0.0151916630566120
v -0.0408648923039436 0.0268028434365988 0.0150540126487613
v -0.0408469252288342 0.0269393175840378 0.0148480040952563
v -0.0405673831701279 0.0264884792268276 0.0151916630566120
v -0.0404643788933754 0.0266668871045113 0.0150540126487613
v -0.0403955541551113 0.0267860963940620 0.0148480040952563
v -0.0386176966130733 0.0257743131369352 0.0148147372528911
v -0.0386825948953629 0.0256930496543646 0.0150008248165250
v -0.0387811809778214 0.0255667548626661 0.0151426522061229
v -0.0388392210006714 0.0254907216876745 0.0151916639879346
v -0.0389010198414326 0.0254083368927240 0.0152242034673691
v -0.0416300557553768 0.0205567479133606 -0.0148147372528911
v -0.0433768481016159 0.0216223429888487 -0.0149224996566772
v -0.0416119061410427 0.0206033978611231 -0.0149225667119026
v -0.0415921285748482 0.0206535849720240 -0.0150008248165250
v -0.0432606339454651 0.0218236297369003 -0.0151549261063337
v -0.0414547771215439 0.0209851041436195 -0.0152242034673691
v -0.0415241979062557 0.0208211001008749 -0.0151549279689789
v -0.0415320470929146 0.0208021085709333 -0.0151426522061229
v -0.0435400530695915 0.0220686737447977 -0.0151549261063337
v -0.0437244512140751 0.0219271816313267 -0.0149224996566772
v -0.0439289361238480 0.0223418362438679 -0.0149224996566772
v -0.0439591743052006 0.0228031817823648 -0.0149224996566772
v -0.0438105612993240 0.0232409816235304 -0.0149224996566772
v -0.0437231659889221 0.0231905244290829 -0.0150540126487613
v -0.0437044277787209 0.0224019940942526 -0.0151549261063337
v -0.0437287352979183 0.0227728448808193 -0.0151549261063337
v -0.0436092726886272 0.0231247693300247 -0.0151549261063337
v -0.0420643761754036 0.0263389367610216 -0.0148480040952563
v -0.0419451668858528 0.0262701120227575 -0.0150540126487613
v -0.0417667590081692 0.0261671077460051 -0.0151916630566120
v -0.0405301339924335 0.0265529938042164 -0.0151549261063337
v -0.0389010198414326 0.0254083368927240 -0.0152242034673691
v -0.0405673831701279 0.0264884792268276 -0.0151916630566120
v -0.0404643788933754 0.0266668871045113 -0.0150540126487613
v -0.0387811809778214 0.0255667548626661 -0.0151426522061229
v -0.0387937016785145 0.0255504585802555 -0.0151549279689789
v -0.0403955541551113 0.0267860963940620 -0.0148480040952563
v -0.0386176966130733 0.0257743131369352 -0.0148147372528911
v -0.0404139235615730 0.0267542805522680 -0.0149224996566772
v -0.0386490188539028 0.0257352702319622 -0.0149225667119026
v -0.0386825948953629 0.0256930496543646 -0.0150008248165250
v -0.0415408797562122 0.0264246724545956 -0.0151916630566120
v -0.0416662916541100 0.0265881102532148 -0.0150540126487613
v -0.0417500883340836 0.0266973152756691 -0.0148480040952563
v -0.0408469252288342 0.0269393175840378 -0.0148480040952563
v -0.0413225740194321 0.0269081406295300 -0.0148480040952563
v -0.0412869490683079 0.0267751812934875 -0.0150540126487613
v -0.0408648923039436 0.0268028434365988 -0.0150540126487613
v -0.0412336289882660 0.0265761911869049 -0.0151916630566120
v -0.0408917814493179 0.0265985969454050 -0.0151916630566120
v -0.0463934428989887 -0.0025537554174662 0.0152242034673691
v -0.0483766235411167 -0.0027304999530315 0.0151549261063337
v -0.0463386699557304 -0.0029628877528012 0.0149225667119026
v -0.0463466346263885 -0.0029095360077918 0.0150008248165250
v -0.0483766235411167 -0.0029629261698574 0.0149224996566772
v -0.0463688634335995 -0.0027508689090610 0.0151426522061229
v -0.0463715605437756 -0.0027304969262332 0.0151549279689789
v -0.0463310629129410 -0.0030123624019325 0.0148147372528911
v -0.0488300733268261 -0.0028727289754897 0.0149224996566772
v -0.0487411282956600 -0.0026579953264445 0.0151549261063337
v -0.0490501411259174 -0.0024515192490071 0.0151549261063337
v -0.0492566190660000 -0.0021425059530884 0.0151549261063337
v -0.0493291243910789 -0.0017780000343919 0.0151549261063337
v -0.0492144934833050 -0.0026158692780882 0.0149224996566772
v -0.0494713522493839 -0.0022314516827464 0.0149224996566772
v -0.0495615489780903 -0.0017780000343919 0.0149224996566772
v -0.0493291243910789 0.0017780000343919 0.0151549261063337
v -0.0495615489780903 0.0017780000343919 0.0149224996566772
v -0.0494713522493839 0.0022314516827464 0.0149224996566772
v -0.0492566190660000 0.0021425059530884 0.0151549261063337
v -0.0490501411259174 0.0024515192490071 0.0151549261063337
v -0.0487411282956600 0.0026579953264445 0.0151549261063337
v -0.0483766235411167 0.0027304999530315 0.0151549261063337
v -0.0492144934833050 0.0026158692780882 0.0149224996566772
v -0.0488300733268261 0.0028727289754897 0.0149224996566772
v -0.0483766235411167 0.0029629261698574 0.0149224996566772
v -0.0463310629129410 0.0030123624019325 0.0148147372528911
v -0.0463386699557304 0.0029628877528012 0.0149225667119026
v -0.0463466346263885 0.0029095360077918 0.0150008248165250
v -0.0463934428989887 0.0025537554174662 0.0152242034673691
v -0.0463715605437756 0.0027304969262332 0.0151549279689789
v -0.0463688634335995 0.0027508689090610 0.0151426522061229
v -0.0463310629129410 -0.0030123624019325 -0.0148147372528911
v -0.0483766235411167 -0.0029629261698574 -0.0149224996566772
v -0.0463386699557304 -0.0029628877528012 -0.0149225667119026
v -0.0463466346263885 -0.0029095360077918 -0.0150008248165250
v -0.0483766235411167 -0.0027304999530315 -0.0151549261063337
v -0.0463934428989887 -0.0025537554174662 -0.0152242034673691
v -0.0463715605437756 -0.0027304969262332 -0.0151549279689789
v -0.0463688634335995 -0.0027508689090610 -0.0151426522061229
v -0.0487411282956600 -0.0026579953264445 -0.0151549261063337
v -0.0488300733268261 -0.0028727289754897 -0.0149224996566772
v -0.0492144934833050 -0.0026158692780882 -0.0149224996566772
v -0.0494713522493839 -0.0022314516827464 -0.0149224996566772
v -0.0495615489780903 -0.0017780000343919 -0.0149224996566772
v -0.0490501411259174 -0.0024515192490071 -0.0151549261063337
v -0.0492566190660000 -0.0021425059530884 -0.0151549261063337
v -0.0493291243910789 -0.0017780000343919 -0.0151549261063337
v -0.0495615489780903 0.0017780000343919 -0.0149224996566772
v -0.0493291243910789 0.0017780000343919 -0.0151549261063337
v -0.0463934428989887 0.0025537554174662 -0.0152242034673691
v -0.0483766235411167 0.0027304999530315 -0.0151549261063337
v -0.0463386699557304 0.0029628877528012 -0.0149225667119026
v -0.0463466346263885 0.0029095360077918 -0.0150008248165250
v -0.0483766235411167 0.0029629261698574 -0.0149224996566772
v -0.0463688634335995 0.0027508689090610 -0.0151426522061229
v -0.0463715605437756 0.0027304969262332 -0.0151549279689789
v -0.0463310629129410 0.0030123624019325 -0.0148147372528911
v -0.0492566190660000 0.0021425059530884 -0.0151549261063337
v -0.0494713522493839 0.0022314516827464 -0.0149224996566772
v -0.0492144934833050 0.0026158692780882 -0.0149224996566772
v -0.0488300733268261 0.0028727289754897 -0.0149224996566772
v -0.0490501411259174 0.0024515192490071 -0.0151549261063337
v -0.0487411282956600 0.0026579953264445 -0.0151549261063337
v -0.0389010198414326 -0.0254083368927240 0.0152242034673691
v -0.0405301339924335 -0.0265529938042164 0.0151549261063337
v -0.0388392210006714 -0.0254907216876745 0.0151916639879346
v -0.0387811809778214 -0.0255667548626661 0.0151426522061229
v -0.0404643788933754 -0.0266668871045113 0.0150540126487613
v -0.0386825948953629 -0.0256930496543646 0.0150008248165250
v -0.0404139235615730 -0.0267542805522680 0.0149224996566772
v -0.0386176966130733 -0.0257743131369352 0.0148147372528911
v -0.0408820584416389 -0.0266724564135075 0.0151549261063337
v -0.0412529110908508 -0.0266481488943100 0.0151549261063337
v -0.0415862314403057 -0.0264837741851807 0.0151549261063337
v -0.0418312735855579 -0.0262043550610542 0.0151549261063337
v -0.0408517196774483 -0.0269028935581446 0.0149224996566772
v -0.0413130670785904 -0.0268726553767920 0.0149224996566772
v -0.0417277216911316 -0.0266681704670191 0.0149224996566772
v -0.0420325621962547 -0.0263205673545599 0.0149224996566772
v -0.0436092726886272 -0.0231247693300247 0.0151549261063337
v -0.0438105612993240 -0.0232409816235304 0.0149224996566772
v -0.0439591743052006 -0.0228031817823648 0.0149224996566772
v -0.0437287352979183 -0.0227728448808193 0.0151549261063337
v -0.0437044277787209 -0.0224019940942526 0.0151549261063337
v -0.0435400530695915 -0.0220686737447977 0.0151549261063337
v -0.0432606339454651 -0.0218236297369003 0.0151549261063337
v -0.0433263927698135 -0.0217097364366055 0.0150540126487613
v -0.0439289361238480 -0.0223418362438679 0.0149224996566772
v -0.0437244512140751 -0.0219271816313267 0.0149224996566772
v -0.0433768481016159 -0.0216223429888487 0.0149224996566772
v -0.0416300557553768 -0.0205567479133606 0.0148147372528911
v -0.0415921285748482 -0.0206535849720240 0.0150008248165250
v -0.0415320470929146 -0.0208021085709333 0.0151426522061229
v -0.0414952225983143 -0.0208903905004263 0.0151916639879346
v -0.0414547771215439 -0.0209851041436195 0.0152242034673691
v -0.0404139235615730 -0.0267542805522680 -0.0149224996566772
v -0.0386176966130733 -0.0257743131369352 -0.0148147372528911
v -0.0404643788933754 -0.0266668871045113 -0.0150540126487613
v -0.0386825948953629 -0.0256930496543646 -0.0150008248165250
v -0.0387811809778214 -0.0255667548626661 -0.0151426522061229
v -0.0405301339924335 -0.0265529938042164 -0.0151549261063337
v -0.0388392210006714 -0.0254907216876745 -0.0151916639879346
v -0.0389010198414326 -0.0254083368927240 -0.0152242034673691
v -0.0408517196774483 -0.0269028935581446 -0.0149224996566772
v -0.0413130670785904 -0.0268726553767920 -0.0149224996566772
v -0.0417277216911316 -0.0266681704670191 -0.0149224996566772
v -0.0420325621962547 -0.0263205673545599 -0.0149224996566772
v -0.0408820584416389 -0.0266724564135075 -0.0151549261063337
v -0.0412529110908508 -0.0266481488943100 -0.0151549261063337
v -0.0415862314403057 -0.0264837741851807 -0.0151549261063337
v -0.0418312735855579 -0.0262043550610542 -0.0151549261063337
v -0.0438105612993240 -0.0232409816235304 -0.0149224996566772
v -0.0436092726886272 -0.0231247693300247 -0.0151549261063337
v -0.0414547771215439 -0.0209851041436195 -0.0152242034673691
v -0.0432606339454651 -0.0218236297369003 -0.0151549261063337
v -0.0414952225983143 -0.0208903905004263 -0.0151916639879346
v -0.0415320470929146 -0.0208021085709333 -0.0151426522061229
v -0.0433263927698135 -0.0217097364366055 -0.0150540126487613
v -0.0415921285748482 -0.0206535849720240 -0.0150008248165250
v -0.0433768481016159 -0.0216223429888487 -0.0149224996566772
v -0.0416300557553768 -0.0205567479133606 -0.0148147372528911
v -0.0437287352979183 -0.0227728448808193 -0.0151549261063337
v -0.0439591743052006 -0.0228031817823648 -0.0149224996566772
v -0.0439289361238480 -0.0223418362438679 -0.0149224996566772
v -0.0437244512140751 -0.0219271816313267 -0.0149224996566772
v -0.0437044277787209 -0.0224019940942526 -0.0151549261063337
v -0.0435400530695915 -0.0220686737447977 -0.0151549261063337
v -0.0218236297369003 -0.0432606339454651 0.0151549261063337
v -0.0209851041436195 -0.0414547771215439 0.0152242034673691
v -0.0218881443142891 -0.0432233884930611 0.0151916630566120
v -0.0217097364366055 -0.0433263927698135 0.0150540126487613
v -0.0208021085709333 -0.0415320470929146 0.0151426522061229
v -0.0208211001008749 -0.0415241979062557 0.0151549279689789
v -0.0215905271470547 -0.0433952175080776 0.0148480040952563
v -0.0205567479133606 -0.0416300557553768 0.0148147372528911
v -0.0216223429888487 -0.0433768481016159 0.0149224996566772
v -0.0206033978611231 -0.0416119061410427 0.0149225667119026
v -0.0206535849720240 -0.0415921285748482 0.0150008248165250
v -0.0221140235662460 -0.0434809513390064 0.0151916630566120
v -0.0227631218731403 -0.0436548776924610 0.0151916630566120
v -0.0224212743341923 -0.0436324700713158 0.0151916630566120
v -0.0219886135309935 -0.0436443910002708 0.0150540126487613
v -0.0223679561167955 -0.0438314601778984 0.0150540126487613
v -0.0227900110185146 -0.0438591241836548 0.0150540126487613
v -0.0219048168510199 -0.0437535941600800 0.0148480040952563
v -0.0230875201523304 -0.0435447581112385 0.0151916630566120
v -0.0231247693300247 -0.0436092726886272 0.0151549261063337
v -0.0231905244290829 -0.0437231659889221 0.0150540126487613
v -0.0232409816235304 -0.0438105612993240 0.0149224996566772
v -0.0223323293030262 -0.0439644195139408 0.0148480040952563
v -0.0228079780936241 -0.0439955964684486 0.0148480040952563
v -0.0232593510299921 -0.0438423752784729 0.0148480040952563
v -0.0261671077460051 -0.0417667590081692 0.0151916630566120
v -0.0262043550610542 -0.0418312735855579 0.0151549261063337
v -0.0262701120227575 -0.0419451668858528 0.0150540126487613
v -0.0263205673545599 -0.0420325621962547 0.0149224996566772
v -0.0263389367610216 -0.0420643761754036 0.0148480040952563
v -0.0264246724545956 -0.0415408797562122 0.0151916630566120
v -0.0265881102532148 -0.0416662916541100 0.0150540126487613
v -0.0266973152756691 -0.0417500883340836 0.0148480040952563
v -0.0265761911869049 -0.0412336289882660 0.0151916630566120
v -0.0267751812934875 -0.0412869490683079 0.0150540126487613
v -0.0269081406295300 -0.0413225740194321 0.0148480040952563
v -0.0265985969454050 -0.0408917814493179 0.0151916630566120
v -0.0268028434365988 -0.0408648923039436 0.0150540126487613
v -0.0269393175840378 -0.0408469252288342 0.0148480040952563
v -0.0264884792268276 -0.0405673831701279 0.0151916630566120
v -0.0266668871045113 -0.0404643788933754 0.0150540126487613
v -0.0267860963940620 -0.0403955541551113 0.0148480040952563
v -0.0257743131369352 -0.0386176966130733 0.0148147372528911
v -0.0256930496543646 -0.0386825948953629 0.0150008248165250
v -0.0255667548626661 -0.0387811809778214 0.0151426522061229
v -0.0254907216876745 -0.0388392210006714 0.0151916639879346
v -0.0254083368927240 -0.0389010198414326 0.0152242034673691
v -0.0205567479133606 -0.0416300557553768 -0.0148147372528911
v -0.0216223429888487 -0.0433768481016159 -0.0149224996566772
v -0.0206033978611231 -0.0416119061410427 -0.0149225667119026
v -0.0206535849720240 -0.0415921285748482 -0.0150008248165250
v -0.0218236297369003 -0.0432606339454651 -0.0151549261063337
v -0.0209851041436195 -0.0414547771215439 -0.0152242034673691
v -0.0208211001008749 -0.0415241979062557 -0.0151549279689789
v -0.0208021085709333 -0.0415320470929146 -0.0151426522061229
v -0.0220686737447977 -0.0435400530695915 -0.0151549261063337
v -0.0219271816313267 -0.0437244512140751 -0.0149224996566772
v -0.0223418362438679 -0.0439289361238480 -0.0149224996566772
v -0.0228031817823648 -0.0439591743052006 -0.0149224996566772
v -0.0232409816235304 -0.0438105612993240 -0.0149224996566772
v -0.0224019940942526 -0.0437044277787209 -0.0151549261063337
v -0.0227728448808193 -0.0437287352979183 -0.0151549261063337
v -0.0231247693300247 -0.0436092726886272 -0.0151549261063337
v -0.0263205673545599 -0.0420325621962547 -0.0149224996566772
v -0.0262043550610542 -0.0418312735855579 -0.0151549261063337
v -0.0254083368927240 -0.0389010198414326 -0.0152242034673691
v -0.0265529938042164 -0.0405301339924335 -0.0151549261063337
v -0.0254907216876745 -0.0388392210006714 -0.0151916639879346
v -0.0255667548626661 -0.0387811809778214 -0.0151426522061229
v -0.0266668871045113 -0.0404643788933754 -0.0150540126487613
v -0.0256930496543646 -0.0386825948953629 -0.0150008248165250
v -0.0267542805522680 -0.0404139235615730 -0.0149224996566772
v -0.0257743131369352 -0.0386176966130733 -0.0148147372528911
v -0.0264837741851807 -0.0415862314403057 -0.0151549261063337
v -0.0266681704670191 -0.0417277216911316 -0.0149224996566772
v -0.0268726553767920 -0.0413130670785904 -0.0149224996566772
v -0.0269028935581446 -0.0408517196774483 -0.0149224996566772
v -0.0266481488943100 -0.0412529110908508 -0.0151549261063337
v -0.0266724564135075 -0.0408820584416389 -0.0151549261063337
v 0.0205118041485548 -0.0414034128189087 -0.0150372143834829
v 0.0204064529389143 -0.0414488017559052 -0.0148349031805992
v 0.0202050805091858 -0.0413341596722603 -0.0148813258856535
v 0.0203292481601238 -0.0412765145301819 -0.0151244504377246
v 0.0206719208508730 -0.0413330532610416 -0.0151889035478234
v 0.0203696321696043 -0.0414645038545132 -0.0146049996837974
v 0.0203050840646029 -0.0414191782474518 -0.0146049996837974
v 0.0201616995036602 -0.0413541533052921 -0.0146049996837974
v 0.0199805255979300 -0.0413020104169846 -0.0149475745856762
v 0.0200067237019539 -0.0413264036178589 -0.0146049996837974
v 0.0199278537184000 -0.0413271337747574 -0.0146049996837974
v 0.0199278537184000 -0.0413271337747574 0.0146049996837974
v 0.0200067237019539 -0.0413264036178589 0.0146049996837974
v 0.0201616995036602 -0.0413541533052921 0.0146049996837974
v 0.0203050840646029 -0.0414191782474518 0.0146049996837974
v 0.0203696321696043 -0.0414645038545132 0.0146049996837974
v 0.0199805255979300 -0.0413020104169846 0.0149475745856762
v 0.0203292481601238 -0.0412765145301819 0.0151244504377246
v 0.0202050805091858 -0.0413341596722603 0.0148813258856535
v 0.0204064529389143 -0.0414488017559052 0.0148349031805992
v 0.0205118041485548 -0.0414034128189087 0.0150372143834829
v 0.0206719208508730 -0.0413330532610416 0.0151889035478234
v 0.0257783271372318 -0.0379546470940113 -0.0149475745856762
v 0.0255818851292133 -0.0382439047098160 -0.0151244504377246
v 0.0256938934326172 -0.0381651930510998 -0.0148813258856535
v 0.0256924908608198 -0.0383969098329544 -0.0148349031805992
v 0.0256005078554153 -0.0384654514491558 -0.0150372143834829
v 0.0254595130681992 -0.0385689362883568 -0.0151889035478234
v 0.0258264206349850 -0.0379215963184834 -0.0146049996837974
v 0.0257863551378250 -0.0379895344376564 -0.0146049996837974
v 0.0257328990846872 -0.0381376184523106 -0.0146049996837974
v 0.0257175192236900 -0.0382943078875542 -0.0146049996837974
v 0.0257244966924191 -0.0383728705346584 -0.0146049996837974
v 0.0257244966924191 -0.0383728705346584 0.0146049996837974
v 0.0257175192236900 -0.0382943078875542 0.0146049996837974
v 0.0257328990846872 -0.0381376184523106 0.0146049996837974
v 0.0257863551378250 -0.0379895344376564 0.0146049996837974
v 0.0258264206349850 -0.0379215963184834 0.0146049996837974
v 0.0256005078554153 -0.0384654514491558 0.0150372143834829
v 0.0256924908608198 -0.0383969098329544 0.0148349031805992
v 0.0256938934326172 -0.0381651930510998 0.0148813258856535
v 0.0255818851292133 -0.0382439047098160 0.0151244504377246
v 0.0254595130681992 -0.0385689362883568 0.0151889035478234
v 0.0257783271372318 -0.0379546470940113 0.0149475745856762
v 0.0384654514491558 -0.0256005078554153 -0.0150372143834829
v 0.0383969098329544 -0.0256924908608198 -0.0148349031805992
v 0.0381651930510998 -0.0256938934326172 -0.0148813258856535
v 0.0382439047098160 -0.0255818851292133 -0.0151244504377246
v 0.0385689362883568 -0.0254595130681992 -0.0151889035478234
v 0.0383728705346584 -0.0257244966924191 -0.0146049996837974
v 0.0382943078875542 -0.0257175192236900 -0.0146049996837974
v 0.0381376184523106 -0.0257328990846872 -0.0146049996837974
v 0.0379546470940113 -0.0257783271372318 -0.0149475745856762
v 0.0379895344376564 -0.0257863551378250 -0.0146049996837974
v 0.0379215963184834 -0.0258264206349850 -0.0146049996837974
v 0.0379215963184834 -0.0258264206349850 0.0146049996837974
v 0.0379895344376564 -0.0257863551378250 0.0146049996837974
v 0.0381376184523106 -0.0257328990846872 0.0146049996837974
v 0.0382943078875542 -0.0257175192236900 0.0146049996837974
v 0.0383728705346584 -0.0257244966924191 0.0146049996837974
v 0.0382439047098160 -0.0255818851292133 0.0151244504377246
v 0.0381651930510998 -0.0256938934326172 0.0148813258856535
v 0.0383969098329544 -0.0256924908608198 0.0148349031805992
v 0.0385689362883568 -0.0254595130681992 0.0151889035478234
v 0.0379546470940113 -0.0257783271372318 0.0149475745856762
v 0.0384654514491558 -0.0256005078554153 0.0150372143834829
v 0.0413020104169846 -0.0199805255979300 -0.0149475745856762
v 0.0412765145301819 -0.0203292481601238 -0.0151244504377246
v 0.0413341596722603 -0.0202050805091858 -0.0148813258856535
v 0.0414488017559052 -0.0204064529389143 -0.0148349031805992
v 0.0414034128189087 -0.0205118041485548 -0.0150372143834829
v 0.0413330532610416 -0.0206719208508730 -0.0151889035478234
v 0.0413271337747574 -0.0199278537184000 -0.0146049996837974
v 0.0413264036178589 -0.0200067237019539 -0.0146049996837974
v 0.0413541533052921 -0.0201616995036602 -0.0146049996837974
v 0.0414191782474518 -0.0203050840646029 -0.0146049996837974
v 0.0414645038545132 -0.0203696321696043 -0.0146049996837974
v 0.0414645038545132 -0.0203696321696043 0.0146049996837974
v 0.0414191782474518 -0.0203050840646029 0.0146049996837974
v 0.0413541533052921 -0.0201616995036602 0.0146049996837974
v 0.0413264036178589 -0.0200067237019539 0.0146049996837974
v 0.0413271337747574 -0.0199278537184000 0.0146049996837974
v 0.0414034128189087 -0.0205118041485548 0.0150372143834829
v 0.0414488017559052 -0.0204064529389143 0.0148349031805992
v 0.0413341596722603 -0.0202050805091858 0.0148813258856535
v 0.0412765145301819 -0.0203292481601238 0.0151244504377246
v 0.0413330532610416 -0.0206719208508730 0.0151889035478234
v 0.0413020104169846 -0.0199805255979300 0.0149475745856762
v 0.0461123101413250 -0.0029379646293819 -0.0150372143834829
v 0.0460989437997341 -0.0030518954154104 -0.0148349031805992
v 0.0458989739418030 -0.0031689670868218 -0.0148813258856535
v 0.0459111332893372 -0.0030326109845191 -0.0151244504377246
v 0.0461314357817173 -0.0027641181368381 -0.0151889035478234
v 0.0460941269993782 -0.0030916323885322 -0.0146049996837974
v 0.0460226014256477 -0.0031248708255589 -0.0146049996837974
v 0.0458945967257023 -0.0032165336888283 -0.0146049996837974
v 0.0457588508725166 -0.0033473626244813 -0.0149475745856762
v 0.0457930788397789 -0.0033368717413396 -0.0146049996837974
v 0.0457542762160301 -0.0034055390860885 -0.0146049996837974
v 0.0457542762160301 -0.0034055390860885 0.0146049996837974
v 0.0457930788397789 -0.0033368717413396 0.0146049996837974
v 0.0458945967257023 -0.0032165336888283 0.0146049996837974
v 0.0460226014256477 -0.0031248708255589 0.0146049996837974
v 0.0460941269993782 -0.0030916323885322 0.0146049996837974
v 0.0459111332893372 -0.0030326109845191 0.0151244504377246
v 0.0458989739418030 -0.0031689670868218 0.0148813258856535
v 0.0460989437997341 -0.0030518954154104 0.0148349031805992
v 0.0461314357817173 -0.0027641181368381 0.0151889035478234
v 0.0457588508725166 -0.0033473626244813 0.0149475745856762
v 0.0461123101413250 -0.0029379646293819 0.0150372143834829
v 0.0459111332893372 0.0030326109845191 -0.0151244504377246
v 0.0458989739418030 0.0031689670868218 -0.0148813258856535
v 0.0460989437997341 0.0030518954154104 -0.0148349031805992
v 0.0461314357817173 0.0027641181368381 -0.0151889035478234
v 0.0457588508725166 0.0033473626244813 -0.0149475745856762
v 0.0461123101413250 0.0029379646293819 -0.0150372143834829
v 0.0457542762160301 0.0034055390860885 -0.0146049996837974
v 0.0457930788397789 0.0033368717413396 -0.0146049996837974
v 0.0458945967257023 0.0032165336888283 -0.0146049996837974
v 0.0460226014256477 0.0031248708255589 -0.0146049996837974
v 0.0460941269993782 0.0030916323885322 -0.0146049996837974
v 0.0460941269993782 0.0030916323885322 0.0146049996837974
v 0.0460226014256477 0.0031248708255589 0.0146049996837974
v 0.0458945967257023 0.0032165336888283 0.0146049996837974
v 0.0457930788397789 0.0033368717413396 0.0146049996837974
v 0.0457542762160301 0.0034055390860885 0.0146049996837974
v 0.0461123101413250 0.0029379646293819 0.0150372143834829
v 0.0460989437997341 0.0030518954154104 0.0148349031805992
v 0.0458989739418030 0.0031689670868218 0.0148813258856535
v 0.0459111332893372 0.0030326109845191 0.0151244504377246
v 0.0461314357817173 0.0027641181368381 0.0151889035478234
v 0.0457588508725166 0.0033473626244813 0.0149475745856762
v 0.0414034128189087 0.0205118041485548 -0.0150372143834829
v 0.0414488017559052 0.0204064529389143 -0.0148349031805992
v 0.0413341596722603 0.0202050805091858 -0.0148813258856535
v 0.0412765145301819 0.0203292481601238 -0.0151244504377246
v 0.0413330532610416 0.0206719208508730 -0.0151889035478234
v 0.0414645038545132 0.0203696321696043 -0.0146049996837974
v 0.0414191782474518 0.0203050840646029 -0.0146049996837974
v 0.0413541533052921 0.0201616995036602 -0.0146049996837974
v 0.0413020104169846 0.0199805255979300 -0.0149475745856762
v 0.0413264036178589 0.0200067237019539 -0.0146049996837974
v 0.0413271337747574 0.0199278537184000 -0.0146049996837974
v 0.0413271337747574 0.0199278537184000 0.0146049996837974
v 0.0413264036178589 0.0200067237019539 0.0146049996837974
v 0.0413541533052921 0.0201616995036602 0.0146049996837974
v 0.0414191782474518 0.0203050840646029 0.0146049996837974
v 0.0414645038545132 0.0203696321696043 0.0146049996837974
v 0.0413020104169846 0.0199805255979300 0.0149475745856762
v 0.0412765145301819 0.0203292481601238 0.0151244504377246
v 0.0413341596722603 0.0202050805091858 0.0148813258856535
v 0.0414488017559052 0.0204064529389143 0.0148349031805992
v 0.0414034128189087 0.0205118041485548 0.0150372143834829
v 0.0413330532610416 0.0206719208508730 0.0151889035478234
v 0.0382439047098160 0.0255818851292133 -0.0151244504377246
v 0.0381651930510998 0.0256938934326172 -0.0148813258856535
v 0.0383969098329544 0.0256924908608198 -0.0148349031805992
v 0.0385689362883568 0.0254595130681992 -0.0151889035478234
v 0.0379546470940113 0.0257783271372318 -0.0149475745856762
v 0.0384654514491558 0.0256005078554153 -0.0150372143834829
v 0.0379215963184834 0.0258264206349850 -0.0146049996837974
v 0.0379895344376564 0.0257863551378250 -0.0146049996837974
v 0.0381376184523106 0.0257328990846872 -0.0146049996837974
v 0.0382943078875542 0.0257175192236900 -0.0146049996837974
v 0.0383728705346584 0.0257244966924191 -0.0146049996837974
v 0.0383728705346584 0.0257244966924191 0.0146049996837974
v 0.0382943078875542 0.0257175192236900 0.0146049996837974
v 0.0381376184523106 0.0257328990846872 0.0146049996837974
v 0.0379895344376564 0.0257863551378250 0.0146049996837974
v 0.0379215963184834 0.0258264206349850 0.0146049996837974
v 0.0384654514491558 0.0256005078554153 0.0150372143834829
v 0.0383969098329544 0.0256924908608198 0.0148349031805992
v 0.0381651930510998 0.0256938934326172 0.0148813258856535
v 0.0382439047098160 0.0255818851292133 0.0151244504377246
v 0.0385689362883568 0.0254595130681992 0.0151889035478234
v 0.0379546470940113 0.0257783271372318 0.0149475745856762
v 0.0256005078554153 0.0384654514491558 -0.0150372143834829
v 0.0256924908608198 0.0383969098329544 -0.0148349031805992
v 0.0256938934326172 0.0381651930510998 -0.0148813258856535
v 0.0255818851292133 0.0382439047098160 -0.0151244504377246
v 0.0254595130681992 0.0385689362883568 -0.0151889035478234
v 0.0257244966924191 0.0383728705346584 -0.0146049996837974
v 0.0257175192236900 0.0382943078875542 -0.0146049996837974
v 0.0257328990846872 0.0381376184523106 -0.0146049996837974
v 0.0257783271372318 0.0379546470940113 -0.0149475745856762
v 0.0257863551378250 0.0379895344376564 -0.0146049996837974
v 0.0258264206349850 0.0379215963184834 -0.0146049996837974
v 0.0258264206349850 0.0379215963184834 0.0146049996837974
v 0.0257863551378250 0.0379895344376564 0.0146049996837974
v 0.0257328990846872 0.0381376184523106 0.0146049996837974
v 0.0257175192236900 0.0382943078875542 0.0146049996837974
v 0.0257244966924191 0.0383728705346584 0.0146049996837974
v 0.0255818851292133 0.0382439047098160 0.0151244504377246
v 0.0256938934326172 0.0381651930510998 0.0148813258856535
v 0.0256924908608198 0.0383969098329544 0.0148349031805992
v 0.0254595130681992 0.0385689362883568 0.0151889035478234
v 0.0257783271372318 0.0379546470940113 0.0149475745856762
v 0.0256005078554153 0.0384654514491558 0.0150372143834829
v 0.0203292481601238 0.0412765145301819 -0.0151244504377246
v 0.0202050805091858 0.0413341596722603 -0.0148813258856535
v 0.0204064529389143 0.0414488017559052 -0.0148349031805992
v 0.0206719208508730 0.0413330532610416 -0.0151889035478234
v 0.0199805255979300 0.0413020104169846 -0.0149475745856762
v 0.0205118041485548 0.0414034128189087 -0.0150372143834829
v 0.0199278537184000 0.0413271337747574 -0.0146049996837974
v 0.0200067237019539 0.0413264036178589 -0.0146049996837974
v 0.0201616995036602 0.0413541533052921 -0.0146049996837974
v 0.0203050840646029 0.0414191782474518 -0.0146049996837974
v 0.0203696321696043 0.0414645038545132 -0.0146049996837974
v 0.0203696321696043 0.0414645038545132 0.0146049996837974
v 0.0203050840646029 0.0414191782474518 0.0146049996837974
v 0.0201616995036602 0.0413541533052921 0.0146049996837974
v 0.0200067237019539 0.0413264036178589 0.0146049996837974
v 0.0199278537184000 0.0413271337747574 0.0146049996837974
v 0.0205118041485548 0.0414034128189087 0.0150372143834829
v 0.0204064529389143 0.0414488017559052 0.0148349031805992
v 0.0202050805091858 0.0413341596722603 0.0148813258856535
v 0.0203292481601238 0.0412765145301819 0.0151244504377246
v 0.0206719208508730 0.0413330532610416 0.0151889035478234
v 0.0199805255979300 0.0413020104169846 0.0149475745856762
v 0.0029379646293819 0.0461123101413250 -0.0150372143834829
v 0.0030518954154104 0.0460989437997341 -0.0148349031805992
v 0.0031689670868218 0.0458989739418030 -0.0148813258856535
v 0.0030326109845191 0.0459111332893372 -0.0151244504377246
v 0.0027641181368381 0.0461314357817173 -0.0151889035478234
v 0.0030916323885322 0.0460941269993782 -0.0146049996837974
v 0.0031248708255589 0.0460226014256477 -0.0146049996837974
v 0.0032165336888283 0.0458945967257023 -0.0146049996837974
v 0.0033473626244813 0.0457588508725166 -0.0149475745856762
v 0.0033368717413396 0.0457930788397789 -0.0146049996837974
v 0.0034055390860885 0.0457542762160301 -0.0146049996837974
v 0.0034055390860885 0.0457542762160301 0.0146049996837974
v 0.0033368717413396 0.0457930788397789 0.0146049996837974
v 0.0032165336888283 0.0458945967257023 0.0146049996837974
v 0.0031248708255589 0.0460226014256477 0.0146049996837974
v 0.0030916323885322 0.0460941269993782 0.0146049996837974
v 0.0030326109845191 0.0459111332893372 0.0151244504377246
v 0.0031689670868218 0.0458989739418030 0.0148813258856535
v 0.0030518954154104 0.0460989437997341 0.0148349031805992
v 0.0027641181368381 0.0461314357817173 0.0151889035478234
v 0.0033473626244813 0.0457588508725166 0.0149475745856762
v 0.0029379646293819 0.0461123101413250 0.0150372143834829
v -0.0030326109845191 0.0459111332893372 -0.0151244504377246
v -0.0031689670868218 0.0458989739418030 -0.0148813258856535
v -0.0030518954154104 0.0460989437997341 -0.0148349031805992
v -0.0027641181368381 0.0461314357817173 -0.0151889035478234
v -0.0033473626244813 0.0457588508725166 -0.0149475745856762
v -0.0029379646293819 0.0461123101413250 -0.0150372143834829
v -0.0034055390860885 0.0457542762160301 -0.0146049996837974
v -0.0033368717413396 0.0457930788397789 -0.0146049996837974
v -0.0032165336888283 0.0458945967257023 -0.0146049996837974
v -0.0031248708255589 0.0460226014256477 -0.0146049996837974
v -0.0030916323885322 0.0460941269993782 -0.0146049996837974
v -0.0030916323885322 0.0460941269993782 0.0146049996837974
v -0.0031248708255589 0.0460226014256477 0.0146049996837974
v -0.0032165336888283 0.0458945967257023 0.0146049996837974
v -0.0033368717413396 0.0457930788397789 0.0146049996837974
v -0.0034055390860885 0.0457542762160301 0.0146049996837974
v -0.0029379646293819 0.0461123101413250 0.0150372143834829
v -0.0030518954154104 0.0460989437997341 0.0148349031805992
v -0.0031689670868218 0.0458989739418030 0.0148813258856535
v -0.0030326109845191 0.0459111332893372 0.0151244504377246
v -0.0027641181368381 0.0461314357817173 0.0151889035478234
v -0.0033473626244813 0.0457588508725166 0.0149475745856762
v -0.0205118041485548 0.0414034128189087 -0.0150372143834829
v -0.0204064529389143 0.0414488017559052 -0.0148349031805992
v -0.0202050805091858 0.0413341596722603 -0.0148813258856535
v -0.0203292481601238 0.0412765145301819 -0.0151244504377246
v -0.0206719208508730 0.0413330532610416 -0.0151889035478234
v -0.0203696321696043 0.0414645038545132 -0.0146049996837974
v -0.0203050840646029 0.0414191782474518 -0.0146049996837974
v -0.0201616995036602 0.0413541533052921 -0.0146049996837974
v -0.0199805255979300 0.0413020104169846 -0.0149475745856762
v -0.0200067237019539 0.0413264036178589 -0.0146049996837974
v -0.0199278537184000 0.0413271337747574 -0.0146049996837974
v -0.0199278537184000 0.0413271337747574 0.0146049996837974
v -0.0200067237019539 0.0413264036178589 0.0146049996837974
v -0.0201616995036602 0.0413541533052921 0.0146049996837974
v -0.0203050840646029 0.0414191782474518 0.0146049996837974
v -0.0203696321696043 0.0414645038545132 0.0146049996837974
v -0.0199805255979300 0.0413020104169846 0.0149475745856762
v -0.0203292481601238 0.0412765145301819 0.0151244504377246
v -0.0202050805091858 0.0413341596722603 0.0148813258856535
v -0.0204064529389143 0.0414488017559052 0.0148349031805992
v -0.0205118041485548 0.0414034128189087 0.0150372143834829
v -0.0206719208508730 0.0413330532610416 0.0151889035478234
v -0.0255818851292133 0.0382439047098160 -0.0151244504377246
v -0.0256938934326172 0.0381651930510998 -0.0148813258856535
v -0.0256924908608198 0.0383969098329544 -0.0148349031805992
v -0.0254595130681992 0.0385689362883568 -0.0151889035478234
v -0.0257783271372318 0.0379546470940113 -0.0149475745856762
v -0.0256005078554153 0.0384654514491558 -0.0150372143834829
v -0.0258264206349850 0.0379215963184834 -0.0146049996837974
v -0.0257863551378250 0.0379895344376564 -0.0146049996837974
v -0.0257328990846872 0.0381376184523106 -0.0146049996837974
v -0.0257175192236900 0.0382943078875542 -0.0146049996837974
v -0.0257244966924191 0.0383728705346584 -0.0146049996837974
v -0.0257244966924191 0.0383728705346584 0.0146049996837974
v -0.0257175192236900 0.0382943078875542 0.0146049996837974
v -0.0257328990846872 0.0381376184523106 0.0146049996837974
v -0.0257863551378250 0.0379895344376564 0.0146049996837974
v -0.0258264206349850 0.0379215963184834 0.0146049996837974
v -0.0256005078554153 0.0384654514491558 0.0150372143834829
v -0.0256924908608198 0.0383969098329544 0.0148349031805992
v -0.0256938934326172 0.0381651930510998 0.0148813258856535
v -0.0255818851292133 0.0382439047098160 0.0151244504377246
v -0.0254595130681992 0.0385689362883568 0.0151889035478234
v -0.0257783271372318 0.0379546470940113 0.0149475745856762
v -0.0384654514491558 0.0256005078554153 -0.0150372143834829
v -0.0383969098329544 0.0256924908608198 -0.0148349031805992
v -0.0381651930510998 0.0256938934326172 -0.0148813258856535
v -0.0382439047098160 0.0255818851292133 -0.0151244504377246
v -0.0385689362883568 0.0254595130681992 -0.0151889035478234
v -0.0383728705346584 0.0257244966924191 -0.0146049996837974
v -0.0382943078875542 0.0257175192236900 -0.0146049996837974
v -0.0381376184523106 0.0257328990846872 -0.0146049996837974
v -0.0379546470940113 0.0257783271372318 -0.0149475745856762
v -0.0379895344376564 0.0257863551378250 -0.0146049996837974
v -0.0379215963184834 0.0258264206349850 -0.0146049996837974
v -0.0379215963184834 0.0258264206349850 0.0146049996837974
v -0.0379895344376564 0.0257863551378250 0.0146049996837974
v -0.0381376184523106 0.0257328990846872 0.0146049996837974
v -0.0382943078875542 0.0257175192236900 0.0146049996837974
v -0.0383728705346584 0.0257244966924191 0.0146049996837974
v -0.0379546470940113 0.0257783271372318 0.0149475745856762
v -0.0382439047098160 0.0255818851292133 0.0151244504377246
v -0.0381651930510998 0.0256938934326172 0.0148813258856535
v -0.0383969098329544 0.0256924908608198 0.0148349031805992
v -0.0384654514491558 0.0256005078554153 0.0150372143834829
v -0.0385689362883568 0.0254595130681992 0.0151889035478234
v -0.0412765145301819 0.0203292481601238 -0.0151244504377246
v -0.0413341596722603 0.0202050805091858 -0.0148813258856535
v -0.0414488017559052 0.0204064529389143 -0.0148349031805992
v -0.0413330532610416 0.0206719208508730 -0.0151889035478234
v -0.0413020104169846 0.0199805255979300 -0.0149475745856762
v -0.0414034128189087 0.0205118041485548 -0.0150372143834829
v -0.0413271337747574 0.0199278537184000 -0.0146049996837974
v -0.0413264036178589 0.0200067237019539 -0.0146049996837974
v -0.0413541533052921 0.0201616995036602 -0.0146049996837974
v -0.0414191782474518 0.0203050840646029 -0.0146049996837974
v -0.0414645038545132 0.0203696321696043 -0.0146049996837974
v -0.0414645038545132 0.0203696321696043 0.0146049996837974
v -0.0414191782474518 0.0203050840646029 0.0146049996837974
v -0.0413541533052921 0.0201616995036602 0.0146049996837974
v -0.0413264036178589 0.0200067237019539 0.0146049996837974
v -0.0413271337747574 0.0199278537184000 0.0146049996837974
v -0.0414034128189087 0.0205118041485548 0.0150372143834829
v -0.0414488017559052 0.0204064529389143 0.0148349031805992
v -0.0413341596722603 0.0202050805091858 0.0148813258856535
v -0.0412765145301819 0.0203292481601238 0.0151244504377246
v -0.0413330532610416 0.0206719208508730 0.0151889035478234
v -0.0413020104169846 0.0199805255979300 0.0149475745856762
v -0.0461123101413250 0.0029379646293819 -0.0150372143834829
v -0.0460989437997341 0.0030518954154104 -0.0148349031805992
v -0.0458989739418030 0.0031689670868218 -0.0148813258856535
v -0.0459111332893372 0.0030326109845191 -0.0151244504377246
v -0.0461314357817173 0.0027641181368381 -0.0151889035478234
v -0.0460941269993782 0.0030916323885322 -0.0146049996837974
v -0.0460226014256477 0.0031248708255589 -0.0146049996837974
v -0.0458945967257023 0.0032165336888283 -0.0146049996837974
v -0.0457588508725166 0.0033473626244813 -0.0149475745856762
v -0.0457930788397789 0.0033368717413396 -0.0146049996837974
v -0.0457542762160301 0.0034055390860885 -0.0146049996837974
v -0.0457542762160301 0.0034055390860885 0.0146049996837974
v -0.0457930788397789 0.0033368717413396 0.0146049996837974
v -0.0458945967257023 0.0032165336888283 0.0146049996837974
v -0.0460226014256477 0.0031248708255589 0.0146049996837974
v -0.0460941269993782 0.0030916323885322 0.0146049996837974
v -0.0459111332893372 0.0030326109845191 0.0151244504377246
v -0.0458989739418030 0.0031689670868218 0.0148813258856535
v -0.0460989437997341 0.0030518954154104 0.0148349031805992
v -0.0461314357817173 0.0027641181368381 0.0151889035478234
v -0.0457588508725166 0.0033473626244813 0.0149475745856762
v -0.0461123101413250 0.0029379646293819 0.0150372143834829
v -0.0459111332893372 -0.0030326109845191 -0.0151244504377246
v -0.0458989739418030 -0.0031689670868218 -0.0148813258856535
v -0.0460989437997341 -0.0030518954154104 -0.0148349031805992
v -0.0461314357817173 -0.0027641181368381 -0.0151889035478234
v -0.0457588508725166 -0.0033473626244813 -0.0149475745856762
v -0.0461123101413250 -0.0029379646293819 -0.0150372143834829
v -0.0457542762160301 -0.0034055390860885 -0.0146049996837974
v -0.0457930788397789 -0.0033368717413396 -0.0146049996837974
v -0.0458945967257023 -0.0032165336888283 -0.0146049996837974
v -0.0460226014256477 -0.0031248708255589 -0.0146049996837974
v -0.0460941269993782 -0.0030916323885322 -0.0146049996837974
v -0.0460941269993782 -0.0030916323885322 0.0146049996837974
v -0.0460226014256477 -0.0031248708255589 0.0146049996837974
v -0.0458945967257023 -0.0032165336888283 0.0146049996837974
v -0.0457930788397789 -0.0033368717413396 0.0146049996837974
v -0.0457542762160301 -0.0034055390860885 0.0146049996837974
v -0.0461123101413250 -0.0029379646293819 0.0150372143834829
v -0.0460989437997341 -0.0030518954154104 0.0148349031805992
v -0.0458989739418030 -0.0031689670868218 0.0148813258856535
v -0.0459111332893372 -0.0030326109845191 0.0151244504377246
v -0.0461314357817173 -0.0027641181368381 0.0151889035478234
v -0.0457588508725166 -0.0033473626244813 0.0149475745856762
v -0.0414034128189087 -0.0205118041485548 -0.0150372143834829
v -0.0414488017559052 -0.0204064529389143 -0.0148349031805992
v -0.0413341596722603 -0.0202050805091858 -0.0148813258856535
v -0.0412765145301819 -0.0203292481601238 -0.0151244504377246
v -0.0413330532610416 -0.0206719208508730 -0.0151889035478234
v -0.0414645038545132 -0.0203696321696043 -0.0146049996837974
v -0.0414191782474518 -0.0203050840646029 -0.0146049996837974
v -0.0413541533052921 -0.0201616995036602 -0.0146049996837974
v -0.0413020104169846 -0.0199805255979300 -0.0149475745856762
v -0.0413264036178589 -0.0200067237019539 -0.0146049996837974
v -0.0413271337747574 -0.0199278537184000 -0.0146049996837974
v -0.0413271337747574 -0.0199278537184000 0.0146049996837974
v -0.0413264036178589 -0.0200067237019539 0.0146049996837974
v -0.0413541533052921 -0.0201616995036602 0.0146049996837974
v -0.0414191782474518 -0.0203050840646029 0.0146049996837974
v -0.0414645038545132 -0.0203696321696043 0.0146049996837974
v -0.0413020104169846 -0.0199805255979300 0.0149475745856762
v -0.0412765145301819 -0.0203292481601238 0.0151244504377246
v -0.0413341596722603 -0.0202050805091858 0.0148813258856535
v -0.0414488017559052 -0.0204064529389143 0.0148349031805992
v -0.0414034128189087 -0.0205118041485548 0.0150372143834829
v -0.0413330532610416 -0.0206719208508730 0.0151889035478234
v -0.0379546470940113 -0.0257783271372318 -0.0149475745856762
v -0.0382439047098160 -0.0255818851292133 -0.0151244504377246
v -0.0381651930510998 -0.0256938934326172 -0.0148813258856535
v -0.0383969098329544 -0.0256924908608198 -0.0148349031805992
v -0.0384654514491558 -0.0256005078554153 -0.0150372143834829
v -0.0385689362883568 -0.0254595130681992 -0.0151889035478234
v -0.0379215963184834 -0.0258264206349850 -0.0146049996837974
v -0.0379895344376564 -0.0257863551378250 -0.0146049996837974
v -0.0381376184523106 -0.0257328990846872 -0.0146049996837974
v -0.0382943078875542 -0.0257175192236900 -0.0146049996837974
v -0.0383728705346584 -0.0257244966924191 -0.0146049996837974
v -0.0383728705346584 -0.0257244966924191 0.0146049996837974
v -0.0382943078875542 -0.0257175192236900 0.0146049996837974
v -0.0381376184523106 -0.0257328990846872 0.0146049996837974
v -0.0379895344376564 -0.0257863551378250 0.0146049996837974
v -0.0379215963184834 -0.0258264206349850 0.0146049996837974
v -0.0384654514491558 -0.0256005078554153 0.0150372143834829
v -0.0383969098329544 -0.0256924908608198 0.0148349031805992
v -0.0381651930510998 -0.0256938934326172 0.0148813258856535
v -0.0382439047098160 -0.0255818851292133 0.0151244504377246
v -0.0385689362883568 -0.0254595130681992 0.0151889035478234
v -0.0379546470940113 -0.0257783271372318 0.0149475745856762
v -0.0256005078554153 -0.0384654514491558 -0.0150372143834829
v -0.0256924908608198 -0.0383969098329544 -0.0148349031805992
v -0.0256938934326172 -0.0381651930510998 -0.0148813258856535
v -0.0255818851292133 -0.0382439047098160 -0.0151244504377246
v -0.0254595130681992 -0.0385689362883568 -0.0151889035478234
v -0.0257244966924191 -0.0383728705346584 -0.0146049996837974
v -0.0257175192236900 -0.0382943078875542 -0.0146049996837974
v -0.0257328990846872 -0.0381376184523106 -0.0146049996837974
v -0.0257783271372318 -0.0379546470940113 -0.0149475745856762
v -0.0257863551378250 -0.0379895344376564 -0.0146049996837974
v -0.0258264206349850 -0.0379215963184834 -0.0146049996837974
v -0.0258264206349850 -0.0379215963184834 0.0146049996837974
v -0.0257863551378250 -0.0379895344376564 0.0146049996837974
v -0.0257328990846872 -0.0381376184523106 0.0146049996837974
v -0.0257175192236900 -0.0382943078875542 0.0146049996837974
v -0.0257244966924191 -0.0383728705346584 0.0146049996837974
v -0.0257783271372318 -0.0379546470940113 0.0149475745856762
v -0.0255818851292133 -0.0382439047098160 0.0151244504377246
v -0.0256938934326172 -0.0381651930510998 0.0148813258856535
v -0.0256924908608198 -0.0383969098329544 0.0148349031805992
v -0.0256005078554153 -0.0384654514491558 0.0150372143834829
v -0.0254595130681992 -0.0385689362883568 0.0151889035478234
v -0.0203292481601238 -0.0412765145301819 -0.0151244504377246
v -0.0202050805091858 -0.0413341596722603 -0.0148813258856535
v -0.0204064529389143 -0.0414488017559052 -0.0148349031805992
v -0.0206719208508730 -0.0413330532610416 -0.0151889035478234
v -0.0199805255979300 -0.0413020104169846 -0.0149475745856762
v -0.0205118041485548 -0.0414034128189087 -0.0150372143834829
v -0.0199278537184000 -0.0413271337747574 -0.0146049996837974
v -0.0200067237019539 -0.0413264036178589 -0.0146049996837974
v -0.0201616995036602 -0.0413541533052921 -0.0146049996837974
v -0.0203050840646029 -0.0414191782474518 -0.0146049996837974
v -0.0203696321696043 -0.0414645038545132 -0.0146049996837974
v -0.0203696321696043 -0.0414645038545132 0.0146049996837974
v -0.0203050840646029 -0.0414191782474518 0.0146049996837974
v -0.0201616995036602 -0.0413541533052921 0.0146049996837974
v -0.0200067237019539 -0.0413264036178589 0.0146049996837974
v -0.0199278537184000 -0.0413271337747574 0.0146049996837974
v -0.0205118041485548 -0.0414034128189087 0.0150372143834829
v -0.0204064529389143 -0.0414488017559052 0.0148349031805992
v -0.0202050805091858 -0.0413341596722603 0.0148813258856535
v -0.0203292481601238 -0.0412765145301819 0.0151244504377246
v -0.0206719208508730 -0.0413330532610416 0.0151889035478234
v -0.0199805255979300 -0.0413020104169846 0.0149475745856762
# 2677 vertices, 0 vertices normals

f 1 2 3
f 1 3 4
f 5 6 7
f 7 6 8
f 9 10 11
f 11 10 12
f 12 13 14
f 14 13 15
f 14 15 16
f 12 14 11
f 11 14 7
f 11 7 3
f 3 7 8
f 3 8 4
f 17 18 19
f 17 19 20
f 21 22 23
f 23 22 24
f 25 26 27
f 27 26 28
f 27 28 29
f 30 31 32
f 32 31 25
f 25 27 32
f 32 27 23
f 32 23 19
f 19 23 24
f 19 24 20
f 33 34 35
f 33 35 36
f 37 38 39
f 39 38 40
f 41 42 43
f 43 42 44
f 43 44 45
f 46 47 48
f 48 47 41
f 41 43 48
f 48 43 39
f 48 39 35
f 35 39 40
f 35 40 36
f 49 50 51
f 49 51 52
f 53 54 55
f 55 54 56
f 57 58 59
f 59 58 60
f 59 60 61
f 62 63 64
f 64 63 57
f 57 59 64
f 64 59 55
f 64 55 51
f 51 55 56
f 51 56 52
f 65 66 67
f 65 67 68
f 69 70 71
f 71 70 72
f 73 74 75
f 75 74 76
f 76 77 78
f 78 77 79
f 78 79 80
f 76 78 75
f 75 78 71
f 75 71 67
f 67 71 72
f 67 72 68
f 81 82 83
f 81 83 84
f 85 86 87
f 87 86 88
f 89 90 91
f 91 90 92
f 92 93 94
f 94 93 95
f 94 95 96
f 92 94 91
f 91 94 87
f 91 87 83
f 83 87 88
f 83 88 84
f 97 98 99
f 97 99 100
f 101 102 103
f 103 102 104
f 105 106 107
f 107 106 108
f 107 108 109
f 110 111 112
f 112 111 105
f 105 107 112
f 112 107 103
f 112 103 99
f 99 103 104
f 99 104 100
f 113 114 115
f 113 115 116
f 117 118 119
f 119 118 120
f 121 122 123
f 123 122 124
f 124 125 126
f 126 125 127
f 126 127 128
f 124 126 123
f 123 126 119
f 123 119 115
f 115 119 120
f 115 120 116
f 129 130 131
f 129 131 132
f 133 134 135
f 135 134 136
f 137 138 139
f 139 138 140
f 140 141 142
f 142 141 143
f 142 143 144
f 140 142 139
f 139 142 135
f 139 135 131
f 131 135 136
f 131 136 132
f 145 146 147
f 145 147 148
f 149 150 151
f 151 150 152
f 153 154 155
f 155 154 156
f 155 156 157
f 158 159 160
f 160 159 153
f 153 155 160
f 160 155 151
f 160 151 147
f 147 151 152
f 147 152 148
f 161 162 163
f 161 163 164
f 165 166 167
f 167 166 168
f 169 170 171
f 171 170 172
f 171 172 173
f 174 175 176
f 176 175 169
f 169 171 176
f 176 171 167
f 176 167 163
f 163 167 168
f 163 168 164
f 177 178 179
f 177 179 180
f 181 182 183
f 183 182 184
f 185 186 187
f 187 186 188
f 187 188 189
f 190 191 192
f 192 191 185
f 185 187 192
f 192 187 183
f 192 183 179
f 179 183 184
f 179 184 180
f 193 194 195
f 195 194 196
f 195 196 197
f 197 196 198
f 199 200 201
f 201 200 202
f 201 202 203
f 204 205 206
f 206 205 200
f 206 200 207
f 207 200 199
f 208 209 210
f 210 209 211
f 210 211 202
f 202 211 212
f 202 212 203
f 193 213 194
f 194 213 214
f 194 214 210
f 210 214 215
f 210 215 208
f 204 216 205
f 205 216 217
f 205 217 196
f 196 217 218
f 196 218 198
f 219 220 221
f 222 223 224
f 224 223 225
f 224 225 226
f 226 225 227
f 228 229 230
f 230 229 221
f 230 221 231
f 231 221 220
f 232 233 234
f 234 233 229
f 234 229 235
f 235 229 228
f 222 236 223
f 223 236 237
f 223 237 238
f 232 239 233
f 233 239 240
f 233 240 225
f 225 240 241
f 225 241 227
f 237 242 238
f 238 242 243
f 238 243 221
f 221 243 244
f 221 244 219
f 245 246 247
f 247 246 248
f 247 248 249
f 250 251 252
f 253 254 255
f 256 257 258
f 259 260 253
f 261 262 248
f 248 262 263
f 248 263 249
f 264 265 266
f 254 267 268
f 269 270 271
f 272 273 274
f 275 264 276
f 277 278 265
f 265 278 85
f 265 85 87
f 255 254 279
f 279 254 268
f 279 268 280
f 281 271 282
f 283 274 284
f 284 274 273
f 284 273 285
f 286 287 288
f 289 290 258
f 258 290 291
f 258 291 256
f 266 292 264
f 264 292 293
f 264 293 294
f 295 39 296
f 296 39 297
f 298 299 258
f 258 299 300
f 258 300 165
f 173 301 302
f 302 301 303
f 302 303 304
f 305 306 307
f 96 308 309
f 309 308 310
f 309 310 311
f 312 313 94
f 94 313 101
f 314 315 251
f 257 181 258
f 258 181 183
f 258 183 187
f 187 189 258
f 258 189 316
f 258 316 317
f 317 316 318
f 317 318 319
f 320 321 322
f 276 323 275
f 275 323 324
f 275 324 325
f 326 327 265
f 265 327 328
f 265 328 277
f 329 330 331
f 331 330 332
f 331 332 333
f 23 27 39
f 39 27 29
f 39 29 297
f 295 334 39
f 39 334 335
f 39 335 336
f 282 337 281
f 281 337 338
f 281 338 339
f 340 341 271
f 271 341 342
f 271 342 269
f 343 344 258
f 258 344 345
f 258 345 298
f 165 167 171
f 346 347 306
f 306 347 348
f 306 348 307
f 171 173 165
f 165 173 302
f 165 302 258
f 258 302 349
f 258 349 289
f 350 351 352
f 352 351 353
f 352 353 354
f 354 353 309
f 355 356 94
f 94 356 357
f 94 357 312
f 358 359 360
f 252 361 250
f 250 361 362
f 250 362 363
f 364 365 366
f 366 365 367
f 366 367 368
f 368 367 317
f 369 126 128
f 370 371 372
f 373 374 375
f 376 377 378
f 378 377 379
f 380 381 265
f 265 381 382
f 265 382 69
f 71 78 80
f 80 383 384
f 384 383 385
f 384 385 386
f 387 388 389
f 389 388 390
f 389 390 391
f 391 390 392
f 393 259 394
f 394 259 253
f 394 253 331
f 331 253 255
f 331 255 329
f 333 395 331
f 331 395 396
f 331 396 39
f 39 396 21
f 39 21 23
f 270 37 271
f 271 37 39
f 271 39 397
f 397 39 336
f 398 399 400
f 400 399 401
f 400 401 402
f 402 401 403
f 402 403 281
f 404 405 406
f 406 405 272
f 406 272 407
f 407 272 274
f 407 274 258
f 258 274 408
f 258 408 343
f 304 409 302
f 302 409 410
f 302 410 411
f 311 412 309
f 309 412 413
f 309 413 414
f 415 416 417
f 417 416 418
f 314 251 419
f 419 251 94
f 419 94 109
f 420 421 422
f 422 421 423
f 128 424 369
f 369 424 425
f 369 425 426
f 427 428 429
f 430 431 265
f 265 431 432
f 265 432 380
f 433 434 435
f 435 434 436
f 71 80 69
f 69 80 384
f 69 384 265
f 265 384 437
f 265 437 326
f 281 403 271
f 271 403 438
f 271 438 340
f 411 439 302
f 302 439 440
f 302 440 307
f 307 440 286
f 307 286 305
f 305 286 288
f 305 288 441
f 418 442 417
f 417 442 354
f 417 354 443
f 443 354 309
f 443 309 444
f 444 309 414
f 96 309 94
f 94 309 445
f 94 445 355
f 101 103 94
f 94 103 107
f 94 107 109
f 315 446 251
f 251 446 447
f 251 447 448
f 319 449 317
f 317 449 450
f 317 450 451
f 322 321 452
f 453 454 369
f 455 456 457
f 457 456 458
f 457 458 459
f 459 458 460
f 461 462 463
f 463 462 464
f 463 464 247
f 247 464 378
f 247 378 245
f 245 378 379
f 427 429 465
f 39 43 466
f 264 275 265
f 265 275 467
f 265 467 430
f 386 468 384
f 384 468 469
f 384 469 470
f 448 471 251
f 251 471 472
f 251 472 252
f 252 472 358
f 252 358 473
f 473 358 360
f 473 360 474
f 423 475 422
f 422 475 368
f 422 368 476
f 476 368 317
f 476 317 477
f 477 317 451
f 426 478 369
f 369 478 479
f 369 479 480
f 481 482 483
f 483 482 452
f 483 452 484
f 484 452 372
f 485 486 372
f 372 486 487
f 372 487 370
f 480 488 369
f 369 488 372
f 369 372 133
f 133 372 371
f 376 378 429
f 429 378 489
f 429 489 465
f 466 43 245
f 436 392 435
f 435 392 390
f 435 390 490
f 490 390 384
f 490 384 491
f 491 384 470
f 492 493 322
f 322 493 494
f 322 494 320
f 135 142 133
f 133 142 144
f 133 144 369
f 369 144 495
f 369 495 453
f 496 497 498
f 428 499 429
f 429 499 500
f 429 500 53
f 501 502 503
f 503 502 504
f 503 504 505
f 505 504 506
f 505 506 507
f 508 509 510
f 510 509 511
f 510 511 512
f 513 514 258
f 43 45 245
f 245 45 515
f 245 515 516
f 452 321 372
f 372 321 517
f 372 517 485
f 454 518 369
f 369 518 519
f 369 519 520
f 496 498 521
f 522 523 87
f 87 523 429
f 126 503 119
f 119 503 524
f 119 524 117
f 117 524 525
f 117 525 526
f 526 525 527
f 526 527 528
f 528 527 498
f 528 498 529
f 529 498 497
f 530 531 508
f 508 531 532
f 508 532 509
f 533 151 155
f 516 534 245
f 245 534 535
f 245 535 536
f 520 537 369
f 369 537 538
f 369 538 458
f 458 538 373
f 458 373 460
f 460 373 375
f 460 375 539
f 540 541 87
f 536 542 245
f 245 542 543
f 245 543 246
f 466 544 39
f 39 544 545
f 39 545 331
f 331 545 546
f 331 546 547
f 522 87 548
f 548 87 94
f 548 94 498
f 498 94 251
f 498 251 521
f 53 55 429
f 429 55 59
f 429 59 61
f 61 549 429
f 429 549 550
f 429 550 87
f 87 550 551
f 87 551 540
f 126 369 503
f 503 369 552
f 503 552 501
f 513 258 553
f 553 258 317
f 553 317 508
f 508 317 554
f 508 554 530
f 533 155 555
f 555 155 157
f 555 157 514
f 514 157 556
f 514 556 557
f 151 533 149
f 149 533 558
f 149 558 507
f 507 558 559
f 507 559 505
f 541 560 87
f 87 560 561
f 87 561 265
f 557 562 514
f 514 562 563
f 514 563 564
f 547 565 566
f 511 5 512
f 512 5 7
f 512 7 567
f 567 7 14
f 567 14 547
f 547 14 16
f 547 16 565
f 564 568 514
f 514 568 569
f 514 569 258
f 566 570 547
f 547 570 571
f 547 571 572
f 572 573 547
f 547 573 574
f 547 574 331
f 575 576 577
f 578 579 580
f 577 576 581
f 178 582 576
f 576 582 583
f 576 583 584
f 585 586 179
f 179 586 174
f 587 588 589
f 590 591 592
f 593 594 577
f 577 594 595
f 577 595 575
f 596 597 179
f 179 597 598
f 179 598 585
f 599 600 601
f 601 600 602
f 603 604 605
f 605 604 606
f 605 606 607
f 607 606 608
f 609 578 610
f 610 578 580
f 610 580 611
f 612 613 614
f 615 616 617
f 584 618 576
f 576 618 619
f 576 619 620
f 621 622 623
f 623 622 624
f 34 625 626
f 626 625 627
f 626 627 628
f 629 630 35
f 35 630 631
f 35 631 632
f 35 633 579
f 579 633 634
f 579 634 635
f 636 637 638
f 638 637 639
f 640 190 600
f 641 642 588
f 588 642 643
f 588 643 589
f 644 645 646
f 592 647 590
f 590 647 581
f 590 581 648
f 648 581 576
f 648 576 649
f 649 576 620
f 178 576 179
f 179 576 650
f 179 650 596
f 174 176 179
f 179 176 163
f 179 163 162
f 599 651 600
f 600 651 652
f 600 652 653
f 654 655 656
f 656 655 657
f 656 657 658
f 658 657 659
f 632 660 35
f 35 660 30
f 35 30 32
f 98 661 662
f 662 661 663
f 662 663 664
f 665 666 99
f 99 666 89
f 667 668 669
f 670 671 672
f 672 673 674
f 675 676 677
f 678 679 680
f 614 613 681
f 162 602 179
f 179 602 600
f 179 600 192
f 192 600 190
f 682 683 684
f 684 683 685
f 686 112 687
f 687 112 688
f 617 689 690
f 690 691 644
f 624 608 623
f 623 608 606
f 623 606 692
f 692 606 600
f 692 600 693
f 693 600 653
f 628 694 626
f 626 694 695
f 626 695 696
f 697 698 699
f 699 698 700
f 699 700 701
f 34 626 35
f 35 626 702
f 35 702 629
f 32 19 35
f 35 19 18
f 35 18 633
f 635 703 579
f 579 703 704
f 579 704 705
f 706 707 708
f 708 707 709
f 708 709 710
f 710 709 711
f 712 713 99
f 99 713 714
f 99 714 665
f 715 716 717
f 717 716 718
f 717 718 719
f 719 718 720
f 721 722 723
f 724 725 681
f 681 725 726
f 681 726 727
f 728 729 730
f 730 729 731
f 730 731 732
f 123 115 112
f 112 115 114
f 112 114 688
f 686 733 112
f 112 733 734
f 112 734 735
f 689 736 737
f 738 739 617
f 617 739 740
f 617 740 615
f 696 741 626
f 626 741 659
f 626 659 700
f 700 659 657
f 700 657 701
f 639 742 638
f 638 742 580
f 638 580 743
f 743 580 579
f 743 579 744
f 744 579 705
f 664 745 662
f 662 745 746
f 662 746 747
f 748 749 750
f 750 749 751
f 667 669 752
f 752 669 99
f 752 99 82
f 753 754 755
f 755 754 756
f 757 758 674
f 674 758 759
f 674 759 672
f 760 761 722
f 677 676 680
f 762 763 614
f 614 763 764
f 614 764 612
f 685 587 684
f 684 587 589
f 684 589 730
f 730 589 765
f 730 765 728
f 732 766 730
f 730 766 767
f 730 767 112
f 112 767 121
f 112 121 123
f 616 110 617
f 617 110 112
f 617 112 768
f 768 112 735
f 690 689 769
f 769 689 737
f 769 737 770
f 751 711 750
f 750 711 709
f 750 709 771
f 771 709 662
f 771 662 772
f 772 662 747
f 98 662 99
f 99 662 773
f 99 773 712
f 89 91 99
f 99 91 83
f 99 83 82
f 668 774 669
f 669 774 775
f 669 775 776
f 777 778 671
f 671 778 779
f 671 779 672
f 672 779 780
f 672 780 673
f 781 782 783
f 723 784 721
f 721 784 785
f 721 785 786
f 760 722 787
f 788 48 789
f 789 48 790
f 791 792 676
f 676 792 793
f 794 795 680
f 680 795 796
f 680 796 678
f 797 798 799
f 799 798 800
f 799 800 613
f 613 800 801
f 613 801 681
f 681 801 802
f 681 802 724
f 644 646 690
f 690 646 803
f 690 803 617
f 617 803 804
f 617 804 738
f 756 720 755
f 755 720 718
f 755 718 805
f 805 718 669
f 805 669 806
f 806 669 776
f 807 808 809
f 809 808 670
f 809 670 810
f 810 670 672
f 781 783 811
f 812 813 814
f 814 813 815
f 814 815 816
f 816 815 817
f 816 817 721
f 761 818 722
f 722 818 819
f 722 819 48
f 48 819 62
f 48 62 64
f 788 820 48
f 48 820 821
f 48 821 822
f 823 824 677
f 677 824 825
f 677 825 675
f 777 671 783
f 783 671 826
f 783 826 811
f 721 817 722
f 722 817 827
f 722 827 787
f 64 51 48
f 48 51 50
f 48 50 790
f 679 46 680
f 680 46 48
f 680 48 828
f 828 48 822
f 793 829 676
f 676 829 830
f 676 830 680
f 680 830 831
f 680 831 794
f 99 832 833
f 782 834 783
f 783 834 835
f 783 835 137
f 146 836 780
f 780 836 837
f 146 780 147
f 147 780 838
f 147 838 160
f 160 838 839
f 160 839 158
f 158 839 840
f 840 839 841
f 840 841 842
f 99 833 112
f 833 843 112
f 112 843 844
f 112 844 783
f 845 846 681
f 681 846 847
f 837 848 780
f 780 848 849
f 780 849 850
f 851 852 853
f 853 852 854
f 853 854 855
f 855 854 856
f 857 858 112
f 859 860 861
f 862 863 845
f 845 863 864
f 845 864 842
f 842 864 865
f 842 865 840
f 850 866 780
f 780 866 867
f 780 867 673
f 868 869 856
f 856 869 870
f 856 870 855
f 137 139 783
f 783 139 131
f 783 131 130
f 130 871 783
f 783 871 872
f 783 872 112
f 112 872 873
f 112 873 857
f 859 861 874
f 67 66 875
f 876 877 48
f 48 877 875
f 858 878 112
f 112 878 879
f 112 879 730
f 67 875 75
f 880 881 48
f 832 99 882
f 882 99 669
f 882 669 856
f 856 669 883
f 856 883 868
f 876 48 884
f 884 48 35
f 884 35 861
f 861 35 579
f 861 579 874
f 851 853 875
f 875 853 73
f 875 73 75
f 66 885 875
f 875 885 886
f 875 886 48
f 48 886 887
f 48 887 880
f 727 640 681
f 681 640 600
f 681 600 845
f 845 600 888
f 845 888 862
f 889 3 890
f 890 3 2
f 890 2 847
f 847 2 891
f 847 891 892
f 860 893 861
f 861 893 894
f 861 894 895
f 895 894 896
f 895 896 897
f 897 896 9
f 897 9 889
f 889 9 11
f 889 11 3
f 881 898 48
f 48 898 899
f 48 899 722
f 892 900 847
f 847 900 901
f 847 901 902
f 902 903 847
f 847 903 904
f 847 904 681
f 222 905 236
f 236 905 906
f 236 906 237
f 237 906 907
f 237 907 242
f 242 907 908
f 242 908 243
f 243 908 909
f 243 909 244
f 244 909 910
f 244 910 219
f 219 910 911
f 219 911 220
f 220 911 912
f 220 912 231
f 231 912 913
f 231 913 230
f 230 913 914
f 230 914 228
f 228 914 915
f 228 915 235
f 235 915 916
f 235 916 234
f 234 916 917
f 234 917 232
f 232 917 918
f 232 918 239
f 239 918 919
f 239 919 240
f 240 919 920
f 240 920 241
f 241 920 921
f 241 921 227
f 227 921 922
f 227 922 226
f 226 922 923
f 226 923 224
f 224 923 924
f 224 924 222
f 222 924 905
f 925 780 926
f 926 780 779
f 926 779 927
f 927 779 778
f 927 778 928
f 928 778 777
f 928 777 929
f 929 777 783
f 929 783 930
f 930 783 844
f 930 844 931
f 931 844 843
f 931 843 932
f 932 843 833
f 932 833 933
f 933 833 832
f 933 832 934
f 934 832 882
f 934 882 935
f 935 882 856
f 935 856 936
f 936 856 854
f 936 854 937
f 937 854 852
f 937 852 938
f 938 852 851
f 938 851 939
f 939 851 875
f 939 875 940
f 940 875 877
f 940 877 941
f 941 877 876
f 941 876 942
f 942 876 884
f 942 884 943
f 943 884 861
f 943 861 944
f 944 861 895
f 944 895 945
f 945 895 897
f 945 897 946
f 946 897 889
f 946 889 947
f 947 889 890
f 947 890 948
f 948 890 847
f 948 847 949
f 949 847 846
f 949 846 950
f 950 846 845
f 950 845 951
f 951 845 842
f 951 842 952
f 952 842 841
f 952 841 953
f 953 841 839
f 953 839 954
f 954 839 838
f 954 838 925
f 925 838 780
f 924 923 954
f 921 951 922
f 922 951 952
f 922 952 923
f 923 952 953
f 923 953 954
f 919 948 920
f 920 948 949
f 920 949 921
f 921 949 950
f 921 950 951
f 916 944 917
f 917 944 945
f 917 945 918
f 918 945 946
f 918 946 919
f 919 946 947
f 919 947 948
f 915 942 916
f 916 942 943
f 916 943 944
f 908 932 909
f 909 932 933
f 909 933 910
f 906 929 907
f 907 929 930
f 907 930 908
f 908 930 931
f 908 931 932
f 954 925 924
f 924 925 926
f 924 926 905
f 905 926 927
f 905 927 906
f 906 927 928
f 906 928 929
f 913 939 914
f 914 939 940
f 914 940 915
f 915 940 941
f 915 941 942
f 933 934 910
f 910 934 935
f 910 935 911
f 911 935 936
f 911 936 912
f 912 936 937
f 912 937 913
f 913 937 938
f 913 938 939
f 193 955 213
f 213 955 956
f 213 956 214
f 214 956 957
f 214 957 215
f 215 957 958
f 215 958 208
f 208 958 959
f 208 959 209
f 209 959 960
f 209 960 211
f 211 960 961
f 211 961 212
f 212 961 962
f 212 962 203
f 203 962 963
f 203 963 201
f 201 963 964
f 201 964 199
f 199 964 965
f 199 965 207
f 207 965 966
f 207 966 206
f 206 966 967
f 206 967 204
f 204 967 968
f 204 968 216
f 216 968 969
f 216 969 217
f 217 969 970
f 217 970 218
f 218 970 971
f 218 971 198
f 198 971 972
f 198 972 197
f 197 972 973
f 197 973 195
f 195 973 974
f 195 974 193
f 193 974 955
f 975 245 976
f 976 245 379
f 976 379 977
f 977 379 377
f 977 377 978
f 978 377 376
f 978 376 979
f 979 376 429
f 979 429 980
f 980 429 523
f 980 523 981
f 981 523 522
f 981 522 982
f 982 522 548
f 982 548 983
f 983 548 498
f 983 498 984
f 984 498 527
f 984 527 985
f 985 527 525
f 985 525 986
f 986 525 524
f 986 524 987
f 987 524 503
f 987 503 988
f 988 503 505
f 988 505 989
f 989 505 559
f 989 559 990
f 990 559 558
f 990 558 991
f 991 558 533
f 991 533 992
f 992 533 555
f 992 555 993
f 993 555 514
f 993 514 994
f 994 514 513
f 994 513 995
f 995 513 553
f 995 553 996
f 996 553 508
f 996 508 997
f 997 508 510
f 997 510 998
f 998 510 512
f 998 512 999
f 999 512 567
f 999 567 1000
f 1000 567 547
f 1000 547 1001
f 1001 547 546
f 1001 546 1002
f 1002 546 545
f 1002 545 1003
f 1003 545 544
f 1003 544 1004
f 1004 544 466
f 1004 466 975
f 975 466 245
f 974 973 1004
f 971 1001 972
f 972 1001 1002
f 972 1002 973
f 973 1002 1003
f 973 1003 1004
f 969 998 970
f 970 998 999
f 970 999 971
f 971 999 1000
f 971 1000 1001
f 966 994 967
f 967 994 995
f 967 995 968
f 968 995 996
f 968 996 969
f 969 996 997
f 969 997 998
f 958 982 959
f 959 982 983
f 959 983 960
f 964 991 965
f 965 991 992
f 965 992 966
f 966 992 993
f 966 993 994
f 983 984 960
f 960 984 985
f 960 985 961
f 961 985 986
f 961 986 962
f 962 986 987
f 962 987 963
f 956 979 957
f 957 979 980
f 957 980 958
f 958 980 981
f 958 981 982
f 1004 975 974
f 974 975 976
f 974 976 955
f 955 976 977
f 955 977 956
f 956 977 978
f 956 978 979
f 987 988 963
f 963 988 989
f 963 989 964
f 964 989 990
f 964 990 991
f 202 200 238
f 238 200 223
f 200 205 223
f 223 205 225
f 205 196 225
f 225 196 233
f 196 194 233
f 233 194 229
f 194 210 229
f 229 210 221
f 210 202 221
f 221 202 238
f 1005 1006 1007
f 1007 1006 1008
f 1007 1008 1009
f 1007 1009 1010
f 1010 1009 1011
f 1010 1011 1012
f 1012 1011 1013
f 1012 1013 1014
f 1014 1013 1015
f 1014 1015 1016
f 1017 1016 1018
f 1018 1016 1015
f 1019 1020 1021
f 1021 1020 1022
f 1022 1020 1023
f 1022 1023 1024
f 1024 1023 1025
f 1024 1025 1026
f 1026 1025 1027
f 1026 1027 1028
f 1028 1027 1006
f 1028 1006 1005
f 801 800 1029
f 1029 800 1030
f 1031 1032 1033
f 1033 1032 1034
f 1033 1034 1030
f 1030 1034 1035
f 1030 1035 1029
f 1031 1033 1036
f 1036 1033 1016
f 1036 1016 1017
f 1016 1033 1037
f 1033 1030 1038
f 1030 800 798
f 1030 798 1038
f 1038 798 797
f 1038 797 1039
f 1039 797 799
f 1039 799 1040
f 1040 799 613
f 1040 613 1041
f 1033 1038 1037
f 1037 1038 1039
f 1037 1039 1042
f 1042 1039 1040
f 1042 1040 1043
f 1043 1040 1041
f 1043 1041 1044
f 1016 1037 1014
f 1014 1037 1042
f 1014 1042 1012
f 1012 1042 1043
f 1012 1043 1010
f 1010 1043 1044
f 1010 1044 1007
f 613 612 1045
f 613 1045 1041
f 1041 1045 1046
f 1041 1046 1044
f 1044 1046 1005
f 1044 1005 1007
f 1005 1046 1047
f 1046 1045 1048
f 1045 612 764
f 1045 764 1048
f 1048 764 763
f 1048 763 1049
f 1049 763 762
f 1049 762 1050
f 1050 762 614
f 1050 614 1051
f 1046 1048 1047
f 1047 1048 1049
f 1047 1049 1052
f 1052 1049 1050
f 1052 1050 1053
f 1053 1050 1051
f 1053 1051 1054
f 1005 1047 1028
f 1028 1047 1052
f 1028 1052 1026
f 1026 1052 1053
f 1026 1053 1024
f 1024 1053 1054
f 1024 1054 1022
f 1021 1022 1055
f 1055 1022 1054
f 1055 1054 1056
f 1056 1054 1057
f 1051 614 681
f 681 1058 1051
f 1051 1058 1059
f 1051 1059 1054
f 1054 1059 1060
f 1054 1060 1057
f 1018 1015 1061
f 1061 1015 1062
f 1061 1062 1063
f 1063 1062 1064
f 1065 422 476
f 476 1066 1065
f 1065 1066 1067
f 1065 1067 1062
f 1062 1067 1068
f 1062 1068 1064
f 422 1065 1069
f 1065 1062 1070
f 1062 1015 1013
f 1062 1013 1070
f 1070 1013 1011
f 1070 1011 1071
f 1071 1011 1009
f 1071 1009 1072
f 1072 1009 1008
f 1072 1008 1073
f 1065 1070 1069
f 1069 1070 1071
f 1069 1071 1074
f 1074 1071 1072
f 1074 1072 1075
f 1075 1072 1073
f 1075 1073 1076
f 422 1069 420
f 420 1069 1074
f 420 1074 421
f 421 1074 1075
f 421 1075 423
f 423 1075 1076
f 423 1076 475
f 1008 1006 1077
f 1008 1077 1073
f 1073 1077 1078
f 1073 1078 1076
f 1076 1078 368
f 1076 368 475
f 317 367 1079
f 1079 367 1080
f 1079 1080 1081
f 1081 1080 1082
f 1082 1080 1083
f 1082 1083 1084
f 1084 1083 1085
f 1084 1085 1086
f 1086 1085 1020
f 1086 1020 1019
f 368 1078 1087
f 1078 1077 1088
f 1077 1006 1027
f 1077 1027 1088
f 1088 1027 1025
f 1088 1025 1089
f 1089 1025 1023
f 1089 1023 1090
f 1023 1020 1090
f 1090 1020 1085
f 1090 1085 1083
f 1078 1088 1087
f 1087 1088 1089
f 1087 1089 1091
f 1091 1089 1090
f 1091 1090 1092
f 1092 1090 1083
f 1092 1083 1080
f 368 1087 366
f 366 1087 1091
f 366 1091 364
f 364 1091 1092
f 364 1092 365
f 365 1092 1080
f 365 1080 367
f 1093 1094 1095
f 509 1096 511
f 531 530 1079
f 1079 530 554
f 1079 554 317
f 1079 1081 531
f 531 1081 1097
f 531 1097 532
f 532 1097 1093
f 532 1093 509
f 6 5 511
f 1081 1082 1097
f 1097 1082 1084
f 1097 1084 1093
f 1093 1084 1086
f 1093 1086 1094
f 1094 1086 1019
f 1019 1098 1094
f 1094 1098 1099
f 1094 1099 1095
f 1095 1099 1100
f 1095 1100 1101
f 1101 1100 1102
f 1101 1102 1103
f 509 1093 1096
f 1096 1093 1095
f 1096 1095 511
f 511 1095 1101
f 511 1101 6
f 6 1101 1103
f 6 1103 8
f 4 8 1104
f 1104 8 1103
f 1104 1103 1105
f 1105 1103 1102
f 1105 1102 1106
f 1106 1102 1100
f 1106 1100 1107
f 1107 1100 1099
f 1107 1099 1108
f 1108 1099 1098
f 1108 1098 1021
f 1021 1098 1019
f 1109 1110 1111
f 901 1112 902
f 892 891 1113
f 901 900 1109
f 1109 900 892
f 1109 892 1110
f 1110 892 1113
f 1112 901 1114
f 681 904 1058
f 1058 904 903
f 1058 903 1059
f 903 902 1059
f 1059 902 1112
f 1059 1112 1060
f 1060 1112 1114
f 1055 1056 1114
f 1114 1056 1057
f 1114 1057 1060
f 891 2 1113
f 1113 2 1
f 1113 1 4
f 4 1104 1113
f 1113 1104 1105
f 1113 1105 1110
f 1110 1105 1106
f 1110 1106 1111
f 1111 1106 1107
f 1111 1107 1108
f 901 1109 1114
f 1114 1109 1111
f 1114 1111 1055
f 1055 1111 1108
f 1055 1108 1021
f 1115 1116 1117
f 449 1118 450
f 318 316 1119
f 449 319 1115
f 1115 319 318
f 1115 318 1116
f 1116 318 1119
f 1118 449 1120
f 476 477 1066
f 1066 477 451
f 1066 451 1067
f 451 450 1067
f 1067 450 1118
f 1067 1118 1068
f 1068 1118 1120
f 1061 1063 1120
f 1120 1063 1064
f 1120 1064 1068
f 316 189 1119
f 1119 189 188
f 1119 188 186
f 186 1121 1119
f 1119 1121 1122
f 1119 1122 1116
f 1116 1122 1123
f 1116 1123 1117
f 1117 1123 1124
f 1117 1124 1125
f 449 1115 1120
f 1120 1115 1117
f 1120 1117 1061
f 1061 1117 1125
f 1061 1125 1018
f 1017 1018 1126
f 1126 1018 1125
f 1126 1125 1127
f 1127 1125 1124
f 1127 1124 1128
f 1128 1124 1123
f 1128 1123 1129
f 1129 1123 1122
f 1129 1122 1130
f 1130 1122 1121
f 1130 1121 185
f 185 1121 186
f 1131 1132 1133
f 727 1134 640
f 725 724 1029
f 1029 724 802
f 1029 802 801
f 1029 1035 725
f 725 1035 1135
f 725 1135 726
f 726 1135 1131
f 726 1131 727
f 191 190 640
f 1035 1034 1135
f 1135 1034 1032
f 1135 1032 1131
f 1131 1032 1031
f 1131 1031 1132
f 1132 1031 1036
f 1132 1036 1017
f 1017 1126 1132
f 1132 1126 1127
f 1132 1127 1133
f 1133 1127 1128
f 1133 1128 1136
f 1136 1128 1129
f 1136 1129 1130
f 727 1131 1134
f 1134 1131 1133
f 1134 1133 640
f 640 1133 1136
f 640 1136 191
f 191 1136 1130
f 191 1130 185
f 1137 1138 1139
f 1139 1138 1140
f 1139 1140 1141
f 1139 1141 1142
f 1142 1141 1143
f 1142 1143 1144
f 1144 1143 1145
f 1144 1145 1146
f 1146 1145 1147
f 1146 1147 1148
f 1149 1148 1150
f 1150 1148 1147
f 1151 1152 1153
f 1153 1152 1154
f 1154 1152 1155
f 1154 1155 1156
f 1156 1155 1157
f 1156 1157 1158
f 1158 1157 1159
f 1158 1159 1160
f 1160 1159 1138
f 1160 1138 1137
f 1161 1162 1163
f 1163 1162 1164
f 1163 1164 1165
f 1163 1165 1166
f 1166 1165 1167
f 1166 1167 1168
f 1168 1167 1169
f 1168 1169 1170
f 1170 1169 1171
f 1170 1171 1172
f 1173 1172 1174
f 1174 1172 1171
f 1175 1176 1177
f 1177 1176 1178
f 1178 1176 1179
f 1178 1179 1180
f 1180 1179 1181
f 1180 1181 1182
f 1182 1181 1183
f 1182 1183 1184
f 1184 1183 1162
f 1184 1162 1161
f 1185 1186 1187
f 1187 1186 1188
f 1187 1188 1189
f 1187 1189 1190
f 1190 1189 1191
f 1190 1191 1192
f 1192 1191 1193
f 1192 1193 1194
f 1194 1193 1195
f 1194 1195 1196
f 1197 1196 1198
f 1198 1196 1195
f 1199 1200 1201
f 1201 1200 1202
f 1202 1200 1203
f 1202 1203 1204
f 1204 1203 1205
f 1204 1205 1206
f 1206 1205 1207
f 1206 1207 1208
f 1208 1207 1186
f 1208 1186 1185
f 1209 1210 1211
f 1211 1210 1212
f 1211 1212 1213
f 1211 1213 1214
f 1214 1213 1215
f 1214 1215 1216
f 1216 1215 1217
f 1216 1217 1218
f 1218 1217 1219
f 1218 1219 1220
f 1221 1220 1222
f 1222 1220 1219
f 1223 1224 1225
f 1225 1224 1226
f 1226 1224 1227
f 1226 1227 1228
f 1228 1227 1229
f 1228 1229 1230
f 1230 1229 1231
f 1230 1231 1232
f 1232 1231 1210
f 1232 1210 1209
f 1233 1234 1235
f 1235 1234 1236
f 1235 1236 1237
f 1235 1237 1238
f 1238 1237 1239
f 1238 1239 1240
f 1240 1239 1241
f 1240 1241 1242
f 1242 1241 1243
f 1242 1243 1244
f 1245 1244 1246
f 1246 1244 1243
f 1247 1248 1249
f 1249 1248 1250
f 1250 1248 1251
f 1250 1251 1252
f 1252 1251 1253
f 1252 1253 1254
f 1254 1253 1255
f 1254 1255 1256
f 1256 1255 1234
f 1256 1234 1233
f 1257 1258 1259
f 1259 1258 1260
f 1259 1260 1261
f 1259 1261 1262
f 1262 1261 1263
f 1262 1263 1264
f 1264 1263 1265
f 1264 1265 1266
f 1266 1265 1267
f 1266 1267 1268
f 1269 1268 1270
f 1270 1268 1267
f 1271 1272 1273
f 1273 1272 1274
f 1274 1272 1275
f 1274 1275 1276
f 1276 1275 1277
f 1276 1277 1278
f 1278 1277 1279
f 1278 1279 1280
f 1280 1279 1258
f 1280 1258 1257
f 1281 1282 1283
f 1283 1282 1284
f 1283 1284 1285
f 1283 1285 1286
f 1286 1285 1287
f 1286 1287 1288
f 1288 1287 1289
f 1288 1289 1290
f 1290 1289 1291
f 1290 1291 1292
f 1293 1292 1294
f 1294 1292 1291
f 1295 1296 1297
f 1297 1296 1298
f 1298 1296 1299
f 1298 1299 1300
f 1300 1299 1301
f 1300 1301 1302
f 1302 1301 1303
f 1302 1303 1304
f 1304 1303 1282
f 1304 1282 1281
f 1305 1306 1307
f 1307 1306 1308
f 1307 1308 1309
f 1307 1309 1310
f 1310 1309 1311
f 1310 1311 1312
f 1312 1311 1313
f 1312 1313 1314
f 1314 1313 1315
f 1314 1315 1316
f 1317 1316 1318
f 1318 1316 1315
f 1319 1320 1321
f 1321 1320 1322
f 1322 1320 1323
f 1322 1323 1324
f 1324 1323 1325
f 1324 1325 1326
f 1326 1325 1327
f 1326 1327 1328
f 1328 1327 1306
f 1328 1306 1305
f 1329 1330 1331
f 1331 1330 1332
f 1331 1332 1333
f 1331 1333 1334
f 1334 1333 1335
f 1334 1335 1336
f 1336 1335 1337
f 1336 1337 1338
f 1338 1337 1339
f 1338 1339 1340
f 1341 1340 1342
f 1342 1340 1339
f 1343 1344 1345
f 1345 1344 1346
f 1346 1344 1347
f 1346 1347 1348
f 1348 1347 1349
f 1348 1349 1350
f 1350 1349 1351
f 1350 1351 1352
f 1352 1351 1330
f 1352 1330 1329
f 1353 1354 1355
f 1355 1354 1356
f 1355 1356 1357
f 1355 1357 1358
f 1358 1357 1359
f 1358 1359 1360
f 1360 1359 1361
f 1360 1361 1362
f 1362 1361 1363
f 1362 1363 1364
f 1365 1364 1366
f 1366 1364 1363
f 1367 1368 1369
f 1369 1368 1370
f 1370 1368 1371
f 1370 1371 1372
f 1372 1371 1373
f 1372 1373 1374
f 1374 1373 1375
f 1374 1375 1376
f 1376 1375 1354
f 1376 1354 1353
f 1377 1378 1379
f 1379 1378 1380
f 1379 1380 1381
f 1379 1381 1382
f 1382 1381 1383
f 1382 1383 1384
f 1384 1383 1385
f 1384 1385 1386
f 1386 1385 1387
f 1386 1387 1388
f 1389 1388 1390
f 1390 1388 1387
f 1391 1392 1393
f 1393 1392 1394
f 1394 1392 1395
f 1394 1395 1396
f 1396 1395 1397
f 1396 1397 1398
f 1398 1397 1399
f 1398 1399 1400
f 1400 1399 1378
f 1400 1378 1377
f 576 575 1401
f 1401 575 1402
f 1401 1402 1403
f 1403 1402 1404
f 1404 1402 1405
f 1404 1405 1406
f 1406 1405 1407
f 1406 1407 1408
f 1408 1407 1148
f 1408 1148 1149
f 1405 1402 1409
f 1402 575 595
f 1402 595 1409
f 1409 595 594
f 1409 594 1410
f 1410 594 593
f 1410 593 1411
f 1411 593 577
f 1411 577 1412
f 1148 1407 1413
f 1413 1407 1405
f 1405 1409 1413
f 1413 1409 1410
f 1413 1410 1414
f 1414 1410 1411
f 1414 1411 1415
f 1415 1411 1412
f 1415 1412 1416
f 1148 1413 1146
f 1146 1413 1414
f 1146 1414 1144
f 1144 1414 1415
f 1144 1415 1142
f 1142 1415 1416
f 1142 1416 1139
f 581 1417 577
f 577 1417 1412
f 1417 1418 1412
f 1412 1418 1419
f 1412 1419 1416
f 1137 1139 1420
f 1420 1139 1416
f 1420 1416 1421
f 1421 1416 1419
f 581 647 1417
f 1417 647 1422
f 1417 1422 1418
f 1418 1422 1423
f 1424 1421 1423
f 1423 1421 1419
f 1423 1419 1418
f 1160 1137 1424
f 1424 1137 1420
f 1424 1420 1421
f 647 592 1422
f 1422 592 1425
f 1422 1425 1423
f 1423 1425 1426
f 1423 1426 1424
f 1424 1426 1427
f 1424 1427 1160
f 1160 1427 1158
f 592 591 1425
f 1425 591 1428
f 1425 1428 1426
f 1426 1428 1429
f 1426 1429 1427
f 1427 1429 1430
f 1427 1430 1158
f 1158 1430 1156
f 591 590 1428
f 1428 590 1431
f 1428 1431 1429
f 1429 1431 1432
f 1429 1432 1430
f 1430 1432 1433
f 1430 1433 1156
f 1156 1433 1154
f 1153 1154 1433
f 1153 1433 1434
f 1434 1433 1432
f 1434 1432 1435
f 1435 1432 1436
f 1436 1432 1431
f 1436 1431 1437
f 590 648 1431
f 1431 648 1438
f 1431 1438 1437
f 1150 1147 1439
f 1150 1439 1440
f 1440 1439 1441
f 1440 1441 1442
f 1442 1441 1443
f 1443 1441 1444
f 1443 1444 1445
f 286 440 1444
f 1444 440 1446
f 1444 1446 1445
f 1441 1439 1447
f 1439 1147 1145
f 1439 1145 1447
f 1447 1145 1143
f 1447 1143 1448
f 1448 1143 1141
f 1448 1141 1449
f 1449 1141 1140
f 1449 1140 1450
f 286 1444 1451
f 1451 1444 1441
f 1441 1447 1451
f 1451 1447 1448
f 1451 1448 1452
f 1452 1448 1449
f 1452 1449 1453
f 1453 1449 1450
f 1453 1450 1454
f 286 1451 287
f 287 1451 1452
f 287 1452 288
f 288 1452 1453
f 288 1453 441
f 441 1453 1454
f 441 1454 305
f 1140 1138 1455
f 1140 1455 1450
f 1450 1455 1456
f 1450 1456 1454
f 1454 1456 306
f 1454 306 305
f 302 307 1457
f 1457 307 1458
f 1457 1458 1459
f 1459 1458 1460
f 1460 1458 1461
f 1460 1461 1462
f 1462 1461 1463
f 1462 1463 1464
f 1464 1463 1152
f 1464 1152 1151
f 306 1456 1465
f 1456 1455 1466
f 1455 1138 1159
f 1455 1159 1466
f 1466 1159 1157
f 1466 1157 1467
f 1467 1157 1155
f 1467 1155 1468
f 1155 1152 1468
f 1468 1152 1463
f 1468 1463 1461
f 1456 1466 1465
f 1465 1466 1467
f 1465 1467 1469
f 1469 1467 1468
f 1469 1468 1470
f 1470 1468 1461
f 1470 1461 1458
f 306 1465 346
f 346 1465 1469
f 346 1469 347
f 347 1469 1470
f 347 1470 348
f 348 1470 1458
f 348 1458 307
f 1471 1472 1473
f 1473 1472 600
f 1473 600 606
f 1474 1475 1471
f 1471 1475 1476
f 1471 1476 1472
f 1172 1173 1477
f 1477 1173 1478
f 1477 1478 1479
f 1479 1478 1480
f 1479 1480 1474
f 1474 1480 1481
f 1474 1481 1475
f 1471 1473 1482
f 607 1483 605
f 605 1483 1484
f 605 1484 603
f 603 1484 1482
f 603 1482 604
f 604 1482 1473
f 604 1473 606
f 1479 1474 1485
f 1485 1474 1471
f 1471 1482 1485
f 1485 1482 1484
f 1485 1484 1486
f 1486 1484 1483
f 1486 1483 1487
f 1172 1477 1488
f 1488 1477 1479
f 607 1489 1483
f 1483 1489 1490
f 1483 1490 1487
f 1487 1490 1491
f 1487 1491 1492
f 1479 1485 1488
f 1488 1485 1486
f 1488 1486 1493
f 1493 1486 1487
f 1493 1487 1494
f 1494 1487 1492
f 1494 1492 1495
f 1172 1488 1170
f 1170 1488 1493
f 1170 1493 1168
f 1168 1493 1494
f 1168 1494 1166
f 1166 1494 1495
f 1166 1495 1163
f 607 608 1489
f 1489 608 1496
f 1489 1496 1490
f 1490 1496 1497
f 1490 1497 1491
f 1491 1497 1498
f 1491 1498 1492
f 1492 1498 1499
f 1492 1499 1495
f 1495 1499 1500
f 1495 1500 1163
f 1163 1500 1161
f 1497 1496 1501
f 623 1502 621
f 621 1502 1503
f 621 1503 622
f 622 1503 1501
f 622 1501 624
f 624 1501 1496
f 624 1496 608
f 1499 1498 1504
f 1504 1498 1497
f 1497 1501 1504
f 1504 1501 1503
f 1504 1503 1505
f 1505 1503 1502
f 1505 1502 1506
f 1161 1500 1507
f 1507 1500 1499
f 623 1508 1502
f 1502 1508 1509
f 1502 1509 1506
f 1506 1509 1510
f 1506 1510 1511
f 1499 1504 1507
f 1507 1504 1505
f 1507 1505 1512
f 1512 1505 1506
f 1512 1506 1513
f 1513 1506 1511
f 1513 1511 1514
f 1161 1507 1184
f 1184 1507 1512
f 1184 1512 1182
f 1182 1512 1513
f 1182 1513 1180
f 1180 1513 1514
f 1180 1514 1178
f 1177 1178 1515
f 1515 1178 1514
f 1515 1514 1516
f 1516 1514 1511
f 1516 1511 1517
f 1517 1511 1510
f 1517 1510 1518
f 1518 1510 1509
f 623 692 1508
f 1508 692 1519
f 1508 1519 1509
f 1509 1519 1520
f 1509 1520 1518
f 1174 1171 1521
f 1174 1521 1522
f 1522 1521 1523
f 1522 1523 1524
f 1524 1523 1525
f 1525 1523 1526
f 1525 1526 1527
f 407 258 1526
f 1526 258 1528
f 1526 1528 1527
f 1523 1521 1529
f 1165 1164 1530
f 1530 1531 1165
f 1165 1531 1532
f 1165 1532 1167
f 1167 1532 1529
f 1167 1529 1169
f 1169 1529 1521
f 1169 1521 1171
f 407 1526 1533
f 1533 1526 1523
f 1523 1529 1533
f 1533 1529 1532
f 1533 1532 1534
f 1534 1532 1531
f 1534 1531 1535
f 1530 1536 1531
f 1531 1536 1537
f 1531 1537 1535
f 1535 1537 1538
f 1535 1538 1539
f 407 1533 406
f 406 1533 1534
f 406 1534 404
f 404 1534 1535
f 404 1535 405
f 405 1535 1539
f 405 1539 272
f 1162 1540 1164
f 1164 1540 1530
f 1530 1540 1536
f 1536 1540 1541
f 1536 1541 1537
f 1537 1541 1542
f 1537 1542 1538
f 1538 1542 1543
f 1538 1543 1539
f 1543 1544 1539
f 1539 1544 273
f 1539 273 272
f 408 274 1545
f 1545 274 1546
f 1545 1546 1547
f 1547 1546 1548
f 1548 1546 1549
f 1548 1549 1550
f 1550 1549 1551
f 1550 1551 1552
f 1552 1551 1176
f 1552 1176 1175
f 1540 1162 1183
f 1542 1541 1553
f 1553 1541 1540
f 1540 1183 1553
f 1553 1183 1181
f 1553 1181 1554
f 1554 1181 1179
f 1554 1179 1555
f 1544 1543 1556
f 1556 1543 1542
f 1179 1176 1555
f 1555 1176 1551
f 1555 1551 1549
f 1542 1553 1556
f 1556 1553 1554
f 1556 1554 1557
f 1557 1554 1555
f 1557 1555 1558
f 1558 1555 1549
f 1558 1549 1546
f 285 273 1544
f 1544 1556 285
f 285 1556 1557
f 285 1557 284
f 284 1557 1558
f 284 1558 283
f 283 1558 1546
f 283 1546 274
f 671 670 1559
f 1559 670 1560
f 1561 1562 1563
f 1563 1562 1564
f 1563 1564 1560
f 1560 1564 1565
f 1560 1565 1559
f 1561 1563 1566
f 1566 1563 1196
f 1566 1196 1197
f 1196 1563 1567
f 1563 1560 1568
f 1560 670 808
f 1560 808 1568
f 1568 808 807
f 1568 807 1569
f 1569 807 809
f 1569 809 1570
f 1570 809 810
f 1570 810 1571
f 1563 1568 1567
f 1567 1568 1569
f 1567 1569 1572
f 1572 1569 1570
f 1572 1570 1573
f 1573 1570 1571
f 1573 1571 1574
f 1196 1567 1194
f 1194 1567 1572
f 1194 1572 1192
f 1192 1572 1573
f 1192 1573 1190
f 1190 1573 1574
f 1190 1574 1187
f 810 672 1575
f 810 1575 1571
f 1571 1575 1576
f 1571 1576 1574
f 1574 1576 1185
f 1574 1185 1187
f 1185 1576 1577
f 1576 1575 1578
f 1575 672 759
f 1575 759 1578
f 1578 759 758
f 1578 758 1579
f 1579 758 757
f 1579 757 1580
f 1580 757 674
f 1580 674 1581
f 1576 1578 1577
f 1577 1578 1579
f 1577 1579 1582
f 1582 1579 1580
f 1582 1580 1583
f 1583 1580 1581
f 1583 1581 1584
f 1185 1577 1208
f 1208 1577 1582
f 1208 1582 1206
f 1206 1582 1583
f 1206 1583 1204
f 1204 1583 1584
f 1204 1584 1202
f 1201 1202 1585
f 1585 1202 1584
f 1585 1584 1586
f 1586 1584 1587
f 1581 674 673
f 673 1588 1581
f 1581 1588 1589
f 1581 1589 1584
f 1584 1589 1590
f 1584 1590 1587
f 1198 1195 1591
f 1591 1195 1592
f 1591 1592 1593
f 1593 1592 1594
f 1595 373 538
f 538 1596 1595
f 1595 1596 1597
f 1595 1597 1592
f 1592 1597 1598
f 1592 1598 1594
f 373 1595 1599
f 1595 1592 1600
f 1592 1195 1193
f 1592 1193 1600
f 1600 1193 1191
f 1600 1191 1601
f 1601 1191 1189
f 1601 1189 1602
f 1602 1189 1188
f 1602 1188 1603
f 1595 1600 1599
f 1599 1600 1601
f 1599 1601 1604
f 1604 1601 1602
f 1604 1602 1605
f 1605 1602 1603
f 1605 1603 1606
f 373 1599 374
f 374 1599 1604
f 374 1604 375
f 375 1604 1605
f 375 1605 539
f 539 1605 1606
f 539 1606 460
f 1188 1186 1607
f 1188 1607 1603
f 1603 1607 1608
f 1603 1608 1606
f 1606 1608 459
f 1606 459 460
f 369 458 1609
f 1609 458 1610
f 1611 1612 1613
f 1613 1612 1614
f 1613 1614 1610
f 1610 1614 1615
f 1610 1615 1609
f 1611 1613 1616
f 1616 1613 1200
f 1616 1200 1199
f 459 1608 1617
f 1608 1607 1618
f 1607 1186 1207
f 1607 1207 1618
f 1618 1207 1205
f 1618 1205 1619
f 1619 1205 1203
f 1619 1203 1620
f 1620 1203 1200
f 1620 1200 1613
f 1608 1618 1617
f 1617 1618 1619
f 1617 1619 1621
f 1621 1619 1620
f 1621 1620 1622
f 1622 1620 1613
f 1622 1613 1610
f 459 1617 457
f 457 1617 1621
f 457 1621 455
f 455 1621 1622
f 455 1622 456
f 456 1622 1610
f 456 1610 458
f 765 589 1623
f 1623 589 1624
f 1625 1626 1627
f 1627 1626 1628
f 1627 1628 1624
f 1624 1628 1629
f 1624 1629 1623
f 1625 1627 1630
f 1630 1627 1220
f 1630 1220 1221
f 1220 1627 1631
f 1627 1624 1632
f 1624 589 643
f 1624 643 1632
f 1632 643 642
f 1632 642 1633
f 1633 642 641
f 1633 641 1634
f 1634 641 588
f 1634 588 1635
f 1627 1632 1631
f 1631 1632 1633
f 1631 1633 1636
f 1636 1633 1634
f 1636 1634 1637
f 1637 1634 1635
f 1637 1635 1638
f 1220 1631 1218
f 1218 1631 1636
f 1218 1636 1216
f 1216 1636 1637
f 1216 1637 1214
f 1214 1637 1638
f 1214 1638 1211
f 588 587 1639
f 588 1639 1635
f 1635 1639 1640
f 1635 1640 1638
f 1638 1640 1209
f 1638 1209 1211
f 1209 1640 1641
f 1640 1639 1642
f 1639 587 685
f 1639 685 1642
f 1642 685 683
f 1642 683 1643
f 1643 683 682
f 1643 682 1644
f 682 684 1644
f 1644 684 1645
f 1644 1645 1646
f 1640 1642 1641
f 1641 1642 1643
f 1641 1643 1647
f 1647 1643 1644
f 1647 1644 1648
f 1648 1644 1646
f 1648 1646 1649
f 1209 1641 1232
f 1232 1641 1647
f 1232 1647 1230
f 1230 1647 1648
f 1230 1648 1228
f 1228 1648 1649
f 1228 1649 1226
f 1225 1226 1649
f 1225 1649 1650
f 1650 1649 1646
f 1650 1646 1651
f 1651 1646 1652
f 1652 1646 1645
f 1652 1645 1653
f 684 730 1645
f 1645 730 1654
f 1645 1654 1653
f 1222 1219 1655
f 1655 1219 1656
f 1655 1656 1657
f 1657 1656 1658
f 1659 484 372
f 372 1660 1659
f 1659 1660 1661
f 1659 1661 1656
f 1656 1661 1662
f 1656 1662 1658
f 484 1659 1663
f 1659 1656 1664
f 1213 1212 1665
f 1665 1666 1213
f 1213 1666 1667
f 1213 1667 1215
f 1215 1667 1664
f 1215 1664 1217
f 1217 1664 1656
f 1217 1656 1219
f 1659 1664 1663
f 1663 1664 1667
f 1663 1667 1668
f 1668 1667 1666
f 1668 1666 1669
f 1665 1670 1666
f 1666 1670 1671
f 1666 1671 1669
f 1669 1671 1672
f 1669 1672 1673
f 484 1663 483
f 483 1663 1668
f 483 1668 481
f 481 1668 1669
f 481 1669 482
f 482 1669 1673
f 482 1673 452
f 1210 1674 1212
f 1212 1674 1665
f 1665 1674 1670
f 1670 1674 1675
f 1670 1675 1671
f 1671 1675 1676
f 1671 1676 1672
f 1672 1676 1677
f 1672 1677 1673
f 1677 1678 1673
f 1673 1678 322
f 1673 322 452
f 321 320 1679
f 1679 320 1680
f 1681 1682 1683
f 1683 1682 1684
f 1683 1684 1680
f 1680 1684 1685
f 1680 1685 1679
f 1681 1683 1686
f 1686 1683 1224
f 1686 1224 1223
f 1674 1210 1231
f 1676 1675 1687
f 1687 1675 1674
f 1674 1231 1687
f 1687 1231 1229
f 1687 1229 1688
f 1688 1229 1227
f 1688 1227 1689
f 1689 1227 1224
f 1689 1224 1683
f 1678 1677 1690
f 1690 1677 1676
f 1676 1687 1690
f 1690 1687 1688
f 1690 1688 1691
f 1691 1688 1689
f 1691 1689 1692
f 1692 1689 1683
f 1692 1683 1680
f 492 322 1678
f 1678 1690 492
f 492 1690 1691
f 492 1691 493
f 493 1691 1692
f 493 1692 494
f 494 1692 1680
f 494 1680 320
f 803 646 1693
f 1693 646 1694
f 1693 1694 1695
f 1695 1694 1696
f 1696 1694 1697
f 1696 1697 1698
f 1698 1697 1699
f 1698 1699 1700
f 1700 1699 1244
f 1700 1244 1245
f 1244 1699 1701
f 1699 1697 1702
f 1697 1694 1703
f 690 1704 691
f 691 1704 1705
f 691 1705 644
f 644 1705 1703
f 644 1703 645
f 645 1703 1694
f 645 1694 646
f 1697 1703 1702
f 1702 1703 1705
f 1702 1705 1706
f 1706 1705 1704
f 1706 1704 1707
f 690 1708 1704
f 1704 1708 1709
f 1704 1709 1707
f 1707 1709 1710
f 1707 1710 1711
f 1699 1702 1701
f 1701 1702 1706
f 1701 1706 1712
f 1712 1706 1707
f 1712 1707 1713
f 1713 1707 1711
f 1713 1711 1714
f 1244 1701 1242
f 1242 1701 1712
f 1242 1712 1240
f 1240 1712 1713
f 1240 1713 1238
f 1238 1713 1714
f 1238 1714 1235
f 1233 1235 1715
f 1715 1235 1714
f 1715 1714 1716
f 1716 1714 1711
f 1716 1711 1717
f 1717 1711 1710
f 1717 1710 1718
f 1718 1710 1709
f 1718 1709 1719
f 1719 1709 1708
f 1719 1708 769
f 769 1708 690
f 1718 1719 1720
f 689 1721 736
f 736 1721 1722
f 736 1722 737
f 737 1722 1720
f 737 1720 770
f 770 1720 1719
f 770 1719 769
f 1716 1717 1723
f 1723 1717 1718
f 1718 1720 1723
f 1723 1720 1722
f 1723 1722 1724
f 1724 1722 1721
f 1724 1721 1725
f 1233 1715 1726
f 1726 1715 1716
f 689 1727 1721
f 1721 1727 1728
f 1721 1728 1725
f 1725 1728 1729
f 1725 1729 1730
f 1716 1723 1726
f 1726 1723 1724
f 1726 1724 1731
f 1731 1724 1725
f 1731 1725 1732
f 1732 1725 1730
f 1732 1730 1733
f 1233 1726 1256
f 1256 1726 1731
f 1256 1731 1254
f 1254 1731 1732
f 1254 1732 1252
f 1252 1732 1733
f 1252 1733 1250
f 1249 1250 1734
f 1734 1250 1733
f 1734 1733 1735
f 1735 1733 1730
f 1735 1730 1736
f 1736 1730 1729
f 1736 1729 1737
f 1737 1729 1728
f 689 617 1727
f 1727 617 1738
f 1727 1738 1728
f 1728 1738 1739
f 1728 1739 1737
f 1246 1243 1740
f 1740 1243 1741
f 1740 1741 1742
f 1742 1741 1743
f 1744 358 472
f 472 1745 1744
f 1744 1745 1746
f 1744 1746 1741
f 1741 1746 1747
f 1741 1747 1743
f 358 1744 1748
f 1744 1741 1749
f 1741 1243 1241
f 1741 1241 1749
f 1749 1241 1239
f 1749 1239 1750
f 1750 1239 1237
f 1750 1237 1751
f 1751 1237 1236
f 1751 1236 1752
f 1744 1749 1748
f 1748 1749 1750
f 1748 1750 1753
f 1753 1750 1751
f 1753 1751 1754
f 1754 1751 1752
f 1754 1752 1755
f 358 1748 359
f 359 1748 1753
f 359 1753 360
f 360 1753 1754
f 360 1754 474
f 474 1754 1755
f 474 1755 473
f 1236 1234 1756
f 1236 1756 1752
f 1752 1756 1757
f 1752 1757 1755
f 1755 1757 252
f 1755 252 473
f 251 250 1758
f 1758 250 1759
f 1758 1759 1760
f 1760 1759 1761
f 1761 1759 1762
f 1761 1762 1763
f 1763 1762 1764
f 1763 1764 1765
f 1765 1764 1248
f 1765 1248 1247
f 252 1757 1766
f 1757 1756 1767
f 1756 1234 1255
f 1756 1255 1767
f 1767 1255 1253
f 1767 1253 1768
f 1768 1253 1251
f 1768 1251 1769
f 1251 1248 1769
f 1769 1248 1764
f 1769 1764 1762
f 1757 1767 1766
f 1766 1767 1768
f 1766 1768 1770
f 1770 1768 1769
f 1770 1769 1771
f 1771 1769 1762
f 1771 1762 1759
f 252 1766 361
f 361 1766 1770
f 361 1770 362
f 362 1770 1771
f 362 1771 363
f 363 1771 1759
f 363 1759 250
f 662 709 1772
f 1772 709 1773
f 1774 1775 1776
f 1776 1775 1777
f 1776 1777 1773
f 1773 1777 1778
f 1773 1778 1772
f 1774 1776 1779
f 1779 1776 1268
f 1779 1268 1269
f 1268 1776 1780
f 1776 1773 1781
f 1773 709 707
f 1773 707 1781
f 1781 707 706
f 1781 706 1782
f 1782 706 708
f 1782 708 1783
f 1783 708 710
f 1783 710 1784
f 1776 1781 1780
f 1780 1781 1782
f 1780 1782 1785
f 1785 1782 1783
f 1785 1783 1786
f 1786 1783 1784
f 1786 1784 1787
f 1268 1780 1266
f 1266 1780 1785
f 1266 1785 1264
f 1264 1785 1786
f 1264 1786 1262
f 1262 1786 1787
f 1262 1787 1259
f 710 711 1788
f 710 1788 1784
f 1784 1788 1789
f 1784 1789 1787
f 1787 1789 1257
f 1787 1257 1259
f 1257 1789 1790
f 1789 1788 1791
f 1788 711 751
f 1788 751 1791
f 1791 751 749
f 1791 749 1792
f 1792 749 748
f 1792 748 1793
f 1793 748 750
f 1793 750 1794
f 1789 1791 1790
f 1790 1791 1792
f 1790 1792 1795
f 1795 1792 1793
f 1795 1793 1796
f 1796 1793 1794
f 1796 1794 1797
f 1257 1790 1280
f 1280 1790 1795
f 1280 1795 1278
f 1278 1795 1796
f 1278 1796 1276
f 1276 1796 1797
f 1276 1797 1274
f 1273 1274 1798
f 1798 1274 1797
f 1798 1797 1799
f 1799 1797 1800
f 1794 750 771
f 771 1801 1794
f 1794 1801 1802
f 1794 1802 1797
f 1797 1802 1803
f 1797 1803 1800
f 1270 1267 1804
f 1804 1267 1805
f 1804 1805 1806
f 1806 1805 1807
f 1808 417 443
f 443 1809 1808
f 1808 1809 1810
f 1808 1810 1805
f 1805 1810 1811
f 1805 1811 1807
f 417 1808 1812
f 1808 1805 1813
f 1805 1267 1265
f 1805 1265 1813
f 1813 1265 1263
f 1813 1263 1814
f 1814 1263 1261
f 1814 1261 1815
f 1815 1261 1260
f 1815 1260 1816
f 1808 1813 1812
f 1812 1813 1814
f 1812 1814 1817
f 1817 1814 1815
f 1817 1815 1818
f 1818 1815 1816
f 1818 1816 1819
f 417 1812 415
f 415 1812 1817
f 415 1817 416
f 416 1817 1818
f 416 1818 418
f 418 1818 1819
f 418 1819 442
f 1260 1258 1820
f 1260 1820 1816
f 1816 1820 1821
f 1816 1821 1819
f 1819 1821 354
f 1819 354 442
f 309 353 1822
f 1822 353 1823
f 1822 1823 1824
f 1824 1823 1825
f 1825 1823 1826
f 1825 1826 1827
f 1827 1826 1828
f 1827 1828 1829
f 1829 1828 1272
f 1829 1272 1271
f 354 1821 1830
f 1821 1820 1831
f 1820 1258 1279
f 1820 1279 1831
f 1831 1279 1277
f 1831 1277 1832
f 1832 1277 1275
f 1832 1275 1833
f 1275 1272 1833
f 1833 1272 1828
f 1833 1828 1826
f 1821 1831 1830
f 1830 1831 1832
f 1830 1832 1834
f 1834 1832 1833
f 1834 1833 1835
f 1835 1833 1826
f 1835 1826 1823
f 354 1830 352
f 352 1830 1834
f 352 1834 350
f 350 1834 1835
f 350 1835 351
f 351 1835 1823
f 351 1823 353
f 669 718 1836
f 1836 718 1837
f 1838 1839 1840
f 1840 1839 1841
f 1840 1841 1837
f 1837 1841 1842
f 1837 1842 1836
f 1838 1840 1843
f 1843 1840 1292
f 1843 1292 1293
f 1292 1840 1844
f 1840 1837 1845
f 1837 718 716
f 1837 716 1845
f 1845 716 715
f 1845 715 1846
f 1846 715 717
f 1846 717 1847
f 1847 717 719
f 1847 719 1848
f 1840 1845 1844
f 1844 1845 1846
f 1844 1846 1849
f 1849 1846 1847
f 1849 1847 1850
f 1850 1847 1848
f 1850 1848 1851
f 1292 1844 1290
f 1290 1844 1849
f 1290 1849 1288
f 1288 1849 1850
f 1288 1850 1286
f 1286 1850 1851
f 1286 1851 1283
f 719 720 1852
f 719 1852 1848
f 1848 1852 1853
f 1848 1853 1851
f 1851 1853 1281
f 1851 1281 1283
f 1281 1853 1854
f 1853 1852 1855
f 1852 720 756
f 1852 756 1855
f 1855 756 754
f 1855 754 1856
f 1856 754 753
f 1856 753 1857
f 753 755 1857
f 1857 755 1858
f 1857 1858 1859
f 1853 1855 1854
f 1854 1855 1856
f 1854 1856 1860
f 1860 1856 1857
f 1860 1857 1861
f 1861 1857 1859
f 1861 1859 1862
f 1281 1854 1304
f 1304 1854 1860
f 1304 1860 1302
f 1302 1860 1861
f 1302 1861 1300
f 1300 1861 1862
f 1300 1862 1298
f 1297 1298 1862
f 1297 1862 1863
f 1863 1862 1859
f 1863 1859 1864
f 1864 1859 1865
f 1865 1859 1858
f 1865 1858 1866
f 755 805 1858
f 1858 805 1867
f 1858 1867 1866
f 1294 1291 1868
f 1868 1291 1869
f 1868 1869 1870
f 1870 1869 1871
f 1872 435 490
f 490 1873 1872
f 1872 1873 1874
f 1872 1874 1869
f 1869 1874 1875
f 1869 1875 1871
f 435 1872 1876
f 1872 1869 1877
f 1869 1291 1289
f 1869 1289 1877
f 1877 1289 1287
f 1877 1287 1878
f 1878 1287 1285
f 1878 1285 1879
f 1879 1285 1284
f 1879 1284 1880
f 1872 1877 1876
f 1876 1877 1878
f 1876 1878 1881
f 1881 1878 1879
f 1881 1879 1882
f 1882 1879 1880
f 1882 1880 1883
f 435 1876 433
f 433 1876 1881
f 433 1881 434
f 434 1881 1882
f 434 1882 436
f 436 1882 1883
f 436 1883 392
f 1284 1282 1884
f 1284 1884 1880
f 1880 1884 1885
f 1880 1885 1883
f 1883 1885 391
f 1883 391 392
f 384 390 1886
f 1886 390 1887
f 1888 1889 1890
f 1890 1889 1891
f 1890 1891 1887
f 1887 1891 1892
f 1887 1892 1886
f 1888 1890 1893
f 1893 1890 1296
f 1893 1296 1295
f 391 1885 1894
f 1885 1884 1895
f 1884 1282 1303
f 1884 1303 1895
f 1895 1303 1301
f 1895 1301 1896
f 1896 1301 1299
f 1896 1299 1897
f 1897 1299 1296
f 1897 1296 1890
f 1885 1895 1894
f 1894 1895 1896
f 1894 1896 1898
f 1898 1896 1897
f 1898 1897 1899
f 1899 1897 1890
f 1899 1890 1887
f 391 1894 389
f 389 1894 1898
f 389 1898 387
f 387 1898 1899
f 387 1899 388
f 388 1899 1887
f 388 1887 390
f 1900 1901 1902
f 1902 1901 817
f 1902 817 815
f 1903 1904 1900
f 1900 1904 1905
f 1900 1905 1901
f 1316 1317 1906
f 1906 1317 1907
f 1906 1907 1908
f 1908 1907 1909
f 1908 1909 1903
f 1903 1909 1910
f 1903 1910 1904
f 1900 1902 1911
f 816 1912 814
f 814 1912 1913
f 814 1913 812
f 812 1913 1911
f 812 1911 813
f 813 1911 1902
f 813 1902 815
f 1908 1903 1914
f 1914 1903 1900
f 1900 1911 1914
f 1914 1911 1913
f 1914 1913 1915
f 1915 1913 1912
f 1915 1912 1916
f 1316 1906 1917
f 1917 1906 1908
f 816 1918 1912
f 1912 1918 1919
f 1912 1919 1916
f 1916 1919 1920
f 1916 1920 1921
f 1908 1914 1917
f 1917 1914 1915
f 1917 1915 1922
f 1922 1915 1916
f 1922 1916 1923
f 1923 1916 1921
f 1923 1921 1924
f 1316 1917 1314
f 1314 1917 1922
f 1314 1922 1312
f 1312 1922 1923
f 1312 1923 1310
f 1310 1923 1924
f 1310 1924 1307
f 816 721 1918
f 1918 721 1925
f 1918 1925 1919
f 1919 1925 1926
f 1919 1926 1920
f 1920 1926 1927
f 1920 1927 1921
f 1921 1927 1928
f 1921 1928 1924
f 1924 1928 1929
f 1924 1929 1307
f 1307 1929 1305
f 721 786 1925
f 1925 786 1930
f 1925 1930 1926
f 1926 1930 1931
f 1932 1928 1931
f 1931 1928 1927
f 1931 1927 1926
f 1328 1305 1932
f 1932 1305 1929
f 1932 1929 1928
f 786 785 1930
f 1930 785 1933
f 1930 1933 1931
f 1931 1933 1934
f 1931 1934 1932
f 1932 1934 1935
f 1932 1935 1328
f 1328 1935 1326
f 785 784 1933
f 1933 784 1936
f 1933 1936 1934
f 1934 1936 1937
f 1934 1937 1935
f 1935 1937 1938
f 1935 1938 1326
f 1326 1938 1324
f 784 723 1936
f 1936 723 1939
f 1936 1939 1937
f 1937 1939 1940
f 1937 1940 1938
f 1938 1940 1941
f 1938 1941 1324
f 1324 1941 1322
f 1321 1322 1941
f 1321 1941 1942
f 1942 1941 1940
f 1942 1940 1943
f 1943 1940 1944
f 1944 1940 1939
f 1944 1939 1945
f 723 722 1939
f 1939 722 1946
f 1939 1946 1945
f 1318 1315 1947
f 1947 1315 1948
f 1947 1948 1949
f 1949 1948 1950
f 1951 266 265
f 265 1952 1951
f 1951 1952 1953
f 1951 1953 1948
f 1948 1953 1954
f 1948 1954 1950
f 266 1951 1955
f 1951 1948 1956
f 1948 1315 1313
f 1948 1313 1956
f 1956 1313 1311
f 1956 1311 1957
f 1957 1311 1309
f 1957 1309 1958
f 1309 1308 1958
f 1958 1308 1959
f 1958 1959 1960
f 1951 1956 1955
f 1955 1956 1957
f 1955 1957 1961
f 1961 1957 1958
f 1961 1958 1962
f 1962 1958 1960
f 1962 1960 1963
f 266 1955 292
f 292 1955 1961
f 292 1961 293
f 293 1961 1962
f 293 1962 294
f 294 1962 1963
f 294 1963 264
f 1308 1306 1964
f 1308 1964 1959
f 1959 1964 1965
f 1959 1965 1960
f 1960 1965 1966
f 1960 1966 1963
f 1963 1966 276
f 1963 276 264
f 1967 1968 1969
f 1969 1968 467
f 1969 467 275
f 1970 1971 1967
f 1967 1971 1972
f 1967 1972 1968
f 1320 1319 1973
f 1973 1319 1974
f 1973 1974 1975
f 1975 1974 1976
f 1975 1976 1970
f 1970 1976 1977
f 1970 1977 1971
f 276 1966 1978
f 1966 1965 1979
f 1965 1964 1980
f 1320 1981 1323
f 1323 1981 1982
f 1323 1982 1325
f 1325 1982 1980
f 1325 1980 1327
f 1327 1980 1964
f 1327 1964 1306
f 1965 1980 1979
f 1979 1980 1982
f 1979 1982 1983
f 1983 1982 1981
f 1983 1981 1984
f 1320 1973 1981
f 1981 1973 1975
f 1981 1975 1984
f 1984 1975 1970
f 1984 1970 1967
f 1966 1979 1978
f 1978 1979 1983
f 1978 1983 1985
f 1985 1983 1984
f 1985 1984 1986
f 1986 1984 1967
f 1986 1967 1969
f 276 1978 323
f 323 1978 1985
f 323 1985 324
f 324 1985 1986
f 324 1986 325
f 325 1986 1969
f 325 1969 275
f 830 829 1987
f 1987 829 1988
f 1989 1990 1991
f 1991 1990 1992
f 1991 1992 1988
f 1988 1992 1993
f 1988 1993 1987
f 1989 1991 1994
f 1994 1991 1340
f 1994 1340 1341
f 1340 1991 1995
f 1991 1988 1996
f 1988 829 793
f 1988 793 1996
f 1996 793 792
f 1996 792 1997
f 1997 792 791
f 1997 791 1998
f 1998 791 676
f 1998 676 1999
f 1991 1996 1995
f 1995 1996 1997
f 1995 1997 2000
f 2000 1997 1998
f 2000 1998 2001
f 2001 1998 1999
f 2001 1999 2002
f 1340 1995 1338
f 1338 1995 2000
f 1338 2000 1336
f 1336 2000 2001
f 1336 2001 1334
f 1334 2001 2002
f 1334 2002 1331
f 676 675 2003
f 676 2003 1999
f 1999 2003 2004
f 1999 2004 2002
f 2002 2004 1329
f 2002 1329 1331
f 1329 2004 2005
f 2004 2003 2006
f 2003 675 825
f 2003 825 2006
f 2006 825 824
f 2006 824 2007
f 2007 824 823
f 2007 823 2008
f 2008 823 677
f 2008 677 2009
f 2004 2006 2005
f 2005 2006 2007
f 2005 2007 2010
f 2010 2007 2008
f 2010 2008 2011
f 2011 2008 2009
f 2011 2009 2012
f 1329 2005 1352
f 1352 2005 2010
f 1352 2010 1350
f 1350 2010 2011
f 1350 2011 1348
f 1348 2011 2012
f 1348 2012 1346
f 1345 1346 2013
f 2013 1346 2012
f 2013 2012 2014
f 2014 2012 2015
f 2009 677 680
f 680 2016 2009
f 2009 2016 2017
f 2009 2017 2012
f 2012 2017 2018
f 2012 2018 2015
f 1342 1339 2019
f 2019 1339 2020
f 2019 2020 2021
f 2021 2020 2022
f 2023 248 246
f 246 2024 2023
f 2023 2024 2025
f 2023 2025 2020
f 2020 2025 2026
f 2020 2026 2022
f 248 2023 2027
f 2023 2020 2028
f 2020 1339 1337
f 2020 1337 2028
f 2028 1337 1335
f 2028 1335 2029
f 2029 1335 1333
f 2029 1333 2030
f 2030 1333 1332
f 2030 1332 2031
f 2023 2028 2027
f 2027 2028 2029
f 2027 2029 2032
f 2032 2029 2030
f 2032 2030 2033
f 2033 2030 2031
f 2033 2031 2034
f 248 2027 261
f 261 2027 2032
f 261 2032 262
f 262 2032 2033
f 262 2033 263
f 263 2033 2034
f 263 2034 249
f 1332 1330 2035
f 1332 2035 2031
f 2031 2035 2036
f 2031 2036 2034
f 2034 2036 247
f 2034 247 249
f 378 464 2037
f 2037 464 2038
f 2039 2040 2041
f 2041 2040 2042
f 2041 2042 2038
f 2038 2042 2043
f 2038 2043 2037
f 2039 2041 2044
f 2044 2041 1344
f 2044 1344 1343
f 247 2036 2045
f 2036 2035 2046
f 2035 1330 1351
f 2035 1351 2046
f 2046 1351 1349
f 2046 1349 2047
f 2047 1349 1347
f 2047 1347 2048
f 2048 1347 1344
f 2048 1344 2041
f 2036 2046 2045
f 2045 2046 2047
f 2045 2047 2049
f 2049 2047 2048
f 2049 2048 2050
f 2050 2048 2041
f 2050 2041 2038
f 247 2045 463
f 463 2045 2049
f 463 2049 461
f 461 2049 2050
f 461 2050 462
f 462 2050 2038
f 462 2038 464
f 626 700 2051
f 2051 700 2052
f 2051 2052 2053
f 2053 2052 2054
f 2054 2052 2055
f 2054 2055 2056
f 2056 2055 2057
f 2056 2057 2058
f 2058 2057 1364
f 2058 1364 1365
f 2055 2052 2059
f 2052 700 698
f 2052 698 2059
f 2059 698 697
f 2059 697 2060
f 2060 697 699
f 2060 699 2061
f 2061 699 701
f 2061 701 2062
f 1364 2057 2063
f 2063 2057 2055
f 2055 2059 2063
f 2063 2059 2060
f 2063 2060 2064
f 2064 2060 2061
f 2064 2061 2065
f 2065 2061 2062
f 2065 2062 2066
f 1364 2063 1362
f 1362 2063 2064
f 1362 2064 1360
f 1360 2064 2065
f 1360 2065 1358
f 1358 2065 2066
f 1358 2066 1355
f 701 657 2067
f 701 2067 2062
f 2062 2067 2068
f 2062 2068 2066
f 2066 2068 1353
f 2066 1353 1355
f 1353 2068 2069
f 2068 2067 2070
f 2067 657 655
f 2067 655 2070
f 2070 655 654
f 2070 654 2071
f 2071 654 656
f 2071 656 2072
f 656 658 2072
f 2072 658 2073
f 2072 2073 2074
f 2068 2070 2069
f 2069 2070 2071
f 2069 2071 2075
f 2075 2071 2072
f 2075 2072 2076
f 2076 2072 2074
f 2076 2074 2077
f 1353 2069 1376
f 1376 2069 2075
f 1376 2075 1374
f 1374 2075 2076
f 1374 2076 1372
f 1372 2076 2077
f 1372 2077 1370
f 1369 1370 2077
f 1369 2077 2078
f 2078 2077 2074
f 2078 2074 2079
f 2079 2074 2080
f 2080 2074 2073
f 2080 2073 2081
f 658 659 2073
f 2073 659 2082
f 2073 2082 2081
f 1366 1363 2083
f 1366 2083 2084
f 2084 2083 2085
f 2084 2085 2086
f 2086 2085 2087
f 2087 2085 2088
f 2087 2088 2089
f 282 271 2088
f 2088 271 2090
f 2088 2090 2089
f 2085 2083 2091
f 2083 1363 1361
f 2083 1361 2091
f 2091 1361 1359
f 2091 1359 2092
f 2092 1359 1357
f 2092 1357 2093
f 2093 1357 1356
f 2093 1356 2094
f 282 2088 2095
f 2095 2088 2085
f 2085 2091 2095
f 2095 2091 2092
f 2095 2092 2096
f 2096 2092 2093
f 2096 2093 2097
f 2097 2093 2094
f 2097 2094 2098
f 282 2095 337
f 337 2095 2096
f 337 2096 338
f 338 2096 2097
f 338 2097 339
f 339 2097 2098
f 339 2098 281
f 1356 1354 2099
f 1356 2099 2094
f 2094 2099 2100
f 2094 2100 2098
f 2098 2100 402
f 2098 402 281
f 403 401 2101
f 2101 401 2102
f 2101 2102 2103
f 2103 2102 2104
f 2104 2102 2105
f 2104 2105 2106
f 2106 2105 2107
f 2106 2107 2108
f 2108 2107 1368
f 2108 1368 1367
f 402 2100 2109
f 2100 2099 2110
f 2099 1354 1375
f 2099 1375 2110
f 2110 1375 1373
f 2110 1373 2111
f 2111 1373 1371
f 2111 1371 2112
f 1371 1368 2112
f 2112 1368 2107
f 2112 2107 2105
f 2100 2110 2109
f 2109 2110 2111
f 2109 2111 2113
f 2113 2111 2112
f 2113 2112 2114
f 2114 2112 2105
f 2114 2105 2102
f 402 2109 400
f 400 2109 2113
f 400 2113 398
f 398 2113 2114
f 398 2114 399
f 399 2114 2102
f 399 2102 401
f 2115 2116 2117
f 2117 2116 579
f 2117 579 578
f 2118 2119 2115
f 2115 2119 2120
f 2115 2120 2116
f 1388 1389 2121
f 2121 1389 2122
f 2121 2122 2123
f 2123 2122 2124
f 2123 2124 2118
f 2118 2124 2125
f 2118 2125 2119
f 2115 2117 2126
f 580 2127 611
f 611 2127 2128
f 611 2128 610
f 610 2128 2126
f 610 2126 609
f 609 2126 2117
f 609 2117 578
f 2123 2118 2129
f 2129 2118 2115
f 2115 2126 2129
f 2129 2126 2128
f 2129 2128 2130
f 2130 2128 2127
f 2130 2127 2131
f 1388 2121 2132
f 2132 2121 2123
f 580 2133 2127
f 2127 2133 2134
f 2127 2134 2131
f 2131 2134 2135
f 2131 2135 2136
f 2123 2129 2132
f 2132 2129 2130
f 2132 2130 2137
f 2137 2130 2131
f 2137 2131 2138
f 2138 2131 2136
f 2138 2136 2139
f 1388 2132 1386
f 1386 2132 2137
f 1386 2137 1384
f 1384 2137 2138
f 1384 2138 1382
f 1382 2138 2139
f 1382 2139 1379
f 580 742 2133
f 2133 742 2140
f 2133 2140 2134
f 2134 2140 2141
f 2134 2141 2135
f 2135 2141 2142
f 2135 2142 2136
f 2136 2142 2143
f 2136 2143 2139
f 2139 2143 2144
f 2139 2144 1379
f 1379 2144 1377
f 742 639 2140
f 2140 639 2145
f 2140 2145 2141
f 2141 2145 2146
f 2147 2143 2146
f 2146 2143 2142
f 2146 2142 2141
f 1400 1377 2147
f 2147 1377 2144
f 2147 2144 2143
f 639 637 2145
f 2145 637 2148
f 2145 2148 2146
f 2146 2148 2149
f 2146 2149 2147
f 2147 2149 2150
f 2147 2150 1400
f 1400 2150 1398
f 637 636 2148
f 2148 636 2151
f 2148 2151 2149
f 2149 2151 2152
f 2149 2152 2150
f 2150 2152 2153
f 2150 2153 1398
f 1398 2153 1396
f 636 638 2151
f 2151 638 2154
f 2151 2154 2152
f 2152 2154 2155
f 2152 2155 2153
f 2153 2155 2156
f 2153 2156 1396
f 1396 2156 1394
f 1393 1394 2156
f 1393 2156 2157
f 2157 2156 2155
f 2157 2155 2158
f 2158 2155 2159
f 2159 2155 2154
f 2159 2154 2160
f 638 743 2154
f 2154 743 2161
f 2154 2161 2160
f 1390 1387 2162
f 2162 1387 2163
f 2162 2163 2164
f 2164 2163 2165
f 2166 394 331
f 331 2167 2166
f 2166 2167 2168
f 2166 2168 2163
f 2163 2168 2169
f 2163 2169 2165
f 394 2166 2170
f 2166 2163 2171
f 2163 1387 1385
f 2163 1385 2171
f 2171 1385 1383
f 2171 1383 2172
f 2172 1383 1381
f 2172 1381 2173
f 2173 1381 1380
f 2173 1380 2174
f 2166 2171 2170
f 2170 2171 2172
f 2170 2172 2175
f 2175 2172 2173
f 2175 2173 2176
f 2176 2173 2174
f 2176 2174 2177
f 394 2170 393
f 393 2170 2175
f 393 2175 259
f 259 2175 2176
f 259 2176 260
f 260 2176 2177
f 260 2177 253
f 1380 1378 2178
f 1380 2178 2174
f 2174 2178 2179
f 2174 2179 2177
f 2177 2179 254
f 2177 254 253
f 255 279 2180
f 2180 279 2181
f 2180 2181 2182
f 2182 2181 2183
f 2183 2181 2184
f 2183 2184 2185
f 2185 2184 2186
f 2185 2186 2187
f 2187 2186 1392
f 2187 1392 1391
f 254 2179 2188
f 2179 2178 2189
f 2178 1378 1399
f 2178 1399 2189
f 2189 1399 1397
f 2189 1397 2190
f 2190 1397 1395
f 2190 1395 2191
f 1395 1392 2191
f 2191 1392 2186
f 2191 2186 2184
f 2179 2189 2188
f 2188 2189 2190
f 2188 2190 2192
f 2192 2190 2191
f 2192 2191 2193
f 2193 2191 2184
f 2193 2184 2181
f 254 2188 267
f 267 2188 2192
f 267 2192 268
f 268 2192 2193
f 268 2193 280
f 280 2193 2181
f 280 2181 279
f 2194 2195 2196
f 256 2197 257
f 290 289 1457
f 1457 289 349
f 1457 349 302
f 1457 1459 290
f 290 1459 2198
f 290 2198 291
f 291 2198 2194
f 291 2194 256
f 182 181 257
f 1459 1460 2198
f 2198 1460 1462
f 2198 1462 2194
f 2194 1462 1464
f 2194 1464 2195
f 2195 1464 1151
f 1151 2199 2195
f 2195 2199 2200
f 2195 2200 2196
f 2196 2200 2201
f 2196 2201 2202
f 2202 2201 2203
f 2202 2203 2204
f 256 2194 2197
f 2197 2194 2196
f 2197 2196 257
f 257 2196 2202
f 257 2202 182
f 182 2202 2204
f 182 2204 184
f 180 184 2205
f 2205 184 2204
f 2205 2204 2206
f 2206 2204 2203
f 2206 2203 2207
f 2207 2203 2201
f 2207 2201 2208
f 2208 2201 2200
f 2208 2200 2209
f 2209 2200 2199
f 2209 2199 1153
f 1153 2199 1151
f 583 582 2210
f 618 584 2211
f 2211 584 583
f 2211 583 2212
f 2212 583 2210
f 648 649 1438
f 1438 649 620
f 1438 620 1437
f 1437 620 619
f 1437 619 1436
f 2212 2213 2211
f 2211 2213 2214
f 2211 2214 618
f 618 2214 2215
f 618 2215 619
f 582 178 2210
f 2210 178 177
f 2210 177 180
f 180 2205 2210
f 2210 2205 2206
f 2210 2206 2212
f 2212 2206 2207
f 2212 2207 2213
f 2213 2207 2208
f 2213 2208 2209
f 619 2215 1436
f 1436 2215 2214
f 1436 2214 1435
f 1435 2214 2213
f 1435 2213 1434
f 1434 2213 2209
f 1434 2209 1153
f 303 301 2216
f 409 304 2217
f 2217 304 303
f 2217 303 2218
f 2218 303 2216
f 440 439 1446
f 1446 439 411
f 1446 411 1445
f 1445 411 410
f 1445 410 1443
f 2218 2219 2217
f 2217 2219 2220
f 2217 2220 409
f 409 2220 2221
f 409 2221 410
f 301 173 2216
f 2216 173 172
f 2216 172 170
f 170 2222 2216
f 2216 2222 2223
f 2216 2223 2218
f 2218 2223 2224
f 2218 2224 2219
f 2219 2224 2225
f 2219 2225 2226
f 410 2221 1443
f 1443 2221 2220
f 1443 2220 1442
f 1442 2220 2219
f 1442 2219 1440
f 1440 2219 2226
f 1440 2226 1150
f 1149 1150 2227
f 2227 1150 2226
f 2227 2226 2228
f 2228 2226 2225
f 2228 2225 2229
f 2229 2225 2224
f 2229 2224 2230
f 2230 2224 2223
f 2230 2223 2231
f 2231 2223 2222
f 2231 2222 169
f 169 2222 170
f 2232 2233 2234
f 585 2235 586
f 597 596 1401
f 1401 596 650
f 1401 650 576
f 1401 1403 597
f 597 1403 2236
f 597 2236 598
f 598 2236 2232
f 598 2232 585
f 175 174 586
f 1403 1404 2236
f 2236 1404 1406
f 2236 1406 2232
f 2232 1406 1408
f 2232 1408 2233
f 2233 1408 1149
f 1149 2227 2233
f 2233 2227 2228
f 2233 2228 2234
f 2234 2228 2229
f 2234 2229 2237
f 2237 2229 2230
f 2237 2230 2231
f 585 2232 2235
f 2235 2232 2234
f 2235 2234 586
f 586 2234 2237
f 586 2237 175
f 175 2237 2231
f 175 2231 169
f 2238 2239 2240
f 299 2241 300
f 345 344 1545
f 1545 344 343
f 1545 343 408
f 1545 1547 345
f 345 1547 2242
f 345 2242 298
f 298 2242 2238
f 298 2238 299
f 166 165 300
f 1547 1548 2242
f 2242 1548 1550
f 2242 1550 2238
f 2238 1550 1552
f 2238 1552 2239
f 2239 1552 1175
f 1175 2243 2239
f 2239 2243 2244
f 2239 2244 2240
f 2240 2244 2245
f 2240 2245 2246
f 2246 2245 2247
f 2246 2247 2248
f 299 2238 2241
f 2241 2238 2240
f 2241 2240 300
f 300 2240 2246
f 300 2246 166
f 166 2246 2248
f 166 2248 168
f 164 168 2249
f 2249 168 2248
f 2249 2248 2250
f 2250 2248 2247
f 2250 2247 2251
f 2251 2247 2245
f 2251 2245 2252
f 2252 2245 2244
f 2252 2244 2253
f 2253 2244 2243
f 2253 2243 1177
f 1177 2243 1175
f 2254 2255 2256
f 651 2257 652
f 601 602 2258
f 651 599 2254
f 2254 599 601
f 2254 601 2255
f 2255 601 2258
f 2257 651 2259
f 692 693 1519
f 1519 693 653
f 1519 653 1520
f 653 652 1520
f 1520 652 2257
f 1520 2257 1518
f 1518 2257 2259
f 1515 1516 2259
f 2259 1516 1517
f 2259 1517 1518
f 602 162 2258
f 2258 162 161
f 2258 161 164
f 164 2249 2258
f 2258 2249 2250
f 2258 2250 2255
f 2255 2250 2251
f 2255 2251 2256
f 2256 2251 2252
f 2256 2252 2253
f 651 2254 2259
f 2259 2254 2256
f 2259 2256 1515
f 1515 2256 2253
f 1515 2253 1177
f 557 556 2260
f 563 562 2261
f 2261 562 557
f 2261 557 2262
f 2262 557 2260
f 258 569 1528
f 1528 569 568
f 1528 568 1527
f 1527 568 564
f 1527 564 1525
f 2262 2263 2261
f 2261 2263 2264
f 2261 2264 563
f 563 2264 2265
f 563 2265 564
f 556 157 2260
f 2260 157 156
f 2260 156 154
f 154 2266 2260
f 2260 2266 2267
f 2260 2267 2262
f 2262 2267 2268
f 2262 2268 2263
f 2263 2268 2269
f 2263 2269 2270
f 564 2265 1525
f 1525 2265 2264
f 1525 2264 1524
f 1524 2264 2263
f 1524 2263 1522
f 1522 2263 2270
f 1522 2270 1174
f 1173 1174 2271
f 2271 1174 2270
f 2271 2270 2272
f 2272 2270 2269
f 2272 2269 2273
f 2273 2269 2268
f 2273 2268 2274
f 2274 2268 2267
f 2274 2267 2275
f 2275 2267 2266
f 2275 2266 153
f 153 2266 154
f 2276 2277 2278
f 865 2279 840
f 863 862 1472
f 1472 862 888
f 1472 888 600
f 1472 1476 863
f 863 1476 2280
f 863 2280 864
f 864 2280 2276
f 864 2276 865
f 159 158 840
f 1476 1475 2280
f 2280 1475 1481
f 2280 1481 2276
f 2276 1481 1480
f 2276 1480 2277
f 2277 1480 1478
f 2277 1478 1173
f 1173 2271 2277
f 2277 2271 2272
f 2277 2272 2278
f 2278 2272 2273
f 2278 2273 2281
f 2281 2273 2274
f 2281 2274 2275
f 865 2276 2279
f 2279 2276 2278
f 2279 2278 840
f 840 2278 2281
f 840 2281 159
f 159 2281 2275
f 159 2275 153
f 2282 2283 2284
f 506 2285 507
f 502 501 1609
f 1609 501 552
f 1609 552 369
f 1609 1615 502
f 502 1615 2286
f 502 2286 504
f 504 2286 2282
f 504 2282 506
f 150 149 507
f 1615 1614 2286
f 2286 1614 1612
f 2286 1612 2282
f 2282 1612 1611
f 2282 1611 2283
f 2283 1611 1616
f 2283 1616 1199
f 1199 2287 2283
f 2283 2287 2288
f 2283 2288 2284
f 2284 2288 2289
f 2284 2289 2290
f 2290 2289 2291
f 2290 2291 2292
f 506 2282 2285
f 2285 2282 2284
f 2285 2284 507
f 507 2284 2290
f 507 2290 150
f 150 2290 2292
f 150 2292 152
f 148 152 2293
f 2293 152 2292
f 2293 2292 2294
f 2294 2292 2291
f 2294 2291 2295
f 2295 2291 2289
f 2295 2289 2296
f 2296 2289 2288
f 2296 2288 2297
f 2297 2288 2287
f 2297 2287 1201
f 1201 2287 1199
f 2298 2299 2300
f 849 2301 850
f 837 836 2302
f 849 848 2298
f 2298 848 837
f 2298 837 2299
f 2299 837 2302
f 2301 849 2303
f 673 867 1588
f 1588 867 866
f 1588 866 1589
f 866 850 1589
f 1589 850 2301
f 1589 2301 1590
f 1590 2301 2303
f 1585 1586 2303
f 2303 1586 1587
f 2303 1587 1590
f 836 146 2302
f 2302 146 145
f 2302 145 148
f 148 2293 2302
f 2302 2293 2294
f 2302 2294 2299
f 2299 2294 2295
f 2299 2295 2300
f 2300 2295 2296
f 2300 2296 2297
f 849 2298 2303
f 2303 2298 2300
f 2303 2300 1585
f 1585 2300 2297
f 1585 2297 1201
f 2304 2305 2306
f 518 2307 519
f 453 495 2308
f 518 454 2304
f 2304 454 453
f 2304 453 2305
f 2305 453 2308
f 2307 518 2309
f 538 537 1596
f 1596 537 520
f 1596 520 1597
f 520 519 1597
f 1597 519 2307
f 1597 2307 1598
f 1598 2307 2309
f 1591 1593 2309
f 2309 1593 1594
f 2309 1594 1598
f 495 144 2308
f 2308 144 143
f 2308 143 141
f 141 2310 2308
f 2308 2310 2311
f 2308 2311 2305
f 2305 2311 2312
f 2305 2312 2306
f 2306 2312 2313
f 2306 2313 2314
f 518 2304 2309
f 2309 2304 2306
f 2309 2306 1591
f 1591 2306 2314
f 1591 2314 1198
f 1197 1198 2315
f 2315 1198 2314
f 2315 2314 2316
f 2316 2314 2313
f 2316 2313 2317
f 2317 2313 2312
f 2317 2312 2318
f 2318 2312 2311
f 2318 2311 2319
f 2319 2311 2310
f 2319 2310 140
f 140 2310 141
f 2320 2321 2322
f 834 2323 835
f 781 811 1559
f 1559 811 826
f 1559 826 671
f 1559 1565 781
f 781 1565 2324
f 781 2324 782
f 782 2324 2320
f 782 2320 834
f 138 137 835
f 1565 1564 2324
f 2324 1564 1562
f 2324 1562 2320
f 2320 1562 1561
f 2320 1561 2321
f 2321 1561 1566
f 2321 1566 1197
f 1197 2315 2321
f 2321 2315 2316
f 2321 2316 2322
f 2322 2316 2317
f 2322 2317 2325
f 2325 2317 2318
f 2325 2318 2319
f 834 2320 2323
f 2323 2320 2322
f 2323 2322 835
f 835 2322 2325
f 835 2325 138
f 138 2325 2319
f 138 2319 140
f 2326 2327 2328
f 370 2329 371
f 486 485 1679
f 1679 485 517
f 1679 517 321
f 1679 1685 486
f 486 1685 2330
f 486 2330 487
f 487 2330 2326
f 487 2326 370
f 134 133 371
f 1685 1684 2330
f 2330 1684 1682
f 2330 1682 2326
f 2326 1682 1681
f 2326 1681 2327
f 2327 1681 1686
f 2327 1686 1223
f 1223 2331 2327
f 2327 2331 2332
f 2327 2332 2328
f 2328 2332 2333
f 2328 2333 2334
f 2334 2333 2335
f 2334 2335 2336
f 370 2326 2329
f 2329 2326 2328
f 2329 2328 371
f 371 2328 2334
f 371 2334 134
f 134 2334 2336
f 134 2336 136
f 132 136 2337
f 2337 136 2336
f 2337 2336 2338
f 2338 2336 2335
f 2338 2335 2339
f 2339 2335 2333
f 2339 2333 2340
f 2340 2333 2332
f 2340 2332 2341
f 2341 2332 2331
f 2341 2331 1225
f 1225 2331 1223
f 872 871 2342
f 857 873 2343
f 2343 873 872
f 2343 872 2344
f 2344 872 2342
f 730 879 1654
f 1654 879 878
f 1654 878 1653
f 1653 878 858
f 1653 858 1652
f 2344 2345 2343
f 2343 2345 2346
f 2343 2346 857
f 857 2346 2347
f 857 2347 858
f 871 130 2342
f 2342 130 129
f 2342 129 132
f 132 2337 2342
f 2342 2337 2338
f 2342 2338 2344
f 2344 2338 2339
f 2344 2339 2345
f 2345 2339 2340
f 2345 2340 2341
f 858 2347 1652
f 1652 2347 2346
f 1652 2346 1651
f 1651 2346 2345
f 1651 2345 1650
f 1650 2345 2341
f 1650 2341 1225
f 2348 2349 2350
f 478 2351 479
f 425 424 2352
f 478 426 2348
f 2348 426 425
f 2348 425 2349
f 2349 425 2352
f 2351 478 2353
f 372 488 1660
f 1660 488 480
f 1660 480 1661
f 480 479 1661
f 1661 479 2351
f 1661 2351 1662
f 1662 2351 2353
f 1655 1657 2353
f 2353 1657 1658
f 2353 1658 1662
f 424 128 2352
f 2352 128 127
f 2352 127 125
f 125 2354 2352
f 2352 2354 2355
f 2352 2355 2349
f 2349 2355 2356
f 2349 2356 2350
f 2350 2356 2357
f 2350 2357 2358
f 478 2348 2353
f 2353 2348 2350
f 2353 2350 1655
f 1655 2350 2358
f 1655 2358 1222
f 1221 1222 2359
f 2359 1222 2358
f 2359 2358 2360
f 2360 2358 2357
f 2360 2357 2361
f 2361 2357 2356
f 2361 2356 2362
f 2362 2356 2355
f 2362 2355 2363
f 2363 2355 2354
f 2363 2354 124
f 124 2354 125
f 2364 2365 2366
f 766 2367 767
f 731 729 1623
f 1623 729 728
f 1623 728 765
f 1623 1629 731
f 731 1629 2368
f 731 2368 732
f 732 2368 2364
f 732 2364 766
f 122 121 767
f 1629 1628 2368
f 2368 1628 1626
f 2368 1626 2364
f 2364 1626 1625
f 2364 1625 2365
f 2365 1625 1630
f 2365 1630 1221
f 1221 2359 2365
f 2365 2359 2360
f 2365 2360 2366
f 2366 2360 2361
f 2366 2361 2369
f 2369 2361 2362
f 2369 2362 2363
f 766 2364 2367
f 2367 2364 2366
f 2367 2366 767
f 767 2366 2369
f 767 2369 122
f 122 2369 2363
f 122 2363 124
f 2370 2371 2372
f 528 2373 526
f 497 496 1758
f 1758 496 521
f 1758 521 251
f 1758 1760 497
f 497 1760 2374
f 497 2374 529
f 529 2374 2370
f 529 2370 528
f 118 117 526
f 1760 1761 2374
f 2374 1761 1763
f 2374 1763 2370
f 2370 1763 1765
f 2370 1765 2371
f 2371 1765 1247
f 1247 2375 2371
f 2371 2375 2376
f 2371 2376 2372
f 2372 2376 2377
f 2372 2377 2378
f 2378 2377 2379
f 2378 2379 2380
f 528 2370 2373
f 2373 2370 2372
f 2373 2372 526
f 526 2372 2378
f 526 2378 118
f 118 2378 2380
f 118 2380 120
f 116 120 2381
f 2381 120 2380
f 2381 2380 2382
f 2382 2380 2379
f 2382 2379 2383
f 2383 2379 2377
f 2383 2377 2384
f 2384 2377 2376
f 2384 2376 2385
f 2385 2376 2375
f 2385 2375 1249
f 1249 2375 1247
f 2386 2387 2388
f 733 2389 734
f 687 688 2390
f 733 686 2386
f 2386 686 687
f 2386 687 2387
f 2387 687 2390
f 2389 733 2391
f 617 768 1738
f 1738 768 735
f 1738 735 1739
f 735 734 1739
f 1739 734 2389
f 1739 2389 1737
f 1737 2389 2391
f 1734 1735 2391
f 2391 1735 1736
f 2391 1736 1737
f 688 114 2390
f 2390 114 113
f 2390 113 116
f 116 2381 2390
f 2390 2381 2382
f 2390 2382 2387
f 2387 2382 2383
f 2387 2383 2388
f 2388 2383 2384
f 2388 2384 2385
f 733 2386 2391
f 2391 2386 2388
f 2391 2388 1734
f 1734 2388 2385
f 1734 2385 1249
f 2392 2393 2394
f 446 2395 447
f 314 419 2396
f 446 315 2392
f 2392 315 314
f 2392 314 2393
f 2393 314 2396
f 2395 446 2397
f 472 471 1745
f 1745 471 448
f 1745 448 1746
f 448 447 1746
f 1746 447 2395
f 1746 2395 1747
f 1747 2395 2397
f 1740 1742 2397
f 2397 1742 1743
f 2397 1743 1747
f 419 109 2396
f 2396 109 108
f 2396 108 106
f 106 2398 2396
f 2396 2398 2399
f 2396 2399 2393
f 2393 2399 2400
f 2393 2400 2394
f 2394 2400 2401
f 2394 2401 2402
f 446 2392 2397
f 2397 2392 2394
f 2397 2394 1740
f 1740 2394 2402
f 1740 2402 1246
f 1245 1246 2403
f 2403 1246 2402
f 2403 2402 2404
f 2404 2402 2401
f 2404 2401 2405
f 2405 2401 2400
f 2405 2400 2406
f 2406 2400 2399
f 2406 2399 2407
f 2407 2399 2398
f 2407 2398 105
f 105 2398 106
f 2408 2409 2410
f 615 2411 616
f 739 738 1693
f 1693 738 804
f 1693 804 803
f 1693 1695 739
f 739 1695 2412
f 739 2412 740
f 740 2412 2408
f 740 2408 615
f 111 110 616
f 1695 1696 2412
f 2412 1696 1698
f 2412 1698 2408
f 2408 1698 1700
f 2408 1700 2409
f 2409 1700 1245
f 1245 2403 2409
f 2409 2403 2404
f 2409 2404 2410
f 2410 2404 2405
f 2410 2405 2413
f 2413 2405 2406
f 2413 2406 2407
f 615 2408 2411
f 2411 2408 2410
f 2411 2410 616
f 616 2410 2413
f 616 2413 111
f 111 2413 2407
f 111 2407 105
f 2414 2415 2416
f 312 2417 313
f 356 355 1822
f 1822 355 445
f 1822 445 309
f 1822 1824 356
f 356 1824 2418
f 356 2418 357
f 357 2418 2414
f 357 2414 312
f 102 101 313
f 1824 1825 2418
f 2418 1825 1827
f 2418 1827 2414
f 2414 1827 1829
f 2414 1829 2415
f 2415 1829 1271
f 1271 2419 2415
f 2415 2419 2420
f 2415 2420 2416
f 2416 2420 2421
f 2416 2421 2422
f 2422 2421 2423
f 2422 2423 2424
f 312 2414 2417
f 2417 2414 2416
f 2417 2416 313
f 313 2416 2422
f 313 2422 102
f 102 2422 2424
f 102 2424 104
f 100 104 2425
f 2425 104 2424
f 2425 2424 2426
f 2426 2424 2423
f 2426 2423 2427
f 2427 2423 2421
f 2427 2421 2428
f 2428 2421 2420
f 2428 2420 2429
f 2429 2420 2419
f 2429 2419 1273
f 1273 2419 1271
f 2430 2431 2432
f 745 2433 746
f 663 661 2434
f 745 664 2430
f 2430 664 663
f 2430 663 2431
f 2431 663 2434
f 2433 745 2435
f 771 772 1801
f 1801 772 747
f 1801 747 1802
f 747 746 1802
f 1802 746 2433
f 1802 2433 1803
f 1803 2433 2435
f 1798 1799 2435
f 2435 1799 1800
f 2435 1800 1803
f 661 98 2434
f 2434 98 97
f 2434 97 100
f 100 2425 2434
f 2434 2425 2426
f 2434 2426 2431
f 2431 2426 2427
f 2431 2427 2432
f 2432 2427 2428
f 2432 2428 2429
f 745 2430 2435
f 2435 2430 2432
f 2435 2432 1798
f 1798 2432 2429
f 1798 2429 1273
f 2436 2437 2438
f 412 2439 413
f 310 308 2440
f 412 311 2436
f 2436 311 310
f 2436 310 2437
f 2437 310 2440
f 2439 412 2441
f 443 444 1809
f 1809 444 414
f 1809 414 1810
f 414 413 1810
f 1810 413 2439
f 1810 2439 1811
f 1811 2439 2441
f 1804 1806 2441
f 2441 1806 1807
f 2441 1807 1811
f 308 96 2440
f 2440 96 95
f 2440 95 93
f 93 2442 2440
f 2440 2442 2443
f 2440 2443 2437
f 2437 2443 2444
f 2437 2444 2438
f 2438 2444 2445
f 2438 2445 2446
f 412 2436 2441
f 2441 2436 2438
f 2441 2438 1804
f 1804 2438 2446
f 1804 2446 1270
f 1269 1270 2447
f 2447 1270 2446
f 2447 2446 2448
f 2448 2446 2445
f 2448 2445 2449
f 2449 2445 2444
f 2449 2444 2450
f 2450 2444 2443
f 2450 2443 2451
f 2451 2443 2442
f 2451 2442 92
f 92 2442 93
f 2452 2453 2454
f 665 2455 666
f 713 712 1772
f 1772 712 773
f 1772 773 662
f 1772 1778 713
f 713 1778 2456
f 713 2456 714
f 714 2456 2452
f 714 2452 665
f 90 89 666
f 1778 1777 2456
f 2456 1777 1775
f 2456 1775 2452
f 2452 1775 1774
f 2452 1774 2453
f 2453 1774 1779
f 2453 1779 1269
f 1269 2447 2453
f 2453 2447 2448
f 2453 2448 2454
f 2454 2448 2449
f 2454 2449 2457
f 2457 2449 2450
f 2457 2450 2451
f 665 2452 2455
f 2455 2452 2454
f 2455 2454 666
f 666 2454 2457
f 666 2457 90
f 90 2457 2451
f 90 2451 92
f 2458 2459 2460
f 277 2461 278
f 327 326 1886
f 1886 326 437
f 1886 437 384
f 1886 1892 327
f 327 1892 2462
f 327 2462 328
f 328 2462 2458
f 328 2458 277
f 86 85 278
f 1892 1891 2462
f 2462 1891 1889
f 2462 1889 2458
f 2458 1889 1888
f 2458 1888 2459
f 2459 1888 1893
f 2459 1893 1295
f 1295 2463 2459
f 2459 2463 2464
f 2459 2464 2460
f 2460 2464 2465
f 2460 2465 2466
f 2466 2465 2467
f 2466 2467 2468
f 277 2458 2461
f 2461 2458 2460
f 2461 2460 278
f 278 2460 2466
f 278 2466 86
f 86 2466 2468
f 86 2468 88
f 84 88 2469
f 2469 88 2468
f 2469 2468 2470
f 2470 2468 2467
f 2470 2467 2471
f 2471 2467 2465
f 2471 2465 2472
f 2472 2465 2464
f 2472 2464 2473
f 2473 2464 2463
f 2473 2463 1297
f 1297 2463 1295
f 667 752 2474
f 774 668 2475
f 2475 668 667
f 2475 667 2476
f 2476 667 2474
f 805 806 1867
f 1867 806 776
f 1867 776 1866
f 1866 776 775
f 1866 775 1865
f 2476 2477 2475
f 2475 2477 2478
f 2475 2478 774
f 774 2478 2479
f 774 2479 775
f 752 82 2474
f 2474 82 81
f 2474 81 84
f 84 2469 2474
f 2474 2469 2470
f 2474 2470 2476
f 2476 2470 2471
f 2476 2471 2477
f 2477 2471 2472
f 2477 2472 2473
f 775 2479 1865
f 1865 2479 2478
f 1865 2478 1864
f 1864 2478 2477
f 1864 2477 1863
f 1863 2477 2473
f 1863 2473 1297
f 2480 2481 2482
f 468 2483 469
f 385 383 2484
f 468 386 2480
f 2480 386 385
f 2480 385 2481
f 2481 385 2484
f 2483 468 2485
f 490 491 1873
f 1873 491 470
f 1873 470 1874
f 470 469 1874
f 1874 469 2483
f 1874 2483 1875
f 1875 2483 2485
f 1868 1870 2485
f 2485 1870 1871
f 2485 1871 1875
f 383 80 2484
f 2484 80 79
f 2484 79 77
f 77 2486 2484
f 2484 2486 2487
f 2484 2487 2481
f 2481 2487 2488
f 2481 2488 2482
f 2482 2488 2489
f 2482 2489 2490
f 468 2480 2485
f 2485 2480 2482
f 2485 2482 1868
f 1868 2482 2490
f 1868 2490 1294
f 1293 1294 2491
f 2491 1294 2490
f 2491 2490 2492
f 2492 2490 2489
f 2492 2489 2493
f 2493 2489 2488
f 2493 2488 2494
f 2494 2488 2487
f 2494 2487 2495
f 2495 2487 2486
f 2495 2486 76
f 76 2486 77
f 2496 2497 2498
f 855 2499 853
f 869 868 1836
f 1836 868 883
f 1836 883 669
f 1836 1842 869
f 869 1842 2500
f 869 2500 870
f 870 2500 2496
f 870 2496 855
f 74 73 853
f 1842 1841 2500
f 2500 1841 1839
f 2500 1839 2496
f 2496 1839 1838
f 2496 1838 2497
f 2497 1838 1843
f 2497 1843 1293
f 1293 2491 2497
f 2497 2491 2492
f 2497 2492 2498
f 2498 2492 2493
f 2498 2493 2501
f 2501 2493 2494
f 2501 2494 2495
f 855 2496 2499
f 2499 2496 2498
f 2499 2498 853
f 853 2498 2501
f 853 2501 74
f 74 2501 2495
f 74 2495 76
f 2502 2503 2504
f 381 2505 382
f 432 431 1968
f 1968 431 430
f 1968 430 467
f 1968 1972 432
f 432 1972 2506
f 432 2506 380
f 380 2506 2502
f 380 2502 381
f 70 69 382
f 1972 1971 2506
f 2506 1971 1977
f 2506 1977 2502
f 2502 1977 1976
f 2502 1976 2503
f 2503 1976 1974
f 2503 1974 1319
f 1319 2507 2503
f 2503 2507 2508
f 2503 2508 2504
f 2504 2508 2509
f 2504 2509 2510
f 2510 2509 2511
f 2510 2511 2512
f 381 2502 2505
f 2505 2502 2504
f 2505 2504 382
f 382 2504 2510
f 382 2510 70
f 70 2510 2512
f 70 2512 72
f 68 72 2513
f 2513 72 2512
f 2513 2512 2514
f 2514 2512 2511
f 2514 2511 2515
f 2515 2511 2509
f 2515 2509 2516
f 2516 2509 2508
f 2516 2508 2517
f 2517 2508 2507
f 2517 2507 1321
f 1321 2507 1319
f 886 885 2518
f 880 887 2519
f 2519 887 886
f 2519 886 2520
f 2520 886 2518
f 722 899 1946
f 1946 899 898
f 1946 898 1945
f 1945 898 881
f 1945 881 1944
f 2520 2521 2519
f 2519 2521 2522
f 2519 2522 880
f 880 2522 2523
f 880 2523 881
f 885 66 2518
f 2518 66 65
f 2518 65 68
f 68 2513 2518
f 2518 2513 2514
f 2518 2514 2520
f 2520 2514 2515
f 2520 2515 2521
f 2521 2515 2516
f 2521 2516 2517
f 881 2523 1944
f 1944 2523 2522
f 1944 2522 1943
f 1943 2522 2521
f 1943 2521 1942
f 1942 2521 2517
f 1942 2517 1321
f 2524 2525 2526
f 540 2527 541
f 550 549 2528
f 540 551 2524
f 2524 551 550
f 2524 550 2525
f 2525 550 2528
f 2527 540 2529
f 265 561 1952
f 1952 561 560
f 1952 560 1953
f 560 541 1953
f 1953 541 2527
f 1953 2527 1954
f 1954 2527 2529
f 1947 1949 2529
f 2529 1949 1950
f 2529 1950 1954
f 549 61 2528
f 2528 61 60
f 2528 60 58
f 58 2530 2528
f 2528 2530 2531
f 2528 2531 2525
f 2525 2531 2532
f 2525 2532 2526
f 2526 2532 2533
f 2526 2533 2534
f 540 2524 2529
f 2529 2524 2526
f 2529 2526 1947
f 1947 2526 2534
f 1947 2534 1318
f 1317 1318 2535
f 2535 1318 2534
f 2535 2534 2536
f 2536 2534 2533
f 2536 2533 2537
f 2537 2533 2532
f 2537 2532 2538
f 2538 2532 2531
f 2538 2531 2539
f 2539 2531 2530
f 2539 2530 57
f 57 2530 58
f 2540 2541 2542
f 818 2543 819
f 760 787 1901
f 1901 787 827
f 1901 827 817
f 1901 1905 760
f 760 1905 2544
f 760 2544 761
f 761 2544 2540
f 761 2540 818
f 63 62 819
f 1905 1904 2544
f 2544 1904 1910
f 2544 1910 2540
f 2540 1910 1909
f 2540 1909 2541
f 2541 1909 1907
f 2541 1907 1317
f 1317 2535 2541
f 2541 2535 2536
f 2541 2536 2542
f 2542 2536 2537
f 2542 2537 2545
f 2545 2537 2538
f 2545 2538 2539
f 818 2540 2543
f 2543 2540 2542
f 2543 2542 819
f 819 2542 2545
f 819 2545 63
f 63 2545 2539
f 63 2539 57
f 2546 2547 2548
f 499 2549 500
f 427 465 2037
f 2037 465 489
f 2037 489 378
f 2037 2043 427
f 427 2043 2550
f 427 2550 428
f 428 2550 2546
f 428 2546 499
f 54 53 500
f 2043 2042 2550
f 2550 2042 2040
f 2550 2040 2546
f 2546 2040 2039
f 2546 2039 2547
f 2547 2039 2044
f 2547 2044 1343
f 1343 2551 2547
f 2547 2551 2552
f 2547 2552 2548
f 2548 2552 2553
f 2548 2553 2554
f 2554 2553 2555
f 2554 2555 2556
f 499 2546 2549
f 2549 2546 2548
f 2549 2548 500
f 500 2548 2554
f 500 2554 54
f 54 2554 2556
f 54 2556 56
f 52 56 2557
f 2557 56 2556
f 2557 2556 2558
f 2558 2556 2555
f 2558 2555 2559
f 2559 2555 2553
f 2559 2553 2560
f 2560 2553 2552
f 2560 2552 2561
f 2561 2552 2551
f 2561 2551 1345
f 1345 2551 1343
f 2562 2563 2564
f 820 2565 821
f 789 790 2566
f 820 788 2562
f 2562 788 789
f 2562 789 2563
f 2563 789 2566
f 2565 820 2567
f 680 828 2016
f 2016 828 822
f 2016 822 2017
f 822 821 2017
f 2017 821 2565
f 2017 2565 2018
f 2018 2565 2567
f 2013 2014 2567
f 2567 2014 2015
f 2567 2015 2018
f 790 50 2566
f 2566 50 49
f 2566 49 52
f 52 2557 2566
f 2566 2557 2558
f 2566 2558 2563
f 2563 2558 2559
f 2563 2559 2564
f 2564 2559 2560
f 2564 2560 2561
f 820 2562 2567
f 2567 2562 2564
f 2567 2564 2013
f 2013 2564 2561
f 2013 2561 1345
f 2568 2569 2570
f 535 2571 536
f 516 515 2572
f 535 534 2568
f 2568 534 516
f 2568 516 2569
f 2569 516 2572
f 2571 535 2573
f 246 543 2024
f 2024 543 542
f 2024 542 2025
f 542 536 2025
f 2025 536 2571
f 2025 2571 2026
f 2026 2571 2573
f 2019 2021 2573
f 2573 2021 2022
f 2573 2022 2026
f 515 45 2572
f 2572 45 44
f 2572 44 42
f 42 2574 2572
f 2572 2574 2575
f 2572 2575 2569
f 2569 2575 2576
f 2569 2576 2570
f 2570 2576 2577
f 2570 2577 2578
f 535 2568 2573
f 2573 2568 2570
f 2573 2570 2019
f 2019 2570 2578
f 2019 2578 1342
f 1341 1342 2579
f 2579 1342 2578
f 2579 2578 2580
f 2580 2578 2577
f 2580 2577 2581
f 2581 2577 2576
f 2581 2576 2582
f 2582 2576 2575
f 2582 2575 2583
f 2583 2575 2574
f 2583 2574 41
f 41 2574 42
f 2584 2585 2586
f 678 2587 679
f 795 794 1987
f 1987 794 831
f 1987 831 830
f 1987 1993 795
f 795 1993 2588
f 795 2588 796
f 796 2588 2584
f 796 2584 678
f 47 46 679
f 1993 1992 2588
f 2588 1992 1990
f 2588 1990 2584
f 2584 1990 1989
f 2584 1989 2585
f 2585 1989 1994
f 2585 1994 1341
f 1341 2579 2585
f 2585 2579 2580
f 2585 2580 2586
f 2586 2580 2581
f 2586 2581 2589
f 2589 2581 2582
f 2589 2582 2583
f 678 2584 2587
f 2587 2584 2586
f 2587 2586 679
f 679 2586 2589
f 679 2589 47
f 47 2589 2583
f 47 2583 41
f 2590 2591 2592
f 269 2593 270
f 341 340 2101
f 2101 340 438
f 2101 438 403
f 2101 2103 341
f 341 2103 2594
f 341 2594 342
f 342 2594 2590
f 342 2590 269
f 38 37 270
f 2103 2104 2594
f 2594 2104 2106
f 2594 2106 2590
f 2590 2106 2108
f 2590 2108 2591
f 2591 2108 1367
f 1367 2595 2591
f 2591 2595 2596
f 2591 2596 2592
f 2592 2596 2597
f 2592 2597 2598
f 2598 2597 2599
f 2598 2599 2600
f 269 2590 2593
f 2593 2590 2592
f 2593 2592 270
f 270 2592 2598
f 270 2598 38
f 38 2598 2600
f 38 2600 40
f 36 40 2601
f 2601 40 2600
f 2601 2600 2602
f 2602 2600 2599
f 2602 2599 2603
f 2603 2599 2597
f 2603 2597 2604
f 2604 2597 2596
f 2604 2596 2605
f 2605 2596 2595
f 2605 2595 1369
f 1369 2595 1367
f 627 625 2606
f 694 628 2607
f 2607 628 627
f 2607 627 2608
f 2608 627 2606
f 659 741 2082
f 2082 741 696
f 2082 696 2081
f 2081 696 695
f 2081 695 2080
f 2608 2609 2607
f 2607 2609 2610
f 2607 2610 694
f 694 2610 2611
f 694 2611 695
f 625 34 2606
f 2606 34 33
f 2606 33 36
f 36 2601 2606
f 2606 2601 2602
f 2606 2602 2608
f 2608 2602 2603
f 2608 2603 2609
f 2609 2603 2604
f 2609 2604 2605
f 695 2611 2080
f 2080 2611 2610
f 2080 2610 2079
f 2079 2610 2609
f 2079 2609 2078
f 2078 2609 2605
f 2078 2605 1369
f 296 297 2612
f 334 295 2613
f 2613 295 296
f 2613 296 2614
f 2614 296 2612
f 271 397 2090
f 2090 397 336
f 2090 336 2089
f 2089 336 335
f 2089 335 2087
f 2614 2615 2613
f 2613 2615 2616
f 2613 2616 334
f 334 2616 2617
f 334 2617 335
f 297 29 2612
f 2612 29 28
f 2612 28 26
f 26 2618 2612
f 2612 2618 2619
f 2612 2619 2614
f 2614 2619 2620
f 2614 2620 2615
f 2615 2620 2621
f 2615 2621 2622
f 335 2617 2087
f 2087 2617 2616
f 2087 2616 2086
f 2086 2616 2615
f 2086 2615 2084
f 2084 2615 2622
f 2084 2622 1366
f 1365 1366 2623
f 2623 1366 2622
f 2623 2622 2624
f 2624 2622 2621
f 2624 2621 2625
f 2625 2621 2620
f 2625 2620 2626
f 2626 2620 2619
f 2626 2619 2627
f 2627 2619 2618
f 2627 2618 25
f 25 2618 26
f 2628 2629 2630
f 632 2631 660
f 630 629 2051
f 2051 629 702
f 2051 702 626
f 2051 2053 630
f 630 2053 2632
f 630 2632 631
f 631 2632 2628
f 631 2628 632
f 31 30 660
f 2053 2054 2632
f 2632 2054 2056
f 2632 2056 2628
f 2628 2056 2058
f 2628 2058 2629
f 2629 2058 1365
f 1365 2623 2629
f 2629 2623 2624
f 2629 2624 2630
f 2630 2624 2625
f 2630 2625 2633
f 2633 2625 2626
f 2633 2626 2627
f 632 2628 2631
f 2631 2628 2630
f 2631 2630 660
f 660 2630 2633
f 660 2633 31
f 31 2633 2627
f 31 2627 25
f 2634 2635 2636
f 395 2637 396
f 332 330 2180
f 2180 330 329
f 2180 329 255
f 2180 2182 332
f 332 2182 2638
f 332 2638 333
f 333 2638 2634
f 333 2634 395
f 22 21 396
f 2182 2183 2638
f 2638 2183 2185
f 2638 2185 2634
f 2634 2185 2187
f 2634 2187 2635
f 2635 2187 1391
f 1391 2639 2635
f 2635 2639 2640
f 2635 2640 2636
f 2636 2640 2641
f 2636 2641 2642
f 2642 2641 2643
f 2642 2643 2644
f 395 2634 2637
f 2637 2634 2636
f 2637 2636 396
f 396 2636 2642
f 396 2642 22
f 22 2642 2644
f 22 2644 24
f 20 24 2645
f 2645 24 2644
f 2645 2644 2646
f 2646 2644 2643
f 2646 2643 2647
f 2647 2643 2641
f 2647 2641 2648
f 2648 2641 2640
f 2648 2640 2649
f 2649 2640 2639
f 2649 2639 1393
f 1393 2639 1391
f 634 633 2650
f 703 635 2651
f 2651 635 634
f 2651 634 2652
f 2652 634 2650
f 743 744 2161
f 2161 744 705
f 2161 705 2160
f 2160 705 704
f 2160 704 2159
f 2652 2653 2651
f 2651 2653 2654
f 2651 2654 703
f 703 2654 2655
f 703 2655 704
f 633 18 2650
f 2650 18 17
f 2650 17 20
f 20 2645 2650
f 2650 2645 2646
f 2650 2646 2652
f 2652 2646 2647
f 2652 2647 2653
f 2653 2647 2648
f 2653 2648 2649
f 704 2655 2159
f 2159 2655 2654
f 2159 2654 2158
f 2158 2654 2653
f 2158 2653 2157
f 2157 2653 2649
f 2157 2649 1393
f 2656 2657 2658
f 571 2659 572
f 566 565 2660
f 571 570 2656
f 2656 570 566
f 2656 566 2657
f 2657 566 2660
f 2659 571 2661
f 331 574 2167
f 2167 574 573
f 2167 573 2168
f 573 572 2168
f 2168 572 2659
f 2168 2659 2169
f 2169 2659 2661
f 2162 2164 2661
f 2661 2164 2165
f 2661 2165 2169
f 565 16 2660
f 2660 16 15
f 2660 15 13
f 13 2662 2660
f 2660 2662 2663
f 2660 2663 2657
f 2657 2663 2664
f 2657 2664 2658
f 2658 2664 2665
f 2658 2665 2666
f 571 2656 2661
f 2661 2656 2658
f 2661 2658 2162
f 2162 2658 2666
f 2162 2666 1390
f 1389 1390 2667
f 2667 1390 2666
f 2667 2666 2668
f 2668 2666 2665
f 2668 2665 2669
f 2669 2665 2664
f 2669 2664 2670
f 2670 2664 2663
f 2670 2663 2671
f 2671 2663 2662
f 2671 2662 12
f 12 2662 13
f 2672 2673 2674
f 894 2675 896
f 860 859 2116
f 2116 859 874
f 2116 874 579
f 2116 2120 860
f 860 2120 2676
f 860 2676 893
f 893 2676 2672
f 893 2672 894
f 10 9 896
f 2120 2119 2676
f 2676 2119 2125
f 2676 2125 2672
f 2672 2125 2124
f 2672 2124 2673
f 2673 2124 2122
f 2673 2122 1389
f 1389 2667 2673
f 2673 2667 2668
f 2673 2668 2674
f 2674 2668 2669
f 2674 2669 2677
f 2677 2669 2670
f 2677 2670 2671
f 894 2672 2675
f 2675 2672 2674
f 2675 2674 896
f 896 2674 2677
f 896 2677 10
f 10 2677 2671
f 10 2671 12
# 5354 faces, 0 coords texture

# End of File
