####
#
# OBJ File Generated by Meshlab
#
####
# Object FR_Wheel.obj
#
# Vertices: 1772
# Faces: 3594
#
####
v -0.0601484887301922 0.0336009636521339 0.0095250001177192
v -0.0583440959453583 0.0342264994978905 0.0095250001177192
v -0.0570822432637215 0.0385808646678925 0.0095250001177192
v -0.0201747566461563 -0.0658774971961975 0.0095250001177192
v -0.0145152751356363 -0.0673511102795601 0.0095250001177192
v -0.0161979664117098 -0.0583440959453583 0.0095250001177192
v -0.0603884942829609 0.0078246854245663 0.0095250001177192
v -0.0567204393446445 0.0075864181853831 0.0095250001177192
v -0.0583440959453583 0.0161979664117098 0.0095250001177192
v -0.0246060024946928 -0.0263226144015789 0.0095250001177192
v -0.0347429998219013 -0.0454718172550201 0.0095250001177192
v -0.0161979664117098 -0.0342264994978905 0.0095250001177192
v -0.0263226144015789 0.0246060024946928 0.0095250001177192
v -0.0454718172550201 0.0347429998219013 0.0095250001177192
v -0.0342264994978905 0.0161979664117098 0.0095250001177192
v 0.0256888791918755 0.0639292374253273 0.0095250001177192
v 0.0201747566461563 0.0658774971961975 0.0095250001177192
v 0.0161979664117098 0.0342264994978905 0.0095250001177192
v 0.0263226144015789 -0.0246060024946928 0.0095250001177192
v 0.0454718172550201 -0.0347429998219013 0.0095250001177192
v 0.0342264994978905 -0.0161979664117098 0.0095250001177192
v 0.0649618953466415 -0.0229524988681078 0.0095250001177192
v 0.0666743814945221 -0.0173606593161821 0.0095250001177192
v -0.0012138269376010 -0.0360119715332985 0.0095250001177192
v -0.0008780169300735 -0.0354679003357887 0.0095250001177192
v -0.0003196791803930 -0.0351563915610313 0.0095250001177192
v 0.0003196791803930 -0.0351563915610313 0.0095250001177192
v 0.0161979664117098 -0.0342264994978905 0.0095250001177192
v 0.0008780169300735 -0.0354679003357887 0.0095250001177192
v 0.0012138269376010 -0.0360119715332985 0.0095250001177192
v 0.0075864181853831 -0.0567204393446445 0.0095250001177192
v 0.0161979664117098 -0.0583440959453583 0.0095250001177192
v 0.0078246854245663 -0.0603884942829609 0.0095250001177192
v -0.0035758921876550 -0.0661413893103600 0.0095250001177192
v -0.0063849221915007 -0.0637705773115158 0.0095250001177192
v -0.0078246854245663 -0.0603884942829609 0.0095250001177192
v -0.0075864181853831 -0.0567204393446445 0.0095250001177192
v 0.0145152751356363 -0.0673511102795601 0.0095250001177192
v 0.0063849221915007 -0.0637705773115158 0.0095250001177192
v 0.0087512098252773 -0.0683394595980644 0.0095250001177192
v 0.0035758921876550 -0.0661413893103600 0.0095250001177192
v 0.0029240928124636 -0.0688354223966599 0.0095250001177192
v 0.0000000000000004 -0.0669924989342690 0.0095250001177192
v -0.0029240928124636 -0.0688354223966599 0.0095250001177192
v -0.0087512098252773 -0.0683394595980644 0.0095250001177192
v 0.0601484887301922 -0.0336009636521339 0.0095250001177192
v 0.0482340008020401 -0.0371682271361351 0.0095250001177192
v 0.0570822432637215 -0.0385808646678925 0.0095250001177192
v 0.0496074296534061 -0.0405777841806412 0.0095250001177192
v 0.0536047182977200 -0.0432827882468700 0.0095250001177192
v 0.0492975637316704 -0.0442404858767986 0.0095250001177192
v 0.0497409701347351 -0.0476728565990925 0.0095250001177192
v 0.0473708510398865 -0.0473708510398865 0.0095250001177192
v 0.0455188378691673 -0.0517194457352161 0.0095250001177192
v 0.0442404858767986 -0.0492975637316704 0.0095250001177192
v 0.0409687384963036 -0.0553933940827847 0.0095250001177192
v 0.0405777841806412 -0.0496074296534061 0.0095250001177192
v 0.0342264994978905 -0.0583440959453583 0.0095250001177192
v 0.0627813637256622 -0.0283789653331041 0.0095250001177192
v 0.0212501231580973 -0.0256869848817587 0.0095250001177192
v 0.0246332753449678 -0.0250853709876537 0.0095250001177192
v 0.0243019908666611 -0.0228210892528296 0.0095250001177192
v 0.0250853709876537 -0.0246332753449678 0.0095250001177192
v 0.0269706044346094 -0.0195952914655209 0.0095250001177192
v 0.0347429998219013 -0.0454718172550201 0.0095250001177192
v 0.0178631264716387 -0.0281477831304073 0.0095250001177192
v 0.0246060024946928 -0.0263226144015789 0.0095250001177192
v 0.0244587417691946 -0.0257004462182522 0.0095250001177192
v 0.0371682271361351 -0.0482340008020401 0.0095250001177192
v 0.0601484887301922 0.0336009636521339 0.0095250001177192
v 0.0570822432637215 0.0385808646678925 0.0095250001177192
v 0.0496074296534061 0.0405777841806412 0.0095250001177192
v 0.0492975637316704 0.0442404858767986 0.0095250001177192
v 0.0536047182977200 0.0432827882468700 0.0095250001177192
v 0.0473708510398865 0.0473708510398865 0.0095250001177192
v 0.0497409701347351 0.0476728565990925 0.0095250001177192
v 0.0442404858767986 0.0492975637316704 0.0095250001177192
v 0.0455188378691673 0.0517194457352161 0.0095250001177192
v 0.0405777841806412 0.0496074296534061 0.0095250001177192
v 0.0409687384963036 0.0553933940827847 0.0095250001177192
v 0.0371682271361351 0.0482340008020401 0.0095250001177192
v 0.0310179125517607 0.0615203604102135 0.0095250001177192
v 0.0454718172550201 0.0347429998219013 0.0095250001177192
v 0.0263226144015789 0.0246060024946928 0.0095250001177192
v 0.0292138736695051 0.0160604622215033 0.0095250001177192
v 0.0269706044346094 0.0195952914655209 0.0095250001177192
v 0.0257004462182522 0.0244587417691946 0.0095250001177192
v 0.0243019908666611 0.0228210892528296 0.0095250001177192
v 0.0250853709876537 0.0246332753449678 0.0095250001177192
v 0.0212501231580973 0.0256869848817587 0.0095250001177192
v 0.0361234620213509 0.0586682297289371 0.0095250001177192
v 0.0347429998219013 0.0454718172550201 0.0095250001177192
v 0.0246060024946928 0.0263226144015789 0.0095250001177192
v 0.0178631264716387 0.0281477831304073 0.0095250001177192
v 0.0244587417691946 0.0257004462182522 0.0095250001177192
v 0.0246332753449678 0.0250853709876537 0.0095250001177192
v 0.0482340008020401 0.0371682271361351 0.0095250001177192
v 0.0627813637256622 0.0283789653331041 0.0095250001177192
v 0.0342264994978905 0.0161979664117098 0.0095250001177192
v -0.0347429998219013 0.0454718172550201 0.0095250001177192
v -0.0246060024946928 0.0263226144015789 0.0095250001177192
v -0.0178631264716387 0.0281477831304073 0.0095250001177192
v -0.0212501231580973 0.0256869848817587 0.0095250001177192
v -0.0244587417691946 0.0257004462182522 0.0095250001177192
v -0.0246332753449678 0.0250853709876537 0.0095250001177192
v -0.0243019908666611 0.0228210892528296 0.0095250001177192
v -0.0250853709876537 0.0246332753449678 0.0095250001177192
v -0.0269706044346094 0.0195952914655209 0.0095250001177192
v -0.0371682271361351 -0.0482340008020401 0.0095250001177192
v -0.0342264994978905 -0.0583440959453583 0.0095250001177192
v -0.0454718172550201 -0.0347429998219013 0.0095250001177192
v -0.0263226144015789 -0.0246060024946928 0.0095250001177192
v -0.0292138736695051 -0.0160604622215033 0.0095250001177192
v -0.0269706044346094 -0.0195952914655209 0.0095250001177192
v -0.0257004462182522 -0.0244587417691946 0.0095250001177192
v -0.0243019908666611 -0.0228210892528296 0.0095250001177192
v -0.0250853709876537 -0.0246332753449678 0.0095250001177192
v -0.0212501231580973 -0.0256869848817587 0.0095250001177192
v -0.0246332753449678 -0.0250853709876537 0.0095250001177192
v -0.0244587417691946 -0.0257004462182522 0.0095250001177192
v -0.0178631264716387 -0.0281477831304073 0.0095250001177192
v -0.0354679003357887 -0.0008780169300735 0.0095250001177192
v -0.0360119715332985 -0.0012138269376010 0.0095250001177192
v -0.0342264994978905 -0.0161979664117098 0.0095250001177192
v -0.0583440959453583 -0.0161979664117098 0.0095250001177192
v -0.0583440959453583 -0.0342264994978905 0.0095250001177192
v -0.0482340008020401 -0.0371682271361351 0.0095250001177192
v -0.0360119715332985 0.0012138269376010 0.0095250001177192
v -0.0354679003357887 0.0008780169300735 0.0095250001177192
v -0.0351563915610313 0.0003196791803930 0.0095250001177192
v -0.0351563915610313 -0.0003196791803930 0.0095250001177192
v -0.0567204393446445 -0.0075864181853831 0.0095250001177192
v -0.0603884942829609 -0.0078246854245663 0.0095250001177192
v -0.0637705773115158 -0.0063849221915007 0.0095250001177192
v -0.0637705773115158 0.0063849221915007 0.0095250001177192
v -0.0679064691066742 0.0116437338292599 0.0095250001177192
v -0.0661413893103600 0.0035758921876550 0.0095250001177192
v -0.0686492994427681 0.0058429162018001 0.0095250001177192
v -0.0669924989342690 -0.0000000000000002 0.0095250001177192
v -0.0688975006341934 -0.0000000000000003 0.0095250001177192
v -0.0661413893103600 -0.0035758921876550 0.0095250001177192
v -0.0686492994427681 -0.0058429162018001 0.0095250001177192
v -0.0679064691066742 -0.0116437338292599 0.0095250001177192
v -0.0666743814945221 -0.0173606593161821 0.0095250001177192
v -0.0666743814945221 0.0173606593161821 0.0095250001177192
v -0.0649618953466415 0.0229524988681078 0.0095250001177192
v 0.0360119715332985 0.0012138269376010 0.0095250001177192
v 0.0666743814945221 0.0173606593161821 0.0095250001177192
v 0.0649618953466415 0.0229524988681078 0.0095250001177192
v 0.0354679003357887 -0.0008780169300735 0.0095250001177192
v 0.0351563915610313 -0.0003196791803930 0.0095250001177192
v 0.0351563915610313 0.0003196791803930 0.0095250001177192
v 0.0354679003357887 0.0008780169300735 0.0095250001177192
v 0.0567204393446445 0.0075864181853831 0.0095250001177192
v 0.0603884942829609 0.0078246854245663 0.0095250001177192
v 0.0679064691066742 0.0116437338292599 0.0095250001177192
v 0.0637705773115158 0.0063849221915007 0.0095250001177192
v 0.0686492994427681 0.0058429162018001 0.0095250001177192
v 0.0661413893103600 0.0035758921876550 0.0095250001177192
v 0.0688975006341934 0.0000000000000001 0.0095250001177192
v 0.0669924989342690 0.0000000000000000 0.0095250001177192
v 0.0686492994427681 -0.0058429162018001 0.0095250001177192
v 0.0661413893103600 -0.0035758921876550 0.0095250001177192
v 0.0679064691066742 -0.0116437338292599 0.0095250001177192
v 0.0637705773115158 -0.0063849221915007 0.0095250001177192
v 0.0603884942829609 -0.0078246854245663 0.0095250001177192
v 0.0567204393446445 -0.0075864181853831 0.0095250001177192
v 0.0360119715332985 -0.0012138269376010 0.0095250001177192
v 0.0201747566461563 -0.0658774971961975 0.0095250001177192
v 0.0256888791918755 -0.0639292374253273 0.0095250001177192
v 0.0310179125517607 -0.0615203604102135 0.0095250001177192
v 0.0361234620213509 -0.0586682297289371 0.0095250001177192
v -0.0496074296534061 -0.0405777841806412 0.0095250001177192
v -0.0570822432637215 -0.0385808646678925 0.0095250001177192
v -0.0492975637316704 -0.0442404858767986 0.0095250001177192
v -0.0536047182977200 -0.0432827882468700 0.0095250001177192
v -0.0473708510398865 -0.0473708510398865 0.0095250001177192
v -0.0497409701347351 -0.0476728565990925 0.0095250001177192
v -0.0442404858767986 -0.0492975637316704 0.0095250001177192
v -0.0455188378691673 -0.0517194457352161 0.0095250001177192
v -0.0405777841806412 -0.0496074296534061 0.0095250001177192
v -0.0409687384963036 -0.0553933940827847 0.0095250001177192
v -0.0361234620213509 -0.0586682297289371 0.0095250001177192
v -0.0310179125517607 -0.0615203604102135 0.0095250001177192
v -0.0256888791918755 -0.0639292374253273 0.0095250001177192
v -0.0649618953466415 -0.0229524988681078 0.0095250001177192
v -0.0627813637256622 -0.0283789653331041 0.0095250001177192
v -0.0601484887301922 -0.0336009636521339 0.0095250001177192
v -0.0627813637256622 0.0283789653331041 0.0095250001177192
v 0.0012138269376010 0.0360119715332985 0.0095250001177192
v 0.0008780169300735 0.0354679003357887 0.0095250001177192
v 0.0075864181853831 0.0567204393446445 0.0095250001177192
v 0.0078246854245663 0.0603884942829609 0.0095250001177192
v 0.0003196791803930 0.0351563915610313 0.0095250001177192
v -0.0003196791803930 0.0351563915610313 0.0095250001177192
v -0.0161979664117098 0.0342264994978905 0.0095250001177192
v -0.0008780169300735 0.0354679003357887 0.0095250001177192
v -0.0012138269376010 0.0360119715332985 0.0095250001177192
v -0.0201747566461563 0.0658774971961975 0.0095250001177192
v -0.0256888791918755 0.0639292374253273 0.0095250001177192
v -0.0310179125517607 0.0615203604102135 0.0095250001177192
v -0.0371682271361351 0.0482340008020401 0.0095250001177192
v -0.0361234620213509 0.0586682297289371 0.0095250001177192
v -0.0405777841806412 0.0496074296534061 0.0095250001177192
v -0.0409687384963036 0.0553933940827847 0.0095250001177192
v -0.0442404858767986 0.0492975637316704 0.0095250001177192
v -0.0455188378691673 0.0517194457352161 0.0095250001177192
v -0.0473708510398865 0.0473708510398865 0.0095250001177192
v -0.0497409701347351 0.0476728565990925 0.0095250001177192
v -0.0492975637316704 0.0442404858767986 0.0095250001177192
v -0.0536047182977200 0.0432827882468700 0.0095250001177192
v -0.0496074296534061 0.0405777841806412 0.0095250001177192
v -0.0482340008020401 0.0371682271361351 0.0095250001177192
v 0.0063849221915007 0.0637705773115158 0.0095250001177192
v 0.0145152751356363 0.0673511102795601 0.0095250001177192
v 0.0035758921876550 0.0661413893103600 0.0095250001177192
v -0.0075864181853831 0.0567204393446445 0.0095250001177192
v -0.0078246854245663 0.0603884942829609 0.0095250001177192
v -0.0145152751356363 0.0673511102795601 0.0095250001177192
v -0.0063849221915007 0.0637705773115158 0.0095250001177192
v -0.0087512098252773 0.0683394595980644 0.0095250001177192
v -0.0035758921876550 0.0661413893103600 0.0095250001177192
v -0.0029240928124636 0.0688354223966599 0.0095250001177192
v -0.0000000000000009 0.0669924989342690 0.0095250001177192
v 0.0029240928124636 0.0688354223966599 0.0095250001177192
v 0.0087512098252773 0.0683394595980644 0.0095250001177192
v 0.0309964232146740 0.0122723523527384 0.0095250001177192
v 0.0322901420295238 0.0082906987518072 0.0095250001177192
v 0.0257004462182522 -0.0244587417691946 0.0095250001177192
v 0.0292138736695051 -0.0160604622215033 0.0095250001177192
v 0.0309964232146740 -0.0122723523527384 0.0095250001177192
v 0.0322901420295238 -0.0082906987518072 0.0095250001177192
v 0.0330746248364449 0.0041782967746258 0.0095250001177192
v 0.0333374999463558 0.0000000000000001 0.0095250001177192
v 0.0330746248364449 -0.0041782967746258 0.0095250001177192
v -0.0141944168135524 0.0301646720618010 0.0095250001177192
v -0.0103018544614315 0.0317058451473713 0.0095250001177192
v 0.0062468247488141 0.0327470004558563 0.0095250001177192
v 0.0103018544614315 0.0317058451473713 0.0095250001177192
v 0.0141944168135524 0.0301646720618010 0.0095250001177192
v -0.0062468247488141 0.0327470004558563 0.0095250001177192
v -0.0020932790357620 0.0332717150449753 0.0095250001177192
v 0.0020932790357620 0.0332717150449753 0.0095250001177192
v -0.0257004462182522 0.0244587417691946 0.0095250001177192
v -0.0292138736695051 0.0160604622215033 0.0095250001177192
v -0.0309964232146740 0.0122723523527384 0.0095250001177192
v -0.0322901420295238 0.0082906987518072 0.0095250001177192
v -0.0309964232146740 -0.0122723523527384 0.0095250001177192
v -0.0322901420295238 -0.0082906987518072 0.0095250001177192
v -0.0330746248364449 -0.0041782967746258 0.0095250001177192
v -0.0333374999463558 -0.0000000000000003 0.0095250001177192
v -0.0330746248364449 0.0041782967746258 0.0095250001177192
v -0.0141944168135524 -0.0301646720618010 0.0095250001177192
v -0.0103018544614315 -0.0317058451473713 0.0095250001177192
v 0.0141944168135524 -0.0301646720618010 0.0095250001177192
v 0.0103018544614315 -0.0317058451473713 0.0095250001177192
v 0.0062468247488141 -0.0327470004558563 0.0095250001177192
v 0.0020932790357620 -0.0332717150449753 0.0095250001177192
v -0.0020932790357620 -0.0332717150449753 0.0095250001177192
v -0.0062468247488141 -0.0327470004558563 0.0095250001177192
v -0.0570822432637215 0.0385808646678925 -0.0095250001177192
v -0.0583440959453583 0.0342264994978905 -0.0095250001177192
v -0.0601484887301922 0.0336009636521339 -0.0095250001177192
v -0.0201747566461563 0.0658774971961975 -0.0095250001177192
v -0.0145152751356363 0.0673511102795601 -0.0095250001177192
v -0.0161979664117098 0.0583440959453583 -0.0095250001177192
v 0.0409687384963036 0.0553933940827847 -0.0095250001177192
v 0.0342264994978905 0.0583440959453583 -0.0095250001177192
v 0.0361234620213509 0.0586682297289371 -0.0095250001177192
v 0.0354679003357887 0.0008780169300735 -0.0095250001177192
v 0.0351563915610313 0.0003196791803930 -0.0095250001177192
v 0.0342264994978905 0.0161979664117098 -0.0095250001177192
v -0.0482340008020401 0.0371682271361351 -0.0095250001177192
v -0.0454718172550201 0.0347429998219013 -0.0095250001177192
v -0.0078246854245663 0.0603884942829609 -0.0095250001177192
v -0.0075864181853831 0.0567204393446445 -0.0095250001177192
v 0.0649618953466415 0.0229524988681078 -0.0095250001177192
v 0.0666743814945221 0.0173606593161821 -0.0095250001177192
v 0.0454718172550201 -0.0347429998219013 -0.0095250001177192
v 0.0342264994978905 -0.0287900771945715 -0.0095250001177192
v 0.0342264994978905 -0.0161979664117098 -0.0095250001177192
v 0.0482340008020401 -0.0371682271361351 -0.0095250001177192
v 0.0601484887301922 -0.0336009636521339 -0.0095250001177192
v 0.0496074296534061 -0.0405777841806412 -0.0095250001177192
v 0.0570822432637215 -0.0385808646678925 -0.0095250001177192
v 0.0492975637316704 -0.0442404858767986 -0.0095250001177192
v 0.0536047182977200 -0.0432827882468700 -0.0095250001177192
v 0.0473708510398865 -0.0473708510398865 -0.0095250001177192
v 0.0497409701347351 -0.0476728565990925 -0.0095250001177192
v 0.0442404858767986 -0.0492975637316704 -0.0095250001177192
v 0.0455188378691673 -0.0517194457352161 -0.0095250001177192
v 0.0405777841806412 -0.0496074296534061 -0.0095250001177192
v 0.0409687384963036 -0.0553933940827847 -0.0095250001177192
v 0.0371682271361351 -0.0482340008020401 -0.0095250001177192
v 0.0246060024946928 -0.0263226144015789 -0.0095250001177192
v 0.0287900771945715 -0.0342264994978905 -0.0095250001177192
v 0.0161979664117098 -0.0342264994978905 -0.0095250001177192
v 0.0347429998219013 -0.0454718172550201 -0.0095250001177192
v 0.0178631264716387 -0.0281477831304073 -0.0095250001177192
v 0.0212501231580973 -0.0256869848817587 -0.0095250001177192
v 0.0244587417691946 -0.0257004462182522 -0.0095250001177192
v 0.0292138736695051 -0.0160604622215033 -0.0095250001177192
v 0.0263226144015789 -0.0246060024946928 -0.0095250001177192
v 0.0269706044346094 -0.0195952914655209 -0.0095250001177192
v 0.0257004462182522 -0.0244587417691946 -0.0095250001177192
v 0.0243019908666611 -0.0228210892528296 -0.0095250001177192
v 0.0250853709876537 -0.0246332753449678 -0.0095250001177192
v 0.0246332753449678 -0.0250853709876537 -0.0095250001177192
v 0.0666743814945221 -0.0173606593161821 -0.0095250001177192
v 0.0649618953466415 -0.0229524988681078 -0.0095250001177192
v 0.0627813637256622 -0.0283789653331041 -0.0095250001177192
v 0.0342264994978905 0.0287900771945715 -0.0095250001177192
v 0.0454718172550201 0.0347429998219013 -0.0095250001177192
v 0.0627813637256622 0.0283789653331041 -0.0095250001177192
v 0.0601484887301922 0.0336009636521339 -0.0095250001177192
v 0.0482340008020401 0.0371682271361351 -0.0095250001177192
v 0.0570822432637215 0.0385808646678925 -0.0095250001177192
v 0.0496074296534061 0.0405777841806412 -0.0095250001177192
v 0.0536047182977200 0.0432827882468700 -0.0095250001177192
v 0.0492975637316704 0.0442404858767986 -0.0095250001177192
v 0.0497409701347351 0.0476728565990925 -0.0095250001177192
v 0.0473708510398865 0.0473708510398865 -0.0095250001177192
v 0.0455188378691673 0.0517194457352161 -0.0095250001177192
v 0.0442404858767986 0.0492975637316704 -0.0095250001177192
v 0.0405777841806412 0.0496074296534061 -0.0095250001177192
v 0.0371682271361351 0.0482340008020401 -0.0095250001177192
v 0.0347429998219013 0.0454718172550201 -0.0095250001177192
v 0.0269706044346094 0.0195952914655209 -0.0095250001177192
v 0.0257004462182522 0.0244587417691946 -0.0095250001177192
v 0.0263226144015789 0.0246060024946928 -0.0095250001177192
v 0.0250853709876537 0.0246332753449678 -0.0095250001177192
v 0.0243019908666611 0.0228210892528296 -0.0095250001177192
v 0.0246332753449678 0.0250853709876537 -0.0095250001177192
v 0.0212501231580973 0.0256869848817587 -0.0095250001177192
v 0.0244587417691946 0.0257004462182522 -0.0095250001177192
v 0.0292138736695051 0.0160604622215033 -0.0095250001177192
v 0.0003196791803930 0.0351563915610313 -0.0095250001177192
v 0.0161979664117098 0.0342264994978905 -0.0095250001177192
v -0.0003196791803930 0.0351563915610313 -0.0095250001177192
v -0.0161979664117098 0.0342264994978905 -0.0095250001177192
v -0.0008780169300735 0.0354679003357887 -0.0095250001177192
v -0.0012138269376010 0.0360119715332985 -0.0095250001177192
v 0.0008780169300735 0.0354679003357887 -0.0095250001177192
v 0.0012138269376010 0.0360119715332985 -0.0095250001177192
v 0.0161979664117098 0.0583440959453583 -0.0095250001177192
v 0.0075864181853831 0.0567204393446445 -0.0095250001177192
v 0.0078246854245663 0.0603884942829609 -0.0095250001177192
v 0.0035758921876550 0.0661413893103600 -0.0095250001177192
v 0.0087512098252773 0.0683394595980644 -0.0095250001177192
v 0.0063849221915007 0.0637705773115158 -0.0095250001177192
v 0.0145152751356363 0.0673511102795601 -0.0095250001177192
v -0.0063849221915007 0.0637705773115158 -0.0095250001177192
v -0.0035758921876550 0.0661413893103600 -0.0095250001177192
v -0.0087512098252773 0.0683394595980644 -0.0095250001177192
v -0.0000000000000009 0.0669924989342690 -0.0095250001177192
v -0.0029240928124636 0.0688354223966599 -0.0095250001177192
v 0.0029240928124636 0.0688354223966599 -0.0095250001177192
v -0.0246060024946928 0.0263226144015789 -0.0095250001177192
v -0.0287900771945715 0.0342264994978905 -0.0095250001177192
v -0.0347429998219013 0.0454718172550201 -0.0095250001177192
v -0.0371682271361351 0.0482340008020401 -0.0095250001177192
v -0.0342264994978905 0.0583440959453583 -0.0095250001177192
v -0.0246332753449678 0.0250853709876537 -0.0095250001177192
v -0.0244587417691946 0.0257004462182522 -0.0095250001177192
v -0.0212501231580973 0.0256869848817587 -0.0095250001177192
v -0.0178631264716387 0.0281477831304073 -0.0095250001177192
v -0.0583440959453583 -0.0342264994978905 -0.0095250001177192
v -0.0454718172550201 -0.0347429998219013 -0.0095250001177192
v -0.0482340008020401 -0.0371682271361351 -0.0095250001177192
v -0.0583440959453583 -0.0161979664117098 -0.0095250001177192
v -0.0342264994978905 -0.0161979664117098 -0.0095250001177192
v -0.0342264994978905 -0.0287900771945715 -0.0095250001177192
v -0.0263226144015789 -0.0246060024946928 -0.0095250001177192
v -0.0212501231580973 -0.0256869848817587 -0.0095250001177192
v -0.0178631264716387 -0.0281477831304073 -0.0095250001177192
v -0.0246060024946928 -0.0263226144015789 -0.0095250001177192
v -0.0244587417691946 -0.0257004462182522 -0.0095250001177192
v -0.0246332753449678 -0.0250853709876537 -0.0095250001177192
v -0.0243019908666611 -0.0228210892528296 -0.0095250001177192
v -0.0250853709876537 -0.0246332753449678 -0.0095250001177192
v -0.0269706044346094 -0.0195952914655209 -0.0095250001177192
v -0.0201747566461563 -0.0658774971961975 -0.0095250001177192
v -0.0256888791918755 -0.0639292374253273 -0.0095250001177192
v -0.0161979664117098 -0.0342264994978905 -0.0095250001177192
v -0.0310179125517607 -0.0615203604102135 -0.0095250001177192
v -0.0287900771945715 -0.0342264994978905 -0.0095250001177192
v -0.0347429998219013 -0.0454718172550201 -0.0095250001177192
v -0.0371682271361351 -0.0482340008020401 -0.0095250001177192
v -0.0361234620213509 -0.0586682297289371 -0.0095250001177192
v -0.0405777841806412 -0.0496074296534061 -0.0095250001177192
v -0.0409687384963036 -0.0553933940827847 -0.0095250001177192
v -0.0442404858767986 -0.0492975637316704 -0.0095250001177192
v -0.0455188378691673 -0.0517194457352161 -0.0095250001177192
v -0.0473708510398865 -0.0473708510398865 -0.0095250001177192
v -0.0497409701347351 -0.0476728565990925 -0.0095250001177192
v -0.0492975637316704 -0.0442404858767986 -0.0095250001177192
v -0.0536047182977200 -0.0432827882468700 -0.0095250001177192
v -0.0496074296534061 -0.0405777841806412 -0.0095250001177192
v -0.0570822432637215 -0.0385808646678925 -0.0095250001177192
v -0.0351563915610313 0.0003196791803930 -0.0095250001177192
v -0.0342264994978905 0.0161979664117098 -0.0095250001177192
v -0.0351563915610313 -0.0003196791803930 -0.0095250001177192
v -0.0354679003357887 -0.0008780169300735 -0.0095250001177192
v -0.0360119715332985 -0.0012138269376010 -0.0095250001177192
v -0.0354679003357887 0.0008780169300735 -0.0095250001177192
v -0.0360119715332985 0.0012138269376010 -0.0095250001177192
v -0.0583440959453583 0.0161979664117098 -0.0095250001177192
v -0.0567204393446445 0.0075864181853831 -0.0095250001177192
v -0.0603884942829609 0.0078246854245663 -0.0095250001177192
v -0.0637705773115158 0.0063849221915007 -0.0095250001177192
v -0.0649618953466415 -0.0229524988681078 -0.0095250001177192
v -0.0666743814945221 -0.0173606593161821 -0.0095250001177192
v -0.0679064691066742 -0.0116437338292599 -0.0095250001177192
v -0.0567204393446445 -0.0075864181853831 -0.0095250001177192
v -0.0603884942829609 -0.0078246854245663 -0.0095250001177192
v -0.0637705773115158 -0.0063849221915007 -0.0095250001177192
v -0.0292138736695051 0.0160604622215033 -0.0095250001177192
v -0.0309964232146740 0.0122723523527384 -0.0095250001177192
v -0.0322901420295238 0.0082906987518072 -0.0095250001177192
v -0.0257004462182522 -0.0244587417691946 -0.0095250001177192
v -0.0292138736695051 -0.0160604622215033 -0.0095250001177192
v -0.0309964232146740 -0.0122723523527384 -0.0095250001177192
v -0.0322901420295238 -0.0082906987518072 -0.0095250001177192
v -0.0330746248364449 0.0041782967746258 -0.0095250001177192
v -0.0333374999463558 -0.0000000000000003 -0.0095250001177192
v -0.0330746248364449 -0.0041782967746258 -0.0095250001177192
v -0.0141944168135524 0.0301646720618010 -0.0095250001177192
v -0.0103018544614315 0.0317058451473713 -0.0095250001177192
v 0.0178631264716387 0.0281477831304073 -0.0095250001177192
v 0.0141944168135524 0.0301646720618010 -0.0095250001177192
v 0.0103018544614315 0.0317058451473713 -0.0095250001177192
v 0.0062468247488141 0.0327470004558563 -0.0095250001177192
v 0.0020932790357620 0.0332717150449753 -0.0095250001177192
v -0.0020932790357620 0.0332717150449753 -0.0095250001177192
v -0.0062468247488141 0.0327470004558563 -0.0095250001177192
v 0.0333374999463558 0.0000000000000001 -0.0095250001177192
v 0.0330746248364449 0.0041782967746258 -0.0095250001177192
v 0.0309964232146740 -0.0122723523527384 -0.0095250001177192
v 0.0322901420295238 0.0082906987518072 -0.0095250001177192
v 0.0309964232146740 0.0122723523527384 -0.0095250001177192
v 0.0322901420295238 -0.0082906987518072 -0.0095250001177192
v 0.0330746248364449 -0.0041782967746258 -0.0095250001177192
v 0.0141944168135524 -0.0301646720618010 -0.0095250001177192
v 0.0103018544614315 -0.0317058451473713 -0.0095250001177192
v -0.0141944168135524 -0.0301646720618010 -0.0095250001177192
v -0.0103018544614315 -0.0317058451473713 -0.0095250001177192
v -0.0062468247488141 -0.0327470004558563 -0.0095250001177192
v -0.0020932790357620 -0.0332717150449753 -0.0095250001177192
v 0.0020932790357620 -0.0332717150449753 -0.0095250001177192
v 0.0062468247488141 -0.0327470004558563 -0.0095250001177192
v -0.0601484887301922 -0.0336009636521339 -0.0095250001177192
v -0.0627813637256622 -0.0283789653331041 -0.0095250001177192
v 0.0003196791803930 -0.0351563915610313 -0.0095250001177192
v -0.0003196791803930 -0.0351563915610313 -0.0095250001177192
v -0.0008780169300735 -0.0354679003357887 -0.0095250001177192
v -0.0012138269376010 -0.0360119715332985 -0.0095250001177192
v 0.0075864181853831 -0.0567204393446445 -0.0095250001177192
v 0.0012138269376010 -0.0360119715332985 -0.0095250001177192
v 0.0008780169300735 -0.0354679003357887 -0.0095250001177192
v -0.0035758921876550 -0.0661413893103600 -0.0095250001177192
v -0.0087512098252773 -0.0683394595980644 -0.0095250001177192
v -0.0063849221915007 -0.0637705773115158 -0.0095250001177192
v -0.0145152751356363 -0.0673511102795601 -0.0095250001177192
v -0.0078246854245663 -0.0603884942829609 -0.0095250001177192
v -0.0075864181853831 -0.0567204393446445 -0.0095250001177192
v 0.0078246854245663 -0.0603884942829609 -0.0095250001177192
v 0.0201747566461563 -0.0658774971961975 -0.0095250001177192
v 0.0063849221915007 -0.0637705773115158 -0.0095250001177192
v 0.0145152751356363 -0.0673511102795601 -0.0095250001177192
v 0.0035758921876550 -0.0661413893103600 -0.0095250001177192
v 0.0087512098252773 -0.0683394595980644 -0.0095250001177192
v 0.0000000000000004 -0.0669924989342690 -0.0095250001177192
v 0.0029240928124636 -0.0688354223966599 -0.0095250001177192
v -0.0029240928124636 -0.0688354223966599 -0.0095250001177192
v 0.0256888791918755 -0.0639292374253273 -0.0095250001177192
v 0.0310179125517607 -0.0615203604102135 -0.0095250001177192
v 0.0361234620213509 -0.0586682297289371 -0.0095250001177192
v 0.0351563915610313 -0.0003196791803930 -0.0095250001177192
v 0.0354679003357887 -0.0008780169300735 -0.0095250001177192
v 0.0360119715332985 -0.0012138269376010 -0.0095250001177192
v 0.0567204393446445 -0.0075864181853831 -0.0095250001177192
v 0.0603884942829609 -0.0078246854245663 -0.0095250001177192
v 0.0679064691066742 -0.0116437338292599 -0.0095250001177192
v 0.0637705773115158 -0.0063849221915007 -0.0095250001177192
v 0.0686492994427681 -0.0058429162018001 -0.0095250001177192
v 0.0661413893103600 -0.0035758921876550 -0.0095250001177192
v 0.0688975006341934 0.0000000000000001 -0.0095250001177192
v 0.0669924989342690 0.0000000000000000 -0.0095250001177192
v 0.0686492994427681 0.0058429162018001 -0.0095250001177192
v 0.0661413893103600 0.0035758921876550 -0.0095250001177192
v 0.0679064691066742 0.0116437338292599 -0.0095250001177192
v 0.0637705773115158 0.0063849221915007 -0.0095250001177192
v 0.0603884942829609 0.0078246854245663 -0.0095250001177192
v 0.0567204393446445 0.0075864181853831 -0.0095250001177192
v 0.0360119715332985 0.0012138269376010 -0.0095250001177192
v 0.0256888791918755 0.0639292374253273 -0.0095250001177192
v 0.0310179125517607 0.0615203604102135 -0.0095250001177192
v 0.0201747566461563 0.0658774971961975 -0.0095250001177192
v 0.0246060024946928 0.0263226144015789 -0.0095250001177192
v 0.0287900771945715 0.0342264994978905 -0.0095250001177192
v -0.0496074296534061 0.0405777841806412 -0.0095250001177192
v -0.0492975637316704 0.0442404858767986 -0.0095250001177192
v -0.0536047182977200 0.0432827882468700 -0.0095250001177192
v -0.0473708510398865 0.0473708510398865 -0.0095250001177192
v -0.0497409701347351 0.0476728565990925 -0.0095250001177192
v -0.0442404858767986 0.0492975637316704 -0.0095250001177192
v -0.0455188378691673 0.0517194457352161 -0.0095250001177192
v -0.0405777841806412 0.0496074296534061 -0.0095250001177192
v -0.0409687384963036 0.0553933940827847 -0.0095250001177192
v -0.0361234620213509 0.0586682297289371 -0.0095250001177192
v -0.0310179125517607 0.0615203604102135 -0.0095250001177192
v -0.0256888791918755 0.0639292374253273 -0.0095250001177192
v -0.0649618953466415 0.0229524988681078 -0.0095250001177192
v -0.0627813637256622 0.0283789653331041 -0.0095250001177192
v -0.0661413893103600 -0.0035758921876550 -0.0095250001177192
v -0.0686492994427681 -0.0058429162018001 -0.0095250001177192
v -0.0669924989342690 -0.0000000000000002 -0.0095250001177192
v -0.0688975006341934 -0.0000000000000003 -0.0095250001177192
v -0.0661413893103600 0.0035758921876550 -0.0095250001177192
v -0.0686492994427681 0.0058429162018001 -0.0095250001177192
v -0.0679064691066742 0.0116437338292599 -0.0095250001177192
v -0.0666743814945221 0.0173606593161821 -0.0095250001177192
v -0.0250853709876537 0.0246332753449678 -0.0095250001177192
v -0.0243019908666611 0.0228210892528296 -0.0095250001177192
v -0.0257004462182522 0.0244587417691946 -0.0095250001177192
v -0.0269706044346094 0.0195952914655209 -0.0095250001177192
v -0.0263226144015789 0.0246060024946928 -0.0095250001177192
v -0.0342264994978905 0.0287900771945715 -0.0095250001177192
v -0.0307525154203176 -0.0078959036618471 -0.0152399996295571
v -0.0258827637881041 -0.0106304651126266 -0.0152399996295571
v -0.0278227366507053 -0.0152956787496805 -0.0152399996295571
v -0.0009898670250550 0.0204152502119541 -0.0152399996295571
v -0.0011429999722168 0.0198437497019768 -0.0152399996295571
v -0.0098112896084785 0.0301960445940495 -0.0152399996295571
v 0.0256862901151180 0.0186621826142073 -0.0152399996295571
v 0.0295204035937786 0.0116879548877478 -0.0152399996295571
v 0.0152681954205036 0.0129879033192992 -0.0152399996295571
v 0.0183010268956423 0.0071219229139388 -0.0152399996295571
v 0.0178826600313187 0.0067035560496151 -0.0152399996295571
v 0.0152681954205036 0.0068125277757645 -0.0152399996295571
v 0.0177295282483101 0.0061320560052991 -0.0152399996295571
v 0.0178826600313187 0.0055605559609830 -0.0152399996295571
v 0.0152681954205036 -0.0006804720032960 -0.0152399996295571
v 0.0317500010132790 -0.0000000000000001 -0.0152399996295571
v 0.0198623947799206 0.0055605559609830 -0.0152399996295571
v 0.0314996428787708 0.0039793299511075 -0.0152399996295571
v 0.0200155284255743 0.0061320560052991 -0.0152399996295571
v 0.0183010268956423 0.0051421890966594 -0.0152399996295571
v 0.0188725274056196 0.0049890559166670 -0.0152399996295571
v 0.0194440279155970 0.0051421890966594 -0.0152399996295571
v 0.0188725274056196 0.0072750560939312 -0.0152399996295571
v 0.0194440279155970 0.0071219229139388 -0.0152399996295571
v 0.0198623947799206 0.0067035560496151 -0.0152399996295571
v -0.0009898670250550 0.0192722491919994 -0.0152399996295571
v -0.0037465000059456 0.0129879033192992 -0.0152399996295571
v 0.0011429999722168 0.0198437497019768 -0.0152399996295571
v 0.0009898670250550 0.0204152502119541 -0.0152399996295571
v 0.0059493565931916 0.0311876200139523 -0.0152399996295571
v 0.0005714999861084 0.0208336170762777 -0.0152399996295571
v -0.0019935988821089 0.0316873490810394 -0.0152399996295571
v 0.0000000000000000 0.0209867507219315 -0.0152399996295571
v -0.0005714999861084 0.0208336170762777 -0.0152399996295571
v 0.0009898670250550 0.0192722491919994 -0.0152399996295571
v 0.0037465000059456 0.0129879033192992 -0.0152399996295571
v 0.0084354318678379 0.0129879033192992 -0.0152399996295571
v 0.0135184926912189 0.0287282597273588 -0.0152399996295571
v 0.0202382113784552 0.0244637951254845 -0.0152399996295571
v -0.0005714999861084 0.0188538823276758 -0.0152399996295571
v 0.0000000000000000 0.0187007505446672 -0.0152399996295571
v 0.0005714999861084 0.0188538823276758 -0.0152399996295571
v -0.0152681954205036 0.0129879033192992 -0.0152399996295571
v -0.0170125011354685 0.0268074125051498 -0.0152399996295571
v -0.0258827637881041 -0.0006804720032960 -0.0152399996295571
v -0.0317500010132790 -0.0000000000000001 -0.0152399996295571
v -0.0307525154203176 0.0078959036618471 -0.0152399996295571
v -0.0231447536498308 -0.0217343699187040 -0.0152399996295571
v -0.0152681954205036 -0.0106304651126266 -0.0152399996295571
v -0.0170125011354685 -0.0268074125051498 -0.0152399996295571
v -0.0152681954205036 -0.0244734659790993 -0.0152399996295571
v -0.0098112896084785 -0.0301960445940495 -0.0152399996295571
v -0.0037465000059456 -0.0244734659790993 -0.0152399996295571
v -0.0019935988821089 -0.0316873490810394 -0.0152399996295571
v 0.0202382113784552 -0.0244637951254845 -0.0152399996295571
v 0.0152681954205036 -0.0244734659790993 -0.0152399996295571
v 0.0256862901151180 -0.0186621826142073 -0.0152399996295571
v 0.0152681954205036 -0.0106304651126266 -0.0152399996295571
v 0.0295204035937786 -0.0116879548877478 -0.0152399996295571
v 0.0314996428787708 -0.0039793299511075 -0.0152399996295571
v -0.0200155284255743 0.0061320560052991 -0.0152399996295571
v -0.0258827637881041 0.0068125277757645 -0.0152399996295571
v -0.0258827637881041 0.0129879033192992 -0.0152399996295571
v -0.0278227366507053 0.0152956787496805 -0.0152399996295571
v -0.0231447536498308 0.0217343699187040 -0.0152399996295571
v -0.0188725274056196 0.0049890559166670 -0.0152399996295571
v -0.0152681954205036 -0.0006804720032960 -0.0152399996295571
v -0.0194440279155970 0.0051421890966594 -0.0152399996295571
v -0.0198623947799206 0.0055605559609830 -0.0152399996295571
v -0.0183010268956423 0.0051421890966594 -0.0152399996295571
v -0.0178826600313187 0.0055605559609830 -0.0152399996295571
v -0.0152681954205036 0.0068125277757645 -0.0152399996295571
v -0.0177295282483101 0.0061320560052991 -0.0152399996295571
v -0.0178826600313187 0.0067035560496151 -0.0152399996295571
v -0.0183010268956423 0.0071219229139388 -0.0152399996295571
v -0.0188725274056196 0.0072750560939312 -0.0152399996295571
v -0.0194440279155970 0.0071219229139388 -0.0152399996295571
v -0.0198623947799206 0.0067035560496151 -0.0152399996295571
v 0.0063499999232590 0.0000000000000000 -0.0152399996295571
v 0.0054992614313960 0.0031749999616295 -0.0152399996295571
v 0.0084354318678379 0.0068125277757645 -0.0152399996295571
v 0.0037465000059456 0.0068125277757645 -0.0152399996295571
v -0.0031749999616295 -0.0054992614313960 -0.0152399996295571
v -0.0037465000059456 -0.0106304651126266 -0.0152399996295571
v -0.0054992614313960 -0.0031749999616295 -0.0152399996295571
v -0.0063499999232590 -0.0000000000000001 -0.0152399996295571
v 0.0031749999616295 0.0054992614313960 -0.0152399996295571
v 0.0000000000000000 0.0063499999232590 -0.0152399996295571
v -0.0037465000059456 0.0068125277757645 -0.0152399996295571
v -0.0031749999616295 0.0054992614313960 -0.0152399996295571
v -0.0054992614313960 0.0031749999616295 -0.0152399996295571
v 0.0105208633467555 -0.0160539317876101 -0.0152399996295571
v 0.0084354318678379 -0.0106304651126266 -0.0152399996295571
v 0.0106739969924092 -0.0154824312776327 -0.0152399996295571
v 0.0110923638567328 -0.0150640634819865 -0.0152399996295571
v 0.0122353639453650 -0.0150640634819865 -0.0152399996295571
v 0.0116638634353876 -0.0149109307676554 -0.0152399996295571
v 0.0106739969924092 -0.0166254304349422 -0.0152399996295571
v 0.0110923638567328 -0.0170437972992659 -0.0152399996295571
v 0.0084354318678379 -0.0244734659790993 -0.0152399996295571
v 0.0116638634353876 -0.0171969309449196 -0.0152399996295571
v 0.0122353639453650 -0.0170437972992659 -0.0152399996295571
v 0.0126537308096886 -0.0166254304349422 -0.0152399996295571
v 0.0128068635240197 -0.0160539317876101 -0.0152399996295571
v 0.0126537308096886 -0.0154824312776327 -0.0152399996295571
v 0.0000000000000000 -0.0063499999232590 -0.0152399996295571
v 0.0031749999616295 -0.0054992614313960 -0.0152399996295571
v 0.0037465000059456 -0.0106304651126266 -0.0152399996295571
v 0.0135184926912189 -0.0287282597273588 -0.0152399996295571
v 0.0059493565931916 -0.0311876200139523 -0.0152399996295571
v 0.0037465000059456 -0.0244734659790993 -0.0152399996295571
v -0.0110923638567328 -0.0170437972992659 -0.0152399996295571
v -0.0106739969924092 -0.0166254304349422 -0.0152399996295571
v -0.0116638634353876 -0.0171969309449196 -0.0152399996295571
v -0.0122353639453650 -0.0170437972992659 -0.0152399996295571
v -0.0122353639453650 -0.0150640634819865 -0.0152399996295571
v -0.0126537308096886 -0.0154824312776327 -0.0152399996295571
v -0.0128068635240197 -0.0160539317876101 -0.0152399996295571
v -0.0126537308096886 -0.0166254304349422 -0.0152399996295571
v -0.0105208633467555 -0.0160539317876101 -0.0152399996295571
v -0.0106739969924092 -0.0154824312776327 -0.0152399996295571
v -0.0110923638567328 -0.0150640634819865 -0.0152399996295571
v -0.0116638634353876 -0.0149109307676554 -0.0152399996295571
v 0.0054992614313960 -0.0031749999616295 -0.0152399996295571
v 0.0084354318678379 -0.0006804720032960 -0.0152399996295571
v -0.0253999996930361 -0.0000000000000001 0.0152399996295571
v -0.0314996428787708 -0.0039793299511075 0.0152399996295571
v -0.0243711210787296 -0.0071560069918633 0.0152399996295571
v -0.0295204035937786 -0.0116879548877478 0.0152399996295571
v -0.0213678404688835 -0.0137322768568993 0.0152399996295571
v -0.0256862901151180 -0.0186621826142073 0.0152399996295571
v -0.0166334621608257 -0.0191960390657187 0.0152399996295571
v -0.0202382113784552 -0.0244637951254845 0.0152399996295571
v -0.0105515411123633 -0.0231046527624130 0.0152399996295571
v -0.0135184926912189 -0.0287282597273588 0.0152399996295571
v -0.0036147967912257 -0.0251414645463228 0.0152399996295571
v -0.0059493565931916 -0.0311876200139523 0.0152399996295571
v 0.0036147967912257 -0.0251414645463228 0.0152399996295571
v 0.0019935988821089 -0.0316873490810394 0.0152399996295571
v 0.0105515411123633 -0.0231046527624130 0.0152399996295571
v 0.0105515411123633 0.0231046527624130 0.0152399996295571
v 0.0098112896084785 0.0301960445940495 0.0152399996295571
v 0.0036147967912257 0.0251414645463228 0.0152399996295571
v 0.0019935988821089 0.0316873490810394 0.0152399996295571
v -0.0036147967912257 0.0251414645463228 0.0152399996295571
v -0.0059493565931916 0.0311876200139523 0.0152399996295571
v -0.0105515411123633 0.0231046527624130 0.0152399996295571
v -0.0135184926912189 0.0287282597273588 0.0152399996295571
v -0.0166334621608257 0.0191960390657187 0.0152399996295571
v -0.0202382113784552 0.0244637951254845 0.0152399996295571
v -0.0213678404688835 0.0137322768568993 0.0152399996295571
v -0.0256862901151180 0.0186621826142073 0.0152399996295571
v -0.0243711210787296 0.0071560069918633 0.0152399996295571
v -0.0295204035937786 0.0116879548877478 0.0152399996295571
v -0.0314996428787708 0.0039793299511075 0.0152399996295571
v 0.0098112896084785 -0.0301960445940495 0.0152399996295571
v 0.0170125011354685 -0.0268074125051498 0.0152399996295571
v 0.0166334621608257 -0.0191960390657187 0.0152399996295571
v 0.0231447536498308 -0.0217343699187040 0.0152399996295571
v 0.0213678404688835 -0.0137322768568993 0.0152399996295571
v 0.0278227366507053 -0.0152956787496805 0.0152399996295571
v 0.0243711210787296 -0.0071560069918633 0.0152399996295571
v 0.0307525154203176 -0.0078959036618471 0.0152399996295571
v 0.0253999996930361 -0.0000000000000001 0.0152399996295571
v 0.0317500010132790 -0.0000000000000001 0.0152399996295571
v 0.0243711210787296 0.0071560069918633 0.0152399996295571
v 0.0307525154203176 0.0078959036618471 0.0152399996295571
v 0.0213678404688835 0.0137322768568993 0.0152399996295571
v 0.0278227366507053 0.0152956787496805 0.0152399996295571
v 0.0166334621608257 0.0191960390657187 0.0152399996295571
v 0.0231447536498308 0.0217343699187040 0.0152399996295571
v 0.0170125011354685 0.0268074125051498 0.0152399996295571
v -0.0142874997109175 -0.0000000000000001 0.0039687501266599
v -0.0142874997109175 -0.0000000000000001 -0.0039687501266599
v -0.0133226970210671 0.0051612402312458 0.0039687501266599
v -0.0133226970210671 0.0051612402312458 -0.0039687501266599
v -0.0105585902929306 0.0096254264935851 0.0039687501266599
v -0.0105585902929306 0.0096254264935851 -0.0039687501266599
v -0.0063684866763651 0.0127896452322602 0.0039687501266599
v -0.0063684866763651 0.0127896452322602 -0.0039687501266599
v -0.0013182841939852 0.0142265520989895 0.0039687501266599
v -0.0013182841939852 0.0142265520989895 -0.0039687501266599
v 0.0039099599234760 0.0137420836836100 0.0039687501266599
v 0.0039099599234760 0.0137420836836100 -0.0039687501266599
v 0.0086101423949003 0.0114016709849238 0.0039687501266599
v 0.0086101423949003 0.0114016709849238 -0.0039687501266599
v 0.0121474768966436 0.0075213992968202 0.0039687501266599
v 0.0121474768966436 0.0075213992968202 -0.0039687501266599
v 0.0140442280098796 0.0026253212708980 0.0039687501266599
v 0.0140442280098796 0.0026253212708980 -0.0039687501266599
v 0.0142874997109175 -0.0000000000000001 0.0039687501266599
v 0.0142874997109175 -0.0000000000000001 -0.0039687501266599
v 0.0140442280098796 -0.0026253212708980 0.0039687501266599
v 0.0140442280098796 -0.0026253212708980 -0.0039687501266599
v 0.0121474768966436 -0.0075213992968202 0.0039687501266599
v 0.0121474768966436 -0.0075213992968202 -0.0039687501266599
v 0.0086101423949003 -0.0114016709849238 0.0039687501266599
v 0.0086101423949003 -0.0114016709849238 -0.0039687501266599
v 0.0039099599234760 -0.0137420836836100 0.0039687501266599
v 0.0039099599234760 -0.0137420836836100 -0.0039687501266599
v -0.0013182841939852 -0.0142265520989895 0.0039687501266599
v -0.0013182841939852 -0.0142265520989895 -0.0039687501266599
v -0.0063684866763651 -0.0127896452322602 0.0039687501266599
v -0.0063684866763651 -0.0127896452322602 -0.0039687501266599
v -0.0105585902929306 -0.0096254264935851 0.0039687501266599
v -0.0105585902929306 -0.0096254264935851 -0.0039687501266599
v -0.0133226970210671 -0.0051612402312458 0.0039687501266599
v -0.0133226970210671 -0.0051612402312458 -0.0039687501266599
v 0.0063499999232590 0.0000000000000000 -0.0055562499910593
v 0.0054992614313960 0.0031749999616295 -0.0055562499910593
v 0.0031749999616295 0.0054992614313960 -0.0055562499910593
v 0.0000000000000000 0.0063499999232590 -0.0055562499910593
v -0.0031749999616295 0.0054992614313960 -0.0055562499910593
v -0.0054992614313960 0.0031749999616295 -0.0055562499910593
v -0.0063499999232590 -0.0000000000000001 -0.0055562499910593
v -0.0054992614313960 -0.0031749999616295 -0.0055562499910593
v -0.0031749999616295 -0.0054992614313960 -0.0055562499910593
v 0.0000000000000000 -0.0063499999232590 -0.0055562499910593
v 0.0031749999616295 -0.0054992614313960 -0.0055562499910593
v 0.0054992614313960 -0.0031749999616295 -0.0055562499910593
v 0.0768349990248680 0.0000000000000001 0.0152399996295571
v 0.0758400037884712 0.0123252011835575 -0.0152399996295571
v 0.0758400037884712 0.0123252011835575 0.0152399996295571
v 0.0728807970881462 0.0243311859667301 -0.0152399996295571
v 0.0728807970881462 0.0243311859667301 0.0152399996295571
v 0.0680340155959129 0.0357070043683052 -0.0152399996295571
v 0.0680340155959129 0.0357070043683052 0.0152399996295571
v 0.0614251829683781 0.0461580306291580 -0.0152399996295571
v 0.0614251829683781 0.0461580306291580 0.0152399996295571
v 0.0532254762947559 0.0554135888814926 -0.0152399996295571
v 0.0532254762947559 0.0554135888814926 0.0152399996295571
v 0.0436472557485104 0.0632339641451836 -0.0152399996295571
v 0.0436472557485104 0.0632339641451836 0.0152399996295571
v 0.0329385921359062 0.0694166123867035 -0.0152399996295571
v 0.0329385921359062 0.0694166123867035 0.0152399996295571
v 0.0213768389075994 0.0738014057278633 -0.0152399996295571
v 0.0213768389075994 0.0738014057278633 0.0152399996295571
v 0.0092614358291030 0.0762747898697853 -0.0152399996295571
v 0.0092614358291030 0.0762747898697853 0.0152399996295571
v -0.0030938335694373 0.0767726898193359 -0.0152399996295571
v -0.0030938335694373 0.0767726898193359 0.0152399996295571
v -0.0153689738363028 0.0752822160720825 -0.0152399996295571
v -0.0153689738363028 0.0752822160720825 0.0152399996295571
v -0.0272460673004389 0.0718419700860977 -0.0152399996295571
v -0.0272460673004389 0.0718419700860977 0.0152399996295571
v -0.0384174995124340 0.0665410608053207 -0.0152399996295571
v -0.0384174995124340 0.0665410608053207 0.0152399996295571
v -0.0485939420759678 0.0595167726278305 -0.0152399996295571
v -0.0485939420759678 0.0595167726278305 0.0152399996295571
v -0.0575118251144886 0.0509510301053524 -0.0152399996295571
v -0.0575118251144886 0.0509510301053524 0.0152399996295571
v -0.0649401769042015 0.0410656817257404 -0.0152399996295571
v -0.0649401769042015 0.0410656817257404 0.0152399996295571
v -0.0706866234540939 0.0301167536526918 -0.0152399996295571
v -0.0706866234540939 0.0301167536526918 0.0152399996295571
v -0.0746023133397102 0.0183878187090158 -0.0152399996295571
v -0.0746023133397102 0.0183878187090158 0.0152399996295571
v -0.0765858441591263 0.0061826487071812 -0.0152399996295571
v -0.0765858441591263 0.0061826487071812 0.0152399996295571
v -0.0765858441591263 -0.0061826487071812 -0.0152399996295571
v -0.0765858441591263 -0.0061826487071812 0.0152399996295571
v -0.0746023133397102 -0.0183878187090158 -0.0152399996295571
v -0.0746023133397102 -0.0183878187090158 0.0152399996295571
v -0.0706866234540939 -0.0301167536526918 -0.0152399996295571
v -0.0706866234540939 -0.0301167536526918 0.0152399996295571
v -0.0649401769042015 -0.0410656817257404 -0.0152399996295571
v -0.0649401769042015 -0.0410656817257404 0.0152399996295571
v -0.0575118251144886 -0.0509510301053524 -0.0152399996295571
v -0.0575118251144886 -0.0509510301053524 0.0152399996295571
v -0.0485939420759678 -0.0595167726278305 -0.0152399996295571
v -0.0485939420759678 -0.0595167726278305 0.0152399996295571
v -0.0384174995124340 -0.0665410608053207 -0.0152399996295571
v -0.0384174995124340 -0.0665410608053207 0.0152399996295571
v -0.0272460673004389 -0.0718419700860977 -0.0152399996295571
v -0.0272460673004389 -0.0718419700860977 0.0152399996295571
v -0.0153689738363028 -0.0752822160720825 -0.0152399996295571
v -0.0153689738363028 -0.0752822160720825 0.0152399996295571
v -0.0030938335694373 -0.0767726898193359 -0.0152399996295571
v -0.0030938335694373 -0.0767726898193359 0.0152399996295571
v 0.0092614358291030 -0.0762747898697853 -0.0152399996295571
v 0.0092614358291030 -0.0762747898697853 0.0152399996295571
v 0.0213768389075994 -0.0738014057278633 -0.0152399996295571
v 0.0213768389075994 -0.0738014057278633 0.0152399996295571
v 0.0329385921359062 -0.0694166123867035 -0.0152399996295571
v 0.0329385921359062 -0.0694166123867035 0.0152399996295571
v 0.0436472557485104 -0.0632339641451836 -0.0152399996295571
v 0.0436472557485104 -0.0632339641451836 0.0152399996295571
v 0.0532254762947559 -0.0554135888814926 -0.0152399996295571
v 0.0532254762947559 -0.0554135888814926 0.0152399996295571
v 0.0614251829683781 -0.0461580306291580 -0.0152399996295571
v 0.0614251829683781 -0.0461580306291580 0.0152399996295571
v 0.0680340155959129 -0.0357070043683052 -0.0152399996295571
v 0.0680340155959129 -0.0357070043683052 0.0152399996295571
v 0.0728807970881462 -0.0243311859667301 -0.0152399996295571
v 0.0728807970881462 -0.0243311859667301 0.0152399996295571
v 0.0758400037884712 -0.0123252011835575 -0.0152399996295571
v 0.0758400037884712 -0.0123252011835575 0.0152399996295571
v 0.0768349990248680 0.0000000000000001 -0.0152399996295571
v -0.0704850032925606 -0.0000000000000002 -0.0152399996295571
v -0.0694711357355118 0.0119120227172971 -0.0152399996295571
v -0.0664587169885635 0.0234813578426838 -0.0152399996295571
v -0.0615344010293484 0.0343751795589924 -0.0152399996295571
v -0.0548398494720459 0.0442800857126713 -0.0152399996295571
v -0.0465676560997963 0.0529111362993717 -0.0152399996295571
v -0.0369557999074459 0.0600200295448303 -0.0152399996295571
v -0.0262807887047529 0.0654022544622421 -0.0152399996295571
v -0.0148497279733419 0.0689029842615128 -0.0152399996295571
v -0.0029914681799710 0.0704214870929718 -0.0152399996295571
v 0.0089528514072299 0.0699141025543213 -0.0152399996295571
v 0.0206396132707596 0.0673954114317894 -0.0152399996295571
v 0.0317326113581657 0.0629378780722618 -0.0152399996295571
v 0.0419127196073532 0.0566697381436825 -0.0152399996295571
v 0.0508870743215084 0.0487713105976582 -0.0152399996295571
v 0.0583975017070770 0.0394698232412338 -0.0152399996295571
v 0.0642279386520386 0.0290328599512577 -0.0152399996295571
v 0.0682106539607048 0.0177606735378504 -0.0152399996295571
v 0.0702310800552368 0.0059775453992188 -0.0152399996295571
v 0.0704850032925606 0.0000000000000001 -0.0152399996295571
v 0.0702310800552368 -0.0059775453992188 -0.0152399996295571
v 0.0682106539607048 -0.0177606735378504 -0.0152399996295571
v 0.0642279386520386 -0.0290328599512577 -0.0152399996295571
v 0.0583975017070770 -0.0394698232412338 -0.0152399996295571
v 0.0508870743215084 -0.0487713105976582 -0.0152399996295571
v 0.0419127196073532 -0.0566697381436825 -0.0152399996295571
v 0.0317326113581657 -0.0629378780722618 -0.0152399996295571
v 0.0206396132707596 -0.0673954114317894 -0.0152399996295571
v 0.0089528514072299 -0.0699141025543213 -0.0152399996295571
v -0.0029914681799710 -0.0704214870929718 -0.0152399996295571
v -0.0148497279733419 -0.0689029842615128 -0.0152399996295571
v -0.0262807887047529 -0.0654022544622421 -0.0152399996295571
v -0.0369557999074459 -0.0600200295448303 -0.0152399996295571
v -0.0465676560997963 -0.0529111362993717 -0.0152399996295571
v -0.0548398494720459 -0.0442800857126713 -0.0152399996295571
v -0.0615344010293484 -0.0343751795589924 -0.0152399996295571
v -0.0664587169885635 -0.0234813578426838 -0.0152399996295571
v -0.0694711357355118 -0.0119120227172971 -0.0152399996295571
v 0.0029914681799710 -0.0704214870929718 0.0152399996295571
v 0.0148497279733419 -0.0689029842615128 0.0152399996295571
v 0.0262807887047529 -0.0654022544622421 0.0152399996295571
v 0.0369557999074459 -0.0600200295448303 0.0152399996295571
v 0.0465676560997963 -0.0529111362993717 0.0152399996295571
v 0.0548398494720459 -0.0442800857126713 0.0152399996295571
v 0.0615344010293484 -0.0343751795589924 0.0152399996295571
v 0.0664587169885635 -0.0234813578426838 0.0152399996295571
v 0.0694711357355118 -0.0119120227172971 0.0152399996295571
v 0.0704850032925606 0.0000000000000001 0.0152399996295571
v 0.0694711357355118 0.0119120227172971 0.0152399996295571
v 0.0664587169885635 0.0234813578426838 0.0152399996295571
v 0.0615344010293484 0.0343751795589924 0.0152399996295571
v 0.0548398494720459 0.0442800857126713 0.0152399996295571
v 0.0465676560997963 0.0529111362993717 0.0152399996295571
v 0.0369557999074459 0.0600200295448303 0.0152399996295571
v 0.0262807887047529 0.0654022544622421 0.0152399996295571
v 0.0148497279733419 0.0689029842615128 0.0152399996295571
v 0.0029914681799710 0.0704214870929718 0.0152399996295571
v -0.0089528514072299 0.0699141025543213 0.0152399996295571
v -0.0206396132707596 0.0673954114317894 0.0152399996295571
v -0.0317326113581657 0.0629378780722618 0.0152399996295571
v -0.0419127196073532 0.0566697381436825 0.0152399996295571
v -0.0508870743215084 0.0487713105976582 0.0152399996295571
v -0.0583975017070770 0.0394698232412338 0.0152399996295571
v -0.0642279386520386 0.0290328599512577 0.0152399996295571
v -0.0682106539607048 0.0177606735378504 0.0152399996295571
v -0.0702310800552368 0.0059775453992188 0.0152399996295571
v -0.0702310800552368 -0.0059775453992188 0.0152399996295571
v -0.0682106539607048 -0.0177606735378504 0.0152399996295571
v -0.0642279386520386 -0.0290328599512577 0.0152399996295571
v -0.0583975017070770 -0.0394698232412338 0.0152399996295571
v -0.0508870743215084 -0.0487713105976582 0.0152399996295571
v -0.0419127196073532 -0.0566697381436825 0.0152399996295571
v -0.0317326113581657 -0.0629378780722618 0.0152399996295571
v -0.0206396132707596 -0.0673954114317894 0.0152399996295571
v -0.0089528514072299 -0.0699141025543213 0.0152399996295571
v 0.0095250001177192 -0.0000000000000001 -0.0039687501266599
v 0.0085817286744714 -0.0041327425278723 -0.0039687501266599
v 0.0059387404471636 -0.0074469447135925 -0.0039687501266599
v 0.0021195118315518 -0.0092861885204911 -0.0039687501266599
v -0.0021195118315518 -0.0092861885204911 -0.0039687501266599
v -0.0059387404471636 -0.0074469447135925 -0.0039687501266599
v -0.0059387404471636 0.0074469447135925 -0.0039687501266599
v -0.0085817286744714 0.0041327425278723 -0.0039687501266599
v -0.0095250001177192 -0.0000000000000001 -0.0039687501266599
v -0.0085817286744714 -0.0041327425278723 -0.0039687501266599
v 0.0085817286744714 0.0041327425278723 -0.0039687501266599
v 0.0059387404471636 0.0074469447135925 -0.0039687501266599
v 0.0021195118315518 0.0092861885204911 -0.0039687501266599
v -0.0021195118315518 0.0092861885204911 -0.0039687501266599
v -0.0021195118315518 0.0092861885204911 -0.0055562499910593
v -0.0059387404471636 0.0074469447135925 -0.0055562499910593
v -0.0085817286744714 0.0041327425278723 -0.0055562499910593
v -0.0095250001177192 -0.0000000000000001 -0.0055562499910593
v -0.0085817286744714 -0.0041327425278723 -0.0055562499910593
v -0.0059387404471636 -0.0074469447135925 -0.0055562499910593
v -0.0021195118315518 -0.0092861885204911 -0.0055562499910593
v 0.0021195118315518 -0.0092861885204911 -0.0055562499910593
v 0.0059387404471636 -0.0074469447135925 -0.0055562499910593
v 0.0085817286744714 -0.0041327425278723 -0.0055562499910593
v 0.0095250001177192 -0.0000000000000001 -0.0055562499910593
v 0.0085817286744714 0.0041327425278723 -0.0055562499910593
v 0.0059387404471636 0.0074469447135925 -0.0055562499910593
v 0.0021195118315518 0.0092861885204911 -0.0055562499910593
v 0.0253999996930361 -0.0000000000000001 0.0039687501266599
v 0.0243711210787296 0.0071560069918633 0.0039687501266599
v 0.0213678404688835 0.0137322768568993 0.0039687501266599
v 0.0166334621608257 0.0191960390657187 0.0039687501266599
v 0.0105515411123633 0.0231046527624130 0.0039687501266599
v 0.0036147967912257 0.0251414645463228 0.0039687501266599
v -0.0036147967912257 0.0251414645463228 0.0039687501266599
v -0.0105515411123633 0.0231046527624130 0.0039687501266599
v -0.0166334621608257 0.0191960390657187 0.0039687501266599
v -0.0213678404688835 0.0137322768568993 0.0039687501266599
v -0.0243711210787296 0.0071560069918633 0.0039687501266599
v -0.0253999996930361 -0.0000000000000001 0.0039687501266599
v -0.0243711210787296 -0.0071560069918633 0.0039687501266599
v -0.0213678404688835 -0.0137322768568993 0.0039687501266599
v -0.0166334621608257 -0.0191960390657187 0.0039687501266599
v -0.0105515411123633 -0.0231046527624130 0.0039687501266599
v -0.0036147967912257 -0.0251414645463228 0.0039687501266599
v 0.0036147967912257 -0.0251414645463228 0.0039687501266599
v 0.0105515411123633 -0.0231046527624130 0.0039687501266599
v 0.0166334621608257 -0.0191960390657187 0.0039687501266599
v 0.0213678404688835 -0.0137322768568993 0.0039687501266599
v 0.0243711210787296 -0.0071560069918633 0.0039687501266599
v -0.0227077640593052 -0.0046492218971252 0.0039687501266599
v -0.0058319317176938 -0.0212984662503004 0.0039687501266599
v 0.0058319317176938 -0.0212984662503004 0.0039687501266599
v 0.0160085130482912 -0.0046492218971252 0.0039687501266599
v 0.0188725274056196 0.0049890559166670 0.0039687501266599
v 0.0183010268956423 0.0051421890966594 0.0039687501266599
v 0.0200155284255743 0.0061320560052991 0.0039687501266599
v 0.0198623947799206 0.0055605559609830 0.0039687501266599
v 0.0194440279155970 0.0051421890966594 0.0039687501266599
v 0.0183010268956423 0.0071219229139388 0.0039687501266599
v 0.0188725274056196 0.0072750560939312 0.0039687501266599
v 0.0194440279155970 0.0071219229139388 0.0039687501266599
v 0.0198623947799206 0.0067035560496151 0.0039687501266599
v 0.0178826600313187 0.0055605559609830 0.0039687501266599
v 0.0177295282483101 0.0061320560052991 0.0039687501266599
v 0.0160085130482912 0.0107812779024243 0.0039687501266599
v 0.0178826600313187 0.0067035560496151 0.0039687501266599
v 0.0160085130482912 -0.0145992152392864 0.0039687501266599
v 0.0116638634353876 -0.0149109307676554 0.0039687501266599
v 0.0122353639453650 -0.0150640634819865 0.0039687501266599
v 0.0126537308096886 -0.0154824312776327 0.0039687501266599
v 0.0128068635240197 -0.0160539317876101 0.0039687501266599
v 0.0126537308096886 -0.0166254304349422 0.0039687501266599
v 0.0122353639453650 -0.0170437972992659 0.0039687501266599
v 0.0116638634353876 -0.0171969309449196 0.0039687501266599
v 0.0106739969924092 -0.0154824312776327 0.0039687501266599
v 0.0110923638567328 -0.0150640634819865 0.0039687501266599
v 0.0058319317176938 -0.0145992152392864 0.0039687501266599
v 0.0110923638567328 -0.0170437972992659 0.0039687501266599
v 0.0106739969924092 -0.0166254304349422 0.0039687501266599
v 0.0105208633467555 -0.0160539317876101 0.0039687501266599
v -0.0128068635240197 -0.0160539317876101 0.0039687501266599
v -0.0126537308096886 -0.0154824312776327 0.0039687501266599
v -0.0160085130482912 -0.0145992152392864 0.0039687501266599
v -0.0122353639453650 -0.0170437972992659 0.0039687501266599
v -0.0116638634353876 -0.0171969309449196 0.0039687501266599
v -0.0110923638567328 -0.0170437972992659 0.0039687501266599
v -0.0126537308096886 -0.0166254304349422 0.0039687501266599
v -0.0110923638567328 -0.0150640634819865 0.0039687501266599
v -0.0058319317176938 -0.0145992152392864 0.0039687501266599
v -0.0116638634353876 -0.0149109307676554 0.0039687501266599
v -0.0122353639453650 -0.0150640634819865 0.0039687501266599
v -0.0106739969924092 -0.0154824312776327 0.0039687501266599
v -0.0105208633467555 -0.0160539317876101 0.0039687501266599
v -0.0106739969924092 -0.0166254304349422 0.0039687501266599
v -0.0227077640593052 0.0107812779024243 0.0039687501266599
v 0.0160085130482912 0.0164941251277924 0.0039687501266599
v 0.0058319317176938 0.0164941251277924 0.0039687501266599
v 0.0011429999722168 0.0198437497019768 0.0039687501266599
v 0.0009898670250550 0.0192722491919994 0.0039687501266599
v 0.0000000000000000 0.0209867507219315 0.0039687501266599
v 0.0005714999861084 0.0208336170762777 0.0039687501266599
v 0.0009898670250550 0.0204152502119541 0.0039687501266599
v 0.0005714999861084 0.0188538823276758 0.0039687501266599
v 0.0000000000000000 0.0187007505446672 0.0039687501266599
v -0.0058319317176938 0.0164941251277924 0.0039687501266599
v -0.0005714999861084 0.0188538823276758 0.0039687501266599
v -0.0009898670250550 0.0192722491919994 0.0039687501266599
v -0.0011429999722168 0.0198437497019768 0.0039687501266599
v -0.0009898670250550 0.0204152502119541 0.0039687501266599
v -0.0005714999861084 0.0208336170762777 0.0039687501266599
v -0.0160085130482912 -0.0046492218971252 0.0039687501266599
v -0.0160085130482912 0.0164941251277924 0.0039687501266599
v -0.0160085130482912 0.0107812779024243 0.0039687501266599
v -0.0178826600313187 0.0055605559609830 0.0039687501266599
v -0.0183010268956423 0.0051421890966594 0.0039687501266599
v -0.0188725274056196 0.0049890559166670 0.0039687501266599
v -0.0194440279155970 0.0071219229139388 0.0039687501266599
v -0.0188725274056196 0.0072750560939312 0.0039687501266599
v -0.0177295282483101 0.0061320560052991 0.0039687501266599
v -0.0183010268956423 0.0071219229139388 0.0039687501266599
v -0.0178826600313187 0.0067035560496151 0.0039687501266599
v -0.0194440279155970 0.0051421890966594 0.0039687501266599
v -0.0198623947799206 0.0055605559609830 0.0039687501266599
v -0.0200155284255743 0.0061320560052991 0.0039687501266599
v -0.0198623947799206 0.0067035560496151 0.0039687501266599
v 0.0508870743215084 -0.0487713105976582 0.0111124999821186
v 0.0465676560997963 -0.0529111362993717 0.0111124999821186
v -0.0148497279733419 -0.0689029842615128 0.0111124999821186
v -0.0206396132707596 -0.0673954114317894 0.0111124999821186
v 0.0682106539607048 0.0177606735378504 0.0111124999821186
v 0.0664587169885635 0.0234813578426838 0.0111124999821186
v 0.0642279386520386 0.0290328599512577 0.0111124999821186
v 0.0615344010293484 0.0343751795589924 0.0111124999821186
v 0.0583975017070770 0.0394698232412338 0.0111124999821186
v 0.0548398494720459 0.0442800857126713 0.0111124999821186
v 0.0369557999074459 0.0600200295448303 0.0111124999821186
v 0.0419127196073532 0.0566697381436825 0.0111124999821186
v 0.0465676560997963 0.0529111362993717 0.0111124999821186
v 0.0508870743215084 0.0487713105976582 0.0111124999821186
v 0.0206396132707596 0.0673954114317894 0.0111124999821186
v 0.0262807887047529 0.0654022544622421 0.0111124999821186
v 0.0317326113581657 0.0629378780722618 0.0111124999821186
v 0.0089528514072299 0.0699141025543213 0.0111124999821186
v 0.0148497279733419 0.0689029842615128 0.0111124999821186
v -0.0029914681799710 0.0704214870929718 0.0111124999821186
v 0.0029914681799710 0.0704214870929718 0.0111124999821186
v -0.0262807887047529 0.0654022544622421 0.0111124999821186
v -0.0206396132707596 0.0673954114317894 0.0111124999821186
v -0.0148497279733419 0.0689029842615128 0.0111124999821186
v -0.0089528514072299 0.0699141025543213 0.0111124999821186
v -0.0317326113581657 0.0629378780722618 0.0111124999821186
v -0.0369557999074459 0.0600200295448303 0.0111124999821186
v -0.0419127196073532 0.0566697381436825 0.0111124999821186
v -0.0548398494720459 0.0442800857126713 0.0111124999821186
v -0.0508870743215084 0.0487713105976582 0.0111124999821186
v -0.0465676560997963 0.0529111362993717 0.0111124999821186
v -0.0664587169885635 0.0234813578426838 0.0111124999821186
v -0.0642279386520386 0.0290328599512577 0.0111124999821186
v -0.0615344010293484 0.0343751795589924 0.0111124999821186
v -0.0583975017070770 0.0394698232412338 0.0111124999821186
v -0.0682106539607048 0.0177606735378504 0.0111124999821186
v -0.0694711357355118 0.0119120227172971 0.0111124999821186
v -0.0702310800552368 0.0059775453992188 0.0111124999821186
v -0.0682106539607048 -0.0177606735378504 0.0111124999821186
v -0.0694711357355118 -0.0119120227172971 0.0111124999821186
v -0.0702310800552368 -0.0059775453992188 0.0111124999821186
v -0.0704850032925606 -0.0000000000000002 0.0111124999821186
v -0.0583975017070770 -0.0394698232412338 0.0111124999821186
v -0.0615344010293484 -0.0343751795589924 0.0111124999821186
v -0.0642279386520386 -0.0290328599512577 0.0111124999821186
v -0.0664587169885635 -0.0234813578426838 0.0111124999821186
v -0.0419127196073532 -0.0566697381436825 0.0111124999821186
v -0.0465676560997963 -0.0529111362993717 0.0111124999821186
v -0.0508870743215084 -0.0487713105976582 0.0111124999821186
v -0.0548398494720459 -0.0442800857126713 0.0111124999821186
v -0.0262807887047529 -0.0654022544622421 0.0111124999821186
v -0.0317326113581657 -0.0629378780722618 0.0111124999821186
v -0.0369557999074459 -0.0600200295448303 0.0111124999821186
v -0.0089528514072299 -0.0699141025543213 0.0111124999821186
v -0.0029914681799710 -0.0704214870929718 0.0111124999821186
v 0.0029914681799710 -0.0704214870929718 0.0111124999821186
v 0.0089528514072299 -0.0699141025543213 0.0111124999821186
v 0.0148497279733419 -0.0689029842615128 0.0111124999821186
v 0.0206396132707596 -0.0673954114317894 0.0111124999821186
v 0.0262807887047529 -0.0654022544622421 0.0111124999821186
v 0.0317326113581657 -0.0629378780722618 0.0111124999821186
v 0.0369557999074459 -0.0600200295448303 0.0111124999821186
v 0.0419127196073532 -0.0566697381436825 0.0111124999821186
v 0.0548398494720459 -0.0442800857126713 0.0111124999821186
v 0.0583975017070770 -0.0394698232412338 0.0111124999821186
v 0.0615344010293484 -0.0343751795589924 0.0111124999821186
v 0.0642279386520386 -0.0290328599512577 0.0111124999821186
v 0.0664587169885635 -0.0234813578426838 0.0111124999821186
v 0.0682106539607048 -0.0177606735378504 0.0111124999821186
v 0.0694711357355118 -0.0119120227172971 0.0111124999821186
v 0.0694711357355118 0.0119120227172971 0.0111124999821186
v 0.0702310800552368 0.0059775453992188 0.0111124999821186
v 0.0704850032925606 0.0000000000000001 0.0111124999821186
v 0.0702310800552368 -0.0059775453992188 0.0111124999821186
v -0.0098112896084785 0.0301960445940495 0.0111124999821186
v -0.0135184926912189 0.0287282597273588 0.0111124999821186
v 0.0278227366507053 -0.0152956787496805 0.0111124999821186
v 0.0295204035937786 -0.0116879548877478 0.0111124999821186
v 0.0256862901151180 -0.0186621826142073 0.0111124999821186
v 0.0231447536498308 -0.0217343699187040 0.0111124999821186
v 0.0202382113784552 -0.0244637951254845 0.0111124999821186
v 0.0170125011354685 -0.0268074125051498 0.0111124999821186
v 0.0135184926912189 -0.0287282597273588 0.0111124999821186
v 0.0098112896084785 -0.0301960445940495 0.0111124999821186
v 0.0059493565931916 -0.0311876200139523 0.0111124999821186
v 0.0019935988821089 -0.0316873490810394 0.0111124999821186
v -0.0098112896084785 -0.0301960445940495 0.0111124999821186
v -0.0059493565931916 -0.0311876200139523 0.0111124999821186
v -0.0019935988821089 -0.0316873490810394 0.0111124999821186
v -0.0170125011354685 -0.0268074125051498 0.0111124999821186
v -0.0135184926912189 -0.0287282597273588 0.0111124999821186
v -0.0231447536498308 -0.0217343699187040 0.0111124999821186
v -0.0202382113784552 -0.0244637951254845 0.0111124999821186
v -0.0278227366507053 -0.0152956787496805 0.0111124999821186
v -0.0256862901151180 -0.0186621826142073 0.0111124999821186
v -0.0307525154203176 -0.0078959036618471 0.0111124999821186
v -0.0295204035937786 -0.0116879548877478 0.0111124999821186
v -0.0307525154203176 0.0078959036618471 0.0111124999821186
v -0.0314996428787708 0.0039793299511075 0.0111124999821186
v -0.0317500010132790 -0.0000000000000001 0.0111124999821186
v -0.0314996428787708 -0.0039793299511075 0.0111124999821186
v -0.0295204035937786 0.0116879548877478 0.0111124999821186
v -0.0278227366507053 0.0152956787496805 0.0111124999821186
v -0.0256862901151180 0.0186621826142073 0.0111124999821186
v -0.0231447536498308 0.0217343699187040 0.0111124999821186
v -0.0202382113784552 0.0244637951254845 0.0111124999821186
v -0.0170125011354685 0.0268074125051498 0.0111124999821186
v -0.0059493565931916 0.0311876200139523 0.0111124999821186
v -0.0019935988821089 0.0316873490810394 0.0111124999821186
v 0.0019935988821089 0.0316873490810394 0.0111124999821186
v 0.0098112896084785 0.0301960445940495 0.0111124999821186
v 0.0059493565931916 0.0311876200139523 0.0111124999821186
v 0.0256862901151180 0.0186621826142073 0.0111124999821186
v 0.0231447536498308 0.0217343699187040 0.0111124999821186
v 0.0202382113784552 0.0244637951254845 0.0111124999821186
v 0.0170125011354685 0.0268074125051498 0.0111124999821186
v 0.0135184926912189 0.0287282597273588 0.0111124999821186
v 0.0278227366507053 0.0152956787496805 0.0111124999821186
v 0.0295204035937786 0.0116879548877478 0.0111124999821186
v 0.0307525154203176 0.0078959036618471 0.0111124999821186
v 0.0307525154203176 -0.0078959036618471 0.0111124999821186
v 0.0314996428787708 -0.0039793299511075 0.0111124999821186
v 0.0317500010132790 -0.0000000000000001 0.0111124999821186
v 0.0314996428787708 0.0039793299511075 0.0111124999821186
v -0.0508870743215084 -0.0487713105976582 -0.0111124999821186
v -0.0465676560997963 -0.0529111362993717 -0.0111124999821186
v 0.0148497279733419 -0.0689029842615128 -0.0111124999821186
v 0.0206396132707596 -0.0673954114317894 -0.0111124999821186
v -0.0317326113581657 0.0629378780722618 -0.0111124999821186
v -0.0369557999074459 0.0600200295448303 -0.0111124999821186
v -0.0682106539607048 0.0177606735378504 -0.0111124999821186
v -0.0664587169885635 0.0234813578426838 -0.0111124999821186
v -0.0642279386520386 0.0290328599512577 -0.0111124999821186
v -0.0615344010293484 0.0343751795589924 -0.0111124999821186
v -0.0583975017070770 0.0394698232412338 -0.0111124999821186
v -0.0548398494720459 0.0442800857126713 -0.0111124999821186
v -0.0419127196073532 0.0566697381436825 -0.0111124999821186
v -0.0465676560997963 0.0529111362993717 -0.0111124999821186
v -0.0508870743215084 0.0487713105976582 -0.0111124999821186
v -0.0262807887047529 0.0654022544622421 -0.0111124999821186
v -0.0206396132707596 0.0673954114317894 -0.0111124999821186
v -0.0148497279733419 0.0689029842615128 -0.0111124999821186
v -0.0089528514072299 0.0699141025543213 -0.0111124999821186
v -0.0029914681799710 0.0704214870929718 -0.0111124999821186
v 0.0029914681799710 0.0704214870929718 -0.0111124999821186
v 0.0089528514072299 0.0699141025543213 -0.0111124999821186
v 0.0148497279733419 0.0689029842615128 -0.0111124999821186
v 0.0206396132707596 0.0673954114317894 -0.0111124999821186
v 0.0465676560997963 0.0529111362993717 -0.0111124999821186
v 0.0419127196073532 0.0566697381436825 -0.0111124999821186
v 0.0369557999074459 0.0600200295448303 -0.0111124999821186
v 0.0317326113581657 0.0629378780722618 -0.0111124999821186
v 0.0262807887047529 0.0654022544622421 -0.0111124999821186
v 0.0508870743215084 0.0487713105976582 -0.0111124999821186
v 0.0548398494720459 0.0442800857126713 -0.0111124999821186
v 0.0583975017070770 0.0394698232412338 -0.0111124999821186
v 0.0615344010293484 0.0343751795589924 -0.0111124999821186
v 0.0642279386520386 0.0290328599512577 -0.0111124999821186
v 0.0694711357355118 0.0119120227172971 -0.0111124999821186
v 0.0682106539607048 0.0177606735378504 -0.0111124999821186
v 0.0664587169885635 0.0234813578426838 -0.0111124999821186
v 0.0682106539607048 -0.0177606735378504 -0.0111124999821186
v 0.0694711357355118 -0.0119120227172971 -0.0111124999821186
v 0.0702310800552368 -0.0059775453992188 -0.0111124999821186
v 0.0704850032925606 0.0000000000000001 -0.0111124999821186
v 0.0702310800552368 0.0059775453992188 -0.0111124999821186
v 0.0583975017070770 -0.0394698232412338 -0.0111124999821186
v 0.0615344010293484 -0.0343751795589924 -0.0111124999821186
v 0.0642279386520386 -0.0290328599512577 -0.0111124999821186
v 0.0664587169885635 -0.0234813578426838 -0.0111124999821186
v 0.0419127196073532 -0.0566697381436825 -0.0111124999821186
v 0.0465676560997963 -0.0529111362993717 -0.0111124999821186
v 0.0508870743215084 -0.0487713105976582 -0.0111124999821186
v 0.0548398494720459 -0.0442800857126713 -0.0111124999821186
v 0.0262807887047529 -0.0654022544622421 -0.0111124999821186
v 0.0317326113581657 -0.0629378780722618 -0.0111124999821186
v 0.0369557999074459 -0.0600200295448303 -0.0111124999821186
v 0.0089528514072299 -0.0699141025543213 -0.0111124999821186
v 0.0029914681799710 -0.0704214870929718 -0.0111124999821186
v -0.0029914681799710 -0.0704214870929718 -0.0111124999821186
v -0.0089528514072299 -0.0699141025543213 -0.0111124999821186
v -0.0148497279733419 -0.0689029842615128 -0.0111124999821186
v -0.0206396132707596 -0.0673954114317894 -0.0111124999821186
v -0.0262807887047529 -0.0654022544622421 -0.0111124999821186
v -0.0317326113581657 -0.0629378780722618 -0.0111124999821186
v -0.0369557999074459 -0.0600200295448303 -0.0111124999821186
v -0.0419127196073532 -0.0566697381436825 -0.0111124999821186
v -0.0548398494720459 -0.0442800857126713 -0.0111124999821186
v -0.0583975017070770 -0.0394698232412338 -0.0111124999821186
v -0.0615344010293484 -0.0343751795589924 -0.0111124999821186
v -0.0642279386520386 -0.0290328599512577 -0.0111124999821186
v -0.0664587169885635 -0.0234813578426838 -0.0111124999821186
v -0.0682106539607048 -0.0177606735378504 -0.0111124999821186
v -0.0694711357355118 -0.0119120227172971 -0.0111124999821186
v -0.0694711357355118 0.0119120227172971 -0.0111124999821186
v -0.0702310800552368 0.0059775453992188 -0.0111124999821186
v -0.0704850032925606 -0.0000000000000002 -0.0111124999821186
v -0.0702310800552368 -0.0059775453992188 -0.0111124999821186
v 0.0098112896084785 0.0301960445940495 -0.0111124999821186
v 0.0135184926912189 0.0287282597273588 -0.0111124999821186
v -0.0295204035937786 -0.0116879548877478 -0.0111124999821186
v -0.0256862901151180 -0.0186621826142073 -0.0111124999821186
v -0.0278227366507053 -0.0152956787496805 -0.0111124999821186
v -0.0202382113784552 -0.0244637951254845 -0.0111124999821186
v -0.0231447536498308 -0.0217343699187040 -0.0111124999821186
v -0.0135184926912189 -0.0287282597273588 -0.0111124999821186
v -0.0170125011354685 -0.0268074125051498 -0.0111124999821186
v 0.0019935988821089 -0.0316873490810394 -0.0111124999821186
v -0.0019935988821089 -0.0316873490810394 -0.0111124999821186
v -0.0059493565931916 -0.0311876200139523 -0.0111124999821186
v -0.0098112896084785 -0.0301960445940495 -0.0111124999821186
v 0.0059493565931916 -0.0311876200139523 -0.0111124999821186
v 0.0098112896084785 -0.0301960445940495 -0.0111124999821186
v 0.0135184926912189 -0.0287282597273588 -0.0111124999821186
v 0.0170125011354685 -0.0268074125051498 -0.0111124999821186
v 0.0202382113784552 -0.0244637951254845 -0.0111124999821186
v 0.0231447536498308 -0.0217343699187040 -0.0111124999821186
v 0.0256862901151180 -0.0186621826142073 -0.0111124999821186
v 0.0278227366507053 -0.0152956787496805 -0.0111124999821186
v 0.0295204035937786 -0.0116879548877478 -0.0111124999821186
v 0.0307525154203176 -0.0078959036618471 -0.0111124999821186
v 0.0314996428787708 -0.0039793299511075 -0.0111124999821186
v 0.0317500010132790 -0.0000000000000001 -0.0111124999821186
v 0.0314996428787708 0.0039793299511075 -0.0111124999821186
v 0.0307525154203176 0.0078959036618471 -0.0111124999821186
v 0.0295204035937786 0.0116879548877478 -0.0111124999821186
v 0.0278227366507053 0.0152956787496805 -0.0111124999821186
v 0.0256862901151180 0.0186621826142073 -0.0111124999821186
v 0.0231447536498308 0.0217343699187040 -0.0111124999821186
v 0.0202382113784552 0.0244637951254845 -0.0111124999821186
v 0.0170125011354685 0.0268074125051498 -0.0111124999821186
v 0.0059493565931916 0.0311876200139523 -0.0111124999821186
v 0.0019935988821089 0.0316873490810394 -0.0111124999821186
v -0.0019935988821089 0.0316873490810394 -0.0111124999821186
v -0.0098112896084785 0.0301960445940495 -0.0111124999821186
v -0.0059493565931916 0.0311876200139523 -0.0111124999821186
v -0.0256862901151180 0.0186621826142073 -0.0111124999821186
v -0.0231447536498308 0.0217343699187040 -0.0111124999821186
v -0.0202382113784552 0.0244637951254845 -0.0111124999821186
v -0.0170125011354685 0.0268074125051498 -0.0111124999821186
v -0.0135184926912189 0.0287282597273588 -0.0111124999821186
v -0.0278227366507053 0.0152956787496805 -0.0111124999821186
v -0.0295204035937786 0.0116879548877478 -0.0111124999821186
v -0.0307525154203176 0.0078959036618471 -0.0111124999821186
v -0.0307525154203176 -0.0078959036618471 -0.0111124999821186
v -0.0314996428787708 -0.0039793299511075 -0.0111124999821186
v -0.0317500010132790 -0.0000000000000001 -0.0111124999821186
v -0.0314996428787708 0.0039793299511075 -0.0111124999821186
v -0.0694401860237122 0.0059102308005095 -0.0097376843914390
v -0.0686888024210930 0.0117778787389398 -0.0097376843914390
v -0.0674425214529037 0.0175606664270163 -0.0097376843914390
v -0.0657103061676025 0.0232169292867184 -0.0097376843914390
v -0.0635046511888504 0.0287059135735035 -0.0097376843914390
v -0.0608414448797703 0.0339880697429180 -0.0097376843914390
v -0.0577398724853992 0.0390253439545631 -0.0097376843914390
v -0.0542222857475281 0.0437814369797707 -0.0097376843914390
v -0.0503140240907669 0.0482220835983753 -0.0097376843914390
v -0.0460432469844818 0.0523152910172939 -0.0097376843914390
v -0.0414407290518284 0.0560315661132336 -0.0097376843914390
v -0.0365396291017532 0.0593441314995289 -0.0097376843914390
v -0.0313752628862858 0.0622291192412376 -0.0097376843914390
v -0.0259848348796368 0.0646657496690750 -0.0097376843914390
v -0.0204071849584579 0.0666364580392838 -0.0097376843914390
v -0.0146825015544891 0.0681270435452461 -0.0097376843914390
v -0.0088520310819149 0.0691267848014832 -0.0097376843914390
v -0.0029577806126326 0.0696284547448158 -0.0097376843914390
v 0.0029577806126326 0.0696284547448158 -0.0097376843914390
v 0.0088520310819149 0.0691267848014832 -0.0097376843914390
v 0.0146825015544891 0.0681270435452461 -0.0097376843914390
v 0.0204071849584579 0.0666364580392838 -0.0097376843914390
v 0.0259848348796368 0.0646657496690750 -0.0097376843914390
v 0.0313752628862858 0.0622291192412376 -0.0097376843914390
v 0.0365396291017532 0.0593441314995289 -0.0097376843914390
v 0.0414407290518284 0.0560315661132336 -0.0097376843914390
v 0.0460432469844818 0.0523152910172939 -0.0097376843914390
v 0.0503140240907669 0.0482220835983753 -0.0097376843914390
v 0.0542222857475281 0.0437814369797707 -0.0097376843914390
v 0.0577398724853992 0.0390253439545631 -0.0097376843914390
v 0.0608414448797703 0.0339880697429180 -0.0097376843914390
v 0.0635046511888504 0.0287059135735035 -0.0097376843914390
v 0.0657103061676025 0.0232169292867184 -0.0097376843914390
v 0.0674425214529037 0.0175606664270163 -0.0097376843914390
v 0.0686888024210930 0.0117778787389398 -0.0097376843914390
v 0.0694401860237122 0.0059102308005095 -0.0097376843914390
v 0.0696912482380867 0.0000000000000001 -0.0097376843914390
v 0.0694401860237122 -0.0059102308005095 -0.0097376843914390
v 0.0686888024210930 -0.0117778787389398 -0.0097376843914390
v 0.0674425214529037 -0.0175606664270163 -0.0097376843914390
v 0.0657103061676025 -0.0232169292867184 -0.0097376843914390
v 0.0635046511888504 -0.0287059135735035 -0.0097376843914390
v 0.0608414448797703 -0.0339880697429180 -0.0097376843914390
v 0.0577398724853992 -0.0390253439545631 -0.0097376843914390
v 0.0542222857475281 -0.0437814369797707 -0.0097376843914390
v 0.0503140240907669 -0.0482220835983753 -0.0097376843914390
v 0.0460432469844818 -0.0523152910172939 -0.0097376843914390
v 0.0414407290518284 -0.0560315661132336 -0.0097376843914390
v 0.0365396291017532 -0.0593441314995289 -0.0097376843914390
v 0.0313752628862858 -0.0622291192412376 -0.0097376843914390
v 0.0259848348796368 -0.0646657496690750 -0.0097376843914390
v 0.0204071849584579 -0.0666364580392838 -0.0097376843914390
v 0.0146825015544891 -0.0681270435452461 -0.0097376843914390
v 0.0088520310819149 -0.0691267848014832 -0.0097376843914390
v 0.0029577806126326 -0.0696284547448158 -0.0097376843914390
v -0.0029577806126326 -0.0696284547448158 -0.0097376843914390
v -0.0088520310819149 -0.0691267848014832 -0.0097376843914390
v -0.0146825015544891 -0.0681270435452461 -0.0097376843914390
v -0.0204071849584579 -0.0666364580392838 -0.0097376843914390
v -0.0259848348796368 -0.0646657496690750 -0.0097376843914390
v -0.0313752628862858 -0.0622291192412376 -0.0097376843914390
v -0.0365396291017532 -0.0593441314995289 -0.0097376843914390
v -0.0414407290518284 -0.0560315661132336 -0.0097376843914390
v -0.0460432469844818 -0.0523152910172939 -0.0097376843914390
v -0.0503140240907669 -0.0482220835983753 -0.0097376843914390
v -0.0542222857475281 -0.0437814369797707 -0.0097376843914390
v -0.0577398724853992 -0.0390253439545631 -0.0097376843914390
v -0.0608414448797703 -0.0339880697429180 -0.0097376843914390
v -0.0635046511888504 -0.0287059135735035 -0.0097376843914390
v -0.0657103061676025 -0.0232169292867184 -0.0097376843914390
v -0.0674425214529037 -0.0175606664270163 -0.0097376843914390
v -0.0686888024210930 -0.0117778787389398 -0.0097376843914390
v -0.0694401860237122 -0.0059102308005095 -0.0097376843914390
v -0.0696912482380867 -0.0000000000000003 -0.0097376843914390
v -0.0700191557407379 0.0059595084749162 -0.0103187495842576
v -0.0692615136504173 0.0118760792538524 -0.0103187495842576
v -0.0680048316717148 0.0177070815116167 -0.0103187495842576
v -0.0662581846117973 0.0234105046838522 -0.0103187495842576
v -0.0640341341495514 0.0289452541619539 -0.0103187495842576
v -0.0613487213850021 0.0342714525759220 -0.0103187495842576
v -0.0582212917506695 0.0393507257103920 -0.0103187495842576
v -0.0546743720769882 0.0441464744508266 -0.0103187495842576
v -0.0507335253059864 0.0486241467297077 -0.0103187495842576
v -0.0464271418750286 0.0527514815330505 -0.0103187495842576
v -0.0417862497270107 0.0564987398684025 -0.0103187495842576
v -0.0368442870676517 0.0598389245569706 -0.0103187495842576
v -0.0316368602216244 0.0627479702234268 -0.0103187495842576
v -0.0262014884501696 0.0652049109339714 -0.0103187495842576
v -0.0205773338675499 0.0671920478343964 -0.0103187495842576
v -0.0148049201816320 0.0686950683593750 -0.0103187495842576
v -0.0089258365333080 0.0697031393647194 -0.0103187495842576
v -0.0029824415687472 0.0702089965343475 -0.0103187495842576
v 0.0029824415687472 0.0702089965343475 -0.0103187495842576
v 0.0089258365333080 0.0697031393647194 -0.0103187495842576
v 0.0148049201816320 0.0686950683593750 -0.0103187495842576
v 0.0205773338675499 0.0671920478343964 -0.0103187495842576
v 0.0262014884501696 0.0652049109339714 -0.0103187495842576
v 0.0316368602216244 0.0627479702234268 -0.0103187495842576
v 0.0368442870676517 0.0598389245569706 -0.0103187495842576
v 0.0417862497270107 0.0564987398684025 -0.0103187495842576
v 0.0464271418750286 0.0527514815330505 -0.0103187495842576
v 0.0507335253059864 0.0486241467297077 -0.0103187495842576
v 0.0546743720769882 0.0441464744508266 -0.0103187495842576
v 0.0582212917506695 0.0393507257103920 -0.0103187495842576
v 0.0613487213850021 0.0342714525759220 -0.0103187495842576
v 0.0640341341495514 0.0289452541619539 -0.0103187495842576
v 0.0662581846117973 0.0234105046838522 -0.0103187495842576
v 0.0680048316717148 0.0177070815116167 -0.0103187495842576
v 0.0692615136504173 0.0118760792538524 -0.0103187495842576
v 0.0700191557407379 0.0059595084749162 -0.0103187495842576
v 0.0702723190188408 0.0000000000000000 -0.0103187495842576
v 0.0700191557407379 -0.0059595084749162 -0.0103187495842576
v 0.0692615136504173 -0.0118760792538524 -0.0103187495842576
v 0.0680048316717148 -0.0177070815116167 -0.0103187495842576
v 0.0662581846117973 -0.0234105046838522 -0.0103187495842576
v 0.0640341341495514 -0.0289452541619539 -0.0103187495842576
v 0.0613487213850021 -0.0342714525759220 -0.0103187495842576
v 0.0582212917506695 -0.0393507257103920 -0.0103187495842576
v 0.0546743720769882 -0.0441464744508266 -0.0103187495842576
v 0.0507335253059864 -0.0486241467297077 -0.0103187495842576
v 0.0464271418750286 -0.0527514815330505 -0.0103187495842576
v 0.0417862497270107 -0.0564987398684025 -0.0103187495842576
v 0.0368442870676517 -0.0598389245569706 -0.0103187495842576
v 0.0316368602216244 -0.0627479702234268 -0.0103187495842576
v 0.0262014884501696 -0.0652049109339714 -0.0103187495842576
v 0.0205773338675499 -0.0671920478343964 -0.0103187495842576
v 0.0148049201816320 -0.0686950683593750 -0.0103187495842576
v 0.0089258365333080 -0.0697031393647194 -0.0103187495842576
v 0.0029824415687472 -0.0702089965343475 -0.0103187495842576
v -0.0029824415687472 -0.0702089965343475 -0.0103187495842576
v -0.0089258365333080 -0.0697031393647194 -0.0103187495842576
v -0.0148049201816320 -0.0686950683593750 -0.0103187495842576
v -0.0205773338675499 -0.0671920478343964 -0.0103187495842576
v -0.0262014884501696 -0.0652049109339714 -0.0103187495842576
v -0.0316368602216244 -0.0627479702234268 -0.0103187495842576
v -0.0368442870676517 -0.0598389245569706 -0.0103187495842576
v -0.0417862497270107 -0.0564987398684025 -0.0103187495842576
v -0.0464271418750286 -0.0527514815330505 -0.0103187495842576
v -0.0507335253059864 -0.0486241467297077 -0.0103187495842576
v -0.0546743720769882 -0.0441464744508266 -0.0103187495842576
v -0.0582212917506695 -0.0393507257103920 -0.0103187495842576
v -0.0613487213850021 -0.0342714525759220 -0.0103187495842576
v -0.0640341341495514 -0.0289452541619539 -0.0103187495842576
v -0.0662581846117973 -0.0234105046838522 -0.0103187495842576
v -0.0680048316717148 -0.0177070815116167 -0.0103187495842576
v -0.0692615136504173 -0.0118760792538524 -0.0103187495842576
v -0.0700191557407379 -0.0059595084749162 -0.0103187495842576
v -0.0702723190188408 -0.0000000000000003 -0.0103187495842576
v -0.0317106507718563 0.0040059867314994 -0.0103187495842576
v -0.0309585183858871 0.0079487962648273 -0.0103187495842576
v -0.0297181531786919 0.0117662493139505 -0.0103187495842576
v -0.0280091147869825 0.0153981409966946 -0.0103187495842576
v -0.0258583556860685 0.0187871940433979 -0.0103187495842576
v -0.0232997946441174 0.0218799635767937 -0.0103187495842576
v -0.0203737821429968 0.0246276725083590 -0.0103187495842576
v -0.0171264633536339 0.0269869863986969 -0.0103187495842576
v -0.0136090489104390 0.0289207026362419 -0.0103187495842576
v -0.0098770130425692 0.0303983204066753 -0.0103187495842576
v -0.0059892097488046 0.0313965380191803 -0.0103187495842576
v -0.0020069535821676 0.0318996123969555 -0.0103187495842576
v 0.0020069535821676 0.0318996123969555 -0.0103187495842576
v 0.0059892097488046 0.0313965380191803 -0.0103187495842576
v 0.0098770130425692 0.0303983204066753 -0.0103187495842576
v 0.0136090489104390 0.0289207026362419 -0.0103187495842576
v 0.0171264633536339 0.0269869863986969 -0.0103187495842576
v 0.0203737821429968 0.0246276725083590 -0.0103187495842576
v 0.0232997946441174 0.0218799635767937 -0.0103187495842576
v 0.0258583556860685 0.0187871940433979 -0.0103187495842576
v 0.0280091147869825 0.0153981409966946 -0.0103187495842576
v 0.0297181531786919 0.0117662493139505 -0.0103187495842576
v 0.0309585183858871 0.0079487962648273 -0.0103187495842576
v 0.0317106507718563 0.0040059867314994 -0.0103187495842576
v 0.0319626852869987 0.0000000000000001 -0.0103187495842576
v 0.0317106507718563 -0.0040059867314994 -0.0103187495842576
v 0.0309585183858871 -0.0079487962648273 -0.0103187495842576
v 0.0297181531786919 -0.0117662493139505 -0.0103187495842576
v 0.0280091147869825 -0.0153981409966946 -0.0103187495842576
v 0.0258583556860685 -0.0187871940433979 -0.0103187495842576
v 0.0232997946441174 -0.0218799635767937 -0.0103187495842576
v 0.0203737821429968 -0.0246276725083590 -0.0103187495842576
v 0.0171264633536339 -0.0269869863986969 -0.0103187495842576
v 0.0136090489104390 -0.0289207026362419 -0.0103187495842576
v 0.0098770130425692 -0.0303983204066753 -0.0103187495842576
v 0.0059892097488046 -0.0313965380191803 -0.0103187495842576
v 0.0020069535821676 -0.0318996123969555 -0.0103187495842576
v -0.0020069535821676 -0.0318996123969555 -0.0103187495842576
v -0.0059892097488046 -0.0313965380191803 -0.0103187495842576
v -0.0098770130425692 -0.0303983204066753 -0.0103187495842576
v -0.0136090489104390 -0.0289207026362419 -0.0103187495842576
v -0.0171264633536339 -0.0269869863986969 -0.0103187495842576
v -0.0203737821429968 -0.0246276725083590 -0.0103187495842576
v -0.0232997946441174 -0.0218799635767937 -0.0103187495842576
v -0.0258583556860685 -0.0187871940433979 -0.0103187495842576
v -0.0280091147869825 -0.0153981409966946 -0.0103187495842576
v -0.0297181531786919 -0.0117662493139505 -0.0103187495842576
v -0.0309585183858871 -0.0079487962648273 -0.0103187495842576
v -0.0317106507718563 -0.0040059867314994 -0.0103187495842576
v -0.0319626852869987 -0.0000000000000002 -0.0103187495842576
v -0.0322871319949627 0.0040788133628666 -0.0097376843914390
v -0.0315213277935982 0.0080933012068272 -0.0097376843914390
v -0.0302584134042263 0.0119801536202431 -0.0097376843914390
v -0.0285183060914278 0.0156780704855919 -0.0097376843914390
v -0.0263284463435411 0.0191287361085415 -0.0097376843914390
v -0.0237233731895685 0.0222777295857668 -0.0097376843914390
v -0.0207441672682762 0.0250753909349442 -0.0097376843914390
v -0.0174378138035536 0.0274775978177786 -0.0097376843914390
v -0.0138564547523856 0.0294464658945799 -0.0097376843914390
v -0.0100565720349550 0.0309509448707104 -0.0097376843914390
v -0.0060980906710029 0.0319673120975494 -0.0097376843914390
v -0.0020434390753508 0.0324795320630074 -0.0097376843914390
v 0.0020434390753508 0.0324795320630074 -0.0097376843914390
v 0.0060980906710029 0.0319673120975494 -0.0097376843914390
v 0.0100565720349550 0.0309509448707104 -0.0097376843914390
v 0.0138564547523856 0.0294464658945799 -0.0097376843914390
v 0.0174378138035536 0.0274775978177786 -0.0097376843914390
v 0.0207441672682762 0.0250753909349442 -0.0097376843914390
v 0.0237233731895685 0.0222777295857668 -0.0097376843914390
v 0.0263284463435411 0.0191287361085415 -0.0097376843914390
v 0.0285183060914278 0.0156780704855919 -0.0097376843914390
v 0.0302584134042263 0.0119801536202431 -0.0097376843914390
v 0.0315213277935982 0.0080933012068272 -0.0097376843914390
v 0.0322871319949627 0.0040788133628666 -0.0097376843914390
v 0.0325437486171722 0.0000000000000001 -0.0097376843914390
v 0.0322871319949627 -0.0040788133628666 -0.0097376843914390
v 0.0315213277935982 -0.0080933012068272 -0.0097376843914390
v 0.0302584134042263 -0.0119801536202431 -0.0097376843914390
v 0.0285183060914278 -0.0156780704855919 -0.0097376843914390
v 0.0263284463435411 -0.0191287361085415 -0.0097376843914390
v 0.0237233731895685 -0.0222777295857668 -0.0097376843914390
v 0.0207441672682762 -0.0250753909349442 -0.0097376843914390
v 0.0174378138035536 -0.0274775978177786 -0.0097376843914390
v 0.0138564547523856 -0.0294464658945799 -0.0097376843914390
v 0.0100565720349550 -0.0309509448707104 -0.0097376843914390
v 0.0060980906710029 -0.0319673120975494 -0.0097376843914390
v 0.0020434390753508 -0.0324795320630074 -0.0097376843914390
v -0.0020434390753508 -0.0324795320630074 -0.0097376843914390
v -0.0060980906710029 -0.0319673120975494 -0.0097376843914390
v -0.0100565720349550 -0.0309509448707104 -0.0097376843914390
v -0.0138564547523856 -0.0294464658945799 -0.0097376843914390
v -0.0174378138035536 -0.0274775978177786 -0.0097376843914390
v -0.0207441672682762 -0.0250753909349442 -0.0097376843914390
v -0.0237233731895685 -0.0222777295857668 -0.0097376843914390
v -0.0263284463435411 -0.0191287361085415 -0.0097376843914390
v -0.0285183060914278 -0.0156780704855919 -0.0097376843914390
v -0.0302584134042263 -0.0119801536202431 -0.0097376843914390
v -0.0315213277935982 -0.0080933012068272 -0.0097376843914390
v -0.0322871319949627 -0.0040788133628666 -0.0097376843914390
v -0.0325437486171722 -0.0000000000000002 -0.0097376843914390
v 0.0317106507718563 0.0040059867314994 0.0103187495842576
v 0.0309585183858871 0.0079487962648273 0.0103187495842576
v 0.0297181531786919 0.0117662493139505 0.0103187495842576
v 0.0280091147869825 0.0153981409966946 0.0103187495842576
v 0.0258583556860685 0.0187871940433979 0.0103187495842576
v 0.0232997946441174 0.0218799635767937 0.0103187495842576
v 0.0203737821429968 0.0246276725083590 0.0103187495842576
v 0.0171264633536339 0.0269869863986969 0.0103187495842576
v 0.0136090489104390 0.0289207026362419 0.0103187495842576
v 0.0098770130425692 0.0303983204066753 0.0103187495842576
v 0.0059892097488046 0.0313965380191803 0.0103187495842576
v 0.0020069535821676 0.0318996123969555 0.0103187495842576
v -0.0020069535821676 0.0318996123969555 0.0103187495842576
v -0.0059892097488046 0.0313965380191803 0.0103187495842576
v -0.0098770130425692 0.0303983204066753 0.0103187495842576
v -0.0136090489104390 0.0289207026362419 0.0103187495842576
v -0.0171264633536339 0.0269869863986969 0.0103187495842576
v -0.0203737821429968 0.0246276725083590 0.0103187495842576
v -0.0232997946441174 0.0218799635767937 0.0103187495842576
v -0.0258583556860685 0.0187871940433979 0.0103187495842576
v -0.0280091147869825 0.0153981409966946 0.0103187495842576
v -0.0297181531786919 0.0117662493139505 0.0103187495842576
v -0.0309585183858871 0.0079487962648273 0.0103187495842576
v -0.0317106507718563 0.0040059867314994 0.0103187495842576
v -0.0319626852869987 -0.0000000000000001 0.0103187495842576
v -0.0317106507718563 -0.0040059867314994 0.0103187495842576
v -0.0309585183858871 -0.0079487962648273 0.0103187495842576
v -0.0297181531786919 -0.0117662493139505 0.0103187495842576
v -0.0280091147869825 -0.0153981409966946 0.0103187495842576
v -0.0258583556860685 -0.0187871940433979 0.0103187495842576
v -0.0232997946441174 -0.0218799635767937 0.0103187495842576
v -0.0203737821429968 -0.0246276725083590 0.0103187495842576
v -0.0171264633536339 -0.0269869863986969 0.0103187495842576
v -0.0136090489104390 -0.0289207026362419 0.0103187495842576
v -0.0098770130425692 -0.0303983204066753 0.0103187495842576
v -0.0059892097488046 -0.0313965380191803 0.0103187495842576
v -0.0020069535821676 -0.0318996123969555 0.0103187495842576
v 0.0020069535821676 -0.0318996123969555 0.0103187495842576
v 0.0059892097488046 -0.0313965380191803 0.0103187495842576
v 0.0098770130425692 -0.0303983204066753 0.0103187495842576
v 0.0136090489104390 -0.0289207026362419 0.0103187495842576
v 0.0171264633536339 -0.0269869863986969 0.0103187495842576
v 0.0203737821429968 -0.0246276725083590 0.0103187495842576
v 0.0232997946441174 -0.0218799635767937 0.0103187495842576
v 0.0258583556860685 -0.0187871940433979 0.0103187495842576
v 0.0280091147869825 -0.0153981409966946 0.0103187495842576
v 0.0297181531786919 -0.0117662493139505 0.0103187495842576
v 0.0309585183858871 -0.0079487962648273 0.0103187495842576
v 0.0317106507718563 -0.0040059867314994 0.0103187495842576
v 0.0319626852869987 0.0000000000000001 0.0103187495842576
v 0.0322871319949627 0.0040788133628666 0.0097376843914390
v 0.0315213277935982 0.0080933012068272 0.0097376843914390
v 0.0302584134042263 0.0119801536202431 0.0097376843914390
v 0.0285183060914278 0.0156780704855919 0.0097376843914390
v 0.0263284463435411 0.0191287361085415 0.0097376843914390
v 0.0237233731895685 0.0222777295857668 0.0097376843914390
v 0.0207441672682762 0.0250753909349442 0.0097376843914390
v 0.0174378138035536 0.0274775978177786 0.0097376843914390
v 0.0138564547523856 0.0294464658945799 0.0097376843914390
v 0.0100565720349550 0.0309509448707104 0.0097376843914390
v 0.0060980906710029 0.0319673120975494 0.0097376843914390
v 0.0020434390753508 0.0324795320630074 0.0097376843914390
v -0.0020434390753508 0.0324795320630074 0.0097376843914390
v -0.0060980906710029 0.0319673120975494 0.0097376843914390
v -0.0100565720349550 0.0309509448707104 0.0097376843914390
v -0.0138564547523856 0.0294464658945799 0.0097376843914390
v -0.0174378138035536 0.0274775978177786 0.0097376843914390
v -0.0207441672682762 0.0250753909349442 0.0097376843914390
v -0.0237233731895685 0.0222777295857668 0.0097376843914390
v -0.0263284463435411 0.0191287361085415 0.0097376843914390
v -0.0285183060914278 0.0156780704855919 0.0097376843914390
v -0.0302584134042263 0.0119801536202431 0.0097376843914390
v -0.0315213277935982 0.0080933012068272 0.0097376843914390
v -0.0322871319949627 0.0040788133628666 0.0097376843914390
v -0.0325437486171722 -0.0000000000000001 0.0097376843914390
v -0.0322871319949627 -0.0040788133628666 0.0097376843914390
v -0.0315213277935982 -0.0080933012068272 0.0097376843914390
v -0.0302584134042263 -0.0119801536202431 0.0097376843914390
v -0.0285183060914278 -0.0156780704855919 0.0097376843914390
v -0.0263284463435411 -0.0191287361085415 0.0097376843914390
v -0.0237233731895685 -0.0222777295857668 0.0097376843914390
v -0.0207441672682762 -0.0250753909349442 0.0097376843914390
v -0.0174378138035536 -0.0274775978177786 0.0097376843914390
v -0.0138564547523856 -0.0294464658945799 0.0097376843914390
v -0.0100565720349550 -0.0309509448707104 0.0097376843914390
v -0.0060980906710029 -0.0319673120975494 0.0097376843914390
v -0.0020434390753508 -0.0324795320630074 0.0097376843914390
v 0.0020434390753508 -0.0324795320630074 0.0097376843914390
v 0.0060980906710029 -0.0319673120975494 0.0097376843914390
v 0.0100565720349550 -0.0309509448707104 0.0097376843914390
v 0.0138564547523856 -0.0294464658945799 0.0097376843914390
v 0.0174378138035536 -0.0274775978177786 0.0097376843914390
v 0.0207441672682762 -0.0250753909349442 0.0097376843914390
v 0.0237233731895685 -0.0222777295857668 0.0097376843914390
v 0.0263284463435411 -0.0191287361085415 0.0097376843914390
v 0.0285183060914278 -0.0156780704855919 0.0097376843914390
v 0.0302584134042263 -0.0119801536202431 0.0097376843914390
v 0.0315213277935982 -0.0080933012068272 0.0097376843914390
v 0.0322871319949627 -0.0040788133628666 0.0097376843914390
v 0.0325437486171722 0.0000000000000001 0.0097376843914390
v 0.0694401860237122 0.0059102308005095 0.0097376843914390
v 0.0686888024210930 0.0117778787389398 0.0097376843914390
v 0.0674425214529037 0.0175606664270163 0.0097376843914390
v 0.0657103061676025 0.0232169292867184 0.0097376843914390
v 0.0635046511888504 0.0287059135735035 0.0097376843914390
v 0.0608414448797703 0.0339880697429180 0.0097376843914390
v 0.0577398724853992 0.0390253439545631 0.0097376843914390
v 0.0542222857475281 0.0437814369797707 0.0097376843914390
v 0.0503140240907669 0.0482220835983753 0.0097376843914390
v 0.0460432469844818 0.0523152910172939 0.0097376843914390
v 0.0414407290518284 0.0560315661132336 0.0097376843914390
v 0.0365396291017532 0.0593441314995289 0.0097376843914390
v 0.0313752628862858 0.0622291192412376 0.0097376843914390
v 0.0259848348796368 0.0646657496690750 0.0097376843914390
v 0.0204071849584579 0.0666364580392838 0.0097376843914390
v 0.0146825015544891 0.0681270435452461 0.0097376843914390
v 0.0088520310819149 0.0691267848014832 0.0097376843914390
v 0.0029577806126326 0.0696284547448158 0.0097376843914390
v -0.0029577806126326 0.0696284547448158 0.0097376843914390
v -0.0088520310819149 0.0691267848014832 0.0097376843914390
v -0.0146825015544891 0.0681270435452461 0.0097376843914390
v -0.0204071849584579 0.0666364580392838 0.0097376843914390
v -0.0259848348796368 0.0646657496690750 0.0097376843914390
v -0.0313752628862858 0.0622291192412376 0.0097376843914390
v -0.0365396291017532 0.0593441314995289 0.0097376843914390
v -0.0414407290518284 0.0560315661132336 0.0097376843914390
v -0.0460432469844818 0.0523152910172939 0.0097376843914390
v -0.0503140240907669 0.0482220835983753 0.0097376843914390
v -0.0542222857475281 0.0437814369797707 0.0097376843914390
v -0.0577398724853992 0.0390253439545631 0.0097376843914390
v -0.0608414448797703 0.0339880697429180 0.0097376843914390
v -0.0635046511888504 0.0287059135735035 0.0097376843914390
v -0.0657103061676025 0.0232169292867184 0.0097376843914390
v -0.0674425214529037 0.0175606664270163 0.0097376843914390
v -0.0686888024210930 0.0117778787389398 0.0097376843914390
v -0.0694401860237122 0.0059102308005095 0.0097376843914390
v -0.0696912482380867 -0.0000000000000003 0.0097376843914390
v -0.0694401860237122 -0.0059102308005095 0.0097376843914390
v -0.0686888024210930 -0.0117778787389398 0.0097376843914390
v -0.0674425214529037 -0.0175606664270163 0.0097376843914390
v -0.0657103061676025 -0.0232169292867184 0.0097376843914390
v -0.0635046511888504 -0.0287059135735035 0.0097376843914390
v -0.0608414448797703 -0.0339880697429180 0.0097376843914390
v -0.0577398724853992 -0.0390253439545631 0.0097376843914390
v -0.0542222857475281 -0.0437814369797707 0.0097376843914390
v -0.0503140240907669 -0.0482220835983753 0.0097376843914390
v -0.0460432469844818 -0.0523152910172939 0.0097376843914390
v -0.0414407290518284 -0.0560315661132336 0.0097376843914390
v -0.0365396291017532 -0.0593441314995289 0.0097376843914390
v -0.0313752628862858 -0.0622291192412376 0.0097376843914390
v -0.0259848348796368 -0.0646657496690750 0.0097376843914390
v -0.0204071849584579 -0.0666364580392838 0.0097376843914390
v -0.0146825015544891 -0.0681270435452461 0.0097376843914390
v -0.0088520310819149 -0.0691267848014832 0.0097376843914390
v -0.0029577806126326 -0.0696284547448158 0.0097376843914390
v 0.0029577806126326 -0.0696284547448158 0.0097376843914390
v 0.0088520310819149 -0.0691267848014832 0.0097376843914390
v 0.0146825015544891 -0.0681270435452461 0.0097376843914390
v 0.0204071849584579 -0.0666364580392838 0.0097376843914390
v 0.0259848348796368 -0.0646657496690750 0.0097376843914390
v 0.0313752628862858 -0.0622291192412376 0.0097376843914390
v 0.0365396291017532 -0.0593441314995289 0.0097376843914390
v 0.0414407290518284 -0.0560315661132336 0.0097376843914390
v 0.0460432469844818 -0.0523152910172939 0.0097376843914390
v 0.0503140240907669 -0.0482220835983753 0.0097376843914390
v 0.0542222857475281 -0.0437814369797707 0.0097376843914390
v 0.0577398724853992 -0.0390253439545631 0.0097376843914390
v 0.0608414448797703 -0.0339880697429180 0.0097376843914390
v 0.0635046511888504 -0.0287059135735035 0.0097376843914390
v 0.0657103061676025 -0.0232169292867184 0.0097376843914390
v 0.0674425214529037 -0.0175606664270163 0.0097376843914390
v 0.0686888024210930 -0.0117778787389398 0.0097376843914390
v 0.0694401860237122 -0.0059102308005095 0.0097376843914390
v 0.0696912482380867 0.0000000000000001 0.0097376843914390
v 0.0700191557407379 0.0059595084749162 0.0103187495842576
v 0.0692615136504173 0.0118760792538524 0.0103187495842576
v 0.0680048316717148 0.0177070815116167 0.0103187495842576
v 0.0662581846117973 0.0234105046838522 0.0103187495842576
v 0.0640341341495514 0.0289452541619539 0.0103187495842576
v 0.0613487213850021 0.0342714525759220 0.0103187495842576
v 0.0582212917506695 0.0393507257103920 0.0103187495842576
v 0.0546743720769882 0.0441464744508266 0.0103187495842576
v 0.0507335253059864 0.0486241467297077 0.0103187495842576
v 0.0464271418750286 0.0527514815330505 0.0103187495842576
v 0.0417862497270107 0.0564987398684025 0.0103187495842576
v 0.0368442870676517 0.0598389245569706 0.0103187495842576
v 0.0316368602216244 0.0627479702234268 0.0103187495842576
v 0.0262014884501696 0.0652049109339714 0.0103187495842576
v 0.0205773338675499 0.0671920478343964 0.0103187495842576
v 0.0148049201816320 0.0686950683593750 0.0103187495842576
v 0.0089258365333080 0.0697031393647194 0.0103187495842576
v 0.0029824415687472 0.0702089965343475 0.0103187495842576
v -0.0029824415687472 0.0702089965343475 0.0103187495842576
v -0.0089258365333080 0.0697031393647194 0.0103187495842576
v -0.0148049201816320 0.0686950683593750 0.0103187495842576
v -0.0205773338675499 0.0671920478343964 0.0103187495842576
v -0.0262014884501696 0.0652049109339714 0.0103187495842576
v -0.0316368602216244 0.0627479702234268 0.0103187495842576
v -0.0368442870676517 0.0598389245569706 0.0103187495842576
v -0.0417862497270107 0.0564987398684025 0.0103187495842576
v -0.0464271418750286 0.0527514815330505 0.0103187495842576
v -0.0507335253059864 0.0486241467297077 0.0103187495842576
v -0.0546743720769882 0.0441464744508266 0.0103187495842576
v -0.0582212917506695 0.0393507257103920 0.0103187495842576
v -0.0613487213850021 0.0342714525759220 0.0103187495842576
v -0.0640341341495514 0.0289452541619539 0.0103187495842576
v -0.0662581846117973 0.0234105046838522 0.0103187495842576
v -0.0680048316717148 0.0177070815116167 0.0103187495842576
v -0.0692615136504173 0.0118760792538524 0.0103187495842576
v -0.0700191557407379 0.0059595084749162 0.0103187495842576
v -0.0702723190188408 -0.0000000000000003 0.0103187495842576
v -0.0700191557407379 -0.0059595084749162 0.0103187495842576
v -0.0692615136504173 -0.0118760792538524 0.0103187495842576
v -0.0680048316717148 -0.0177070815116167 0.0103187495842576
v -0.0662581846117973 -0.0234105046838522 0.0103187495842576
v -0.0640341341495514 -0.0289452541619539 0.0103187495842576
v -0.0613487213850021 -0.0342714525759220 0.0103187495842576
v -0.0582212917506695 -0.0393507257103920 0.0103187495842576
v -0.0546743720769882 -0.0441464744508266 0.0103187495842576
v -0.0507335253059864 -0.0486241467297077 0.0103187495842576
v -0.0464271418750286 -0.0527514815330505 0.0103187495842576
v -0.0417862497270107 -0.0564987398684025 0.0103187495842576
v -0.0368442870676517 -0.0598389245569706 0.0103187495842576
v -0.0316368602216244 -0.0627479702234268 0.0103187495842576
v -0.0262014884501696 -0.0652049109339714 0.0103187495842576
v -0.0205773338675499 -0.0671920478343964 0.0103187495842576
v -0.0148049201816320 -0.0686950683593750 0.0103187495842576
v -0.0089258365333080 -0.0697031393647194 0.0103187495842576
v -0.0029824415687472 -0.0702089965343475 0.0103187495842576
v 0.0029824415687472 -0.0702089965343475 0.0103187495842576
v 0.0089258365333080 -0.0697031393647194 0.0103187495842576
v 0.0148049201816320 -0.0686950683593750 0.0103187495842576
v 0.0205773338675499 -0.0671920478343964 0.0103187495842576
v 0.0262014884501696 -0.0652049109339714 0.0103187495842576
v 0.0316368602216244 -0.0627479702234268 0.0103187495842576
v 0.0368442870676517 -0.0598389245569706 0.0103187495842576
v 0.0417862497270107 -0.0564987398684025 0.0103187495842576
v 0.0464271418750286 -0.0527514815330505 0.0103187495842576
v 0.0507335253059864 -0.0486241467297077 0.0103187495842576
v 0.0546743720769882 -0.0441464744508266 0.0103187495842576
v 0.0582212917506695 -0.0393507257103920 0.0103187495842576
v 0.0613487213850021 -0.0342714525759220 0.0103187495842576
v 0.0640341341495514 -0.0289452541619539 0.0103187495842576
v 0.0662581846117973 -0.0234105046838522 0.0103187495842576
v 0.0680048316717148 -0.0177070815116167 0.0103187495842576
v 0.0692615136504173 -0.0118760792538524 0.0103187495842576
v 0.0700191557407379 -0.0059595084749162 0.0103187495842576
v 0.0702723190188408 0.0000000000000002 0.0103187495842576
v -0.0704850032925606 -0.0000000000000004 0.0111124999821186
# 1772 vertices, 0 vertices normals

f 1 2 3
f 4 5 6
f 7 8 9
f 10 11 12
f 13 14 15
f 16 17 18
f 19 20 21
f 22 23 21
f 24 25 12
f 25 26 12
f 12 26 27
f 12 27 28
f 28 27 29
f 30 31 32
f 32 31 33
f 34 35 5
f 5 35 6
f 6 35 36
f 6 36 37
f 38 39 40
f 40 39 41
f 40 41 42
f 42 41 43
f 42 43 44
f 44 43 34
f 44 34 45
f 45 34 5
f 46 20 47
f 46 47 48
f 48 47 49
f 48 49 50
f 50 49 51
f 50 51 52
f 52 51 53
f 52 53 54
f 54 53 55
f 54 55 56
f 56 55 57
f 56 57 58
f 20 46 21
f 21 46 59
f 21 59 22
f 60 61 62
f 62 61 63
f 62 63 64
f 28 65 66
f 66 65 67
f 66 67 60
f 60 67 68
f 60 68 61
f 29 30 28
f 28 30 32
f 28 32 65
f 65 32 58
f 65 58 69
f 69 58 57
f 70 71 72
f 72 71 73
f 73 71 74
f 73 74 75
f 75 74 76
f 75 76 77
f 77 76 78
f 77 78 79
f 79 78 80
f 79 80 81
f 16 18 82
f 83 84 85
f 85 84 86
f 86 84 87
f 86 87 88
f 88 87 89
f 88 89 90
f 80 91 81
f 81 91 82
f 81 82 92
f 92 82 18
f 92 18 93
f 93 18 94
f 93 94 95
f 95 94 90
f 95 90 96
f 96 90 89
f 72 97 70
f 70 97 83
f 70 83 98
f 98 83 99
f 100 101 102
f 102 101 103
f 101 104 103
f 103 104 105
f 103 105 106
f 106 105 107
f 106 107 108
f 109 110 11
f 11 110 6
f 11 6 12
f 12 6 37
f 12 37 24
f 111 112 113
f 113 112 114
f 114 112 115
f 114 115 116
f 116 115 117
f 116 117 118
f 117 119 118
f 118 119 120
f 118 120 121
f 122 123 124
f 124 123 125
f 124 125 111
f 111 125 126
f 111 126 127
f 128 129 15
f 15 129 130
f 15 130 124
f 124 130 131
f 124 131 122
f 123 132 125
f 125 132 133
f 125 133 134
f 135 136 137
f 137 136 138
f 137 138 139
f 139 138 140
f 139 140 141
f 141 140 142
f 141 142 134
f 134 142 143
f 134 143 125
f 125 143 144
f 135 7 136
f 136 7 9
f 136 9 145
f 145 9 146
f 147 148 99
f 99 148 149
f 99 149 98
f 150 151 21
f 21 151 152
f 21 152 99
f 99 152 153
f 99 153 147
f 147 154 148
f 148 154 155
f 148 155 156
f 156 155 157
f 156 157 158
f 158 157 159
f 158 159 160
f 160 159 161
f 160 161 162
f 162 161 163
f 162 163 164
f 164 163 165
f 164 165 23
f 165 166 23
f 23 166 167
f 23 167 21
f 21 167 168
f 21 168 150
f 169 32 38
f 38 32 33
f 38 33 39
f 169 170 32
f 32 170 171
f 32 171 58
f 58 171 172
f 58 172 56
f 127 126 173
f 173 126 174
f 173 174 175
f 175 174 176
f 175 176 177
f 177 176 178
f 177 178 179
f 179 178 180
f 179 180 181
f 181 180 182
f 181 182 109
f 109 182 183
f 109 183 110
f 110 183 184
f 110 184 6
f 6 184 185
f 6 185 4
f 144 186 125
f 125 186 187
f 125 187 126
f 126 187 188
f 126 188 174
f 2 1 9
f 9 1 189
f 9 189 146
f 190 191 18
f 190 18 192
f 192 18 17
f 192 17 193
f 191 194 18
f 18 194 195
f 18 195 196
f 196 195 197
f 196 197 198
f 198 199 196
f 196 199 200
f 196 200 100
f 100 200 201
f 100 201 202
f 202 201 203
f 202 203 204
f 204 203 205
f 204 205 206
f 206 205 207
f 206 207 208
f 208 207 209
f 208 209 210
f 210 209 211
f 210 211 212
f 212 211 3
f 212 3 213
f 213 3 2
f 213 2 14
f 14 2 9
f 14 9 15
f 15 9 8
f 15 8 128
f 193 17 214
f 214 17 215
f 214 215 216
f 198 217 199
f 199 217 218
f 199 218 219
f 219 218 220
f 219 220 221
f 221 220 222
f 221 222 223
f 223 222 224
f 223 224 225
f 225 224 216
f 225 216 226
f 226 216 215
f 83 85 99
f 99 85 227
f 99 227 228
f 63 229 64
f 64 229 19
f 64 19 230
f 230 19 21
f 230 21 231
f 231 21 232
f 228 233 99
f 99 233 234
f 99 234 21
f 21 234 235
f 21 235 232
f 100 102 196
f 196 102 236
f 196 236 237
f 238 239 18
f 18 239 240
f 18 240 94
f 237 241 196
f 196 241 242
f 196 242 18
f 18 242 243
f 18 243 238
f 107 244 108
f 108 244 13
f 108 13 245
f 245 13 15
f 245 15 246
f 246 15 247
f 111 113 124
f 124 113 248
f 124 248 249
f 249 250 124
f 124 250 251
f 124 251 15
f 15 251 252
f 15 252 247
f 120 10 121
f 121 10 12
f 121 12 253
f 253 12 254
f 66 255 28
f 28 255 256
f 28 256 257
f 257 258 28
f 28 258 259
f 28 259 12
f 12 259 260
f 12 260 254
f 261 262 263
f 264 265 266
f 267 268 269
f 270 271 272
f 273 274 262
f 275 276 266
f 277 278 272
f 279 280 281
f 282 283 284
f 284 283 285
f 284 285 286
f 286 285 287
f 286 287 288
f 288 287 289
f 288 289 290
f 290 289 291
f 290 291 292
f 292 291 293
f 292 293 294
f 295 296 297
f 297 296 298
f 299 300 301
f 302 303 304
f 304 303 305
f 304 305 306
f 306 305 307
f 306 307 300
f 300 307 308
f 300 308 301
f 281 309 310
f 282 279 283
f 283 279 281
f 283 281 311
f 311 281 310
f 272 312 313
f 277 272 314
f 314 272 313
f 314 313 315
f 315 313 316
f 315 316 317
f 317 316 318
f 317 318 319
f 319 318 320
f 319 320 321
f 321 320 322
f 321 322 323
f 323 322 324
f 323 324 267
f 267 324 325
f 267 325 268
f 268 325 326
f 268 326 327
f 328 329 330
f 329 328 331
f 331 328 332
f 331 332 333
f 333 332 334
f 333 334 335
f 312 272 330
f 330 272 336
f 330 336 328
f 337 338 339
f 339 338 340
f 339 340 341
f 341 340 342
f 337 343 338
f 338 343 344
f 338 344 345
f 345 344 346
f 345 346 347
f 348 349 350
f 350 349 351
f 350 351 347
f 275 266 352
f 352 266 265
f 352 265 353
f 353 265 354
f 353 354 355
f 355 354 356
f 355 356 348
f 348 356 357
f 348 357 349
f 358 359 340
f 340 359 360
f 361 362 360
f 360 362 266
f 360 266 340
f 340 266 276
f 340 276 342
f 363 364 365
f 365 364 366
f 367 368 369
f 367 370 368
f 368 370 371
f 368 371 372
f 372 371 373
f 374 375 376
f 376 377 374
f 374 377 378
f 374 378 379
f 379 378 380
f 379 380 381
f 382 383 384
f 384 383 385
f 386 384 387
f 387 384 385
f 387 385 388
f 388 385 389
f 388 389 390
f 390 389 391
f 390 391 392
f 392 391 393
f 392 393 394
f 394 393 395
f 394 395 396
f 396 395 397
f 396 397 398
f 398 397 399
f 398 399 369
f 400 401 402
f 402 401 371
f 402 371 403
f 403 371 404
f 400 405 401
f 401 405 406
f 401 406 407
f 406 408 407
f 407 408 409
f 407 409 410
f 411 412 370
f 370 412 413
f 404 371 414
f 414 371 370
f 414 370 415
f 415 370 413
f 415 413 416
f 417 418 401
f 401 418 419
f 380 420 381
f 381 420 373
f 381 373 421
f 421 373 371
f 421 371 422
f 422 371 423
f 419 424 401
f 401 424 425
f 401 425 371
f 371 425 426
f 371 426 423
f 364 358 366
f 366 358 340
f 366 340 427
f 427 340 428
f 429 430 338
f 338 430 431
f 338 431 432
f 432 433 338
f 338 433 434
f 338 434 340
f 340 434 435
f 340 435 428
f 436 437 272
f 438 281 302
f 302 281 280
f 302 280 303
f 437 439 272
f 272 439 440
f 272 440 336
f 438 441 281
f 281 441 442
f 281 442 436
f 301 295 299
f 299 295 297
f 299 297 443
f 443 297 444
f 445 384 375
f 375 384 386
f 375 386 376
f 445 446 384
f 384 446 447
f 384 447 448
f 448 449 297
f 297 449 450
f 297 450 444
f 369 399 367
f 367 399 451
f 367 451 370
f 370 451 452
f 370 452 411
f 448 297 384
f 384 297 453
f 384 453 454
f 454 455 384
f 384 455 456
f 384 456 382
f 457 458 297
f 297 458 459
f 297 459 453
f 460 461 462
f 462 461 463
f 462 463 464
f 464 463 382
f 464 382 465
f 465 382 456
f 466 467 468
f 468 467 469
f 468 469 470
f 470 469 471
f 470 471 472
f 472 471 473
f 472 473 460
f 460 473 474
f 460 474 461
f 466 457 467
f 467 457 297
f 467 297 475
f 475 297 298
f 475 298 476
f 476 298 294
f 476 294 477
f 477 294 293
f 436 272 281
f 281 272 271
f 281 271 478
f 478 479 281
f 281 479 480
f 281 480 309
f 480 481 309
f 309 481 482
f 309 482 483
f 483 482 484
f 483 484 485
f 485 484 486
f 485 486 487
f 487 486 488
f 487 488 489
f 489 488 490
f 489 490 491
f 491 490 492
f 491 492 278
f 492 493 278
f 278 493 494
f 278 494 272
f 272 494 495
f 272 495 270
f 496 497 345
f 347 351 345
f 345 351 498
f 345 498 496
f 335 334 499
f 499 334 429
f 499 429 500
f 500 429 338
f 500 338 327
f 327 338 345
f 327 345 268
f 268 345 497
f 268 497 269
f 273 262 501
f 501 262 261
f 501 261 502
f 502 261 503
f 502 503 504
f 504 503 505
f 504 505 506
f 506 505 507
f 506 507 508
f 508 507 509
f 508 509 361
f 361 509 510
f 361 510 362
f 362 510 511
f 362 511 266
f 266 511 512
f 266 512 264
f 513 514 407
f 416 413 515
f 515 413 516
f 515 516 517
f 517 516 518
f 517 518 519
f 519 518 520
f 519 520 410
f 410 520 521
f 410 521 407
f 407 521 522
f 407 522 513
f 363 365 523
f 523 365 524
f 523 524 525
f 525 524 526
f 525 526 527
f 527 526 417
f 527 417 528
f 528 417 401
f 528 401 274
f 274 401 407
f 274 407 262
f 262 407 514
f 262 514 263
f 529 530 531
f 532 533 534
f 535 536 537
f 538 539 540
f 541 542 543
f 544 545 546
f 546 545 547
f 546 547 536
f 542 548 543
f 543 548 549
f 543 549 544
f 544 549 550
f 544 550 545
f 551 537 552
f 552 537 536
f 552 536 553
f 553 536 547
f 533 554 555
f 556 557 558
f 558 557 559
f 558 559 560
f 560 559 561
f 560 561 534
f 534 561 562
f 534 562 532
f 563 556 564
f 564 556 558
f 564 558 565
f 565 558 566
f 565 566 537
f 537 566 567
f 537 567 535
f 554 568 555
f 555 568 569
f 555 569 564
f 564 569 570
f 564 570 563
f 533 555 534
f 534 555 571
f 534 571 572
f 573 574 575
f 531 530 576
f 576 530 577
f 576 577 578
f 578 577 579
f 578 579 580
f 580 579 581
f 580 581 582
f 583 584 585
f 585 584 586
f 585 586 587
f 587 586 588
f 589 573 590
f 590 573 575
f 590 575 591
f 591 575 592
f 591 592 571
f 571 592 593
f 571 593 572
f 594 595 596
f 596 595 573
f 596 573 597
f 597 573 589
f 594 598 595
f 595 598 599
f 595 599 600
f 600 599 601
f 602 603 571
f 571 603 604
f 571 604 591
f 591 604 605
f 591 605 590
f 590 605 606
f 590 606 589
f 607 608 609
f 609 608 610
f 611 612 613
f 613 612 577
f 613 577 614
f 608 615 610
f 610 615 616
f 610 616 617
f 617 616 618
f 617 618 600
f 600 618 619
f 600 619 595
f 620 621 622
f 622 621 623
f 586 624 621
f 621 624 625
f 621 625 623
f 626 627 628
f 628 627 629
f 628 629 584
f 584 629 630
f 630 631 584
f 584 631 632
f 584 632 586
f 586 632 633
f 586 633 624
f 634 635 636
f 636 635 621
f 636 621 628
f 628 621 620
f 628 620 626
f 583 637 584
f 584 637 638
f 584 638 628
f 628 638 639
f 628 639 636
f 636 639 612
f 636 612 634
f 634 612 611
f 581 640 641
f 640 581 642
f 642 581 579
f 642 579 643
f 644 645 577
f 577 645 646
f 577 646 579
f 579 646 647
f 579 647 643
f 638 582 639
f 639 582 581
f 639 581 612
f 612 581 641
f 612 641 648
f 648 649 612
f 612 649 650
f 612 650 577
f 577 650 651
f 577 651 644
f 635 652 621
f 621 652 653
f 621 653 586
f 586 653 543
f 586 543 588
f 588 543 544
f 529 574 530
f 530 574 573
f 530 573 577
f 577 573 595
f 577 595 614
f 614 595 619
f 652 607 653
f 653 607 609
f 653 609 543
f 543 609 540
f 543 540 541
f 541 540 539
f 601 602 600
f 600 602 571
f 600 571 617
f 617 571 555
f 617 555 610
f 610 555 564
f 610 564 609
f 609 564 565
f 609 565 540
f 540 565 537
f 540 537 538
f 538 537 551
f 654 655 656
f 656 655 657
f 656 657 658
f 658 657 659
f 658 659 660
f 660 659 661
f 660 661 662
f 662 661 663
f 662 663 664
f 664 663 665
f 664 665 666
f 666 665 667
f 666 667 668
f 669 670 671
f 671 670 672
f 671 672 673
f 673 672 674
f 673 674 675
f 675 674 676
f 675 676 677
f 677 676 678
f 677 678 679
f 679 678 680
f 679 680 681
f 681 680 682
f 681 682 654
f 654 682 683
f 654 683 655
f 667 684 668
f 668 684 685
f 668 685 686
f 686 685 687
f 686 687 688
f 688 687 689
f 688 689 690
f 690 689 691
f 690 691 692
f 692 691 693
f 692 693 694
f 694 693 695
f 694 695 696
f 696 695 697
f 696 697 698
f 698 697 699
f 698 699 669
f 669 699 700
f 669 700 670
f 701 702 703
f 703 702 704
f 703 704 705
f 705 704 706
f 705 706 707
f 707 706 708
f 707 708 709
f 709 708 710
f 709 710 711
f 711 710 712
f 711 712 713
f 713 712 714
f 713 714 715
f 715 714 716
f 715 716 717
f 717 716 718
f 717 718 719
f 719 718 720
f 719 720 721
f 721 720 722
f 721 722 723
f 723 722 724
f 723 724 725
f 725 724 726
f 725 726 727
f 727 726 728
f 727 728 729
f 729 728 730
f 729 730 731
f 731 730 732
f 731 732 733
f 733 732 734
f 733 734 735
f 735 734 736
f 735 736 701
f 701 736 702
f 607 737 608
f 608 737 738
f 608 738 615
f 615 738 739
f 615 739 616
f 616 739 740
f 616 740 618
f 618 740 741
f 618 741 619
f 619 741 742
f 619 742 614
f 614 742 743
f 614 743 613
f 613 743 744
f 613 744 611
f 611 744 745
f 611 745 634
f 634 745 746
f 634 746 635
f 635 746 747
f 635 747 652
f 652 747 748
f 652 748 607
f 607 748 737
f 749 750 751
f 751 750 752
f 751 752 753
f 753 752 754
f 753 754 755
f 755 754 756
f 755 756 757
f 757 756 758
f 757 758 759
f 759 758 760
f 759 760 761
f 761 760 762
f 761 762 763
f 763 762 764
f 763 764 765
f 765 764 766
f 765 766 767
f 767 766 768
f 767 768 769
f 769 768 770
f 769 770 771
f 771 770 772
f 771 772 773
f 773 772 774
f 773 774 775
f 775 774 776
f 775 776 777
f 777 776 778
f 777 778 779
f 779 778 780
f 779 780 781
f 781 780 782
f 781 782 783
f 783 782 784
f 783 784 785
f 785 784 786
f 785 786 787
f 787 786 788
f 787 788 789
f 789 788 790
f 789 790 791
f 791 790 792
f 791 792 793
f 793 792 794
f 793 794 795
f 795 794 796
f 795 796 797
f 797 796 798
f 797 798 799
f 799 798 800
f 799 800 801
f 801 800 802
f 801 802 803
f 803 802 804
f 803 804 805
f 805 804 806
f 805 806 807
f 807 806 808
f 807 808 809
f 809 808 810
f 809 810 811
f 811 810 812
f 811 812 813
f 813 812 814
f 813 814 815
f 815 814 816
f 815 816 817
f 817 816 818
f 817 818 819
f 819 818 820
f 819 820 821
f 821 820 822
f 821 822 823
f 823 822 824
f 823 824 825
f 825 824 826
f 825 826 749
f 749 826 750
f 790 788 827
f 827 788 786
f 827 786 828
f 828 786 784
f 828 784 829
f 829 784 782
f 829 782 830
f 830 782 780
f 830 780 831
f 831 780 778
f 831 778 832
f 832 778 776
f 832 776 833
f 833 776 774
f 833 774 834
f 834 774 772
f 834 772 835
f 835 772 770
f 835 770 836
f 836 770 768
f 836 768 837
f 837 768 766
f 837 766 838
f 838 766 764
f 838 764 839
f 839 764 762
f 839 762 840
f 840 762 760
f 840 760 841
f 841 760 758
f 841 758 842
f 842 758 756
f 842 756 843
f 843 756 754
f 843 754 844
f 844 754 752
f 844 752 845
f 845 752 750
f 845 750 846
f 846 750 826
f 846 826 847
f 847 826 824
f 847 824 848
f 848 824 822
f 848 822 849
f 849 822 820
f 849 820 850
f 850 820 818
f 850 818 851
f 851 818 816
f 851 816 852
f 852 816 814
f 852 814 853
f 853 814 812
f 853 812 854
f 854 812 810
f 854 810 855
f 855 810 808
f 855 808 856
f 856 808 806
f 856 806 857
f 857 806 804
f 857 804 858
f 858 804 802
f 858 802 859
f 859 802 800
f 859 800 860
f 860 800 798
f 860 798 861
f 861 798 796
f 861 796 862
f 862 796 794
f 862 794 863
f 863 794 792
f 863 792 864
f 864 792 790
f 864 790 827
f 865 809 866
f 866 809 811
f 866 811 867
f 867 811 813
f 867 813 868
f 868 813 815
f 868 815 869
f 869 815 817
f 869 817 870
f 870 817 819
f 870 819 871
f 871 819 821
f 871 821 872
f 872 821 823
f 872 823 873
f 873 823 825
f 873 825 874
f 874 825 749
f 874 749 875
f 875 749 751
f 875 751 876
f 876 751 753
f 876 753 877
f 877 753 755
f 877 755 878
f 878 755 757
f 878 757 879
f 879 757 759
f 879 759 880
f 880 759 761
f 880 761 881
f 881 761 763
f 881 763 882
f 882 763 765
f 882 765 883
f 765 767 883
f 883 767 769
f 883 769 884
f 884 769 771
f 884 771 885
f 885 771 773
f 885 773 886
f 886 773 775
f 886 775 887
f 887 775 777
f 887 777 888
f 888 777 779
f 888 779 889
f 889 779 781
f 889 781 890
f 890 781 783
f 890 783 891
f 891 783 785
f 891 785 892
f 892 785 787
f 892 787 893
f 893 787 789
f 893 789 894
f 894 789 791
f 894 791 895
f 895 791 793
f 895 793 896
f 896 793 795
f 896 795 897
f 897 795 797
f 897 797 898
f 898 797 799
f 898 799 899
f 899 799 801
f 899 801 900
f 900 801 803
f 900 803 901
f 901 803 805
f 901 805 865
f 865 805 807
f 865 807 809
f 722 902 724
f 724 902 903
f 724 903 726
f 726 903 904
f 726 904 728
f 728 904 905
f 728 905 730
f 730 905 906
f 730 906 732
f 732 906 907
f 908 706 909
f 909 706 704
f 909 704 910
f 910 704 702
f 910 702 911
f 911 702 736
f 911 736 907
f 907 736 734
f 907 734 732
f 722 720 902
f 902 720 718
f 902 718 912
f 912 718 716
f 912 716 913
f 913 716 714
f 913 714 914
f 914 714 712
f 914 712 915
f 915 712 710
f 915 710 908
f 908 710 708
f 908 708 706
f 740 916 741
f 741 916 917
f 741 917 742
f 742 917 918
f 742 918 743
f 743 918 919
f 743 919 744
f 744 919 920
f 744 920 745
f 745 920 921
f 745 921 746
f 921 922 746
f 746 922 923
f 746 923 747
f 747 923 924
f 747 924 748
f 748 924 925
f 748 925 737
f 737 925 926
f 737 926 738
f 738 926 927
f 738 927 739
f 739 927 928
f 739 928 740
f 740 928 929
f 740 929 916
f 926 902 927
f 927 902 912
f 927 912 928
f 928 912 913
f 928 913 929
f 929 913 914
f 929 914 916
f 916 914 915
f 916 915 917
f 917 915 908
f 917 908 918
f 918 908 909
f 918 909 919
f 919 909 910
f 919 910 920
f 920 910 911
f 920 911 921
f 921 911 907
f 921 907 922
f 922 907 906
f 922 906 923
f 923 906 905
f 923 905 924
f 924 905 904
f 924 904 925
f 925 904 903
f 925 903 926
f 926 903 902
f 930 692 931
f 931 692 694
f 931 694 932
f 932 694 696
f 932 696 933
f 933 696 698
f 933 698 934
f 934 698 669
f 934 669 935
f 935 669 671
f 935 671 936
f 936 671 673
f 936 673 937
f 937 673 675
f 937 675 938
f 938 675 677
f 938 677 939
f 939 677 679
f 939 679 940
f 940 679 681
f 940 681 941
f 941 681 654
f 941 654 942
f 942 654 656
f 942 656 943
f 943 656 658
f 943 658 944
f 944 658 660
f 944 660 945
f 945 660 662
f 945 662 946
f 946 662 664
f 946 664 947
f 947 664 666
f 947 666 948
f 948 666 668
f 948 668 949
f 949 668 686
f 949 686 950
f 950 686 688
f 950 688 951
f 951 688 690
f 951 690 930
f 930 690 692
f 941 942 952
f 952 942 943
f 946 953 945
f 948 954 947
f 955 956 957
f 931 958 930
f 930 958 959
f 930 959 951
f 951 959 960
f 961 962 932
f 932 962 963
f 932 963 931
f 931 963 964
f 931 964 958
f 957 965 955
f 955 965 966
f 955 966 967
f 967 966 968
f 949 950 969
f 969 950 951
f 969 951 955
f 955 951 960
f 955 960 956
f 970 971 969
f 971 972 969
f 969 972 973
f 969 973 949
f 973 974 949
f 949 974 975
f 949 975 948
f 948 975 976
f 948 976 954
f 977 978 979
f 979 978 970
f 976 980 954
f 954 980 981
f 954 981 979
f 979 981 982
f 979 982 977
f 983 984 985
f 986 944 987
f 987 944 945
f 987 945 988
f 988 945 953
f 983 985 989
f 990 991 992
f 992 991 985
f 992 985 993
f 993 985 984
f 990 994 991
f 991 994 995
f 991 995 953
f 953 995 996
f 953 996 988
f 941 952 940
f 940 952 997
f 940 997 939
f 998 934 999
f 999 934 1000
f 999 1000 1001
f 936 1002 935
f 935 1002 1003
f 935 1003 934
f 934 1003 1004
f 934 1004 1000
f 1001 1005 999
f 999 1005 1006
f 999 1006 1007
f 1007 1006 1008
f 1007 1008 1009
f 1009 1010 937
f 937 1010 1011
f 937 1011 936
f 936 1011 1012
f 936 1012 1002
f 968 961 967
f 967 961 932
f 967 932 998
f 998 932 933
f 998 933 934
f 1013 735 701
f 715 967 713
f 713 967 998
f 713 998 711
f 711 998 999
f 711 999 709
f 709 999 1007
f 709 1007 707
f 707 1007 1014
f 707 1014 705
f 705 1014 1015
f 705 1015 703
f 703 1015 701
f 735 1013 733
f 733 1013 985
f 733 985 731
f 731 985 991
f 731 991 729
f 970 969 979
f 979 969 725
f 979 725 727
f 715 717 967
f 967 717 719
f 967 719 955
f 955 719 721
f 955 721 969
f 969 721 723
f 969 723 725
f 1016 1017 1013
f 1013 1017 1018
f 1019 1020 1015
f 701 1015 1013
f 1013 1015 1021
f 1013 1021 1016
f 1020 1022 1015
f 1015 1022 1023
f 1015 1023 1021
f 986 989 944
f 944 989 985
f 944 985 943
f 943 985 1013
f 943 1013 952
f 952 1013 1018
f 952 1018 1024
f 1009 937 1007
f 1007 937 938
f 1007 938 1014
f 1014 938 939
f 1014 939 1015
f 1015 939 997
f 1015 997 1019
f 1024 1025 952
f 952 1025 1026
f 952 1026 997
f 997 1026 1027
f 997 1027 1019
f 727 729 979
f 979 729 991
f 979 991 954
f 954 991 953
f 954 953 947
f 947 953 946
f 601 1021 602
f 602 1021 1023
f 602 1023 603
f 603 1023 1022
f 603 1022 604
f 604 1022 1020
f 604 1020 605
f 605 1020 1019
f 605 1019 606
f 606 1019 1027
f 606 1027 589
f 589 1027 1026
f 589 1026 597
f 597 1026 1025
f 597 1025 596
f 596 1025 1024
f 596 1024 594
f 594 1024 1018
f 594 1018 598
f 598 1018 1017
f 598 1017 599
f 599 1017 1016
f 599 1016 601
f 601 1016 1021
f 648 995 649
f 649 995 994
f 649 994 650
f 650 994 990
f 650 990 651
f 651 990 992
f 651 992 644
f 644 992 993
f 644 993 645
f 645 993 984
f 645 984 646
f 646 984 983
f 646 983 647
f 647 983 989
f 647 989 643
f 643 989 986
f 643 986 642
f 642 986 987
f 642 987 640
f 640 987 988
f 640 988 641
f 641 988 996
f 641 996 648
f 648 996 995
f 632 973 633
f 633 973 972
f 633 972 624
f 624 972 971
f 624 971 625
f 625 971 970
f 625 970 623
f 623 970 978
f 623 978 622
f 622 978 977
f 622 977 620
f 620 977 982
f 620 982 626
f 626 982 981
f 626 981 627
f 627 981 980
f 627 980 629
f 629 980 976
f 629 976 630
f 630 976 975
f 630 975 631
f 631 975 974
f 631 974 632
f 632 974 973
f 547 958 553
f 553 958 964
f 553 964 552
f 552 964 963
f 552 963 551
f 551 963 962
f 551 962 538
f 538 962 961
f 538 961 539
f 539 961 968
f 539 968 541
f 541 968 966
f 541 966 542
f 542 966 965
f 542 965 548
f 548 965 957
f 548 957 549
f 549 957 956
f 549 956 550
f 550 956 960
f 550 960 545
f 545 960 959
f 545 959 547
f 547 959 958
f 556 1000 557
f 557 1000 1004
f 557 1004 559
f 559 1004 1003
f 559 1003 561
f 561 1003 1002
f 561 1002 562
f 562 1002 1012
f 562 1012 532
f 532 1012 1011
f 532 1011 533
f 533 1011 1010
f 533 1010 554
f 554 1010 1009
f 554 1009 568
f 568 1009 1008
f 568 1008 569
f 569 1008 1006
f 569 1006 570
f 570 1006 1005
f 570 1005 563
f 563 1005 1001
f 563 1001 556
f 556 1001 1000
f 1028 1029 869
f 1030 1031 900
f 1032 875 1033
f 1033 875 876
f 1033 876 1034
f 1034 876 1035
f 1035 876 877
f 1035 877 1036
f 1036 877 878
f 1036 878 1037
f 879 880 1038
f 1038 1039 879
f 879 1039 1040
f 879 1040 878
f 878 1040 1041
f 878 1041 1037
f 882 1042 881
f 881 1042 1043
f 881 1043 880
f 880 1043 1044
f 880 1044 1038
f 883 1045 882
f 882 1045 1046
f 882 1046 1042
f 884 1047 883
f 883 1047 1048
f 883 1048 1045
f 1049 1050 885
f 885 1050 1051
f 885 1051 884
f 884 1051 1052
f 884 1052 1047
f 1049 885 1053
f 1053 885 886
f 1053 886 1054
f 1054 886 887
f 1054 887 1055
f 889 1056 888
f 888 1056 1057
f 888 1057 887
f 887 1057 1058
f 887 1058 1055
f 1059 1060 890
f 890 1060 1061
f 890 1061 889
f 889 1061 1062
f 889 1062 1056
f 1059 890 1063
f 1063 890 891
f 1063 891 1064
f 1064 891 892
f 1064 892 1065
f 893 894 1066
f 1066 1067 893
f 893 1067 1068
f 893 1068 892
f 892 1068 1069
f 892 1069 1065
f 895 896 1070
f 1070 1071 895
f 895 1071 1072
f 895 1072 894
f 894 1072 1073
f 894 1073 1066
f 897 898 1074
f 1074 1075 897
f 897 1075 1076
f 897 1076 896
f 896 1076 1077
f 896 1077 1070
f 900 1031 899
f 1031 1078 899
f 899 1078 1079
f 899 1079 898
f 898 1079 1080
f 898 1080 1074
f 1030 900 1081
f 1081 900 901
f 1081 901 1082
f 1082 901 865
f 1082 865 1083
f 1083 865 1084
f 1084 865 866
f 1084 866 1085
f 1085 866 1086
f 1086 866 867
f 1086 867 1087
f 1087 867 1088
f 1088 867 868
f 1088 868 1089
f 869 1029 868
f 868 1029 1090
f 868 1090 1089
f 1028 869 1091
f 1091 869 870
f 1091 870 1092
f 1092 870 871
f 1092 871 1093
f 1093 871 1094
f 1094 871 872
f 1094 872 1095
f 1095 872 1096
f 1096 872 873
f 1096 873 1097
f 1032 1098 875
f 875 1098 1099
f 875 1099 874
f 874 1099 1100
f 874 1100 873
f 873 1100 1101
f 873 1101 1097
f 1102 1103 676
f 689 1104 1105
f 689 1105 691
f 1104 689 1106
f 1106 689 687
f 1106 687 1107
f 1107 687 1108
f 1108 687 685
f 1108 685 1109
f 1109 685 1110
f 1110 685 684
f 1110 684 1111
f 1111 684 1112
f 1112 684 667
f 1112 667 1113
f 663 1114 665
f 665 1114 1115
f 665 1115 667
f 667 1115 1116
f 667 1116 1113
f 661 1117 663
f 663 1117 1118
f 663 1118 1114
f 659 1119 661
f 661 1119 1120
f 661 1120 1117
f 657 1121 659
f 659 1121 1122
f 659 1122 1119
f 655 1123 657
f 657 1123 1124
f 657 1124 1121
f 1125 1126 683
f 683 1126 1127
f 683 1127 655
f 655 1127 1128
f 655 1128 1123
f 1125 683 1129
f 1129 683 682
f 1129 682 1130
f 1130 682 680
f 1130 680 1131
f 1131 680 1132
f 1132 680 678
f 1132 678 1133
f 676 1103 678
f 678 1103 1134
f 678 1134 1133
f 1102 676 1135
f 1135 676 674
f 1135 674 1136
f 1136 674 672
f 1136 672 1137
f 670 1138 672
f 672 1138 1139
f 672 1139 1137
f 1140 1141 699
f 699 1141 1142
f 699 1142 700
f 700 1142 1143
f 700 1143 670
f 670 1143 1144
f 670 1144 1138
f 1140 699 1145
f 1145 699 697
f 1145 697 1146
f 1146 697 695
f 1146 695 1147
f 1105 1148 691
f 691 1148 1149
f 691 1149 693
f 693 1149 1150
f 693 1150 695
f 695 1150 1151
f 695 1151 1147
f 1152 1153 860
f 1154 1155 854
f 1156 1157 833
f 1158 828 1159
f 1159 828 829
f 1159 829 1160
f 1160 829 1161
f 1161 829 830
f 1161 830 1162
f 1162 830 831
f 1162 831 1163
f 833 1157 832
f 1157 1164 832
f 832 1164 1165
f 832 1165 831
f 831 1165 1166
f 831 1166 1163
f 1156 833 1167
f 1167 833 834
f 1167 834 1168
f 1168 834 835
f 1168 835 1169
f 1169 835 1170
f 1170 835 836
f 1170 836 1171
f 1171 836 1172
f 1172 836 837
f 1172 837 1173
f 1173 837 1174
f 1174 837 838
f 1174 838 1175
f 1176 1177 840
f 840 1177 1178
f 840 1178 839
f 839 1178 1179
f 839 1179 838
f 838 1179 1180
f 838 1180 1175
f 1176 840 1181
f 1181 840 841
f 1181 841 1182
f 1182 841 842
f 1182 842 1183
f 1183 842 1184
f 1184 842 843
f 1184 843 1185
f 845 1186 844
f 844 1186 1187
f 844 1187 843
f 843 1187 1188
f 843 1188 1185
f 847 848 1189
f 1189 1190 847
f 847 1190 1191
f 847 1191 846
f 846 1191 1192
f 846 1192 845
f 845 1192 1193
f 845 1193 1186
f 849 850 1194
f 1194 1195 849
f 849 1195 1196
f 849 1196 848
f 848 1196 1197
f 848 1197 1189
f 851 852 1198
f 1198 1199 851
f 851 1199 1200
f 851 1200 850
f 850 1200 1201
f 850 1201 1194
f 854 1155 853
f 1155 1202 853
f 853 1202 1203
f 853 1203 852
f 852 1203 1204
f 852 1204 1198
f 1154 854 1205
f 1205 854 855
f 1205 855 1206
f 1206 855 856
f 1206 856 1207
f 1207 856 1208
f 1208 856 857
f 1208 857 1209
f 1209 857 1210
f 1210 857 858
f 1210 858 1211
f 1211 858 1212
f 1212 858 859
f 1212 859 1213
f 860 1153 859
f 859 1153 1214
f 859 1214 1213
f 1152 860 1215
f 1215 860 861
f 1215 861 1216
f 1216 861 862
f 1216 862 1217
f 1217 862 1218
f 1218 862 863
f 1218 863 1219
f 1219 863 1220
f 1220 863 864
f 1220 864 1221
f 1158 1222 828
f 828 1222 1223
f 828 1223 827
f 827 1223 1224
f 827 1224 864
f 864 1224 1225
f 864 1225 1221
f 1226 1227 566
f 529 531 1228
f 576 1229 531
f 531 1229 1230
f 531 1230 1228
f 578 1231 576
f 576 1231 1232
f 576 1232 1229
f 580 1233 578
f 578 1233 1234
f 578 1234 1231
f 1235 1236 582
f 582 1236 1237
f 582 1237 580
f 580 1237 1238
f 580 1238 1233
f 1235 582 1239
f 1239 582 638
f 1239 638 1240
f 1240 638 637
f 1240 637 1241
f 1241 637 1242
f 1242 637 583
f 1242 583 1243
f 1243 583 1244
f 1244 583 585
f 1244 585 1245
f 1245 585 1246
f 1246 585 587
f 1246 587 1247
f 1247 587 1248
f 1248 587 588
f 1248 588 1249
f 1249 588 1250
f 1250 588 544
f 1250 544 1251
f 1251 544 546
f 1251 546 1252
f 1252 546 1253
f 1253 546 536
f 1253 536 1254
f 1254 536 535
f 1254 535 1255
f 1255 535 1256
f 1256 535 567
f 1256 567 1257
f 566 1227 567
f 567 1227 1258
f 567 1258 1257
f 1226 566 1259
f 1259 566 558
f 1259 558 1260
f 1260 558 560
f 1260 560 1261
f 534 1262 560
f 560 1262 1263
f 560 1263 1261
f 1264 1265 593
f 593 1265 1266
f 593 1266 572
f 572 1266 1267
f 572 1267 534
f 534 1267 1268
f 534 1268 1262
f 1264 593 1269
f 1269 593 592
f 1269 592 1270
f 1270 592 575
f 1270 575 1271
f 1228 1272 529
f 529 1272 1273
f 529 1273 574
f 574 1273 1274
f 574 1274 575
f 575 1274 1275
f 575 1275 1271
f 404 123 403
f 403 123 122
f 403 122 402
f 402 122 131
f 402 131 400
f 400 131 130
f 400 130 405
f 405 130 129
f 405 129 406
f 406 129 128
f 132 123 414
f 414 123 404
f 408 8 409
f 409 8 7
f 409 7 410
f 410 7 135
f 410 135 519
f 519 135 137
f 519 137 517
f 517 137 139
f 517 139 515
f 515 139 141
f 515 141 416
f 416 141 134
f 416 134 415
f 415 134 133
f 415 133 414
f 414 133 132
f 8 408 128
f 128 408 406
f 376 10 377
f 377 10 120
f 377 120 378
f 378 120 119
f 378 119 380
f 380 119 117
f 380 117 420
f 420 117 115
f 420 115 373
f 373 115 112
f 387 11 386
f 386 11 10
f 386 10 376
f 368 111 369
f 369 111 127
f 369 127 398
f 398 127 173
f 398 173 396
f 396 173 175
f 396 175 394
f 394 175 177
f 394 177 392
f 392 177 179
f 392 179 390
f 390 179 181
f 390 181 388
f 388 181 109
f 388 109 387
f 387 109 11
f 373 112 372
f 372 112 111
f 372 111 368
f 527 13 525
f 525 13 244
f 525 244 523
f 523 244 107
f 523 107 363
f 363 107 105
f 363 105 364
f 364 105 104
f 364 104 358
f 358 104 101
f 274 14 528
f 528 14 13
f 528 13 527
f 360 100 361
f 361 100 202
f 361 202 508
f 508 202 204
f 508 204 506
f 506 204 206
f 506 206 504
f 504 206 208
f 504 208 502
f 502 208 210
f 502 210 501
f 501 210 212
f 501 212 273
f 273 212 213
f 273 213 274
f 274 213 14
f 358 101 359
f 359 101 100
f 359 100 360
f 342 198 341
f 341 198 197
f 341 197 339
f 339 197 195
f 339 195 337
f 337 195 194
f 337 194 343
f 343 194 191
f 343 191 344
f 344 191 190
f 217 198 276
f 276 198 342
f 346 192 347
f 347 192 193
f 347 193 350
f 350 193 214
f 350 214 348
f 348 214 216
f 348 216 355
f 355 216 224
f 355 224 353
f 353 224 222
f 353 222 352
f 352 222 220
f 352 220 275
f 275 220 218
f 275 218 276
f 276 218 217
f 192 346 190
f 190 346 344
f 499 93 335
f 335 93 95
f 335 95 333
f 333 95 96
f 333 96 331
f 331 96 89
f 331 89 329
f 329 89 87
f 329 87 330
f 330 87 84
f 327 92 500
f 500 92 93
f 500 93 499
f 313 83 316
f 316 83 97
f 316 97 318
f 318 97 72
f 318 72 320
f 320 72 73
f 320 73 322
f 322 73 75
f 322 75 324
f 324 75 77
f 324 77 325
f 325 77 79
f 325 79 326
f 326 79 81
f 326 81 327
f 327 81 92
f 330 84 312
f 312 84 83
f 312 83 313
f 495 147 270
f 270 147 153
f 270 153 271
f 271 153 152
f 271 152 478
f 478 152 151
f 478 151 479
f 479 151 150
f 479 150 480
f 480 150 168
f 154 147 494
f 494 147 495
f 481 167 482
f 482 167 166
f 482 166 484
f 484 166 165
f 484 165 486
f 486 165 163
f 486 163 488
f 488 163 161
f 488 161 490
f 490 161 159
f 490 159 492
f 492 159 157
f 492 157 493
f 493 157 155
f 493 155 494
f 494 155 154
f 167 481 168
f 168 481 480
f 303 19 305
f 305 19 229
f 305 229 307
f 307 229 63
f 307 63 308
f 308 63 61
f 308 61 301
f 301 61 68
f 301 68 295
f 295 68 67
f 279 20 280
f 280 20 19
f 280 19 303
f 298 65 294
f 294 65 69
f 294 69 292
f 292 69 57
f 292 57 290
f 290 57 55
f 290 55 288
f 288 55 53
f 288 53 286
f 286 53 51
f 286 51 284
f 284 51 49
f 284 49 282
f 282 49 47
f 282 47 279
f 279 47 20
f 295 67 296
f 296 67 65
f 296 65 298
f 458 30 459
f 459 30 29
f 459 29 453
f 453 29 27
f 453 27 454
f 454 27 26
f 454 26 455
f 455 26 25
f 455 25 456
f 456 25 24
f 31 30 457
f 457 30 458
f 465 37 464
f 464 37 36
f 464 36 462
f 462 36 35
f 462 35 460
f 460 35 34
f 460 34 472
f 472 34 43
f 472 43 470
f 470 43 41
f 470 41 468
f 468 41 39
f 468 39 466
f 466 39 33
f 466 33 457
f 457 33 31
f 37 465 24
f 24 465 456
f 520 1276 521
f 521 1276 1277
f 521 1277 522
f 522 1277 1278
f 522 1278 513
f 513 1278 1279
f 513 1279 514
f 514 1279 1280
f 514 1280 263
f 263 1280 1281
f 263 1281 261
f 261 1281 1282
f 261 1282 503
f 503 1282 1283
f 503 1283 505
f 505 1283 1284
f 505 1284 507
f 507 1284 1285
f 507 1285 509
f 509 1285 1286
f 509 1286 510
f 510 1286 1287
f 510 1287 511
f 511 1287 1288
f 511 1288 512
f 512 1288 1289
f 512 1289 264
f 264 1289 1290
f 264 1290 265
f 265 1290 1291
f 265 1291 354
f 354 1291 1292
f 354 1292 356
f 356 1292 1293
f 356 1293 357
f 357 1293 1294
f 357 1294 349
f 349 1294 1295
f 349 1295 351
f 351 1295 1296
f 351 1296 498
f 498 1296 1297
f 498 1297 496
f 496 1297 1298
f 496 1298 497
f 497 1298 1299
f 497 1299 269
f 269 1299 1300
f 269 1300 267
f 267 1300 1301
f 267 1301 323
f 323 1301 1302
f 323 1302 321
f 321 1302 1303
f 321 1303 319
f 319 1303 1304
f 319 1304 317
f 317 1304 1305
f 317 1305 315
f 315 1305 1306
f 315 1306 314
f 314 1306 1307
f 314 1307 277
f 277 1307 1308
f 277 1308 278
f 278 1308 1309
f 278 1309 491
f 491 1309 1310
f 491 1310 489
f 489 1310 1311
f 489 1311 487
f 487 1311 1312
f 487 1312 485
f 485 1312 1313
f 485 1313 483
f 483 1313 1314
f 483 1314 309
f 309 1314 1315
f 309 1315 310
f 310 1315 1316
f 310 1316 311
f 311 1316 1317
f 311 1317 283
f 283 1317 1318
f 283 1318 285
f 285 1318 1319
f 285 1319 287
f 287 1319 1320
f 287 1320 289
f 289 1320 1321
f 289 1321 291
f 291 1321 1322
f 291 1322 293
f 293 1322 1323
f 293 1323 477
f 477 1323 1324
f 477 1324 476
f 476 1324 1325
f 476 1325 475
f 475 1325 1326
f 475 1326 467
f 467 1326 1327
f 467 1327 469
f 469 1327 1328
f 469 1328 471
f 471 1328 1329
f 471 1329 473
f 473 1329 1330
f 473 1330 474
f 474 1330 1331
f 474 1331 461
f 461 1331 1332
f 461 1332 463
f 463 1332 1333
f 463 1333 382
f 382 1333 1334
f 382 1334 383
f 383 1334 1335
f 383 1335 385
f 385 1335 1336
f 385 1336 389
f 389 1336 1337
f 389 1337 391
f 391 1337 1338
f 391 1338 393
f 393 1338 1339
f 393 1339 395
f 395 1339 1340
f 395 1340 397
f 397 1340 1341
f 397 1341 399
f 399 1341 1342
f 399 1342 451
f 451 1342 1343
f 451 1343 452
f 452 1343 1344
f 452 1344 411
f 411 1344 1345
f 411 1345 412
f 412 1345 1346
f 412 1346 413
f 413 1346 1347
f 413 1347 516
f 516 1347 1348
f 516 1348 518
f 518 1348 1349
f 518 1349 520
f 520 1349 1276
f 1276 1350 1277
f 1277 1350 1351
f 1277 1351 1278
f 1278 1351 1352
f 1278 1352 1279
f 1279 1352 1353
f 1279 1353 1280
f 1280 1353 1354
f 1280 1354 1281
f 1281 1354 1355
f 1281 1355 1282
f 1282 1355 1356
f 1282 1356 1283
f 1283 1356 1357
f 1283 1357 1284
f 1284 1357 1358
f 1284 1358 1285
f 1285 1358 1359
f 1285 1359 1286
f 1286 1359 1360
f 1286 1360 1287
f 1287 1360 1361
f 1287 1361 1288
f 1288 1361 1362
f 1288 1362 1289
f 1289 1362 1363
f 1289 1363 1290
f 1290 1363 1364
f 1290 1364 1291
f 1291 1364 1365
f 1291 1365 1292
f 1292 1365 1366
f 1292 1366 1293
f 1293 1366 1367
f 1293 1367 1294
f 1294 1367 1368
f 1294 1368 1295
f 1295 1368 1369
f 1295 1369 1296
f 1296 1369 1370
f 1296 1370 1297
f 1297 1370 1371
f 1297 1371 1298
f 1298 1371 1372
f 1298 1372 1299
f 1299 1372 1373
f 1299 1373 1300
f 1300 1373 1374
f 1300 1374 1301
f 1301 1374 1375
f 1301 1375 1302
f 1302 1375 1376
f 1302 1376 1303
f 1303 1376 1377
f 1303 1377 1304
f 1304 1377 1378
f 1304 1378 1305
f 1305 1378 1379
f 1305 1379 1306
f 1306 1379 1380
f 1306 1380 1307
f 1307 1380 1381
f 1307 1381 1308
f 1308 1381 1382
f 1308 1382 1309
f 1309 1382 1383
f 1309 1383 1310
f 1310 1383 1384
f 1310 1384 1311
f 1311 1384 1385
f 1311 1385 1312
f 1312 1385 1386
f 1312 1386 1313
f 1313 1386 1387
f 1313 1387 1314
f 1314 1387 1388
f 1314 1388 1315
f 1315 1388 1389
f 1315 1389 1316
f 1316 1389 1390
f 1316 1390 1317
f 1317 1390 1391
f 1317 1391 1318
f 1318 1391 1392
f 1318 1392 1319
f 1319 1392 1393
f 1319 1393 1320
f 1320 1393 1394
f 1320 1394 1321
f 1321 1394 1395
f 1321 1395 1322
f 1322 1395 1396
f 1322 1396 1323
f 1323 1396 1397
f 1323 1397 1324
f 1324 1397 1398
f 1324 1398 1325
f 1325 1398 1399
f 1325 1399 1326
f 1326 1399 1400
f 1326 1400 1327
f 1327 1400 1401
f 1327 1401 1328
f 1328 1401 1402
f 1328 1402 1329
f 1329 1402 1403
f 1329 1403 1330
f 1330 1403 1404
f 1330 1404 1331
f 1331 1404 1405
f 1331 1405 1332
f 1332 1405 1406
f 1332 1406 1333
f 1333 1406 1407
f 1333 1407 1334
f 1334 1407 1408
f 1334 1408 1335
f 1335 1408 1409
f 1335 1409 1336
f 1336 1409 1410
f 1336 1410 1337
f 1337 1410 1411
f 1337 1411 1338
f 1338 1411 1412
f 1338 1412 1339
f 1339 1412 1413
f 1339 1413 1340
f 1340 1413 1414
f 1340 1414 1341
f 1341 1414 1415
f 1341 1415 1342
f 1342 1415 1416
f 1342 1416 1343
f 1343 1416 1417
f 1343 1417 1344
f 1344 1417 1418
f 1344 1418 1345
f 1345 1418 1419
f 1345 1419 1346
f 1346 1419 1420
f 1346 1420 1347
f 1347 1420 1421
f 1347 1421 1348
f 1348 1421 1422
f 1348 1422 1349
f 1349 1422 1423
f 1349 1423 1276
f 1276 1423 1350
f 1350 1223 1351
f 1351 1223 1222
f 1351 1222 1352
f 1352 1222 1158
f 1352 1158 1353
f 1353 1158 1159
f 1353 1159 1354
f 1354 1159 1160
f 1354 1160 1355
f 1355 1160 1161
f 1355 1161 1356
f 1356 1161 1162
f 1356 1162 1357
f 1357 1162 1163
f 1357 1163 1358
f 1358 1163 1166
f 1358 1166 1359
f 1359 1166 1165
f 1359 1165 1360
f 1360 1165 1164
f 1360 1164 1361
f 1361 1164 1157
f 1361 1157 1362
f 1362 1157 1156
f 1362 1156 1363
f 1363 1156 1167
f 1363 1167 1364
f 1364 1167 1168
f 1364 1168 1365
f 1365 1168 1169
f 1365 1169 1366
f 1366 1169 1170
f 1366 1170 1367
f 1367 1170 1171
f 1367 1171 1368
f 1368 1171 1172
f 1368 1172 1369
f 1369 1172 1173
f 1369 1173 1370
f 1370 1173 1174
f 1370 1174 1371
f 1371 1174 1175
f 1371 1175 1372
f 1372 1175 1180
f 1372 1180 1373
f 1373 1180 1179
f 1373 1179 1374
f 1374 1179 1178
f 1374 1178 1375
f 1375 1178 1177
f 1375 1177 1376
f 1376 1177 1176
f 1376 1176 1377
f 1377 1176 1181
f 1377 1181 1378
f 1378 1181 1182
f 1378 1182 1379
f 1379 1182 1183
f 1379 1183 1380
f 1380 1183 1184
f 1380 1184 1381
f 1381 1184 1185
f 1381 1185 1382
f 1382 1185 1188
f 1382 1188 1383
f 1383 1188 1187
f 1383 1187 1384
f 1384 1187 1186
f 1384 1186 1385
f 1385 1186 1193
f 1385 1193 1386
f 1386 1193 1192
f 1386 1192 1387
f 1387 1192 1191
f 1387 1191 1388
f 1388 1191 1190
f 1388 1190 1389
f 1389 1190 1189
f 1389 1189 1390
f 1390 1189 1197
f 1390 1197 1391
f 1391 1197 1196
f 1391 1196 1392
f 1392 1196 1195
f 1392 1195 1393
f 1393 1195 1194
f 1393 1194 1394
f 1394 1194 1201
f 1394 1201 1395
f 1395 1201 1200
f 1395 1200 1396
f 1396 1200 1199
f 1396 1199 1397
f 1397 1199 1198
f 1397 1198 1398
f 1398 1198 1204
f 1398 1204 1399
f 1399 1204 1203
f 1399 1203 1400
f 1400 1203 1202
f 1400 1202 1401
f 1401 1202 1155
f 1401 1155 1402
f 1402 1155 1154
f 1402 1154 1403
f 1403 1154 1205
f 1403 1205 1404
f 1404 1205 1206
f 1404 1206 1405
f 1405 1206 1207
f 1405 1207 1406
f 1406 1207 1208
f 1406 1208 1407
f 1407 1208 1209
f 1407 1209 1408
f 1408 1209 1210
f 1408 1210 1409
f 1409 1210 1211
f 1409 1211 1410
f 1410 1211 1212
f 1410 1212 1411
f 1411 1212 1213
f 1411 1213 1412
f 1412 1213 1214
f 1412 1214 1413
f 1413 1214 1153
f 1413 1153 1414
f 1414 1153 1152
f 1414 1152 1415
f 1415 1152 1215
f 1415 1215 1416
f 1416 1215 1216
f 1416 1216 1417
f 1417 1216 1217
f 1417 1217 1418
f 1418 1217 1218
f 1418 1218 1419
f 1419 1218 1219
f 1419 1219 1420
f 1420 1219 1220
f 1420 1220 1421
f 1421 1220 1221
f 1421 1221 1422
f 1422 1221 1225
f 1422 1225 1423
f 1423 1225 1224
f 1423 1224 1350
f 1350 1224 1223
f 1275 1424 1271
f 1271 1424 1425
f 1271 1425 1270
f 1270 1425 1426
f 1270 1426 1269
f 1269 1426 1427
f 1269 1427 1264
f 1264 1427 1428
f 1264 1428 1265
f 1265 1428 1429
f 1265 1429 1266
f 1266 1429 1430
f 1266 1430 1267
f 1267 1430 1431
f 1267 1431 1268
f 1268 1431 1432
f 1268 1432 1262
f 1262 1432 1433
f 1262 1433 1263
f 1263 1433 1434
f 1263 1434 1261
f 1261 1434 1435
f 1261 1435 1260
f 1260 1435 1436
f 1260 1436 1259
f 1259 1436 1437
f 1259 1437 1226
f 1226 1437 1438
f 1226 1438 1227
f 1227 1438 1439
f 1227 1439 1258
f 1258 1439 1440
f 1258 1440 1257
f 1257 1440 1441
f 1257 1441 1256
f 1256 1441 1442
f 1256 1442 1255
f 1255 1442 1443
f 1255 1443 1254
f 1254 1443 1444
f 1254 1444 1253
f 1253 1444 1445
f 1253 1445 1252
f 1252 1445 1446
f 1252 1446 1251
f 1251 1446 1447
f 1251 1447 1250
f 1250 1447 1448
f 1250 1448 1249
f 1249 1448 1449
f 1249 1449 1248
f 1248 1449 1450
f 1248 1450 1247
f 1247 1450 1451
f 1247 1451 1246
f 1246 1451 1452
f 1246 1452 1245
f 1245 1452 1453
f 1245 1453 1244
f 1244 1453 1454
f 1244 1454 1243
f 1243 1454 1455
f 1243 1455 1242
f 1242 1455 1456
f 1242 1456 1241
f 1241 1456 1457
f 1241 1457 1240
f 1240 1457 1458
f 1240 1458 1239
f 1239 1458 1459
f 1239 1459 1235
f 1235 1459 1460
f 1235 1460 1236
f 1236 1460 1461
f 1236 1461 1237
f 1237 1461 1462
f 1237 1462 1238
f 1238 1462 1463
f 1238 1463 1233
f 1233 1463 1464
f 1233 1464 1234
f 1234 1464 1465
f 1234 1465 1231
f 1231 1465 1466
f 1231 1466 1232
f 1232 1466 1467
f 1232 1467 1229
f 1229 1467 1468
f 1229 1468 1230
f 1230 1468 1469
f 1230 1469 1228
f 1228 1469 1470
f 1228 1470 1272
f 1272 1470 1471
f 1272 1471 1273
f 1273 1471 1472
f 1273 1472 1274
f 1274 1472 1473
f 1274 1473 1275
f 1275 1473 1424
f 1424 1474 1425
f 1425 1474 1475
f 1425 1475 1426
f 1426 1475 1476
f 1426 1476 1427
f 1427 1476 1477
f 1427 1477 1428
f 1428 1477 1478
f 1428 1478 1429
f 1429 1478 1479
f 1429 1479 1430
f 1430 1479 1480
f 1430 1480 1431
f 1431 1480 1481
f 1431 1481 1432
f 1432 1481 1482
f 1432 1482 1433
f 1433 1482 1483
f 1433 1483 1434
f 1434 1483 1484
f 1434 1484 1435
f 1435 1484 1485
f 1435 1485 1436
f 1436 1485 1486
f 1436 1486 1437
f 1437 1486 1487
f 1437 1487 1438
f 1438 1487 1488
f 1438 1488 1439
f 1439 1488 1489
f 1439 1489 1440
f 1440 1489 1490
f 1440 1490 1441
f 1441 1490 1491
f 1441 1491 1442
f 1442 1491 1492
f 1442 1492 1443
f 1443 1492 1493
f 1443 1493 1444
f 1444 1493 1494
f 1444 1494 1445
f 1445 1494 1495
f 1445 1495 1446
f 1446 1495 1496
f 1446 1496 1447
f 1447 1496 1497
f 1447 1497 1448
f 1448 1497 1498
f 1448 1498 1449
f 1449 1498 1499
f 1449 1499 1450
f 1450 1499 1500
f 1450 1500 1451
f 1451 1500 1501
f 1451 1501 1452
f 1452 1501 1502
f 1452 1502 1453
f 1453 1502 1503
f 1453 1503 1454
f 1454 1503 1504
f 1454 1504 1455
f 1455 1504 1505
f 1455 1505 1456
f 1456 1505 1506
f 1456 1506 1457
f 1457 1506 1507
f 1457 1507 1458
f 1458 1507 1508
f 1458 1508 1459
f 1459 1508 1509
f 1459 1509 1460
f 1460 1509 1510
f 1460 1510 1461
f 1461 1510 1511
f 1461 1511 1462
f 1462 1511 1512
f 1462 1512 1463
f 1463 1512 1513
f 1463 1513 1464
f 1464 1513 1514
f 1464 1514 1465
f 1465 1514 1515
f 1465 1515 1466
f 1466 1515 1516
f 1466 1516 1467
f 1467 1516 1517
f 1467 1517 1468
f 1468 1517 1518
f 1468 1518 1469
f 1469 1518 1519
f 1469 1519 1470
f 1470 1519 1520
f 1470 1520 1471
f 1471 1520 1521
f 1471 1521 1472
f 1472 1521 1522
f 1472 1522 1473
f 1473 1522 1523
f 1473 1523 1424
f 1424 1523 1474
f 1474 424 1475
f 1475 424 419
f 1475 419 1476
f 1476 419 418
f 1476 418 1477
f 1477 418 417
f 1477 417 1478
f 1478 417 526
f 1478 526 1479
f 1479 526 524
f 1479 524 1480
f 1480 524 365
f 1480 365 1481
f 1481 365 366
f 1481 366 1482
f 1482 366 427
f 1482 427 1483
f 1483 427 428
f 1483 428 1484
f 1484 428 435
f 1484 435 1485
f 1485 435 434
f 1485 434 1486
f 1486 434 433
f 1486 433 1487
f 1487 433 432
f 1487 432 1488
f 1488 432 431
f 1488 431 1489
f 1489 431 430
f 1489 430 1490
f 1490 430 429
f 1490 429 1491
f 1491 429 334
f 1491 334 1492
f 1492 334 332
f 1492 332 1493
f 1493 332 328
f 1493 328 1494
f 1494 328 336
f 1494 336 1495
f 1495 336 440
f 1495 440 1496
f 1496 440 439
f 1496 439 1497
f 1497 439 437
f 1497 437 1498
f 1498 437 436
f 1498 436 1499
f 1499 436 442
f 1499 442 1500
f 1500 442 441
f 1500 441 1501
f 1501 441 438
f 1501 438 1502
f 1502 438 302
f 1502 302 1503
f 1503 302 304
f 1503 304 1504
f 1504 304 306
f 1504 306 1505
f 1505 306 300
f 1505 300 1506
f 1506 300 299
f 1506 299 1507
f 1507 299 443
f 1507 443 1508
f 1508 443 444
f 1508 444 1509
f 1509 444 450
f 1509 450 1510
f 1510 450 449
f 1510 449 1511
f 1511 449 448
f 1511 448 1512
f 1512 448 447
f 1512 447 1513
f 1513 447 446
f 1513 446 1514
f 1514 446 445
f 1514 445 1515
f 1515 445 375
f 1515 375 1516
f 1516 375 374
f 1516 374 1517
f 1517 374 379
f 1517 379 1518
f 1518 379 381
f 1518 381 1519
f 1519 381 421
f 1519 421 1520
f 1520 421 422
f 1520 422 1521
f 1521 422 423
f 1521 423 1522
f 1522 423 426
f 1522 426 1523
f 1523 426 425
f 1523 425 1474
f 1474 425 424
f 1151 1524 1147
f 1147 1524 1525
f 1147 1525 1146
f 1146 1525 1526
f 1146 1526 1145
f 1145 1526 1527
f 1145 1527 1140
f 1140 1527 1528
f 1140 1528 1141
f 1141 1528 1529
f 1141 1529 1142
f 1142 1529 1530
f 1142 1530 1143
f 1143 1530 1531
f 1143 1531 1144
f 1144 1531 1532
f 1144 1532 1138
f 1138 1532 1533
f 1138 1533 1139
f 1139 1533 1534
f 1139 1534 1137
f 1137 1534 1535
f 1137 1535 1136
f 1136 1535 1536
f 1136 1536 1135
f 1135 1536 1537
f 1135 1537 1102
f 1102 1537 1538
f 1102 1538 1103
f 1103 1538 1539
f 1103 1539 1134
f 1134 1539 1540
f 1134 1540 1133
f 1133 1540 1541
f 1133 1541 1132
f 1132 1541 1542
f 1132 1542 1131
f 1131 1542 1543
f 1131 1543 1130
f 1130 1543 1544
f 1130 1544 1129
f 1129 1544 1545
f 1129 1545 1125
f 1125 1545 1546
f 1125 1546 1126
f 1126 1546 1547
f 1126 1547 1127
f 1127 1547 1548
f 1127 1548 1128
f 1128 1548 1549
f 1128 1549 1123
f 1123 1549 1550
f 1123 1550 1124
f 1124 1550 1551
f 1124 1551 1121
f 1121 1551 1552
f 1121 1552 1122
f 1122 1552 1553
f 1122 1553 1119
f 1119 1553 1554
f 1119 1554 1120
f 1120 1554 1555
f 1120 1555 1117
f 1117 1555 1556
f 1117 1556 1118
f 1118 1556 1557
f 1118 1557 1114
f 1114 1557 1558
f 1114 1558 1115
f 1115 1558 1559
f 1115 1559 1116
f 1116 1559 1560
f 1116 1560 1113
f 1113 1560 1561
f 1113 1561 1112
f 1112 1561 1562
f 1112 1562 1111
f 1111 1562 1563
f 1111 1563 1110
f 1110 1563 1564
f 1110 1564 1109
f 1109 1564 1565
f 1109 1565 1108
f 1108 1565 1566
f 1108 1566 1107
f 1107 1566 1567
f 1107 1567 1106
f 1106 1567 1568
f 1106 1568 1104
f 1104 1568 1569
f 1104 1569 1105
f 1105 1569 1570
f 1105 1570 1148
f 1148 1570 1571
f 1148 1571 1149
f 1149 1571 1572
f 1149 1572 1150
f 1150 1572 1573
f 1150 1573 1151
f 1151 1573 1524
f 1524 1574 1525
f 1525 1574 1575
f 1525 1575 1526
f 1526 1575 1576
f 1526 1576 1527
f 1527 1576 1577
f 1527 1577 1528
f 1528 1577 1578
f 1528 1578 1529
f 1529 1578 1579
f 1529 1579 1530
f 1530 1579 1580
f 1530 1580 1531
f 1531 1580 1581
f 1531 1581 1532
f 1532 1581 1582
f 1532 1582 1533
f 1533 1582 1583
f 1533 1583 1534
f 1534 1583 1584
f 1534 1584 1535
f 1535 1584 1585
f 1535 1585 1536
f 1536 1585 1586
f 1536 1586 1537
f 1537 1586 1587
f 1537 1587 1538
f 1538 1587 1588
f 1538 1588 1539
f 1539 1588 1589
f 1539 1589 1540
f 1540 1589 1590
f 1540 1590 1541
f 1541 1590 1591
f 1541 1591 1542
f 1542 1591 1592
f 1542 1592 1543
f 1543 1592 1593
f 1543 1593 1544
f 1544 1593 1594
f 1544 1594 1545
f 1545 1594 1595
f 1545 1595 1546
f 1546 1595 1596
f 1546 1596 1547
f 1547 1596 1597
f 1547 1597 1548
f 1548 1597 1598
f 1548 1598 1549
f 1549 1598 1599
f 1549 1599 1550
f 1550 1599 1600
f 1550 1600 1551
f 1551 1600 1601
f 1551 1601 1552
f 1552 1601 1602
f 1552 1602 1553
f 1553 1602 1603
f 1553 1603 1554
f 1554 1603 1604
f 1554 1604 1555
f 1555 1604 1605
f 1555 1605 1556
f 1556 1605 1606
f 1556 1606 1557
f 1557 1606 1607
f 1557 1607 1558
f 1558 1607 1608
f 1558 1608 1559
f 1559 1608 1609
f 1559 1609 1560
f 1560 1609 1610
f 1560 1610 1561
f 1561 1610 1611
f 1561 1611 1562
f 1562 1611 1612
f 1562 1612 1563
f 1563 1612 1613
f 1563 1613 1564
f 1564 1613 1614
f 1564 1614 1565
f 1565 1614 1615
f 1565 1615 1566
f 1566 1615 1616
f 1566 1616 1567
f 1567 1616 1617
f 1567 1617 1568
f 1568 1617 1618
f 1568 1618 1569
f 1569 1618 1619
f 1569 1619 1570
f 1570 1619 1620
f 1570 1620 1571
f 1571 1620 1621
f 1571 1621 1572
f 1572 1621 1622
f 1572 1622 1573
f 1573 1622 1623
f 1573 1623 1524
f 1524 1623 1574
f 1574 233 1575
f 1575 233 228
f 1575 228 1576
f 1576 228 227
f 1576 227 1577
f 1577 227 85
f 1577 85 1578
f 1578 85 86
f 1578 86 1579
f 1579 86 88
f 1579 88 1580
f 1580 88 90
f 1580 90 1581
f 1581 90 94
f 1581 94 1582
f 1582 94 240
f 1582 240 1583
f 1583 240 239
f 1583 239 1584
f 1584 239 238
f 1584 238 1585
f 1585 238 243
f 1585 243 1586
f 1586 243 242
f 1586 242 1587
f 1587 242 241
f 1587 241 1588
f 1588 241 237
f 1588 237 1589
f 1589 237 236
f 1589 236 1590
f 1590 236 102
f 1590 102 1591
f 1591 102 103
f 1591 103 1592
f 1592 103 106
f 1592 106 1593
f 1593 106 108
f 1593 108 1594
f 1594 108 245
f 1594 245 1595
f 1595 245 246
f 1595 246 1596
f 1596 246 247
f 1596 247 1597
f 1597 247 252
f 1597 252 1598
f 1598 252 251
f 1598 251 1599
f 1599 251 250
f 1599 250 1600
f 1600 250 249
f 1600 249 1601
f 1601 249 248
f 1601 248 1602
f 1602 248 113
f 1602 113 1603
f 1603 113 114
f 1603 114 1604
f 1604 114 116
f 1604 116 1605
f 1605 116 118
f 1605 118 1606
f 1606 118 121
f 1606 121 1607
f 1607 121 253
f 1607 253 1608
f 1608 253 254
f 1608 254 1609
f 1609 254 260
f 1609 260 1610
f 1610 260 259
f 1610 259 1611
f 1611 259 258
f 1611 258 1612
f 1612 258 257
f 1612 257 1613
f 1613 257 256
f 1613 256 1614
f 1614 256 255
f 1614 255 1615
f 1615 255 66
f 1615 66 1616
f 1616 66 60
f 1616 60 1617
f 1617 60 62
f 1617 62 1618
f 1618 62 64
f 1618 64 1619
f 1619 64 230
f 1619 230 1620
f 1620 230 231
f 1620 231 1621
f 1621 231 232
f 1621 232 1622
f 1622 232 235
f 1622 235 1623
f 1623 235 234
f 1623 234 1574
f 1574 234 233
f 158 1624 156
f 156 1624 1625
f 156 1625 148
f 148 1625 1626
f 148 1626 149
f 149 1626 1627
f 149 1627 98
f 98 1627 1628
f 98 1628 70
f 70 1628 1629
f 70 1629 71
f 71 1629 1630
f 71 1630 74
f 74 1630 1631
f 74 1631 76
f 76 1631 1632
f 76 1632 78
f 78 1632 1633
f 78 1633 80
f 80 1633 1634
f 80 1634 91
f 91 1634 1635
f 91 1635 82
f 82 1635 1636
f 82 1636 16
f 16 1636 1637
f 16 1637 17
f 17 1637 1638
f 17 1638 215
f 215 1638 1639
f 215 1639 226
f 226 1639 1640
f 226 1640 225
f 225 1640 1641
f 225 1641 223
f 223 1641 1642
f 223 1642 221
f 221 1642 1643
f 221 1643 219
f 219 1643 1644
f 219 1644 199
f 199 1644 1645
f 199 1645 200
f 200 1645 1646
f 200 1646 201
f 201 1646 1647
f 201 1647 203
f 203 1647 1648
f 203 1648 205
f 205 1648 1649
f 205 1649 207
f 207 1649 1650
f 207 1650 209
f 209 1650 1651
f 209 1651 211
f 211 1651 1652
f 211 1652 3
f 3 1652 1653
f 3 1653 1
f 1 1653 1654
f 1 1654 189
f 189 1654 1655
f 189 1655 146
f 146 1655 1656
f 146 1656 145
f 145 1656 1657
f 145 1657 136
f 136 1657 1658
f 136 1658 138
f 138 1658 1659
f 138 1659 140
f 140 1659 1660
f 140 1660 142
f 142 1660 1661
f 142 1661 143
f 143 1661 1662
f 143 1662 144
f 144 1662 1663
f 144 1663 186
f 186 1663 1664
f 186 1664 187
f 187 1664 1665
f 187 1665 188
f 188 1665 1666
f 188 1666 174
f 174 1666 1667
f 174 1667 176
f 176 1667 1668
f 176 1668 178
f 178 1668 1669
f 178 1669 180
f 180 1669 1670
f 180 1670 182
f 182 1670 1671
f 182 1671 183
f 183 1671 1672
f 183 1672 184
f 184 1672 1673
f 184 1673 185
f 185 1673 1674
f 185 1674 4
f 4 1674 1675
f 4 1675 5
f 5 1675 1676
f 5 1676 45
f 45 1676 1677
f 45 1677 44
f 44 1677 1678
f 44 1678 42
f 42 1678 1679
f 42 1679 40
f 40 1679 1680
f 40 1680 38
f 38 1680 1681
f 38 1681 169
f 169 1681 1682
f 169 1682 170
f 170 1682 1683
f 170 1683 171
f 171 1683 1684
f 171 1684 172
f 172 1684 1685
f 172 1685 56
f 56 1685 1686
f 56 1686 54
f 54 1686 1687
f 54 1687 52
f 52 1687 1688
f 52 1688 50
f 50 1688 1689
f 50 1689 48
f 48 1689 1690
f 48 1690 46
f 46 1690 1691
f 46 1691 59
f 59 1691 1692
f 59 1692 22
f 22 1692 1693
f 22 1693 23
f 23 1693 1694
f 23 1694 164
f 164 1694 1695
f 164 1695 162
f 162 1695 1696
f 162 1696 160
f 160 1696 1697
f 160 1697 158
f 158 1697 1624
f 1624 1698 1625
f 1625 1698 1699
f 1625 1699 1626
f 1626 1699 1700
f 1626 1700 1627
f 1627 1700 1701
f 1627 1701 1628
f 1628 1701 1702
f 1628 1702 1629
f 1629 1702 1703
f 1629 1703 1630
f 1630 1703 1704
f 1630 1704 1631
f 1631 1704 1705
f 1631 1705 1632
f 1632 1705 1706
f 1632 1706 1633
f 1633 1706 1707
f 1633 1707 1634
f 1634 1707 1708
f 1634 1708 1635
f 1635 1708 1709
f 1635 1709 1636
f 1636 1709 1710
f 1636 1710 1637
f 1637 1710 1711
f 1637 1711 1638
f 1638 1711 1712
f 1638 1712 1639
f 1639 1712 1713
f 1639 1713 1640
f 1640 1713 1714
f 1640 1714 1641
f 1641 1714 1715
f 1641 1715 1642
f 1642 1715 1716
f 1642 1716 1643
f 1643 1716 1717
f 1643 1717 1644
f 1644 1717 1718
f 1644 1718 1645
f 1645 1718 1719
f 1645 1719 1646
f 1646 1719 1720
f 1646 1720 1647
f 1647 1720 1721
f 1647 1721 1648
f 1648 1721 1722
f 1648 1722 1649
f 1649 1722 1723
f 1649 1723 1650
f 1650 1723 1724
f 1650 1724 1651
f 1651 1724 1725
f 1651 1725 1652
f 1652 1725 1726
f 1652 1726 1653
f 1653 1726 1727
f 1653 1727 1654
f 1654 1727 1728
f 1654 1728 1655
f 1655 1728 1729
f 1655 1729 1656
f 1656 1729 1730
f 1656 1730 1657
f 1657 1730 1731
f 1657 1731 1658
f 1658 1731 1732
f 1658 1732 1659
f 1659 1732 1733
f 1659 1733 1660
f 1660 1733 1734
f 1660 1734 1661
f 1661 1734 1735
f 1661 1735 1662
f 1662 1735 1736
f 1662 1736 1663
f 1663 1736 1737
f 1663 1737 1664
f 1664 1737 1738
f 1664 1738 1665
f 1665 1738 1739
f 1665 1739 1666
f 1666 1739 1740
f 1666 1740 1667
f 1667 1740 1741
f 1667 1741 1668
f 1668 1741 1742
f 1668 1742 1669
f 1669 1742 1743
f 1669 1743 1670
f 1670 1743 1744
f 1670 1744 1671
f 1671 1744 1745
f 1671 1745 1672
f 1672 1745 1746
f 1672 1746 1673
f 1673 1746 1747
f 1673 1747 1674
f 1674 1747 1748
f 1674 1748 1675
f 1675 1748 1749
f 1675 1749 1676
f 1676 1749 1750
f 1676 1750 1677
f 1677 1750 1751
f 1677 1751 1678
f 1678 1751 1752
f 1678 1752 1679
f 1679 1752 1753
f 1679 1753 1680
f 1680 1753 1754
f 1680 1754 1681
f 1681 1754 1755
f 1681 1755 1682
f 1682 1755 1756
f 1682 1756 1683
f 1683 1756 1757
f 1683 1757 1684
f 1684 1757 1758
f 1684 1758 1685
f 1685 1758 1759
f 1685 1759 1686
f 1686 1759 1760
f 1686 1760 1687
f 1687 1760 1761
f 1687 1761 1688
f 1688 1761 1762
f 1688 1762 1689
f 1689 1762 1763
f 1689 1763 1690
f 1690 1763 1764
f 1690 1764 1691
f 1691 1764 1765
f 1691 1765 1692
f 1692 1765 1766
f 1692 1766 1693
f 1693 1766 1767
f 1693 1767 1694
f 1694 1767 1768
f 1694 1768 1695
f 1695 1768 1769
f 1695 1769 1696
f 1696 1769 1770
f 1696 1770 1697
f 1697 1770 1771
f 1697 1771 1624
f 1624 1771 1698
f 1698 1099 1699
f 1699 1099 1098
f 1699 1098 1700
f 1700 1098 1032
f 1700 1032 1701
f 1701 1032 1033
f 1701 1033 1702
f 1702 1033 1034
f 1702 1034 1703
f 1703 1034 1035
f 1703 1035 1704
f 1704 1035 1036
f 1704 1036 1705
f 1705 1036 1037
f 1705 1037 1706
f 1706 1037 1041
f 1706 1041 1707
f 1707 1041 1040
f 1707 1040 1708
f 1708 1040 1039
f 1708 1039 1709
f 1709 1039 1038
f 1709 1038 1710
f 1710 1038 1044
f 1710 1044 1711
f 1711 1044 1043
f 1711 1043 1712
f 1712 1043 1042
f 1712 1042 1713
f 1713 1042 1046
f 1713 1046 1714
f 1714 1046 1045
f 1714 1045 1715
f 1715 1045 1048
f 1715 1048 1716
f 1716 1048 1047
f 1716 1047 1717
f 1717 1047 1052
f 1717 1052 1718
f 1718 1052 1051
f 1718 1051 1719
f 1719 1051 1050
f 1719 1050 1720
f 1720 1050 1049
f 1720 1049 1721
f 1721 1049 1053
f 1721 1053 1722
f 1722 1053 1054
f 1722 1054 1723
f 1723 1054 1055
f 1723 1055 1724
f 1724 1055 1058
f 1724 1058 1725
f 1725 1058 1057
f 1725 1057 1726
f 1726 1057 1056
f 1726 1056 1727
f 1727 1056 1062
f 1727 1062 1728
f 1728 1062 1061
f 1728 1061 1729
f 1729 1061 1060
f 1729 1060 1730
f 1730 1060 1059
f 1730 1059 1731
f 1731 1059 1063
f 1731 1063 1732
f 1732 1063 1064
f 1732 1064 1733
f 1733 1064 1065
f 1733 1065 1734
f 1734 1065 1772
f 1734 1772 1735
f 1735 1772 1068
f 1735 1068 1736
f 1736 1068 1067
f 1736 1067 1737
f 1737 1067 1066
f 1737 1066 1738
f 1738 1066 1073
f 1738 1073 1739
f 1739 1073 1072
f 1739 1072 1740
f 1740 1072 1071
f 1740 1071 1741
f 1741 1071 1070
f 1741 1070 1742
f 1742 1070 1077
f 1742 1077 1743
f 1743 1077 1076
f 1743 1076 1744
f 1744 1076 1075
f 1744 1075 1745
f 1745 1075 1074
f 1745 1074 1746
f 1746 1074 1080
f 1746 1080 1747
f 1747 1080 1079
f 1747 1079 1748
f 1748 1079 1078
f 1748 1078 1749
f 1749 1078 1031
f 1749 1031 1750
f 1750 1031 1030
f 1750 1030 1751
f 1751 1030 1081
f 1751 1081 1752
f 1752 1081 1082
f 1752 1082 1753
f 1753 1082 1083
f 1753 1083 1754
f 1754 1083 1084
f 1754 1084 1755
f 1755 1084 1085
f 1755 1085 1756
f 1756 1085 1086
f 1756 1086 1757
f 1757 1086 1087
f 1757 1087 1758
f 1758 1087 1088
f 1758 1088 1759
f 1759 1088 1089
f 1759 1089 1760
f 1760 1089 1090
f 1760 1090 1761
f 1761 1090 1029
f 1761 1029 1762
f 1762 1029 1028
f 1762 1028 1763
f 1763 1028 1091
f 1763 1091 1764
f 1764 1091 1092
f 1764 1092 1765
f 1765 1092 1093
f 1765 1093 1766
f 1766 1093 1094
f 1766 1094 1767
f 1767 1094 1095
f 1767 1095 1768
f 1768 1095 1096
f 1768 1096 1769
f 1769 1096 1097
f 1769 1097 1770
f 1770 1097 1101
f 1770 1101 1771
f 1771 1101 1100
f 1771 1100 1698
f 1698 1100 1099
# 3594 faces, 0 coords texture

# End of File
