####
#
# OBJ File Generated by Meshlab
#
####
# Object Hopper.obj
#
# Vertices: 2694
# Faces: 5578
#
####
v -0.0675000026822090 -0.2859190106391907 0.4651289880275726
v -0.0706750005483627 -0.2859190106391907 0.4651289880275726
v -0.0675000026822090 -0.2097190022468567 0.4651289880275726
v -0.0706750005483627 -0.2097190022468567 0.4651289880275726
v -0.0706750005483627 -0.2859190106391907 0.5286290049552917
v -0.0706750005483627 -0.2097190022468567 0.5286290049552917
v -0.0071749989874661 -0.2859190106391907 0.5286290049552917
v -0.0071749989874661 -0.2097190022468567 0.5286290049552917
v -0.0071749989874661 -0.2859190106391907 0.5254539847373962
v -0.0071749989874661 -0.2097190022468567 0.5254539847373962
v -0.0076003675349057 -0.2859190106391907 0.5238664746284485
v -0.0076003675349057 -0.2097190022468567 0.5238664746284485
v -0.0087625002488494 -0.2859190106391907 0.5227043628692627
v -0.0087625002488494 -0.2097190022468567 0.5227043628692627
v -0.0103500010445714 -0.2859190106391907 0.5222790241241455
v -0.0103500010445714 -0.2097190022468567 0.5222790241241455
v -0.0579750016331673 -0.2859190106391907 0.5222790241241455
v -0.0579750016331673 -0.2097190022468567 0.5222790241241455
v -0.0604050420224667 -0.2097190022468567 0.5217956304550171
v -0.0604050420224667 -0.2859190106391907 0.5217956304550171
v -0.0624651275575161 -0.2097190022468567 0.5204191207885742
v -0.0624651275575161 -0.2859190106391907 0.5204191207885742
v -0.0638416334986687 -0.2097190022468567 0.5183590650558472
v -0.0638416334986687 -0.2859190106391907 0.5183590650558472
v -0.0643249973654747 -0.2097190022468567 0.5159289836883545
v -0.0643249973654747 -0.2859190106391907 0.5159289836883545
v -0.0643249973654747 -0.2859190106391907 0.4683040082454681
v -0.0643249973654747 -0.2097190022468567 0.4683040082454681
v -0.0647503733634949 -0.2859190106391907 0.4667164981365204
v -0.0647503733634949 -0.2097190022468567 0.4667164981365204
v -0.0659125000238419 -0.2859190106391907 0.4655543565750122
v -0.0659125000238419 -0.2097190022468567 0.4655543565750122
v -0.3899999856948853 -0.1878020912408829 0.4715356528759003
v -0.3899999856948853 -0.1859412044286728 0.4679481089115143
v 0.0000000000000120 -0.1878020912408829 0.4715356528759003
v 0.0000000000000120 -0.1859412044286728 0.4679481089115143
v -0.3899999856948853 -0.1856256276369095 0.4749410152435303
v 0.0000000000000122 -0.1856256276369095 0.4749410152435303
v 0.0000000000000122 -0.1878020912408829 0.4715356528759003
v -0.3899999856948853 -0.1815882772207260 0.4747588038444519
v 0.0000000000000120 -0.1815882772207260 0.4747588038444519
v 0.0000000000000120 -0.1856256276369095 0.4749410152435303
v -0.3899999856948853 -0.1797274053096771 0.4711712598800659
v 0.0000000000000120 -0.1797274053096771 0.4711712598800659
v -0.3899999856948853 -0.1819038689136505 0.4677659273147583
v 0.0000000000000122 -0.1819038689136505 0.4677659273147583
v 0.0000000000000122 -0.1797274053096771 0.4711712598800659
v 0.0000000000000120 -0.1819038689136505 0.4677659273147583
v -0.4167250096797943 -0.2760190069675446 0.5172790288925171
v -0.4167250096797943 -0.2859190106391907 0.5172790288925171
v -0.4228740036487579 -0.2859190106391907 0.5172790288925171
v -0.4006752967834473 -0.2453189939260483 0.5172787308692932
v -0.4109154343605042 -0.2482441961765289 0.5172790288925171
v -0.4126345515251160 -0.2482441961765289 0.5172790288925171
v -0.4228740036487579 -0.2453189939260483 0.5172790288925171
v -0.4142499864101410 -0.2488321810960770 0.5172790288925171
v -0.4155669212341309 -0.2499372065067291 0.5172790288925171
v -0.4155669212341309 -0.2563008069992065 0.5172790288925171
v -0.4142499864101410 -0.2574058175086975 0.5172790288925171
v -0.4068250060081482 -0.2531189918518066 0.5172790288925171
v -0.4071235358715057 -0.2514260113239288 0.5172790288925171
v -0.4164264798164368 -0.2514260113239288 0.5172790288925171
v -0.4167250096797943 -0.2531189918518066 0.5172790288925171
v -0.4164264798164368 -0.2548120021820068 0.5172790288925171
v -0.4068250060081482 -0.2859190106391907 0.5172790288925171
v -0.4068250060081482 -0.2760190069675446 0.5172790288925171
v -0.4006752967834473 -0.2859190106391907 0.5172787308692932
v -0.4071235358715057 -0.2743259966373444 0.5172790288925171
v -0.4071235358715057 -0.2548120021820068 0.5172790288925171
v -0.4079830944538116 -0.2563008069992065 0.5172790288925171
v -0.4079830944538116 -0.2728371918201447 0.5172790288925171
v -0.4079830944538116 -0.2499372065067291 0.5172790288925171
v -0.4092999994754791 -0.2488321810960770 0.5172790288925171
v -0.4164264798164368 -0.2743259966373444 0.5172790288925171
v -0.4155669212341309 -0.2728371918201447 0.5172790288925171
v -0.4126345515251160 -0.2579937875270844 0.5172790288925171
v -0.4142499864101410 -0.2717321813106537 0.5172790288925171
v -0.4109154343605042 -0.2579937875270844 0.5172790288925171
v -0.4109154343605042 -0.2711442112922668 0.5172790288925171
v -0.4126345515251160 -0.2711442112922668 0.5172790288925171
v -0.4092999994754791 -0.2717321813106537 0.5172790288925171
v -0.4092999994754791 -0.2574058175086975 0.5172790288925171
v -0.4167250096797943 -0.2859190106391907 0.5222790241241455
v -0.4228740036487579 -0.2859190106391907 0.5222790241241455
v -0.4167250096797943 -0.2760190069675446 0.5222790241241455
v -0.4068250060081482 -0.2760190069675446 0.5222790241241455
v -0.4071235358715057 -0.2743259966373444 0.5222790241241455
v -0.4079830944538116 -0.2728371918201447 0.5222790241241455
v -0.4092999994754791 -0.2717321813106537 0.5222790241241455
v -0.4109154343605042 -0.2711442112922668 0.5222790241241455
v -0.4126345515251160 -0.2711442112922668 0.5222790241241455
v -0.4142499864101410 -0.2717321813106537 0.5222790241241455
v -0.4155669212341309 -0.2728371918201447 0.5222790241241455
v -0.4164264798164368 -0.2743259966373444 0.5222790241241455
v -0.4068250060081482 -0.2859190106391907 0.5222790241241455
v -0.4167250096797943 -0.2531189918518066 0.5222790241241455
v -0.4164264798164368 -0.2548120021820068 0.5222790241241455
v -0.4155669212341309 -0.2563008069992065 0.5222790241241455
v -0.4142499864101410 -0.2574058175086975 0.5222790241241455
v -0.4126345515251160 -0.2579937875270844 0.5222790241241455
v -0.4109154343605042 -0.2579937875270844 0.5222790241241455
v -0.4092999994754791 -0.2574058175086975 0.5222790241241455
v -0.4079830944538116 -0.2563008069992065 0.5222790241241455
v -0.4071235358715057 -0.2548120021820068 0.5222790241241455
v -0.4068250060081482 -0.2531189918518066 0.5222790241241455
v -0.4071235358715057 -0.2514260113239288 0.5222790241241455
v -0.4079830944538116 -0.2499372065067291 0.5222790241241455
v -0.4092999994754791 -0.2488321810960770 0.5222790241241455
v -0.4109154343605042 -0.2482441961765289 0.5222790241241455
v -0.4126345515251160 -0.2482441961765289 0.5222790241241455
v -0.4142499864101410 -0.2488321810960770 0.5222790241241455
v -0.4155669212341309 -0.2499372065067291 0.5222790241241455
v -0.4164264798164368 -0.2514260113239288 0.5222790241241455
v -0.4006760120391846 -0.2453189939260483 0.5222790241241455
v -0.4006760120391846 -0.2859190106391907 0.5222790241241455
v -0.4228740036487579 -0.2453189939260483 0.5222790241241455
v -0.3956750035285950 -0.2859190106391907 0.5172780156135559
v -0.3956750035285950 -0.2775353789329529 0.4980267882347107
v -0.3956750035285950 -0.2760950028896332 0.4984366297721863
v -0.3956750035285950 -0.2453189939260483 0.5172780156135559
v -0.3956750035285950 -0.2732632756233215 0.4976309239864349
v -0.3956750035285950 -0.2722543776035309 0.4965242147445679
v -0.3956750035285950 -0.2746038138866425 0.4982984364032745
v -0.3956750035285950 -0.2668989002704620 0.4892559349536896
v -0.3956750035285950 -0.2722543776035309 0.4922337830066681
v -0.3956750035285950 -0.2683536708354950 0.4873226583003998
v -0.3956750035285950 -0.2732632756233215 0.4911270737648010
v -0.3956750035285950 -0.2702228426933289 0.4857864379882812
v -0.3956750035285950 -0.2724012434482574 0.4847336709499359
v -0.3956750035285950 -0.2746038138866425 0.4904595613479614
v -0.3956750035285950 -0.2747663259506226 0.4842235743999481
v -0.3956750035285950 -0.2760950028896332 0.4903213977813721
v -0.3956750035285950 -0.2771850228309631 0.4842849075794220
v -0.3956750035285950 -0.2795211970806122 0.4849141538143158
v -0.3956750035285950 -0.2775353789329529 0.4907312095165253
v -0.3956750035285950 -0.2816434800624847 0.4860759675502777
v -0.3956750035285950 -0.2787304520606995 0.4916336834430695
v -0.3956750035285950 -0.2834323942661285 0.4877049326896667
v -0.3956750035285950 -0.2847873270511627 0.4897094070911407
v -0.3956750035285950 -0.2795188128948212 0.4929069280624390
v -0.3956750035285950 -0.2856320440769196 0.4919766187667847
v -0.3956750035285950 -0.2797940075397491 0.4943790137767792
v -0.3956750035285950 -0.2859190106391907 0.4943790137767792
v -0.3956750035285950 -0.2795188128948212 0.4958510696887970
v -0.3956750035285950 -0.2787304520606995 0.4971243143081665
v -0.3956750035285950 -0.2717133760452271 0.4951277673244476
v -0.3956750035285950 -0.2716439962387085 0.4943790137767792
v -0.3956750035285950 -0.2717133760452271 0.4936302304267883
v -0.3991306126117706 -0.2859190106391907 0.5220342278480530
v -0.3977364897727966 -0.2859190106391907 0.5213239192962646
v -0.3966301083564758 -0.2859190106391907 0.5202175378799438
v -0.3959197700023651 -0.2859190106391907 0.5188233852386475
v -0.3959197700023651 -0.2453189939260483 0.5188233852386475
v -0.3966301083564758 -0.2453189939260483 0.5202175378799438
v -0.3991306126117706 -0.2453189939260483 0.5220342278480530
v -0.3977364897727966 -0.2453189939260483 0.5213239192962646
v -0.4006749987602234 -0.2859190106391907 0.4943790137767792
v -0.4278750121593475 -0.2859190106391907 0.5172780156135559
v -0.4228749871253967 -0.2859190106391907 0.4943790137767792
v -0.4278750121593475 -0.2859190106391907 0.4943790137767792
v -0.4244194030761719 -0.2453189939260483 0.5220342278480530
v -0.4258135259151459 -0.2453189939260483 0.5213239192962646
v -0.4269199073314667 -0.2453189939260483 0.5202175378799438
v -0.4276302456855774 -0.2453189939260483 0.5188233852386475
v -0.4278750121593475 -0.2453189939260483 0.5172780156135559
v -0.4276302456855774 -0.2859190106391907 0.5188233852386475
v -0.4269199073314667 -0.2859190106391907 0.5202175378799438
v -0.4244194030761719 -0.2859190106391907 0.5220342278480530
v -0.4258135259151459 -0.2859190106391907 0.5213239192962646
v -0.4228749871253967 -0.2775353789329529 0.4980267882347107
v -0.4228749871253967 -0.2760950028896332 0.4984366297721863
v -0.4228749871253967 -0.2732632756233215 0.4976309239864349
v -0.4228749871253967 -0.2722543776035309 0.4965242147445679
v -0.4228749871253967 -0.2746038138866425 0.4982984364032745
v -0.4228749871253967 -0.2787304520606995 0.4916336834430695
v -0.4228749871253967 -0.2795188128948212 0.4929069280624390
v -0.4228749871253967 -0.2847873270511627 0.4897094070911407
v -0.4228749871253967 -0.2856320440769196 0.4919766187667847
v -0.4228749871253967 -0.2797940075397491 0.4943790137767792
v -0.4228749871253967 -0.2795188128948212 0.4958510696887970
v -0.4228749871253967 -0.2787304520606995 0.4971243143081665
v -0.4228749871253967 -0.2668989002704620 0.4892559349536896
v -0.4228749871253967 -0.2722543776035309 0.4922337830066681
v -0.4228749871253967 -0.2683536708354950 0.4873226583003998
v -0.4228749871253967 -0.2732632756233215 0.4911270737648010
v -0.4228749871253967 -0.2760950028896332 0.4903213977813721
v -0.4228749871253967 -0.2747663259506226 0.4842235743999481
v -0.4228749871253967 -0.2746038138866425 0.4904595613479614
v -0.4228749871253967 -0.2724012434482574 0.4847336709499359
v -0.4228749871253967 -0.2702228426933289 0.4857864379882812
v -0.4228749871253967 -0.2717133760452271 0.4951277673244476
v -0.4228749871253967 -0.2716439962387085 0.4943790137767792
v -0.4228749871253967 -0.2717133760452271 0.4936302304267883
v -0.4228749871253967 -0.2834323942661285 0.4877049326896667
v -0.4228749871253967 -0.2816434800624847 0.4860759675502777
v -0.4228749871253967 -0.2775353789329529 0.4907312095165253
v -0.4228749871253967 -0.2795211970806122 0.4849141538143158
v -0.4228749871253967 -0.2771850228309631 0.4842849075794220
v -0.4278750121593475 -0.2722543776035309 0.4965242147445679
v -0.4278750121593475 -0.2717133760452271 0.4951277673244476
v -0.4278750121593475 -0.2716439962387085 0.4943790137767792
v -0.4278750121593475 -0.2760950028896332 0.4984366297721863
v -0.4278750121593475 -0.2746038138866425 0.4982984364032745
v -0.4278750121593475 -0.2732632756233215 0.4976309239864349
v -0.4278750121593475 -0.2775353789329529 0.4980267882347107
v -0.4278750121593475 -0.2787304520606995 0.4971243143081665
v -0.4278750121593475 -0.2717133760452271 0.4936302304267883
v -0.4278750121593475 -0.2668989002704620 0.4892559349536896
v -0.4278750121593475 -0.2722543776035309 0.4922337830066681
v -0.4278750121593475 -0.2683536708354950 0.4873226583003998
v -0.4278750121593475 -0.2732632756233215 0.4911270737648010
v -0.4278750121593475 -0.2702228426933289 0.4857864379882812
v -0.4278750121593475 -0.2746038138866425 0.4904595613479614
v -0.4278750121593475 -0.2795188128948212 0.4958510696887970
v -0.4278750121593475 -0.2797940075397491 0.4943790137767792
v -0.4278750121593475 -0.2856320440769196 0.4919766187667847
v -0.4278750121593475 -0.2795188128948212 0.4929069280624390
v -0.4278750121593475 -0.2724012434482574 0.4847336709499359
v -0.4278750121593475 -0.2747663259506226 0.4842235743999481
v -0.4278750121593475 -0.2760950028896332 0.4903213977813721
v -0.4278750121593475 -0.2771850228309631 0.4842849075794220
v -0.4278750121593475 -0.2775353789329529 0.4907312095165253
v -0.4278750121593475 -0.2795211970806122 0.4849141538143158
v -0.4278750121593475 -0.2816434800624847 0.4860759675502777
v -0.4278750121593475 -0.2787304520606995 0.4916336834430695
v -0.4278750121593475 -0.2834323942661285 0.4877049326896667
v -0.4278750121593475 -0.2847873270511627 0.4897094070911407
v -0.4006749987602234 -0.2775353789329529 0.4980267882347107
v -0.4006749987602234 -0.2787304520606995 0.4971243143081665
v -0.4006749987602234 -0.2722543776035309 0.4965242147445679
v -0.4006749987602234 -0.2717133760452271 0.4951277673244476
v -0.4006749987602234 -0.2716439962387085 0.4943790137767792
v -0.4006749987602234 -0.2732632756233215 0.4976309239864349
v -0.4006749987602234 -0.2746038138866425 0.4982984364032745
v -0.4006749987602234 -0.2760950028896332 0.4984366297721863
v -0.4006749987602234 -0.2795188128948212 0.4958510696887970
v -0.4006749987602234 -0.2797940075397491 0.4943790137767792
v -0.4006749987602234 -0.2856320440769196 0.4919766187667847
v -0.4006749987602234 -0.2795188128948212 0.4929069280624390
v -0.4006749987602234 -0.2775353789329529 0.4907312095165253
v -0.4006749987602234 -0.2816434800624847 0.4860759675502777
v -0.4006749987602234 -0.2787304520606995 0.4916336834430695
v -0.4006749987602234 -0.2834323942661285 0.4877049326896667
v -0.4006749987602234 -0.2847873270511627 0.4897094070911407
v -0.4006749987602234 -0.2717133760452271 0.4936302304267883
v -0.4006749987602234 -0.2668989002704620 0.4892559349536896
v -0.4006749987602234 -0.2722543776035309 0.4922337830066681
v -0.4006749987602234 -0.2683536708354950 0.4873226583003998
v -0.4006749987602234 -0.2732632756233215 0.4911270737648010
v -0.4006749987602234 -0.2702228426933289 0.4857864379882812
v -0.4006749987602234 -0.2746038138866425 0.4904595613479614
v -0.4006749987602234 -0.2724012434482574 0.4847336709499359
v -0.4006749987602234 -0.2747663259506226 0.4842235743999481
v -0.4006749987602234 -0.2760950028896332 0.4903213977813721
v -0.4006749987602234 -0.2771850228309631 0.4842849075794220
v -0.4006749987602234 -0.2795211970806122 0.4849141538143158
v -0.0544904693961143 -0.2341263741254807 -0.0228458028286695
v -0.0506749972701073 -0.2341263741254807 -0.0228458028286695
v -0.0506749972701073 0.1031471043825150 -0.0232478734105825
v -0.3868595361709595 -0.2351526468992233 -0.0228445790708065
v -0.3878858387470245 -0.2351526468992233 -0.0228445790708065
v -0.3878858387470245 -0.2859525978565216 -0.0227840207517147
v -0.3906750082969666 0.1031471043825150 -0.0232478734105825
v -0.3906750082969666 -0.2341263741254807 -0.0228458028286695
v -0.3868595361709595 -0.2341263741254807 -0.0228458028286695
v -0.0534641668200493 -0.2859525978565216 -0.0227840207517147
v -0.0534641668200493 -0.2351526468992233 -0.0228445790708065
v -0.0544904693961143 -0.2351526468992233 -0.0228445790708065
v -0.0544904693961143 -0.2351550906896591 -0.0248971525579691
v -0.0534641668200493 -0.2351550906896591 -0.0248971525579691
v -0.0534641668200493 -0.2859550416469574 -0.0248365923762321
v -0.3868595361709595 -0.2341288179159164 -0.0248983763158321
v -0.3906750082969666 -0.2341288179159164 -0.0248983763158321
v -0.3906750082969666 0.1031446605920792 -0.0253004450351000
v -0.3878858387470245 -0.2859550416469574 -0.0248365923762321
v -0.3878858387470245 -0.2351550906896591 -0.0248971525579691
v -0.3868595361709595 -0.2351550906896591 -0.0248971525579691
v -0.0506749972701073 0.1031446605920792 -0.0253004450351000
v -0.0506749972701073 -0.2341288179159164 -0.0248983763158321
v -0.0544904693961143 -0.2341288179159164 -0.0248983763158321
v -0.3882541358470917 -0.2351525276899338 -0.0227458942681551
v -0.3892804086208344 -0.2351546436548233 -0.0245234742760658
v -0.3885237276554108 -0.2351521998643875 -0.0224762801080942
v -0.3903013169765472 -0.2351534217596054 -0.0235025659203529
v -0.3886224329471588 -0.2351517677307129 -0.0221079811453819
v -0.3906750082969666 -0.2351517677307129 -0.0221079811453819
v -0.3886224329471588 -0.2859517335891724 -0.0220474209636450
v -0.3906750082969666 -0.2859517335891724 -0.0220474209636450
v -0.3885237276554108 -0.2859521508216858 -0.0224157199263573
v -0.3903013169765472 -0.2859533727169037 -0.0234420076012611
v -0.3882541358470917 -0.2859524786472321 -0.0226853340864182
v -0.3892804086208344 -0.2859545946121216 -0.0244629140943289
v -0.3906750082969666 -0.2859214246273041 0.0033779609948397
v -0.3886224329471588 -0.2859214246273041 0.0033779609948397
v -0.3886224329471588 -0.2351214587688446 0.0033174015115947
v -0.3906750082969666 -0.2351214587688446 0.0033174015115947
v -0.3906750082969666 -0.2645190060138702 0.0054047685116529
v -0.3906750082969666 -0.2639854848384857 0.0034041306935251
v -0.3906750082969666 -0.2625231444835663 0.0019382858881727
v -0.3906750082969666 -0.2605237662792206 0.0014000021619722
v -0.3906750082969666 -0.2585231363773346 0.0019335174001753
v -0.3906750082969666 -0.2570572793483734 0.0033958714921027
v -0.3906750082969666 -0.2565189898014069 0.0053952317684889
v -0.3906750082969666 -0.2370433211326599 0.0130398571491241
v -0.3906750082969666 -0.2570525109767914 0.0073958672583103
v -0.3906750082969666 -0.2839763760566711 0.0130958072841167
v -0.3906750082969666 -0.2639807164669037 0.0074041266925633
v -0.3906750082969666 -0.2784605324268341 0.0213295910507441
v -0.3906750082969666 -0.2625148892402649 0.0088664824143052
v -0.3906750082969666 -0.2702136039733887 0.0268257912248373
v -0.3906750082969666 -0.2605142295360565 0.0093999961391091
v -0.3906750082969666 -0.2604911625385284 0.0287476647645235
v -0.3906750082969666 -0.2585148811340332 0.0088617140427232
v -0.3906750082969666 -0.2507733106613159 0.0268026161938906
v -0.3906750082969666 -0.2425395250320435 0.0212867688387632
v -0.3886224329471588 -0.2639807164669037 0.0074041266925633
v -0.3886224329471588 -0.2839763760566711 0.0130958072841167
v -0.3886224329471588 -0.2645190060138702 0.0054047685116529
v -0.3886224329471588 -0.2639854848384857 0.0034041306935251
v -0.3886224329471588 -0.2625231444835663 0.0019382858881727
v -0.3886224329471588 -0.2565189898014069 0.0053952317684889
v -0.3886224329471588 -0.2570572793483734 0.0033958714921027
v -0.3886224329471588 -0.2585231363773346 0.0019335174001753
v -0.3886224329471588 -0.2605237662792206 0.0014000021619722
v -0.3886224329471588 -0.2370433211326599 0.0130398571491241
v -0.3886224329471588 -0.2570525109767914 0.0073958672583103
v -0.3886224329471588 -0.2425395250320435 0.0212867688387632
v -0.3886224329471588 -0.2585148811340332 0.0088617140427232
v -0.3886224329471588 -0.2507733106613159 0.0268026161938906
v -0.3886224329471588 -0.2605142295360565 0.0093999961391091
v -0.3886224329471588 -0.2604911625385284 0.0287476647645235
v -0.3886224329471588 -0.2625148892402649 0.0088664824143052
v -0.3886224329471588 -0.2702136039733887 0.0268257912248373
v -0.3886224329471588 -0.2784605324268341 0.0213295910507441
v -0.0530958697199821 -0.2859524786472321 -0.0226853340864182
v -0.0520695969462395 -0.2859545946121216 -0.0244629140943289
v -0.0528262481093407 -0.2859521508216858 -0.0224157199263573
v -0.0510486885905266 -0.2859533727169037 -0.0234420076012611
v -0.0527275726199150 -0.2859517335891724 -0.0220474209636450
v -0.0506749972701073 -0.2859517335891724 -0.0220474209636450
v -0.0527275726199150 -0.2351517677307129 -0.0221079811453819
v -0.0506749972701073 -0.2351517677307129 -0.0221079811453819
v -0.0528262481093407 -0.2351521998643875 -0.0224762801080942
v -0.0510486885905266 -0.2351534217596054 -0.0235025659203529
v -0.0530958697199821 -0.2351525276899338 -0.0227458942681551
v -0.0520695969462395 -0.2351546436548233 -0.0245234742760658
v -0.0527275726199150 -0.2859214246273041 0.0033779609948397
v -0.0506749972701073 -0.2859214246273041 0.0033779609948397
v -0.0506749972701073 -0.2351214587688446 0.0033174015115947
v -0.0527275726199150 -0.2351214587688446 0.0033174015115947
v -0.0506749972701073 -0.2639807164669037 0.0074041266925633
v -0.0506749972701073 -0.2839763760566711 0.0130958072841167
v -0.0506749972701073 -0.2645190060138702 0.0054047685116529
v -0.0506749972701073 -0.2639854848384857 0.0034041306935251
v -0.0506749972701073 -0.2625231444835663 0.0019382858881727
v -0.0506749972701073 -0.2565189898014069 0.0053952317684889
v -0.0506749972701073 -0.2570572793483734 0.0033958714921027
v -0.0506749972701073 -0.2585231363773346 0.0019335174001753
v -0.0506749972701073 -0.2605237662792206 0.0014000021619722
v -0.0506749972701073 -0.2370433211326599 0.0130398571491241
v -0.0506749972701073 -0.2570525109767914 0.0073958672583103
v -0.0506749972701073 -0.2425395250320435 0.0212867688387632
v -0.0506749972701073 -0.2585148811340332 0.0088617140427232
v -0.0506749972701073 -0.2507733106613159 0.0268026161938906
v -0.0506749972701073 -0.2605142295360565 0.0093999961391091
v -0.0506749972701073 -0.2604911625385284 0.0287476647645235
v -0.0506749972701073 -0.2625148892402649 0.0088664824143052
v -0.0506749972701073 -0.2702136039733887 0.0268257912248373
v -0.0506749972701073 -0.2784605324268341 0.0213295910507441
v -0.0527275726199150 -0.2645190060138702 0.0054047685116529
v -0.0527275726199150 -0.2639854848384857 0.0034041306935251
v -0.0527275726199150 -0.2625231444835663 0.0019382858881727
v -0.0527275726199150 -0.2605237662792206 0.0014000021619722
v -0.0527275726199150 -0.2585231363773346 0.0019335174001753
v -0.0527275726199150 -0.2570572793483734 0.0033958714921027
v -0.0527275726199150 -0.2565189898014069 0.0053952317684889
v -0.0527275726199150 -0.2370433211326599 0.0130398571491241
v -0.0527275726199150 -0.2570525109767914 0.0073958672583103
v -0.0527275726199150 -0.2839763760566711 0.0130958072841167
v -0.0527275726199150 -0.2639807164669037 0.0074041266925633
v -0.0527275726199150 -0.2784605324268341 0.0213295910507441
v -0.0527275726199150 -0.2625148892402649 0.0088664824143052
v -0.0527275726199150 -0.2702136039733887 0.0268257912248373
v -0.0527275726199150 -0.2605142295360565 0.0093999961391091
v -0.0527275726199150 -0.2604911625385284 0.0287476647645235
v -0.0527275726199150 -0.2585148811340332 0.0088617140427232
v -0.0527275726199150 -0.2507733106613159 0.0268026161938906
v -0.0527275726199150 -0.2425395250320435 0.0212867688387632
v -0.3706749975681305 -0.1026688069105148 0.5187361836433411
v -0.3675000071525574 -0.1026688069105148 0.5187361836433411
v -0.3706749975681305 -0.1005501002073288 0.5164483785629272
v -0.3675000071525574 -0.1005501002073288 0.5164483785629272
v -0.3706749975681305 -0.0976480841636658 0.5153076648712158
v -0.3675000071525574 -0.0976480841636658 0.5153076648712158
v -0.3706749975681305 -0.0945386141538620 0.5155403017997742
v -0.3675000071525574 -0.0945386141538620 0.5155403017997742
v -0.3706749975681305 -0.0918386727571487 0.5171002149581909
v -0.3675000071525574 -0.0918386727571487 0.5171002149581909
v -0.3706749975681305 -0.0900840163230896 0.5196778774261475
v -0.3675000071525574 -0.0900840163230896 0.5196778774261475
v -0.3706749975681305 -0.0896228402853012 0.5227617621421814
v -0.3675000071525574 -0.0896228402853012 0.5227617621421814
v -0.3706749975681305 -0.0905466228723526 0.5257399082183838
v -0.3675000071525574 -0.0905466228723526 0.5257399082183838
v -0.3574999868869781 0.0799999982118607 0.5286290049552917
v -0.3574999868869781 0.0799999982118607 0.5162202119827271
v -0.3574999868869781 0.0831750035285950 0.5286290049552917
v -0.3574999868869781 0.0814098864793777 0.5142298340797424
v -0.3574999868869781 0.0831750035285950 0.5076423287391663
v -0.0838500037789345 0.0799999982118607 0.5162202119827271
v -0.0838500037789345 0.0799999982118607 0.5286290049552917
v -0.0838500037789345 0.0814098864793777 0.5142298340797424
v -0.0838500037789345 0.0831750035285950 0.5286290049552917
v -0.0838500037789345 0.0831750035285950 0.5076423287391663
v -0.1431750059127808 0.0831750035285950 0.4747397005558014
v -0.1413448750972748 0.0831750035285950 0.4765698313713074
v -0.0838500037789345 0.0831750035285950 -0.0199999921023846
v -0.1456750035285950 0.0831750035285950 0.4840698242187500
v -0.1431750059127808 0.0831750035285950 0.4833999574184418
v -0.1413448750972748 0.0831750035285950 0.4815698266029358
v -0.1481750011444092 0.0831750035285950 0.4833999574184418
v -0.2206750065088272 0.0831750035285950 0.4840698242187500
v -0.1500051319599152 0.0831750035285950 0.4815698266029358
v -0.2181749939918518 0.0831750035285950 0.4833999574184418
v -0.1406750082969666 0.0831750035285950 0.4790698289871216
v -0.2981750071048737 0.0831750035285950 0.4833999574184418
v -0.3000051379203796 0.0831750035285950 0.4815698266029358
v -0.3006750047206879 0.0831750035285950 0.4790698289871216
v -0.3574999868869781 0.0831750035285950 -0.0199999921023846
v -0.3000051379203796 0.0831750035285950 0.4765698313713074
v -0.2981750071048737 0.0831750035285950 0.4747397005558014
v -0.2956750094890594 0.0831750035285950 0.4740698337554932
v -0.2931750118732452 0.0831750035285950 0.4747397005558014
v -0.2206750065088272 0.0831750035285950 0.4740698337554932
v -0.2913448810577393 0.0831750035285950 0.4765698313713074
v -0.2231750041246414 0.0831750035285950 0.4747397005558014
v -0.2956750094890594 0.0831750035285950 0.4840698242187500
v -0.2931750118732452 0.0831750035285950 0.4833999574184418
v -0.1500051319599152 0.0831750035285950 0.4765698313713074
v -0.1481750011444092 0.0831750035285950 0.4747397005558014
v -0.1456750035285950 0.0831750035285950 0.4740698337554932
v -0.2913448810577393 0.0831750035285950 0.4815698266029358
v -0.2231750041246414 0.0831750035285950 0.4833999574184418
v -0.2250051200389862 0.0831750035285950 0.4815698266029358
v -0.2906750142574310 0.0831750035285950 0.4790698289871216
v -0.2256750017404556 0.0831750035285950 0.4790698289871216
v -0.2250051200389862 0.0831750035285950 0.4765698313713074
v -0.2181749939918518 0.0831750035285950 0.4747397005558014
v -0.2163448780775070 0.0831750035285950 0.4765698313713074
v -0.1506749987602234 0.0831750035285950 0.4790698289871216
v -0.2156749963760376 0.0831750035285950 0.4790698289871216
v -0.2163448780775070 0.0831750035285950 0.4815698266029358
v -0.2981750071048737 0.0799999982118607 0.4747397005558014
v -0.3000051379203796 0.0799999982118607 0.4765698313713074
v -0.3574999868869781 0.0799999982118607 -0.0199999921023846
v -0.2913448810577393 0.0799999982118607 0.4815698266029358
v -0.2206750065088272 0.0799999982118607 0.4740698337554932
v -0.2931750118732452 0.0799999982118607 0.4833999574184418
v -0.2956750094890594 0.0799999982118607 0.4840698242187500
v -0.1413448750972748 0.0799999982118607 0.4765698313713074
v -0.0838500037789345 0.0799999982118607 -0.0199999921023846
v -0.1406750082969666 0.0799999982118607 0.4790698289871216
v -0.0838500037789345 0.0799999982118607 0.5076423287391663
v -0.1413448750972748 0.0799999982118607 0.4815698266029358
v -0.3574999868869781 0.0799999982118607 0.5076423287391663
v -0.3006750047206879 0.0799999982118607 0.4790698289871216
v -0.3000051379203796 0.0799999982118607 0.4815698266029358
v -0.2181749939918518 0.0799999982118607 0.4747397005558014
v -0.1500051319599152 0.0799999982118607 0.4765698313713074
v -0.2231750041246414 0.0799999982118607 0.4747397005558014
v -0.2250051200389862 0.0799999982118607 0.4765698313713074
v -0.2256750017404556 0.0799999982118607 0.4790698289871216
v -0.1481750011444092 0.0799999982118607 0.4747397005558014
v -0.2906750142574310 0.0799999982118607 0.4790698289871216
v -0.2913448810577393 0.0799999982118607 0.4765698313713074
v -0.2931750118732452 0.0799999982118607 0.4747397005558014
v -0.1500051319599152 0.0799999982118607 0.4815698266029358
v -0.1481750011444092 0.0799999982118607 0.4833999574184418
v -0.1456750035285950 0.0799999982118607 0.4840698242187500
v -0.1431750059127808 0.0799999982118607 0.4833999574184418
v -0.1431750059127808 0.0799999982118607 0.4747397005558014
v -0.1456750035285950 0.0799999982118607 0.4740698337554932
v -0.2956750094890594 0.0799999982118607 0.4740698337554932
v -0.2250051200389862 0.0799999982118607 0.4815698266029358
v -0.2981750071048737 0.0799999982118607 0.4833999574184418
v -0.2231750041246414 0.0799999982118607 0.4833999574184418
v -0.2206750065088272 0.0799999982118607 0.4840698242187500
v -0.2181749939918518 0.0799999982118607 0.4833999574184418
v -0.2163448780775070 0.0799999982118607 0.4815698266029358
v -0.1506749987602234 0.0799999982118607 0.4790698289871216
v -0.2156749963760376 0.0799999982118607 0.4790698289871216
v -0.2163448780775070 0.0799999982118607 0.4765698313713074
v -0.3625000119209290 0.0786602571606636 0.5286290049552917
v -0.3640874922275543 0.0814098864793777 0.5286290049552917
v -0.3661602437496185 0.0750000029802322 0.5286290049552917
v -0.3689098954200745 0.0765874981880188 0.5286290049552917
v -0.3675000071525574 0.0700000002980232 0.5286290049552917
v -0.3706749975681305 0.0700000002980232 0.5286290049552917
v -0.3675000071525574 0.0700000002980232 -0.0199999921023846
v -0.3706749975681305 0.0700000002980232 -0.0199999921023846
v -0.3661602437496185 0.0750000029802322 -0.0199999921023846
v -0.3689098954200745 0.0765874981880188 -0.0199999921023846
v -0.3625000119209290 0.0786602571606636 -0.0199999921023846
v -0.3640874922275543 0.0814098864793777 -0.0199999921023846
v -0.3706749975681305 0.0700000002980232 -0.0063562514260411
v -0.3706749975681305 0.0700000002980232 0.2220289111137390
v -0.3706749975681305 0.0700000002980232 0.4524122178554535
v -0.3706749975681305 0.0700000002980232 0.4820778667926788
v -0.3706749975681305 0.0700000002980232 0.5031789541244507
v -0.3706749975681305 0.0700000002980232 0.5133302211761475
v -0.3675000071525574 0.0700000002980232 0.5123301744461060
v -0.3675000071525574 0.0700000002980232 0.5021789073944092
v -0.3675000071525574 0.0700000002980232 0.4820778667926788
v -0.3675000071525574 0.0700000002980232 0.4524122178554535
v -0.3675000071525574 0.0700000002980232 -0.0063562514260411
v -0.3675000071525574 0.0700000002980232 0.2220289111137390
v -0.3675000071525574 -0.2605189979076385 -0.0199999921023846
v -0.3706749975681305 -0.2605189979076385 -0.0199999921023846
v -0.3675000071525574 -0.2218620330095291 -0.0199999921023846
v -0.3706749975681305 -0.2218620330095291 -0.0199999921023846
v -0.3675000071525574 -0.1676417142152786 -0.0199999921023846
v -0.3706749975681305 -0.1666417270898819 -0.0199999921023846
v -0.3675000071525574 -0.1297743022441864 -0.0199999921023846
v -0.3706749975681305 -0.1307743042707443 -0.0199999921023846
v -0.3675000071525574 -0.0765867531299591 -0.0199999921023846
v -0.3706749975681305 -0.0755867511034012 -0.0199999921023846
v -0.3675000071525574 -0.0529711246490479 -0.0199999921023846
v -0.3706749975681305 -0.0539711266756058 -0.0199999921023846
v -0.3675000071525574 -0.0298168938606977 -0.0199999921023846
v -0.3706749975681305 -0.0298168938606977 -0.0199999921023846
v -0.3675000071525574 -0.0140562485903502 -0.0199999921023846
v -0.3706749975681305 -0.0140562485903502 -0.0199999921023846
v -0.3675000071525574 0.0246502552181482 -0.0199999921023846
v -0.3706749975681305 0.0246502552181482 -0.0199999921023846
v -0.3706749975681305 0.0673205107450485 0.5286290049552917
v -0.3675000071525574 0.0673205107450485 0.5286290049552917
v -0.3706749975681305 -0.2218620330095291 -0.0063562514260411
v -0.3706749975681305 0.0246502552181482 -0.0063562514260411
v -0.3706749975681305 -0.0100000035017729 0.5652291178703308
v -0.3706749975681305 0.0246502552181482 0.5656172633171082
v -0.3706749975681305 0.0246502552181482 0.5516202449798584
v -0.3706749975681305 -0.0612896084785461 0.5691553950309753
v -0.3706749975681305 -0.0615709573030472 0.5681053996086121
v -0.3706749975681305 -0.0755867511034012 0.5656172633171082
v -0.3706749975681305 0.0367259904742241 0.5516202449798584
v -0.3706749975681305 0.0413397438824177 0.5436289906501770
v -0.3706749975681305 0.0246502552181482 0.5133302211761475
v -0.3706749975681305 0.0480368770658970 0.5356476902961731
v -0.3706749975681305 0.0570599026978016 0.5304382443428040
v -0.3706749975681305 0.0246502552181482 0.5725360512733459
v -0.3706749975681305 0.0286448169499636 0.5656172633171082
v -0.3706749975681305 -0.0170000027865171 0.5722290873527527
v -0.3706749975681305 -0.0160621758550406 0.5687291026115417
v -0.3706749975681305 -0.0298168938606977 0.5656172633171082
v -0.3706749975681305 -0.0160621758550406 0.5757291316986084
v -0.3706749975681305 -0.0539711266756058 0.5656172633171082
v -0.3706749975681305 -0.0539711266756058 0.5886012315750122
v -0.3706749975681305 -0.0298168938606977 0.6025466918945312
v -0.3706749975681305 -0.0594709515571594 0.5660054087638855
v -0.3706749975681305 -0.0584209561347961 0.5662867426872253
v -0.3706749975681305 -0.0605209618806839 0.5699240565299988
v -0.3706749975681305 -0.0755867511034012 0.5761214494705200
v -0.3706749975681305 -0.0594709515571594 0.5702053904533386
v -0.3706749975681305 -0.0584209561347961 0.5699240565299988
v -0.3706749975681305 -0.0612896084785461 0.5670554041862488
v -0.3706749975681305 -0.0605209618806839 0.5662867426872253
v -0.3706749975681305 -0.0576522946357727 0.5670554041862488
v -0.3706749975681305 -0.0573709607124329 0.5681053996086121
v -0.3706749975681305 -0.0576522946357727 0.5691553950309753
v -0.3706749975681305 -0.1016770750284195 0.5380113720893860
v -0.3706749975681305 -0.1051706671714783 0.5370796322822571
v -0.3706749975681305 -0.1180240809917450 0.5516202449798584
v -0.3706749975681305 -0.1307743042707443 0.5442588925361633
v -0.3706749975681305 -0.0956319719552994 0.5345118045806885
v -0.3706749975681305 -0.0981856733560562 0.5370714664459229
v -0.3706749975681305 -0.0755867511034012 0.5516202449798584
v -0.3706749975681305 -0.0755867511034012 0.5133302211761475
v -0.3706749975681305 -0.0937805473804474 0.5656172633171082
v -0.3706749975681305 -0.1307743042707443 0.5133302211761475
v -0.3706749975681305 -0.1077303439378738 0.5345259308815002
v -0.3706749975681305 -0.1086702346801758 0.5310345292091370
v -0.3706749975681305 -0.1077385097742081 0.5275409817695618
v -0.3706749975681305 -0.1508845686912537 0.5326482057571411
v -0.3706749975681305 -0.1539283543825150 0.5153499245643616
v -0.3706749975681305 -0.2218620330095291 0.5286290049552917
v -0.3706749975681305 -0.1666417270898819 0.5286290049552917
v -0.3706749975681305 -0.1666417270898819 0.5133302211761475
v -0.3706749975681305 -0.2767189741134644 0.5286290049552917
v -0.3706749975681305 -0.2218620330095291 0.5133302211761475
v -0.3706749975681305 -0.2732189893722534 -0.0165970437228680
v -0.3706749975681305 -0.2825160324573517 -0.0073000015690923
v -0.3706749975681305 -0.2767189741134644 -0.0063562514260411
v -0.3706749975681305 -0.2859189808368683 0.0054000047966838
v -0.3706749975681305 -0.2767189741134644 0.2220289111137390
v -0.3706749975681305 0.0000000017881039 0.0111124990507960
v -0.3706749975681305 -0.0055562462657690 0.0096237091347575
v -0.3706749975681305 -0.0140562485903502 0.2220289111137390
v -0.3706749975681305 0.0111124981194735 -0.0000000120144996
v -0.3706749975681305 0.0246502552181482 0.2220289111137390
v -0.3706749975681305 0.0096237082034349 0.0055562434718013
v -0.3706749975681305 0.0055562499910593 0.0096237091347575
v -0.3706749975681305 -0.0096237044781446 0.0055562434718013
v -0.3706749975681305 -0.0111125018447638 -0.0000000120144996
v -0.3706749975681305 -0.0140562485903502 -0.0063562514260411
v -0.3706749975681305 -0.0096237044781446 -0.0055562378838658
v -0.3706749975681305 -0.0055562462657690 -0.0096237184479833
v -0.3706749975681305 0.0000000017881039 -0.0111124934628606
v -0.3706749975681305 0.0055562499910593 -0.0096237184479833
v -0.3706749975681305 0.0096237082034349 -0.0055562378838658
v -0.3706749975681305 -0.0135000031441450 0.5661669373512268
v -0.3706749975681305 -0.0140562485903502 0.5656172633171082
v -0.3706749975681305 -0.0140562485903502 0.5516202449798584
v -0.3706749975681305 -0.1560283601284027 0.5117126107215881
v -0.3706749975681305 -0.1549783647060394 0.5114312767982483
v -0.3706749975681305 -0.1666417270898819 0.5031789541244507
v -0.3706749975681305 -0.1581200063228607 0.5296512246131897
v -0.3706749975681305 -0.1549783647060394 0.5156312584877014
v -0.3706749975681305 -0.1658845692873001 0.5286290049552917
v -0.3706749975681305 -0.1560283601284027 0.5153499245643616
v -0.3706749975681305 -0.1567970067262650 0.5145812630653381
v -0.3706749975681305 -0.1570783555507660 0.5135312676429749
v -0.3706749975681305 -0.1567970067262650 0.5124812722206116
v -0.3706749975681305 -0.1539283543825150 0.5117126107215881
v -0.3706749975681305 -0.1307743042707443 0.5031789541244507
v -0.3706749975681305 -0.1531597077846527 0.5124812722206116
v -0.3706749975681305 -0.1528783589601517 0.5135312676429749
v -0.3706749975681305 -0.1531597077846527 0.5145812630653381
v -0.3706749975681305 -0.2605189979076385 0.0124000040814281
v -0.3706749975681305 -0.2640189826488495 0.0114621846005321
v -0.3706749975681305 -0.2665811777114868 0.0089000044390559
v -0.3706749975681305 -0.2675189971923828 0.0054000047966838
v -0.3706749975681305 -0.2665811777114868 0.0019000052707270
v -0.3706749975681305 -0.2570189833641052 -0.0006621897919104
v -0.3706749975681305 -0.2605189979076385 -0.0016000092728063
v -0.3706749975681305 -0.2640189826488495 -0.0006621897919104
v -0.3706749975681305 -0.2544568181037903 0.0019000052707270
v -0.3706749975681305 -0.2535189986228943 0.0054000047966838
v -0.3706749975681305 -0.2218620330095291 0.2220289111137390
v -0.3706749975681305 -0.2544568181037903 0.0089000044390559
v -0.3706749975681305 -0.2570189833641052 0.0114621846005321
v -0.3706749975681305 -0.0539711266756058 0.4524122178554535
v -0.3706749975681305 -0.0466025471687317 0.4395953416824341
v -0.3706749975681305 -0.0485869199037552 0.4390636086463928
v -0.3706749975681305 -0.0500395745038986 0.4376109540462494
v -0.3706749975681305 -0.0505712926387787 0.4356265962123871
v -0.3706749975681305 -0.0539711266756058 0.2220289111137390
v -0.3706749975681305 -0.0500395745038986 0.4336422085762024
v -0.3706749975681305 -0.0485869199037552 0.4321895539760590
v -0.3706749975681305 -0.0466025471687317 0.4316578209400177
v -0.3706749975681305 -0.0298168938606977 0.4524122178554535
v -0.3706749975681305 -0.0431655049324036 0.4376109540462494
v -0.3706749975681305 -0.0446181669831276 0.4390636086463928
v -0.3706749975681305 -0.0298168938606977 0.2220289111137390
v -0.3706749975681305 -0.0298168938606977 -0.0063562514260411
v -0.3706749975681305 -0.0539711266756058 -0.0063562514260411
v -0.3706749975681305 -0.0446181669831276 0.4321895539760590
v -0.3706749975681305 -0.0431655049324036 0.4336422085762024
v -0.3706749975681305 -0.0426337942481041 0.4356265962123871
v -0.3706749975681305 -0.1867050677537918 0.4782913029193878
v -0.3706749975681305 -0.1892672628164291 0.4757291376590729
v -0.3706749975681305 -0.2218620330095291 0.4820778667926788
v -0.3706749975681305 -0.1902050822973251 0.4722291231155396
v -0.3706749975681305 -0.2218620330095291 0.4524122178554535
v -0.3706749975681305 -0.1892672628164291 0.4687291383743286
v -0.3706749975681305 -0.1867050677537918 0.4661669433116913
v -0.3706749975681305 -0.1666417270898819 -0.0063562514260411
v -0.3706749975681305 -0.1666417270898819 0.2220289111137390
v -0.3706749975681305 -0.1666417270898819 0.4524122178554535
v -0.3706749975681305 -0.1832050830125809 0.4652291238307953
v -0.3706749975681305 -0.1797050684690475 0.4661669433116913
v -0.3706749975681305 -0.1771429032087326 0.4687291383743286
v -0.3706749975681305 -0.1666417270898819 0.4820778667926788
v -0.3706749975681305 -0.1762050837278366 0.4722291231155396
v -0.3706749975681305 -0.1771429032087326 0.4757291376590729
v -0.3706749975681305 -0.1797050684690475 0.4782913029193878
v -0.3706749975681305 -0.1832050830125809 0.4792291224002838
v -0.3706749975681305 0.0383402518928051 0.4861612319946289
v -0.3706749975681305 0.0387737974524498 0.4855123758316040
v -0.3706749975681305 0.0246502552181482 0.4820778667926788
v -0.3706749975681305 0.0394226424396038 0.4850788414478302
v -0.3706749975681305 0.0401880107820034 0.4849265813827515
v -0.3706749975681305 0.0561880096793175 0.4849265813827515
v -0.3706749975681305 0.0569533780217171 0.4850788414478302
v -0.3706749975681305 0.0576022230088711 0.4855123758316040
v -0.3706749975681305 0.0401880107820034 0.4949265718460083
v -0.3706749975681305 0.0394226424396038 0.4947743415832520
v -0.3706749975681305 0.0246502552181482 0.5031789541244507
v -0.3706749975681305 0.0387737974524498 0.4943408071994781
v -0.3706749975681305 0.0383402518928051 0.4936919510364532
v -0.3706749975681305 0.0381880104541779 0.4929265975952148
v -0.3706749975681305 0.0381880104541779 0.4869265854358673
v -0.3706749975681305 0.0246502552181482 0.4524122178554535
v -0.3706749975681305 0.0580357685685158 0.4936919510364532
v -0.3706749975681305 0.0576022230088711 0.4943408071994781
v -0.3706749975681305 0.0569533780217171 0.4947743415832520
v -0.3706749975681305 0.0561880096793175 0.4949265718460083
v -0.3706749975681305 0.0580357685685158 0.4861612319946289
v -0.3706749975681305 0.0581880100071430 0.4869265854358673
v -0.3706749975681305 0.0581880100071430 0.4929265975952148
v -0.3706749975681305 -0.1307743042707443 0.4820778667926788
v -0.3706749975681305 -0.1307743042707443 0.4524122178554535
v -0.3706749975681305 -0.1307743042707443 0.2220289111137390
v -0.3706749975681305 -0.1307743042707443 -0.0063562514260411
v -0.3706749975681305 -0.0755867511034012 0.5031789541244507
v -0.3706749975681305 -0.0755867511034012 0.4820778667926788
v -0.3706749975681305 -0.0755867511034012 0.4524122178554535
v -0.3706749975681305 -0.0755867511034012 0.2220289111137390
v -0.3706749975681305 -0.0755867511034012 -0.0063562514260411
v -0.3706749975681305 -0.2218620330095291 0.5031789541244507
v -0.3706749975681305 -0.2767189741134644 0.5133302211761475
v -0.3706749975681305 -0.2767189741134644 0.5031789541244507
v -0.3706749975681305 -0.2767189741134644 0.4820778667926788
v -0.3706749975681305 -0.2767189741134644 0.4524122178554535
v -0.3706749975681305 -0.2859189808368683 0.2220289111137390
v -0.3706749975681305 -0.2859189808368683 0.4524122178554535
v -0.3706749975681305 -0.2859189808368683 0.4820778667926788
v -0.3706749975681305 -0.2859189808368683 0.5031789541244507
v -0.3706749975681305 -0.2859189808368683 0.5133302211761475
v -0.3706749975681305 -0.2859189808368683 0.5286290049552917
v -0.3706749975681305 -0.0140562485903502 0.5133302211761475
v -0.3706749975681305 -0.0140562485903502 0.5031789541244507
v -0.3706749975681305 -0.0140562485903502 0.4820778667926788
v -0.3706749975681305 -0.0140562485903502 0.4524122178554535
v -0.3706749975681305 -0.0298168938606977 0.5516202449798584
v -0.3706749975681305 -0.0298168938606977 0.5133302211761475
v -0.3706749975681305 -0.0298168938606977 0.5031789541244507
v -0.3706749975681305 -0.0298168938606977 0.4820778667926788
v -0.3706749975681305 -0.0064999964088202 0.5661669373512268
v -0.3706749975681305 -0.0039378236979246 0.5687291026115417
v -0.3706749975681305 -0.0029999967664480 0.5722290873527527
v -0.3706749975681305 0.0130384732037783 0.5926482081413269
v -0.3706749975681305 -0.0039378236979246 0.5757291316986084
v -0.3706749975681305 0.0053205583244562 0.6014488339424133
v -0.3706749975681305 -0.0064999964088202 0.5782912969589233
v -0.3706749975681305 -0.0051777120679617 0.6066260337829590
v -0.3706749975681305 -0.0100000035017729 0.5792291164398193
v -0.3706749975681305 -0.0168580692261457 0.6073915958404541
v -0.3706749975681305 -0.0135000031441450 0.5782912969589233
v -0.3706749975681305 -0.0279422830790281 0.6036289930343628
v -0.3706749975681305 -0.0539711266756058 0.5516202449798584
v -0.3706749975681305 -0.0539711266756058 0.5133302211761475
v -0.3706749975681305 -0.0539711266756058 0.5031789541244507
v -0.3706749975681305 -0.0539711266756058 0.4820778667926788
v -0.3675000071525574 -0.0431655049324036 0.4376109540462494
v -0.3675000071525574 -0.0426337942481041 0.4356265962123871
v -0.3675000071525574 -0.0298168938606977 0.4524122178554535
v -0.3675000071525574 -0.0765867531299591 0.5021789073944092
v -0.3675000071525574 -0.0765867531299591 0.5123301744461060
v -0.3675000071525574 -0.1297743022441864 0.5123301744461060
v -0.3675000071525574 -0.0615209490060806 0.5645546913146973
v -0.3675000071525574 -0.0765867531299591 0.5646172761917114
v -0.3675000071525574 -0.0765867531299591 0.5510084033012390
v -0.3675000071525574 0.0292221661657095 0.5646172761917114
v -0.3675000071525574 0.0246502552181482 0.5646172761917114
v -0.3675000071525574 0.0246502552181482 0.5510084033012390
v -0.3675000071525574 0.0246502552181482 0.5725360512733459
v -0.3675000071525574 -0.2767189741134644 -0.0063562514260411
v -0.3675000071525574 -0.2732189893722534 -0.0165970437228680
v -0.3675000071525574 -0.2218620330095291 -0.0063562514260411
v -0.3675000071525574 -0.2859189808368683 0.2220289111137390
v -0.3675000071525574 -0.2859189808368683 0.0054000047966838
v -0.3675000071525574 -0.2825160324573517 -0.0073000015690923
v -0.3675000071525574 -0.1508783549070358 0.5135312676429749
v -0.3675000071525574 -0.1514276564121246 0.5155812501907349
v -0.3675000071525574 -0.1297743022441864 0.5448362827301025
v -0.3675000071525574 -0.1529283523559570 0.5170819759368896
v -0.3675000071525574 -0.1508845686912537 0.5326482057571411
v -0.3675000071525574 -0.1549783647060394 0.5176312923431396
v -0.3675000071525574 -0.1581200063228607 0.5296512246131897
v -0.3675000071525574 -0.1570283621549606 0.5170819759368896
v -0.3675000071525574 -0.1658845692873001 0.5286290049552917
v -0.3675000071525574 -0.1585290580987930 0.5155812501907349
v -0.3675000071525574 -0.1676417142152786 0.5286290049552917
v -0.3675000071525574 -0.1590783596038818 0.5135312676429749
v -0.3675000071525574 -0.1676417142152786 0.5123301744461060
v -0.3675000071525574 -0.1585290580987930 0.5114812850952148
v -0.3675000071525574 -0.1077303439378738 0.5345259308815002
v -0.3675000071525574 -0.1190838366746902 0.5510084033012390
v -0.3675000071525574 -0.1051706671714783 0.5370796322822571
v -0.3675000071525574 -0.1016770750284195 0.5380113720893860
v -0.3675000071525574 -0.1077385097742081 0.5275409817695618
v -0.3675000071525574 -0.1086702346801758 0.5310345292091370
v -0.3675000071525574 -0.0981856733560562 0.5370714664459229
v -0.3675000071525574 -0.0956319719552994 0.5345118045806885
v -0.3675000071525574 -0.0765867531299591 0.5755441188812256
v -0.3675000071525574 -0.0955125987529755 0.5646172761917114
v -0.3675000071525574 -0.0630216598510742 0.5660554170608521
v -0.3675000071525574 -0.0635709613561630 0.5681053996086121
v -0.3675000071525574 -0.0594709515571594 0.5722054243087769
v -0.3675000071525574 -0.0529711246490479 0.5891786217689514
v -0.3675000071525574 -0.0615209490060806 0.5716561079025269
v -0.3675000071525574 -0.0630216598510742 0.5701553821563721
v -0.3675000071525574 -0.0553709566593170 0.5681053996086121
v -0.3675000071525574 -0.0529711246490479 0.5646172761917114
v -0.3675000071525574 -0.0559202581644058 0.5701553821563721
v -0.3675000071525574 -0.0574209541082382 0.5716561079025269
v -0.3675000071525574 -0.0135000031441450 0.5661669373512268
v -0.3675000071525574 -0.0160621758550406 0.5687291026115417
v -0.3675000071525574 -0.0298168938606977 0.5646172761917114
v -0.3675000071525574 -0.0170000027865171 0.5722290873527527
v -0.3675000071525574 -0.0298168938606977 0.6025466918945312
v -0.3675000071525574 -0.0160621758550406 0.5757291316986084
v -0.3675000071525574 -0.0039378236979246 0.5687291026115417
v -0.3675000071525574 -0.0064999964088202 0.5661669373512268
v -0.3675000071525574 -0.0029999967664480 0.5722290873527527
v -0.3675000071525574 -0.0039378236979246 0.5757291316986084
v -0.3675000071525574 0.0130384732037783 0.5926482081413269
v -0.3675000071525574 -0.0064999964088202 0.5782912969589233
v -0.3675000071525574 0.0053205583244562 0.6014488339424133
v -0.3675000071525574 -0.0100000035017729 0.5792291164398193
v -0.3675000071525574 -0.0051777120679617 0.6066260337829590
v -0.3675000071525574 -0.0135000031441450 0.5782912969589233
v -0.3675000071525574 -0.0168580692261457 0.6073915958404541
v -0.3675000071525574 -0.0279422830790281 0.6036289930343628
v -0.3675000071525574 0.0570599026978016 0.5304382443428040
v -0.3675000071525574 0.0246502552181482 0.5123301744461060
v -0.3675000071525574 0.0480368770658970 0.5356476902961731
v -0.3675000071525574 0.0413397438824177 0.5436289906501770
v -0.3675000071525574 0.0370792448520660 0.5510084033012390
v -0.3675000071525574 -0.0140562485903502 -0.0063562514260411
v -0.3675000071525574 -0.0096237044781446 -0.0055562378838658
v -0.3675000071525574 -0.0111125018447638 -0.0000000120144996
v -0.3675000071525574 -0.0096237044781446 0.0055562434718013
v -0.3675000071525574 -0.0140562485903502 0.2220289111137390
v -0.3675000071525574 -0.0055562462657690 0.0096237091347575
v -0.3675000071525574 0.0000000017881041 0.0111124990507960
v -0.3675000071525574 0.0246502552181482 0.2220289111137390
v -0.3675000071525574 0.0055562499910593 0.0096237091347575
v -0.3675000071525574 0.0096237082034349 0.0055562434718013
v -0.3675000071525574 0.0246502552181482 -0.0063562514260411
v -0.3675000071525574 -0.0055562462657690 -0.0096237184479833
v -0.3675000071525574 0.0000000017881039 -0.0111124934628606
v -0.3675000071525574 0.0111124981194735 -0.0000000120144996
v -0.3675000071525574 0.0096237082034349 -0.0055562378838658
v -0.3675000071525574 0.0055562499910593 -0.0096237184479833
v -0.3675000071525574 -0.0594709515571594 0.5640053749084473
v -0.3675000071525574 -0.0529711246490479 0.5510084033012390
v -0.3675000071525574 -0.0574209541082382 0.5645546913146973
v -0.3675000071525574 -0.0559202581644058 0.5660554170608521
v -0.3675000071525574 -0.1514276564121246 0.5114812850952148
v -0.3675000071525574 -0.1529283523559570 0.5099805593490601
v -0.3675000071525574 -0.1297743022441864 0.5021789073944092
v -0.3675000071525574 -0.1570283621549606 0.5099805593490601
v -0.3675000071525574 -0.1676417142152786 0.5021789073944092
v -0.3675000071525574 -0.1549783647060394 0.5094313025474548
v -0.3675000071525574 0.0246502552181482 0.5021789073944092
v -0.3675000071525574 -0.0529711246490479 0.5123301744461060
v -0.3675000071525574 -0.0529711246490479 0.5021789073944092
v -0.3675000071525574 -0.0529711246490479 0.4820778667926788
v -0.3675000071525574 0.0581880100071430 0.4929265975952148
v -0.3675000071525574 0.0581880100071430 0.4869265854358673
v -0.3675000071525574 0.0580357685685158 0.4861612319946289
v -0.3675000071525574 0.0394226424396038 0.4850788414478302
v -0.3675000071525574 0.0387737974524498 0.4855123758316040
v -0.3675000071525574 0.0246502552181482 0.4820778667926788
v -0.3675000071525574 0.0401880107820034 0.4849265813827515
v -0.3675000071525574 0.0383402518928051 0.4936919510364532
v -0.3675000071525574 0.0387737974524498 0.4943408071994781
v -0.3675000071525574 0.0569533780217171 0.4947743415832520
v -0.3675000071525574 0.0576022230088711 0.4943408071994781
v -0.3675000071525574 0.0580357685685158 0.4936919510364532
v -0.3675000071525574 0.0576022230088711 0.4855123758316040
v -0.3675000071525574 0.0569533780217171 0.4850788414478302
v -0.3675000071525574 0.0561880096793175 0.4849265813827515
v -0.3675000071525574 0.0383402518928051 0.4861612319946289
v -0.3675000071525574 0.0381880104541779 0.4869265854358673
v -0.3675000071525574 0.0381880104541779 0.4929265975952148
v -0.3675000071525574 0.0394226424396038 0.4947743415832520
v -0.3675000071525574 0.0401880107820034 0.4949265718460083
v -0.3675000071525574 0.0561880096793175 0.4949265718460083
v -0.3675000071525574 -0.0298168938606977 0.5510084033012390
v -0.3675000071525574 -0.0298168938606977 0.5123301744461060
v -0.3675000071525574 -0.0298168938606977 0.5021789073944092
v -0.3675000071525574 -0.0298168938606977 0.4820778667926788
v -0.3675000071525574 -0.1297743022441864 0.4820778667926788
v -0.3675000071525574 -0.0765867531299591 0.4820778667926788
v -0.3675000071525574 -0.1676417142152786 0.4820778667926788
v -0.3675000071525574 -0.0100000035017729 0.5652291178703308
v -0.3675000071525574 -0.0140562485903502 0.5646172761917114
v -0.3675000071525574 -0.0140562485903502 0.5510084033012390
v -0.3675000071525574 -0.0140562485903502 0.5123301744461060
v -0.3675000071525574 -0.0140562485903502 0.5021789073944092
v -0.3675000071525574 -0.0140562485903502 0.4820778667926788
v -0.3675000071525574 0.0246502552181482 0.4524122178554535
v -0.3675000071525574 -0.0140562485903502 0.4524122178554535
v -0.3675000071525574 -0.0529711246490479 0.4524122178554535
v -0.3675000071525574 -0.0765867531299591 0.4524122178554535
v -0.3675000071525574 -0.1297743022441864 0.4524122178554535
v -0.3675000071525574 -0.1676417142152786 0.4524122178554535
v -0.3675000071525574 -0.1762050837278366 0.4722291231155396
v -0.3675000071525574 -0.1771429032087326 0.4687291383743286
v -0.3675000071525574 -0.2218620330095291 0.4820778667926788
v -0.3675000071525574 -0.2218620330095291 0.4524122178554535
v -0.3675000071525574 -0.1892672628164291 0.4687291383743286
v -0.3675000071525574 -0.1797050684690475 0.4661669433116913
v -0.3675000071525574 -0.1832050830125809 0.4652291238307953
v -0.3675000071525574 -0.1867050677537918 0.4661669433116913
v -0.3675000071525574 -0.1902050822973251 0.4722291231155396
v -0.3675000071525574 -0.1892672628164291 0.4757291376590729
v -0.3675000071525574 -0.1867050677537918 0.4782913029193878
v -0.3675000071525574 -0.1832050830125809 0.4792291224002838
v -0.3675000071525574 -0.1797050684690475 0.4782913029193878
v -0.3675000071525574 -0.1771429032087326 0.4757291376590729
v -0.3675000071525574 -0.2218620330095291 0.5286290049552917
v -0.3675000071525574 -0.2218620330095291 0.5123301744461060
v -0.3675000071525574 -0.2218620330095291 0.5021789073944092
v -0.3675000071525574 -0.2767189741134644 0.5286290049552917
v -0.3675000071525574 -0.2859189808368683 0.5286290049552917
v -0.3675000071525574 -0.2767189741134644 0.5123301744461060
v -0.3675000071525574 -0.2859189808368683 0.5123301744461060
v -0.3675000071525574 -0.2767189741134644 0.5021789073944092
v -0.3675000071525574 -0.2859189808368683 0.5021789073944092
v -0.3675000071525574 -0.2767189741134644 0.4820778667926788
v -0.3675000071525574 -0.2859189808368683 0.4820778667926788
v -0.3675000071525574 -0.2767189741134644 0.4524122178554535
v -0.3675000071525574 -0.2859189808368683 0.4524122178554535
v -0.3675000071525574 -0.2767189741134644 0.2220289111137390
v -0.3675000071525574 -0.0446181669831276 0.4390636086463928
v -0.3675000071525574 -0.0298168938606977 0.2220289111137390
v -0.3675000071525574 -0.0431655049324036 0.4336422085762024
v -0.3675000071525574 -0.0446181669831276 0.4321895539760590
v -0.3675000071525574 -0.0529711246490479 0.2220289111137390
v -0.3675000071525574 -0.0466025471687317 0.4316578209400177
v -0.3675000071525574 -0.0505712926387787 0.4356265962123871
v -0.3675000071525574 -0.0500395745038986 0.4376109540462494
v -0.3675000071525574 -0.0485869199037552 0.4390636086463928
v -0.3675000071525574 -0.0466025471687317 0.4395953416824341
v -0.3675000071525574 -0.0485869199037552 0.4321895539760590
v -0.3675000071525574 -0.0500395745038986 0.4336422085762024
v -0.3675000071525574 -0.0765867531299591 0.2220289111137390
v -0.3675000071525574 -0.1297743022441864 0.2220289111137390
v -0.3675000071525574 -0.1676417142152786 0.2220289111137390
v -0.3675000071525574 -0.2218620330095291 0.2220289111137390
v -0.3675000071525574 -0.2535189986228943 0.0054000047966838
v -0.3675000071525574 -0.2544568181037903 0.0019000052707270
v -0.3675000071525574 -0.2665811777114868 0.0089000044390559
v -0.3675000071525574 -0.2640189826488495 0.0114621846005321
v -0.3675000071525574 -0.2665811777114868 0.0019000052707270
v -0.3675000071525574 -0.2675189971923828 0.0054000047966838
v -0.3675000071525574 -0.2570189833641052 -0.0006621897919104
v -0.3675000071525574 -0.2605189979076385 -0.0016000092728063
v -0.3675000071525574 -0.2640189826488495 -0.0006621897919104
v -0.3675000071525574 -0.2605189979076385 0.0124000040814281
v -0.3675000071525574 -0.2570189833641052 0.0114621846005321
v -0.3675000071525574 -0.2544568181037903 0.0089000044390559
v -0.3675000071525574 -0.0298168938606977 -0.0063562514260411
v -0.3675000071525574 -0.0529711246490479 -0.0063562514260411
v -0.3675000071525574 -0.0765867531299591 -0.0063562514260411
v -0.3675000071525574 -0.1297743022441864 -0.0063562514260411
v -0.3675000071525574 -0.1676417142152786 -0.0063562514260411
v -0.0788499936461449 0.0786602571606636 -0.0199999921023846
v -0.0772624984383583 0.0814098864793777 -0.0199999921023846
v -0.0751897469162941 0.0750000029802322 -0.0199999921023846
v -0.0724401101469994 0.0765874981880188 -0.0199999921023846
v -0.0738499984145164 0.0700000002980232 -0.0199999921023846
v -0.0706749930977821 0.0700000002980232 -0.0199999921023846
v -0.0738499984145164 0.0700000002980232 0.5286290049552917
v -0.0706749930977821 0.0700000002980232 0.5286290049552917
v -0.0751897469162941 0.0750000029802322 0.5286290049552917
v -0.0724401101469994 0.0765874981880188 0.5286290049552917
v -0.0788499936461449 0.0786602571606636 0.5286290049552917
v -0.0772624984383583 0.0814098864793777 0.5286290049552917
v -0.0706749930977821 0.0700000002980232 -0.0063562514260411
v -0.0706749930977821 0.0700000002980232 0.5268213152885437
v -0.0706749930977821 0.0700000002980232 0.5133302211761475
v -0.0706749930977821 0.0700000002980232 0.4524122178554535
v -0.0706749930977821 0.0700000002980232 0.3729934692382812
v -0.0706749930977821 0.0700000002980232 0.2667563259601593
v -0.0706749930977821 0.0700000002980232 0.1128917634487152
v -0.0738499984145164 0.0700000002980232 -0.0063562514260411
v -0.0738499984145164 0.0700000002980232 0.1128917634487152
v -0.0738499984145164 0.0700000002980232 0.2662563323974609
v -0.0738499984145164 0.0700000002980232 0.3734934628009796
v -0.0738499984145164 0.0700000002980232 0.4524122178554535
v -0.0738499984145164 0.0700000002980232 0.5123301744461060
v -0.0738499984145164 0.0700000002980232 0.5278213024139404
v -0.0738499984145164 -0.0140562485903502 -0.0199999921023846
v -0.0706749930977821 -0.0140562485903502 -0.0199999921023846
v -0.0738499984145164 -0.0298168938606977 -0.0199999921023846
v -0.0706749930977821 -0.0298168938606977 -0.0199999921023846
v -0.0738499984145164 -0.0529711246490479 -0.0199999921023846
v -0.0706749930977821 -0.0539711266756058 -0.0199999921023846
v -0.0738499984145164 -0.0765867531299591 -0.0199999921023846
v -0.0706749930977821 -0.0755867511034012 -0.0199999921023846
v -0.0738499984145164 -0.1074316054582596 -0.0199999921023846
v -0.0706749930977821 -0.1074316054582596 -0.0199999921023846
v -0.0738499984145164 -0.1297743022441864 -0.0199999921023846
v -0.0706749930977821 -0.1307743042707443 -0.0199999921023846
v -0.0738499984145164 -0.1732550710439682 -0.0199999921023846
v -0.0706749930977821 -0.1727550774812698 -0.0199999921023846
v -0.0738499984145164 -0.1931550949811935 -0.0199999921023846
v -0.0706749930977821 -0.1936550885438919 -0.0199999921023846
v -0.0738499984145164 -0.2279120534658432 -0.0199999921023846
v -0.0706749930977821 -0.2274120301008224 -0.0199999921023846
v -0.0738499984145164 -0.2605189979076385 -0.0199999921023846
v -0.0706749930977821 -0.2605189979076385 -0.0199999921023846
v -0.0738499984145164 0.0673205107450485 0.5286290049552917
v -0.0706749930977821 0.0673205107450485 0.5286290049552917
v -0.0706749930977821 -0.0937805473804474 0.5656172633171082
v -0.0706749930977821 -0.1074316054582596 0.5577358007431030
v -0.0706749930977821 -0.1074316054582596 0.5516202449798584
v -0.0706749930977821 -0.1180240809917450 0.5516202449798584
v -0.0706749930977821 -0.2825160324573517 -0.0073000015690923
v -0.0706749930977821 -0.2732189893722534 -0.0165970437228680
v -0.0706749930977821 -0.2767189741134644 -0.0063562514260411
v -0.0706749930977821 -0.2274120301008224 -0.0063562514260411
v -0.0706749930977821 -0.1508845686912537 0.5326482057571411
v -0.0706749930977821 -0.1581200063228607 0.5296512246131897
v -0.0706749930977821 -0.1307743042707443 0.5268213152885437
v -0.0706749930977821 -0.1658845692873001 0.5286290049552917
v -0.0706749930977821 -0.1727550774812698 0.5268213152885437
v -0.0706749930977821 -0.1727550774812698 0.5286290049552917
v -0.0706749930977821 -0.1077385097742081 0.5275409817695618
v -0.0706749930977821 -0.1086702346801758 0.5310345292091370
v -0.0706749930977821 -0.1307743042707443 0.5442588925361633
v -0.0706749930977821 -0.1077303439378738 0.5345259308815002
v -0.0706749930977821 -0.0594709515571594 0.5702053904533386
v -0.0706749930977821 -0.0584209561347961 0.5699240565299988
v -0.0706749930977821 -0.0539711266756058 0.5886012315750122
v -0.0706749930977821 -0.0576522946357727 0.5691553950309753
v -0.0706749930977821 -0.0539711266756058 0.5656172633171082
v -0.0706749930977821 -0.0573709607124329 0.5681053996086121
v -0.0706749930977821 -0.0576522946357727 0.5670554041862488
v -0.0706749930977821 -0.0584209561347961 0.5662867426872253
v -0.0706749930977821 -0.0594709515571594 0.5660054087638855
v -0.0706749930977821 -0.0605209618806839 0.5662867426872253
v -0.0706749930977821 -0.0755867511034012 0.5656172633171082
v -0.0706749930977821 -0.0612896084785461 0.5670554041862488
v -0.0706749930977821 -0.0615709573030472 0.5681053996086121
v -0.0706749930977821 -0.0605209618806839 0.5699240565299988
v -0.0706749930977821 -0.0755867511034012 0.5761214494705200
v -0.0706749930977821 -0.0612896084785461 0.5691553950309753
v -0.0706749930977821 -0.0160621758550406 0.5757291316986084
v -0.0706749930977821 -0.0298168938606977 0.6025466918945312
v -0.0706749930977821 -0.0170000027865171 0.5722290873527527
v -0.0706749930977821 -0.0298168938606977 0.5656172633171082
v -0.0706749930977821 -0.0160621758550406 0.5687291026115417
v -0.0706749930977821 -0.0135000031441450 0.5661669373512268
v -0.0706749930977821 0.0286448169499636 0.5656172633171082
v -0.0706749930977821 -0.0029999967664480 0.5722290873527527
v -0.0706749930977821 -0.0039378236979246 0.5687291026115417
v -0.0706749930977821 -0.0039378236979246 0.5757291316986084
v -0.0706749930977821 0.0130384732037783 0.5926482081413269
v -0.0706749930977821 -0.0064999964088202 0.5782912969589233
v -0.0706749930977821 0.0053205583244562 0.6014488339424133
v -0.0706749930977821 -0.0100000035017729 0.5792291164398193
v -0.0706749930977821 -0.0051777120679617 0.6066260337829590
v -0.0706749930977821 -0.0135000031441450 0.5782912969589233
v -0.0706749930977821 -0.0168580692261457 0.6073915958404541
v -0.0706749930977821 -0.0279422830790281 0.6036289930343628
v -0.0706749930977821 -0.0140562485903502 0.5516202449798584
v -0.0706749930977821 0.0413397438824177 0.5436289906501770
v -0.0706749930977821 -0.0140562485903502 0.5656172633171082
v -0.0706749930977821 -0.0100000035017729 0.5652291178703308
v -0.0706749930977821 -0.0064999964088202 0.5661669373512268
v -0.0706749930977821 0.0480368770658970 0.5356476902961731
v -0.0706749930977821 -0.0140562485903502 0.5268213152885437
v -0.0706749930977821 0.0570599026978016 0.5304382443428040
v -0.0706749930977821 -0.0096237044781446 0.0055562434718013
v -0.0706749930977821 -0.0055562462657690 0.0096237091347575
v -0.0706749930977821 -0.0140562485903502 0.1128917634487152
v -0.0706749930977821 -0.0140562485903502 -0.0063562514260411
v -0.0706749930977821 -0.0096237044781446 -0.0055562378838658
v -0.0706749930977821 -0.0111125018447638 -0.0000000120144996
v -0.0706749930977821 0.0000000017881048 0.0111124990507960
v -0.0706749930977821 0.0055562499910593 0.0096237091347575
v -0.0706749930977821 0.0096237082034349 0.0055562434718013
v -0.0706749930977821 0.0111124981194735 -0.0000000120144996
v -0.0706749930977821 0.0096237082034349 -0.0055562378838658
v -0.0706749930977821 0.0055562499910593 -0.0096237184479833
v -0.0706749930977821 0.0000000017881050 -0.0111124934628606
v -0.0706749930977821 -0.0055562462657690 -0.0096237184479833
v -0.0706749930977821 -0.0755867511034012 0.5133302211761475
v -0.0706749930977821 -0.0755867511034012 0.5268213152885437
v -0.0706749930977821 -0.0896228402853012 0.5227617621421814
v -0.0706749930977821 -0.0976480841636658 0.5153076648712158
v -0.0706749930977821 -0.1005501002073288 0.5164483785629272
v -0.0706749930977821 -0.1074316054582596 0.5133302211761475
v -0.0706749930977821 -0.1026688069105148 0.5187361836433411
v -0.0706749930977821 -0.1074316054582596 0.5268213152885437
v -0.0706749930977821 -0.0900840163230896 0.5196778774261475
v -0.0706749930977821 -0.0918386727571487 0.5171002149581909
v -0.0706749930977821 -0.0945386141538620 0.5155403017997742
v -0.0706749930977821 -0.1051706671714783 0.5370796322822571
v -0.0706749930977821 -0.1016770750284195 0.5380113720893860
v -0.0706749930977821 -0.0755867511034012 0.5516202449798584
v -0.0706749930977821 -0.0981856733560562 0.5370714664459229
v -0.0706749930977821 -0.0956319719552994 0.5345118045806885
v -0.0706749930977821 -0.0905466228723526 0.5257399082183838
v -0.0706749930977821 -0.1539283543825150 0.5153499245643616
v -0.0706749930977821 -0.1531597077846527 0.5145812630653381
v -0.0706749930977821 -0.1307743042707443 0.5133302211761475
v -0.0706749930977821 -0.1549783647060394 0.5156312584877014
v -0.0706749930977821 -0.1560283601284027 0.5153499245643616
v -0.0706749930977821 -0.1560283601284027 0.5117126107215881
v -0.0706749930977821 -0.1567970067262650 0.5124812722206116
v -0.0706749930977821 -0.1727550774812698 0.5133302211761475
v -0.0706749930977821 -0.1570783555507660 0.5135312676429749
v -0.0706749930977821 -0.1567970067262650 0.5145812630653381
v -0.0706749930977821 -0.1528783589601517 0.5135312676429749
v -0.0706749930977821 -0.1531597077846527 0.5124812722206116
v -0.0706749930977821 -0.1307743042707443 0.4524122178554535
v -0.0706749930977821 -0.1539283543825150 0.5117126107215881
v -0.0706749930977821 -0.1549783647060394 0.5114312767982483
v -0.0706749930977821 -0.1727550774812698 0.4524122178554535
v -0.0706749930977821 -0.0298168938606977 0.5516202449798584
v -0.0706749930977821 -0.0539711266756058 0.5516202449798584
v -0.0706749930977821 -0.0298168938606977 0.5268213152885437
v -0.0706749930977821 -0.0539711266756058 0.5268213152885437
v -0.0706749930977821 -0.0298168938606977 0.5133302211761475
v -0.0706749930977821 -0.0539711266756058 0.5133302211761475
v -0.0706749930977821 -0.0298168938606977 0.4524122178554535
v -0.0706749930977821 -0.0539711266756058 0.4524122178554535
v -0.0706749930977821 -0.1762050837278366 0.4722291231155396
v -0.0706749930977821 -0.1771429032087326 0.4687291383743286
v -0.0706749930977821 -0.1936550885438919 0.4524122178554535
v -0.0706749930977821 -0.1892672628164291 0.4687291383743286
v -0.0706749930977821 -0.1902050822973251 0.4722291231155396
v -0.0706749930977821 -0.1936550885438919 0.5133302211761475
v -0.0706749930977821 -0.1892672628164291 0.4757291376590729
v -0.0706749930977821 -0.1867050677537918 0.4782913029193878
v -0.0706749930977821 -0.1832050830125809 0.4792291224002838
v -0.0706749930977821 -0.1797050684690475 0.4782913029193878
v -0.0706749930977821 -0.1771429032087326 0.4757291376590729
v -0.0706749930977821 -0.1797050684690475 0.4661669433116913
v -0.0706749930977821 -0.1832050830125809 0.4652291238307953
v -0.0706749930977821 -0.1867050677537918 0.4661669433116913
v -0.0706749930977821 -0.1936550885438919 0.5268213152885437
v -0.0706749930977821 -0.1936550885438919 0.5286290049552917
v -0.0706749930977821 -0.0466025471687317 0.4316578209400177
v -0.0706749930977821 -0.0485869199037552 0.4321895539760590
v -0.0706749930977821 -0.0539711266756058 0.3729934692382812
v -0.0706749930977821 -0.0431655049324036 0.4336422085762024
v -0.0706749930977821 -0.0298168938606977 0.3729934692382812
v -0.0706749930977821 -0.0426337942481041 0.4356265962123871
v -0.0706749930977821 -0.0431655049324036 0.4376109540462494
v -0.0706749930977821 -0.0446181669831276 0.4321895539760590
v -0.0706749930977821 -0.0500395745038986 0.4336422085762024
v -0.0706749930977821 -0.0505712926387787 0.4356265962123871
v -0.0706749930977821 -0.0500395745038986 0.4376109540462494
v -0.0706749930977821 -0.0485869199037552 0.4390636086463928
v -0.0706749930977821 -0.0466025471687317 0.4395953416824341
v -0.0706749930977821 -0.0446181669831276 0.4390636086463928
v -0.0706749930977821 -0.1727550774812698 0.3729934692382812
v -0.0706749930977821 -0.1936550885438919 0.3729934692382812
v -0.0706749930977821 -0.1727550774812698 0.2667563259601593
v -0.0706749930977821 -0.2274120301008224 0.5286290049552917
v -0.0706749930977821 -0.2274120301008224 0.5268213152885437
v -0.0706749930977821 -0.2274120301008224 0.5133302211761475
v -0.0706749930977821 -0.2274120301008224 0.4524122178554535
v -0.0706749930977821 -0.2274120301008224 0.3729934692382812
v -0.0706749930977821 -0.1074316054582596 0.4524122178554535
v -0.0706749930977821 -0.1074316054582596 0.3729934692382812
v -0.0706749930977821 -0.1307743042707443 0.3729934692382812
v -0.0706749930977821 -0.1074316054582596 0.2667563259601593
v -0.0706749930977821 -0.1307743042707443 0.2667563259601593
v -0.0706749930977821 -0.1653864234685898 0.3111791312694550
v -0.0706749930977821 -0.1661550849676132 0.3104104697704315
v -0.0706749930977821 -0.1672050803899765 0.3101291060447693
v -0.0706749930977821 -0.1682550758123398 0.3104104697704315
v -0.0706749930977821 -0.1690237373113632 0.3111791312694550
v -0.0706749930977821 -0.1693050861358643 0.3122291266918182
v -0.0706749930977821 -0.1690237373113632 0.3132791221141815
v -0.0706749930977821 -0.1682550758123398 0.3140477836132050
v -0.0706749930977821 -0.1672050803899765 0.3143291175365448
v -0.0706749930977821 -0.1661550849676132 0.3140477836132050
v -0.0706749930977821 -0.1653864234685898 0.3132791221141815
v -0.0706749930977821 -0.1651050895452499 0.3122291266918182
v -0.0706749930977821 -0.1981550902128220 0.3140477836132050
v -0.0706749930977821 -0.1973864287137985 0.3132791221141815
v -0.0706749930977821 -0.1971050947904587 0.3122291266918182
v -0.0706749930977821 -0.1936550885438919 0.2667563259601593
v -0.0706749930977821 -0.1973864287137985 0.3111791312694550
v -0.0706749930977821 -0.1981550902128220 0.3104104697704315
v -0.0706749930977821 -0.2274120301008224 0.2667563259601593
v -0.0706749930977821 -0.1992050856351852 0.3101291060447693
v -0.0706749930977821 -0.2002550810575485 0.3104104697704315
v -0.0706749930977821 -0.2010237425565720 0.3111791312694550
v -0.0706749930977821 -0.2013050764799118 0.3122291266918182
v -0.0706749930977821 -0.2010237425565720 0.3132791221141815
v -0.0706749930977821 -0.2002550810575485 0.3140477836132050
v -0.0706749930977821 -0.1992050856351852 0.3143291175365448
v -0.0706749930977821 -0.0140562485903502 0.5133302211761475
v -0.0706749930977821 -0.0140562485903502 0.4524122178554535
v -0.0706749930977821 -0.0140562485903502 0.3729934692382812
v -0.0706749930977821 -0.0140562485903502 0.2667563259601593
v -0.0706749930977821 -0.0298168938606977 0.2667563259601593
v -0.0706749930977821 -0.0298168938606977 0.1128917634487152
v -0.0706749930977821 -0.0539711266756058 0.2667563259601593
v -0.0706749930977821 -0.0539711266756058 0.1128917634487152
v -0.0706749930977821 -0.0755867511034012 0.4524122178554535
v -0.0706749930977821 -0.0755867511034012 0.3729934692382812
v -0.0706749930977821 -0.0755867511034012 0.2667563259601593
v -0.0706749930977821 -0.0755867511034012 0.1128917634487152
v -0.0706749930977821 -0.0986929684877396 0.2140533924102783
v -0.0706749930977821 -0.1074316054582596 0.1128917634487152
v -0.0706749930977821 -0.1011929661035538 0.2133835256099701
v -0.0706749930977821 -0.1011929661035538 0.2233835160732269
v -0.0706749930977821 -0.0986929684877396 0.2227136492729187
v -0.0706749930977821 -0.1036929637193680 0.2227136492729187
v -0.0706749930977821 -0.1055230945348740 0.2208835184574127
v -0.0706749930977821 -0.1061929613351822 0.2183835208415985
v -0.0706749930977821 -0.0968628376722336 0.2208835184574127
v -0.0706749930977821 -0.0961929708719254 0.2183835208415985
v -0.0706749930977821 -0.0968628376722336 0.2158835232257843
v -0.0706749930977821 -0.1036929637193680 0.2140533924102783
v -0.0706749930977821 -0.1055230945348740 0.2158835232257843
v -0.0706749930977821 -0.1307743042707443 0.1128917634487152
v -0.0706749930977821 -0.1727550774812698 0.1128917634487152
v -0.0706749930977821 -0.1936550885438919 0.1128917634487152
v -0.0706749930977821 -0.2274120301008224 0.1128917634487152
v -0.0706749930977821 -0.2767189741134644 0.5286290049552917
v -0.0706749930977821 -0.2859189808368683 0.5286290049552917
v -0.0706749930977821 -0.2767189741134644 0.5268213152885437
v -0.0706749930977821 -0.2859189808368683 0.5268213152885437
v -0.0706749930977821 -0.2767189741134644 0.5133302211761475
v -0.0706749930977821 -0.2859189808368683 0.5133302211761475
v -0.0706749930977821 -0.2767189741134644 0.4524122178554535
v -0.0706749930977821 -0.2859189808368683 0.4524122178554535
v -0.0706749930977821 -0.2767189741134644 0.3729934692382812
v -0.0706749930977821 -0.2859189808368683 0.3729934692382812
v -0.0706749930977821 -0.2767189741134644 0.2667563259601593
v -0.0706749930977821 -0.2859189808368683 0.2667563259601593
v -0.0706749930977821 -0.2767189741134644 0.1128917634487152
v -0.0706749930977821 -0.2859189808368683 0.1128917634487152
v -0.0706749930977821 -0.2859189808368683 0.0054000047966838
v -0.0706749930977821 -0.2535189986228943 0.0054000047966838
v -0.0706749930977821 -0.2544568181037903 0.0019000052707270
v -0.0706749930977821 -0.2570189833641052 -0.0006621897919104
v -0.0706749930977821 -0.2605189979076385 -0.0016000092728063
v -0.0706749930977821 -0.2640189826488495 -0.0006621897919104
v -0.0706749930977821 -0.2665811777114868 0.0019000052707270
v -0.0706749930977821 -0.2675189971923828 0.0054000047966838
v -0.0706749930977821 -0.2665811777114868 0.0089000044390559
v -0.0706749930977821 -0.2640189826488495 0.0114621846005321
v -0.0706749930977821 -0.2605189979076385 0.0124000040814281
v -0.0706749930977821 -0.2570189833641052 0.0114621846005321
v -0.0706749930977821 -0.2544568181037903 0.0089000044390559
v -0.0706749930977821 -0.0298168938606977 -0.0063562514260411
v -0.0706749930977821 -0.0539711266756058 -0.0063562514260411
v -0.0706749930977821 -0.0755867511034012 -0.0063562514260411
v -0.0706749930977821 -0.1074316054582596 -0.0063562514260411
v -0.0706749930977821 -0.1307743042707443 -0.0063562514260411
v -0.0706749930977821 -0.1727550774812698 -0.0063562514260411
v -0.0706749930977821 -0.1936550885438919 -0.0063562514260411
v -0.0738499984145164 -0.1902050822973251 0.4722291231155396
v -0.0738499984145164 -0.1931550949811935 0.4524122178554535
v -0.0738499984145164 -0.1931550949811935 0.5123301744461060
v -0.0738499984145164 -0.2279120534658432 -0.0063562514260411
v -0.0738499984145164 -0.1931550949811935 -0.0063562514260411
v -0.0738499984145164 -0.1732550710439682 -0.0063562514260411
v -0.0738499984145164 -0.1074316054582596 -0.0063562514260411
v -0.0738499984145164 -0.0529711246490479 -0.0063562514260411
v -0.0738499984145164 -0.1074316054582596 0.5577358007431030
v -0.0738499984145164 -0.1074316054582596 0.5510084033012390
v -0.0738499984145164 -0.1190838366746902 0.5510084033012390
v -0.0738499984145164 0.0413397438824177 0.5436289906501770
v -0.0738499984145164 0.0480368770658970 0.5356476902961731
v -0.0738499984145164 -0.0140562485903502 0.5278213024139404
v -0.0738499984145164 0.0570599026978016 0.5304382443428040
v -0.0738499984145164 -0.0160621758550406 0.5687291026115417
v -0.0738499984145164 -0.0135000031441450 0.5661669373512268
v -0.0738499984145164 -0.0140562485903502 0.5646172761917114
v -0.0738499984145164 -0.0100000035017729 0.5652291178703308
v -0.0738499984145164 -0.0140562485903502 0.5510084033012390
v -0.0738499984145164 0.0292221661657095 0.5646172761917114
v -0.0738499984145164 -0.0064999964088202 0.5661669373512268
v -0.0738499984145164 -0.0160621758550406 0.5757291316986084
v -0.0738499984145164 -0.0170000027865171 0.5722290873527527
v -0.0738499984145164 -0.0298168938606977 0.5646172761917114
v -0.0738499984145164 -0.0529711246490479 0.5646172761917114
v -0.0738499984145164 -0.0529711246490479 0.5891786217689514
v -0.0738499984145164 -0.0298168938606977 0.6025466918945312
v -0.0738499984145164 -0.0615209490060806 0.5716561079025269
v -0.0738499984145164 -0.0765867531299591 0.5755441188812256
v -0.0738499984145164 -0.0594709515571594 0.5722054243087769
v -0.0738499984145164 -0.0574209541082382 0.5716561079025269
v -0.0738499984145164 -0.0630216598510742 0.5701553821563721
v -0.0738499984145164 -0.0635709613561630 0.5681053996086121
v -0.0738499984145164 -0.0765867531299591 0.5646172761917114
v -0.0738499984145164 -0.0630216598510742 0.5660554170608521
v -0.0738499984145164 -0.0553709566593170 0.5681053996086121
v -0.0738499984145164 -0.0559202581644058 0.5701553821563721
v -0.0738499984145164 -0.0955125987529755 0.5646172761917114
v -0.0738499984145164 -0.0765867531299591 0.5510084033012390
v -0.0738499984145164 -0.1077303439378738 0.5345259308815002
v -0.0738499984145164 -0.1086702346801758 0.5310345292091370
v -0.0738499984145164 -0.1297743022441864 0.5278213024139404
v -0.0738499984145164 -0.1297743022441864 0.5448362827301025
v -0.0738499984145164 -0.1581200063228607 0.5296512246131897
v -0.0738499984145164 -0.1658845692873001 0.5286290049552917
v -0.0738499984145164 -0.1732550710439682 0.5278213024139404
v -0.0738499984145164 -0.1732550710439682 0.5286290049552917
v -0.0738499984145164 -0.1931550949811935 0.5286290049552917
v -0.0738499984145164 -0.2279120534658432 0.5286290049552917
v -0.0738499984145164 -0.1931550949811935 0.5278213024139404
v -0.0738499984145164 -0.2767189741134644 0.5286290049552917
v -0.0738499984145164 -0.2279120534658432 0.5278213024139404
v -0.0738499984145164 -0.2732189893722534 -0.0165970437228680
v -0.0738499984145164 -0.2825160324573517 -0.0073000015690923
v -0.0738499984145164 -0.2767189741134644 -0.0063562514260411
v -0.0738499984145164 -0.2859189808368683 0.0054000047966838
v -0.0738499984145164 -0.2767189741134644 0.1128917634487152
v -0.0738499984145164 0.0000000017881048 0.0111124990507960
v -0.0738499984145164 -0.0055562462657690 0.0096237091347575
v -0.0738499984145164 -0.0140562485903502 0.1128917634487152
v -0.0738499984145164 0.0111124981194735 -0.0000000120144996
v -0.0738499984145164 0.0096237082034349 0.0055562434718013
v -0.0738499984145164 0.0055562499910593 0.0096237091347575
v -0.0738499984145164 0.0000000017881050 -0.0111124934628606
v -0.0738499984145164 0.0055562499910593 -0.0096237184479833
v -0.0738499984145164 0.0096237082034349 -0.0055562378838658
v -0.0738499984145164 -0.0096237044781446 0.0055562434718013
v -0.0738499984145164 -0.0111125018447638 -0.0000000120144996
v -0.0738499984145164 -0.0140562485903502 -0.0063562514260411
v -0.0738499984145164 -0.0096237044781446 -0.0055562378838658
v -0.0738499984145164 -0.0055562462657690 -0.0096237184479833
v -0.0738499984145164 -0.1508845686912537 0.5326482057571411
v -0.0738499984145164 -0.1051706671714783 0.5370796322822571
v -0.0738499984145164 -0.1016770750284195 0.5380113720893860
v -0.0738499984145164 -0.0981856733560562 0.5370714664459229
v -0.0738499984145164 -0.0765867531299591 0.5278213024139404
v -0.0738499984145164 -0.0765867531299591 0.5123301744461060
v -0.0738499984145164 -0.0900840163230896 0.5196778774261475
v -0.0738499984145164 -0.1077385097742081 0.5275409817695618
v -0.0738499984145164 -0.1026688069105148 0.5187361836433411
v -0.0738499984145164 -0.1074316054582596 0.5123301744461060
v -0.0738499984145164 -0.1005501002073288 0.5164483785629272
v -0.0738499984145164 -0.0976480841636658 0.5153076648712158
v -0.0738499984145164 -0.0896228402853012 0.5227617621421814
v -0.0738499984145164 -0.0905466228723526 0.5257399082183838
v -0.0738499984145164 -0.0956319719552994 0.5345118045806885
v -0.0738499984145164 -0.0945386141538620 0.5155403017997742
v -0.0738499984145164 -0.0918386727571487 0.5171002149581909
v -0.0738499984145164 -0.0615209490060806 0.5645546913146973
v -0.0738499984145164 -0.0594709515571594 0.5640053749084473
v -0.0738499984145164 -0.0529711246490479 0.5510084033012390
v -0.0738499984145164 -0.0574209541082382 0.5645546913146973
v -0.0738499984145164 -0.0559202581644058 0.5660554170608521
v -0.0738499984145164 -0.1508783549070358 0.5135312676429749
v -0.0738499984145164 -0.1514276564121246 0.5155812501907349
v -0.0738499984145164 -0.1732550710439682 0.5123301744461060
v -0.0738499984145164 -0.1585290580987930 0.5155812501907349
v -0.0738499984145164 -0.1514276564121246 0.5114812850952148
v -0.0738499984145164 -0.1297743022441864 0.5123301744461060
v -0.0738499984145164 -0.1529283523559570 0.5170819759368896
v -0.0738499984145164 -0.1549783647060394 0.5176312923431396
v -0.0738499984145164 -0.1570283621549606 0.5170819759368896
v -0.0738499984145164 -0.1590783596038818 0.5135312676429749
v -0.0738499984145164 -0.1585290580987930 0.5114812850952148
v -0.0738499984145164 -0.1732550710439682 0.4524122178554535
v -0.0738499984145164 -0.1570283621549606 0.5099805593490601
v -0.0738499984145164 -0.1549783647060394 0.5094313025474548
v -0.0738499984145164 -0.1529283523559570 0.5099805593490601
v -0.0738499984145164 -0.1297743022441864 0.4524122178554535
v -0.0738499984145164 -0.2570189833641052 -0.0006621897919104
v -0.0738499984145164 -0.2605189979076385 -0.0016000092728063
v -0.0738499984145164 -0.2640189826488495 -0.0006621897919104
v -0.0738499984145164 -0.2665811777114868 0.0019000052707270
v -0.0738499984145164 -0.2544568181037903 0.0019000052707270
v -0.0738499984145164 -0.2535189986228943 0.0054000047966838
v -0.0738499984145164 -0.2279120534658432 0.1128917634487152
v -0.0738499984145164 -0.2544568181037903 0.0089000044390559
v -0.0738499984145164 -0.2570189833641052 0.0114621846005321
v -0.0738499984145164 -0.2605189979076385 0.0124000040814281
v -0.0738499984145164 -0.2640189826488495 0.0114621846005321
v -0.0738499984145164 -0.2665811777114868 0.0089000044390559
v -0.0738499984145164 -0.2675189971923828 0.0054000047966838
v -0.0738499984145164 -0.1011929661035538 0.2233835160732269
v -0.0738499984145164 -0.1036929637193680 0.2227136492729187
v -0.0738499984145164 -0.1074316054582596 0.2662563323974609
v -0.0738499984145164 -0.1055230945348740 0.2208835184574127
v -0.0738499984145164 -0.1061929613351822 0.2183835208415985
v -0.0738499984145164 -0.1074316054582596 0.1128917634487152
v -0.0738499984145164 -0.1055230945348740 0.2158835232257843
v -0.0738499984145164 -0.1036929637193680 0.2140533924102783
v -0.0738499984145164 -0.1011929661035538 0.2133835256099701
v -0.0738499984145164 -0.0765867531299591 -0.0063562514260411
v -0.0738499984145164 -0.0765867531299591 0.1128917634487152
v -0.0738499984145164 -0.0986929684877396 0.2140533924102783
v -0.0738499984145164 -0.0968628376722336 0.2158835232257843
v -0.0738499984145164 -0.0961929708719254 0.2183835208415985
v -0.0738499984145164 -0.0765867531299591 0.2662563323974609
v -0.0738499984145164 -0.0968628376722336 0.2208835184574127
v -0.0738499984145164 -0.0986929684877396 0.2227136492729187
v -0.0738499984145164 -0.1732550710439682 0.2662563323974609
v -0.0738499984145164 -0.1687550842761993 0.3095444440841675
v -0.0738499984145164 -0.1672050803899765 0.3091291189193726
v -0.0738499984145164 -0.1656550765037537 0.3095444440841675
v -0.0738499984145164 -0.1645203977823257 0.3106791079044342
v -0.0738499984145164 -0.1297743022441864 0.2662563323974609
v -0.0738499984145164 -0.1641050875186920 0.3122291266918182
v -0.0738499984145164 -0.1297743022441864 0.3734934628009796
v -0.0738499984145164 -0.1645203977823257 0.3137791156768799
v -0.0738499984145164 -0.1656550765037537 0.3149138092994690
v -0.0738499984145164 -0.1672050803899765 0.3153291046619415
v -0.0738499984145164 -0.1687550842761993 0.3149138092994690
v -0.0738499984145164 -0.1732550710439682 0.3734934628009796
v -0.0738499984145164 -0.1297743022441864 -0.0063562514260411
v -0.0738499984145164 -0.1732550710439682 0.1128917634487152
v -0.0738499984145164 -0.1297743022441864 0.1128917634487152
v -0.0738499984145164 -0.1698897629976273 0.3137791156768799
v -0.0738499984145164 -0.1703050881624222 0.3122291266918182
v -0.0738499984145164 -0.1698897629976273 0.3106791079044342
v -0.0738499984145164 -0.1992050856351852 0.3091291189193726
v -0.0738499984145164 -0.1976550966501236 0.3095444440841675
v -0.0738499984145164 -0.1931550949811935 0.2662563323974609
v -0.0738499984145164 -0.1976550966501236 0.3149138092994690
v -0.0738499984145164 -0.1992050856351852 0.3153291046619415
v -0.0738499984145164 -0.1931550949811935 0.3734934628009796
v -0.0738499984145164 -0.2007550746202469 0.3149138092994690
v -0.0738499984145164 -0.2018897682428360 0.3137791156768799
v -0.0738499984145164 -0.2279120534658432 0.3734934628009796
v -0.0738499984145164 -0.2023050934076309 0.3122291266918182
v -0.0738499984145164 -0.2279120534658432 0.2662563323974609
v -0.0738499984145164 -0.2018897682428360 0.3106791079044342
v -0.0738499984145164 -0.2007550746202469 0.3095444440841675
v -0.0738499984145164 -0.1931550949811935 0.1128917634487152
v -0.0738499984145164 -0.1965204030275345 0.3106791079044342
v -0.0738499984145164 -0.1961050778627396 0.3122291266918182
v -0.0738499984145164 -0.1965204030275345 0.3137791156768799
v -0.0738499984145164 -0.0466025471687317 0.4395953416824341
v -0.0738499984145164 -0.0485869199037552 0.4390636086463928
v -0.0738499984145164 -0.0529711246490479 0.4524122178554535
v -0.0738499984145164 -0.0298168938606977 0.3734934628009796
v -0.0738499984145164 -0.0446181669831276 0.4321895539760590
v -0.0738499984145164 -0.0431655049324036 0.4336422085762024
v -0.0738499984145164 -0.0298168938606977 0.4524122178554535
v -0.0738499984145164 -0.0431655049324036 0.4376109540462494
v -0.0738499984145164 -0.0446181669831276 0.4390636086463928
v -0.0738499984145164 -0.0500395745038986 0.4376109540462494
v -0.0738499984145164 -0.0505712926387787 0.4356265962123871
v -0.0738499984145164 -0.0529711246490479 0.3734934628009796
v -0.0738499984145164 -0.0500395745038986 0.4336422085762024
v -0.0738499984145164 -0.0485869199037552 0.4321895539760590
v -0.0738499984145164 -0.0466025471687317 0.4316578209400177
v -0.0738499984145164 -0.0426337942481041 0.4356265962123871
v -0.0738499984145164 -0.0298168938606977 -0.0063562514260411
v -0.0738499984145164 -0.0529711246490479 0.1128917634487152
v -0.0738499984145164 -0.0298168938606977 0.1128917634487152
v -0.0738499984145164 -0.0529711246490479 0.2662563323974609
v -0.0738499984145164 -0.0298168938606977 0.2662563323974609
v -0.0738499984145164 -0.0765867531299591 0.4524122178554535
v -0.0738499984145164 -0.1074316054582596 0.4524122178554535
v -0.0738499984145164 -0.0765867531299591 0.3734934628009796
v -0.0738499984145164 -0.1074316054582596 0.3734934628009796
v -0.0738499984145164 -0.1892672628164291 0.4687291383743286
v -0.0738499984145164 -0.1867050677537918 0.4661669433116913
v -0.0738499984145164 -0.1832050830125809 0.4652291238307953
v -0.0738499984145164 -0.1797050684690475 0.4661669433116913
v -0.0738499984145164 -0.1771429032087326 0.4687291383743286
v -0.0738499984145164 -0.1762050837278366 0.4722291231155396
v -0.0738499984145164 -0.1771429032087326 0.4757291376590729
v -0.0738499984145164 -0.1797050684690475 0.4782913029193878
v -0.0738499984145164 -0.1832050830125809 0.4792291224002838
v -0.0738499984145164 -0.1867050677537918 0.4782913029193878
v -0.0738499984145164 -0.1892672628164291 0.4757291376590729
v -0.0738499984145164 -0.0140562485903502 0.5123301744461060
v -0.0738499984145164 -0.0140562485903502 0.4524122178554535
v -0.0738499984145164 -0.0140562485903502 0.3734934628009796
v -0.0738499984145164 -0.0140562485903502 0.2662563323974609
v -0.0738499984145164 -0.2279120534658432 0.5123301744461060
v -0.0738499984145164 -0.2279120534658432 0.4524122178554535
v -0.0738499984145164 -0.2767189741134644 0.5278213024139404
v -0.0738499984145164 -0.2767189741134644 0.5123301744461060
v -0.0738499984145164 -0.2767189741134644 0.4524122178554535
v -0.0738499984145164 -0.2767189741134644 0.3734934628009796
v -0.0738499984145164 -0.2767189741134644 0.2662563323974609
v -0.0738499984145164 -0.2859189808368683 0.1128917634487152
v -0.0738499984145164 -0.2859189808368683 0.2662563323974609
v -0.0738499984145164 -0.2859189808368683 0.3734934628009796
v -0.0738499984145164 -0.2859189808368683 0.4524122178554535
v -0.0738499984145164 -0.2859189808368683 0.5123301744461060
v -0.0738499984145164 -0.2859189808368683 0.5278213024139404
v -0.0738499984145164 -0.2859189808368683 0.5286290049552917
v -0.0738499984145164 -0.0529711246490479 0.5278213024139404
v -0.0738499984145164 -0.0529711246490479 0.5123301744461060
v -0.0738499984145164 -0.0298168938606977 0.5510084033012390
v -0.0738499984145164 -0.0298168938606977 0.5278213024139404
v -0.0738499984145164 -0.0298168938606977 0.5123301744461060
v -0.0738499984145164 -0.0039378236979246 0.5687291026115417
v -0.0738499984145164 -0.0029999967664480 0.5722290873527527
v -0.0738499984145164 0.0130384732037783 0.5926482081413269
v -0.0738499984145164 -0.0039378236979246 0.5757291316986084
v -0.0738499984145164 0.0053205583244562 0.6014488339424133
v -0.0738499984145164 -0.0064999964088202 0.5782912969589233
v -0.0738499984145164 -0.0051777120679617 0.6066260337829590
v -0.0738499984145164 -0.0100000035017729 0.5792291164398193
v -0.0738499984145164 -0.0168580692261457 0.6073915958404541
v -0.0738499984145164 -0.0135000031441450 0.5782912969589233
v -0.0738499984145164 -0.0279422830790281 0.6036289930343628
v -0.0838500037789345 0.0634125024080276 0.5190522074699402
v -0.0838500037789345 0.0649999976158142 0.5163025856018066
v -0.0838500037789345 0.0700000002980232 0.5208173394203186
v -0.0838500037789345 0.0700000002980232 0.5176423192024231
v -0.0838500037789345 0.0765874981880188 0.5190522074699402
v -0.0838500037789345 0.0750000029802322 0.5163025856018066
v -0.0838500037789345 0.0786602571606636 0.5126423239707947
v -0.3574999868869781 0.0649999976158142 0.5163025856018066
v -0.3574999868869781 0.0634125024080276 0.5190522074699402
v -0.3574999868869781 0.0700000002980232 0.5176423192024231
v -0.3574999868869781 0.0700000002980232 0.5208173394203186
v -0.3574999868869781 0.0750000029802322 0.5163025856018066
v -0.3574999868869781 0.0765874981880188 0.5190522074699402
v -0.3574999868869781 0.0786602571606636 0.5126423239707947
v -0.3574999868869781 -0.1404041051864624 0.3977124691009521
v -0.3574999868869781 -0.1419916003942490 0.4004620909690857
v -0.0838500037789345 -0.1419916003942490 0.4004620909690857
v -0.0838500037789345 -0.1404041051864624 0.3977124691009521
v -0.0718499943614006 -0.1570783555507660 0.5135312676429749
v -0.0718499943614006 -0.1567970067262650 0.5145812630653381
v -0.0718499943614006 -0.1560283601284027 0.5153499245643616
v -0.0718499943614006 -0.1549783647060394 0.5156312584877014
v -0.0718499943614006 -0.1539283543825150 0.5153499245643616
v -0.0718499943614006 -0.1531597077846527 0.5145812630653381
v -0.0718499943614006 -0.1528783589601517 0.5135312676429749
v -0.0718499943614006 -0.1531597077846527 0.5124812722206116
v -0.0718499943614006 -0.1539283543825150 0.5117126107215881
v -0.0718499943614006 -0.1549783647060394 0.5114312767982483
v -0.0718499943614006 -0.1560283601284027 0.5117126107215881
v -0.0718499943614006 -0.1567970067262650 0.5124812722206116
v -0.0718499943614006 -0.0615709573030472 0.5681053996086121
v -0.0718499943614006 -0.0612896084785461 0.5691553950309753
v -0.0718499943614006 -0.0605209618806839 0.5699240565299988
v -0.0718499943614006 -0.0594709515571594 0.5702053904533386
v -0.0718499943614006 -0.0584209561347961 0.5699240565299988
v -0.0718499943614006 -0.0576522946357727 0.5691553950309753
v -0.0718499943614006 -0.0573709607124329 0.5681053996086121
v -0.0718499943614006 -0.0576522946357727 0.5670554041862488
v -0.0718499943614006 -0.0584209561347961 0.5662867426872253
v -0.0718499943614006 -0.0594709515571594 0.5660054087638855
v -0.0718499943614006 -0.0605209618806839 0.5662867426872253
v -0.0718499943614006 -0.0612896084785461 0.5670554041862488
v -0.3695000112056732 -0.1570783555507660 0.5135312676429749
v -0.3695000112056732 -0.1567970067262650 0.5145812630653381
v -0.3695000112056732 -0.1560283601284027 0.5153499245643616
v -0.3695000112056732 -0.1549783647060394 0.5156312584877014
v -0.3695000112056732 -0.1539283543825150 0.5153499245643616
v -0.3695000112056732 -0.1531597077846527 0.5145812630653381
v -0.3695000112056732 -0.1528783589601517 0.5135312676429749
v -0.3695000112056732 -0.1531597077846527 0.5124812722206116
v -0.3695000112056732 -0.1539283543825150 0.5117126107215881
v -0.3695000112056732 -0.1549783647060394 0.5114312767982483
v -0.3695000112056732 -0.1560283601284027 0.5117126107215881
v -0.3695000112056732 -0.1567970067262650 0.5124812722206116
v -0.3695000112056732 -0.0615709573030472 0.5681053996086121
v -0.3695000112056732 -0.0612896084785461 0.5691553950309753
v -0.3695000112056732 -0.0605209618806839 0.5699240565299988
v -0.3695000112056732 -0.0594709515571594 0.5702053904533386
v -0.3695000112056732 -0.0584209561347961 0.5699240565299988
v -0.3695000112056732 -0.0576522946357727 0.5691553950309753
v -0.3695000112056732 -0.0573709607124329 0.5681053996086121
v -0.3695000112056732 -0.0576522946357727 0.5670554041862488
v -0.3695000112056732 -0.0584209561347961 0.5662867426872253
v -0.3695000112056732 -0.0594709515571594 0.5660054087638855
v -0.3695000112056732 -0.0605209618806839 0.5662867426872253
v -0.3695000112056732 -0.0612896084785461 0.5670554041862488
v -0.0728499963879585 -0.1971050947904587 0.3122291266918182
v -0.0728499963879585 -0.1973864287137985 0.3132791221141815
v -0.0728499963879585 -0.1981550902128220 0.3140477836132050
v -0.0728499963879585 -0.1992050856351852 0.3143291175365448
v -0.0728499963879585 -0.2002550810575485 0.3140477836132050
v -0.0728499963879585 -0.2010237425565720 0.3132791221141815
v -0.0728499963879585 -0.2013050764799118 0.3122291266918182
v -0.0728499963879585 -0.2010237425565720 0.3111791312694550
v -0.0728499963879585 -0.2002550810575485 0.3104104697704315
v -0.0728499963879585 -0.1992050856351852 0.3101291060447693
v -0.0728499963879585 -0.1981550902128220 0.3104104697704315
v -0.0728499963879585 -0.1973864287137985 0.3111791312694550
v -0.0728499963879585 -0.1651050895452499 0.3122291266918182
v -0.0728499963879585 -0.1653864234685898 0.3132791221141815
v -0.0728499963879585 -0.1661550849676132 0.3140477836132050
v -0.0728499963879585 -0.1672050803899765 0.3143291175365448
v -0.0728499963879585 -0.1682550758123398 0.3140477836132050
v -0.0728499963879585 -0.1690237373113632 0.3132791221141815
v -0.0728499963879585 -0.1693050861358643 0.3122291266918182
v -0.0728499963879585 -0.1690237373113632 0.3111791312694550
v -0.0728499963879585 -0.1682550758123398 0.3104104697704315
v -0.0728499963879585 -0.1672050803899765 0.3101291060447693
v -0.0728499963879585 -0.1661550849676132 0.3104104697704315
v -0.0728499963879585 -0.1653864234685898 0.3111791312694550
v -0.0706750005483627 0.0881749987602234 0.6115189790725708
v -0.0819180980324745 0.0831750035285950 0.5966206192970276
v -0.0706750005483627 0.0831750035285950 0.5966206192970276
v -0.0986671969294548 0.0881749987602234 0.6115189790725708
v -0.1095332577824593 0.0881749987602234 0.6115189790725708
v -0.0878466218709946 0.0831750035285950 0.5966206192970276
v -0.1207763552665710 0.0831750035285950 0.5966206192970276
v -0.1375254541635513 0.0881749987602234 0.6115189790725708
v -0.1483915150165558 0.0881749987602234 0.6115189790725708
v -0.1267048865556717 0.0831750035285950 0.5966206192970276
v -0.1596346050500870 0.0831750035285950 0.5966206192970276
v -0.1763837039470673 0.0881749987602234 0.6115189790725708
v -0.1872497648000717 0.0881749987602234 0.6115189790725708
v -0.1655631363391876 0.0831750035285950 0.5966206192970276
v -0.1984928697347641 0.0831750035285950 0.5966206192970276
v -0.2152419686317444 0.0881749987602234 0.6115189790725708
v -0.2261080294847488 0.0881749987602234 0.6115189790725708
v -0.2044214010238647 0.0831750035285950 0.5966206192970276
v -0.2373511344194412 0.0831750035285950 0.5966206192970276
v -0.2541002333164215 0.0881749987602234 0.6115189790725708
v -0.2649662792682648 0.0881749987602234 0.6115189790725708
v -0.2432796508073807 0.0831750035285950 0.5966206192970276
v -0.2762093842029572 0.0831750035285950 0.5966206192970276
v -0.3539258837699890 0.0831750035285950 0.5966206192970276
v -0.3209961652755737 0.0831750035285950 0.5966206192970276
v -0.3426827788352966 0.0881749987602234 0.6115189790725708
v -0.3318167328834534 0.0881749987602234 0.6115189790725708
v -0.2929584681987762 0.0881749987602234 0.6115189790725708
v -0.3038245439529419 0.0881749987602234 0.6115189790725708
v -0.2821379005908966 0.0831750035285950 0.5966206192970276
v -0.3150676488876343 0.0831750035285950 0.5966206192970276
v -0.1406749933958054 0.0831750035285950 0.4790698289871216
v -0.1237973868846893 0.0831750035285950 0.5926174521446228
v -0.3598544001579285 0.0831750035285950 0.5966206192970276
v -0.3706749975681305 0.0831750035285950 0.5966206192970276
v -0.3569469153881073 0.0831750035285950 0.5926174521446228
v -0.3706749975681305 0.0831750035285950 0.3466206192970276
v -0.0706750005483627 0.0831750035285950 0.3466206192970276
v -0.0849391296505928 0.0831750035285950 0.5926174521446228
v -0.2015139013528824 0.0831750035285950 0.5926174521446228
v -0.2913448512554169 0.0831750035285950 0.4815698266029358
v -0.2906749844551086 0.0831750035285950 0.4790698289871216
v -0.2792304158210754 0.0831750035285950 0.5926174521446228
v -0.2250051349401474 0.0831750035285950 0.4815698266029358
v -0.2403721511363983 0.0831750035285950 0.5926174521446228
v -0.3000051081180573 0.0831750035285950 0.4815698266029358
v -0.3180886507034302 0.0831750035285950 0.5926174521446228
v -0.2956749796867371 0.0831750035285950 0.4840698242187500
v -0.2931749820709229 0.0831750035285950 0.4833999574184418
v -0.1500051170587540 0.0831750035285950 0.4815698266029358
v -0.1626556366682053 0.0831750035285950 0.5926174521446228
v -0.1431749910116196 0.0831750035285950 0.4833999574184418
v -0.1456750035285950 0.0831750035285950 0.4740698039531708
v -0.1431749910116196 0.0831750035285950 0.4747397005558014
v -0.2956749796867371 0.0831750035285950 0.4740698039531708
v -0.2931749820709229 0.0831750035285950 0.4747397005558014
v -0.2250051349401474 0.0831750035285950 0.4765698313713074
v -0.2206750065088272 0.0831750035285950 0.4740698039531708
v -0.1500051170587540 0.0831750035285950 0.4765698313713074
v -0.3000051081180573 0.0831750035285950 0.4765698313713074
v -0.2913448512554169 0.0831750035285950 0.4765698313713074
v -0.3706749975681305 0.0881749987602234 0.6115189790725708
v -0.0849391296505928 0.0881749987602234 0.5926174521446228
v -0.0706750005483627 0.0881749987602234 0.3466206192970276
v -0.3569469153881073 0.0881749987602234 0.5926174521446228
v -0.2913448512554169 0.0881749987602234 0.4815698266029358
v -0.2931749820709229 0.0881749987602234 0.4833999574184418
v -0.2956749796867371 0.0881749987602234 0.4840698242187500
v -0.2981750071048737 0.0881749987602234 0.4833999574184418
v -0.3000051081180573 0.0881749987602234 0.4815698266029358
v -0.3006750047206879 0.0881749987602234 0.4790698289871216
v -0.3706749975681305 0.0881749987602234 0.3466206192970276
v -0.3000051081180573 0.0881749987602234 0.4765698313713074
v -0.2981750071048737 0.0881749987602234 0.4747397005558014
v -0.3180886507034302 0.0881749987602234 0.5926174521446228
v -0.2792304158210754 0.0881749987602234 0.5926174521446228
v -0.2403721511363983 0.0881749987602234 0.5926174521446228
v -0.1626556366682053 0.0881749987602234 0.5926174521446228
v -0.1237973868846893 0.0881749987602234 0.5926174521446228
v -0.2256750017404556 0.0881749987602234 0.4790698289871216
v -0.2250051349401474 0.0881749987602234 0.4765698313713074
v -0.2906749844551086 0.0881749987602234 0.4790698289871216
v -0.2015139013528824 0.0881749987602234 0.5926174521446228
v -0.2181749939918518 0.0881749987602234 0.4833999574184418
v -0.2206750065088272 0.0881749987602234 0.4840698242187500
v -0.2231750041246414 0.0881749987602234 0.4833999574184418
v -0.2250051349401474 0.0881749987602234 0.4815698266029358
v -0.2181749939918518 0.0881749987602234 0.4747397005558014
v -0.1456750035285950 0.0881749987602234 0.4840698242187500
v -0.2206750065088272 0.0881749987602234 0.4740698039531708
v -0.1481750011444092 0.0881749987602234 0.4833999574184418
v -0.1500051170587540 0.0881749987602234 0.4815698266029358
v -0.2956749796867371 0.0881749987602234 0.4740698039531708
v -0.2931749820709229 0.0881749987602234 0.4747397005558014
v -0.2231750041246414 0.0881749987602234 0.4747397005558014
v -0.1506749987602234 0.0881749987602234 0.4790698289871216
v -0.1500051170587540 0.0881749987602234 0.4765698313713074
v -0.1481750011444092 0.0881749987602234 0.4747397005558014
v -0.1456750035285950 0.0881749987602234 0.4740698039531708
v -0.1431749910116196 0.0881749987602234 0.4747397005558014
v -0.1406749933958054 0.0881749987602234 0.4790698289871216
v -0.1413448750972748 0.0881749987602234 0.4815698266029358
v -0.1431749910116196 0.0881749987602234 0.4833999574184418
v -0.2913448512554169 0.0881749987602234 0.4765698313713074
v -0.2163448780775070 0.0881749987602234 0.4765698313713074
v -0.2156749963760376 0.0881749987602234 0.4790698289871216
v -0.2163448780775070 0.0881749987602234 0.4815698266029358
v -0.1413448750972748 0.0881749987602234 0.4765698313713074
v -0.0345249995589256 -0.2760190069675446 0.5172790288925171
v -0.0345249995589256 -0.2859190106391907 0.5172790288925171
v -0.0406740009784698 -0.2859190106391907 0.5172790288925171
v -0.0184752922505140 -0.2453189939260483 0.5172787308692932
v -0.0287154410034418 -0.2482441961765289 0.5172790288925171
v -0.0304345581680536 -0.2482441961765289 0.5172790288925171
v -0.0406740009784698 -0.2453189939260483 0.5172790288925171
v -0.0320499986410141 -0.2488321810960770 0.5172790288925171
v -0.0333669185638428 -0.2499372065067291 0.5172790288925171
v -0.0333669185638428 -0.2563008069992065 0.5172790288925171
v -0.0320499986410141 -0.2574058175086975 0.5172790288925171
v -0.0246249996125698 -0.2531189918518066 0.5172790288925171
v -0.0249235220253468 -0.2514260113239288 0.5172790288925171
v -0.0342264771461487 -0.2514260113239288 0.5172790288925171
v -0.0345249995589256 -0.2531189918518066 0.5172790288925171
v -0.0342264771461487 -0.2548120021820068 0.5172790288925171
v -0.0246249996125698 -0.2859190106391907 0.5172790288925171
v -0.0246249996125698 -0.2760190069675446 0.5172790288925171
v -0.0184752922505140 -0.2859190106391907 0.5172787308692932
v -0.0249235220253468 -0.2743259966373444 0.5172790288925171
v -0.0249235220253468 -0.2548120021820068 0.5172790288925171
v -0.0257830806076527 -0.2563008069992065 0.5172790288925171
v -0.0257830806076527 -0.2728371918201447 0.5172790288925171
v -0.0257830806076527 -0.2499372065067291 0.5172790288925171
v -0.0271000005304813 -0.2488321810960770 0.5172790288925171
v -0.0342264771461487 -0.2743259966373444 0.5172790288925171
v -0.0333669185638428 -0.2728371918201447 0.5172790288925171
v -0.0304345581680536 -0.2579937875270844 0.5172790288925171
v -0.0320499986410141 -0.2717321813106537 0.5172790288925171
v -0.0287154410034418 -0.2579937875270844 0.5172790288925171
v -0.0287154410034418 -0.2711442112922668 0.5172790288925171
v -0.0304345581680536 -0.2711442112922668 0.5172790288925171
v -0.0271000005304813 -0.2717321813106537 0.5172790288925171
v -0.0271000005304813 -0.2574058175086975 0.5172790288925171
v -0.0345249995589256 -0.2859190106391907 0.5222790241241455
v -0.0406740009784698 -0.2859190106391907 0.5222790241241455
v -0.0345249995589256 -0.2760190069675446 0.5222790241241455
v -0.0246249996125698 -0.2760190069675446 0.5222790241241455
v -0.0249235220253468 -0.2743259966373444 0.5222790241241455
v -0.0257830806076527 -0.2728371918201447 0.5222790241241455
v -0.0271000005304813 -0.2717321813106537 0.5222790241241455
v -0.0287154410034418 -0.2711442112922668 0.5222790241241455
v -0.0304345581680536 -0.2711442112922668 0.5222790241241455
v -0.0320499986410141 -0.2717321813106537 0.5222790241241455
v -0.0333669185638428 -0.2728371918201447 0.5222790241241455
v -0.0342264771461487 -0.2743259966373444 0.5222790241241455
v -0.0246249996125698 -0.2859190106391907 0.5222790241241455
v -0.0345249995589256 -0.2531189918518066 0.5222790241241455
v -0.0342264771461487 -0.2548120021820068 0.5222790241241455
v -0.0333669185638428 -0.2563008069992065 0.5222790241241455
v -0.0320499986410141 -0.2574058175086975 0.5222790241241455
v -0.0304345581680536 -0.2579937875270844 0.5222790241241455
v -0.0287154410034418 -0.2579937875270844 0.5222790241241455
v -0.0271000005304813 -0.2574058175086975 0.5222790241241455
v -0.0257830806076527 -0.2563008069992065 0.5222790241241455
v -0.0249235220253468 -0.2548120021820068 0.5222790241241455
v -0.0246249996125698 -0.2531189918518066 0.5222790241241455
v -0.0249235220253468 -0.2514260113239288 0.5222790241241455
v -0.0257830806076527 -0.2499372065067291 0.5222790241241455
v -0.0271000005304813 -0.2488321810960770 0.5222790241241455
v -0.0287154410034418 -0.2482441961765289 0.5222790241241455
v -0.0304345581680536 -0.2482441961765289 0.5222790241241455
v -0.0320499986410141 -0.2488321810960770 0.5222790241241455
v -0.0333669185638428 -0.2499372065067291 0.5222790241241455
v -0.0342264771461487 -0.2514260113239288 0.5222790241241455
v -0.0184760000556707 -0.2453189939260483 0.5222790241241455
v -0.0184760000556707 -0.2859190106391907 0.5222790241241455
v -0.0406740009784698 -0.2453189939260483 0.5222790241241455
v -0.0134749999269843 -0.2859190106391907 0.5172780156135559
v -0.0134749999269843 -0.2775353789329529 0.4980267882347107
v -0.0134749999269843 -0.2760950028896332 0.4984366297721863
v -0.0134749999269843 -0.2453189939260483 0.5172780156135559
v -0.0134749999269843 -0.2732632756233215 0.4976309239864349
v -0.0134749999269843 -0.2722543776035309 0.4965242147445679
v -0.0134749999269843 -0.2746038138866425 0.4982984364032745
v -0.0134749999269843 -0.2668989002704620 0.4892559349536896
v -0.0134749999269843 -0.2722543776035309 0.4922337830066681
v -0.0134749999269843 -0.2683536708354950 0.4873226583003998
v -0.0134749999269843 -0.2732632756233215 0.4911270737648010
v -0.0134749999269843 -0.2702228426933289 0.4857864379882812
v -0.0134749999269843 -0.2724012434482574 0.4847336709499359
v -0.0134749999269843 -0.2746038138866425 0.4904595613479614
v -0.0134749999269843 -0.2747663259506226 0.4842235743999481
v -0.0134749999269843 -0.2760950028896332 0.4903213977813721
v -0.0134749999269843 -0.2771850228309631 0.4842849075794220
v -0.0134749999269843 -0.2795211970806122 0.4849141538143158
v -0.0134749999269843 -0.2775353789329529 0.4907312095165253
v -0.0134749999269843 -0.2816434800624847 0.4860759675502777
v -0.0134749999269843 -0.2787304520606995 0.4916336834430695
v -0.0134749999269843 -0.2834323942661285 0.4877049326896667
v -0.0134749999269843 -0.2847873270511627 0.4897094070911407
v -0.0134749999269843 -0.2795188128948212 0.4929069280624390
v -0.0134749999269843 -0.2856320440769196 0.4919766187667847
v -0.0134749999269843 -0.2797940075397491 0.4943790137767792
v -0.0134749999269843 -0.2859190106391907 0.4943790137767792
v -0.0134749999269843 -0.2795188128948212 0.4958510696887970
v -0.0134749999269843 -0.2787304520606995 0.4971243143081665
v -0.0134749999269843 -0.2717133760452271 0.4951277673244476
v -0.0134749999269843 -0.2716439962387085 0.4943790137767792
v -0.0134749999269843 -0.2717133760452271 0.4936302304267883
v -0.0169306062161922 -0.2859190106391907 0.5220342278480530
v -0.0155364861711860 -0.2859190106391907 0.5213239192962646
v -0.0144301066175103 -0.2859190106391907 0.5202175378799438
v -0.0137197664007545 -0.2859190106391907 0.5188233852386475
v -0.0137197664007545 -0.2453189939260483 0.5188233852386475
v -0.0144301066175103 -0.2453189939260483 0.5202175378799438
v -0.0169306062161922 -0.2453189939260483 0.5220342278480530
v -0.0155364861711860 -0.2453189939260483 0.5213239192962646
v -0.0184749998152256 -0.2859190106391907 0.4943790137767792
v -0.0456750020384789 -0.2859190106391907 0.5172780156135559
v -0.0406749993562698 -0.2859190106391907 0.4943790137767792
v -0.0456750020384789 -0.2859190106391907 0.4943790137767792
v -0.0422193929553032 -0.2453189939260483 0.5220342278480530
v -0.0436135157942772 -0.2453189939260483 0.5213239192962646
v -0.0447198934853077 -0.2453189939260483 0.5202175378799438
v -0.0454302355647087 -0.2453189939260483 0.5188233852386475
v -0.0456750020384789 -0.2453189939260483 0.5172780156135559
v -0.0454302355647087 -0.2859190106391907 0.5188233852386475
v -0.0447198934853077 -0.2859190106391907 0.5202175378799438
v -0.0422193929553032 -0.2859190106391907 0.5220342278480530
v -0.0436135157942772 -0.2859190106391907 0.5213239192962646
v -0.0406749993562698 -0.2775353789329529 0.4980267882347107
v -0.0406749993562698 -0.2760950028896332 0.4984366297721863
v -0.0406749993562698 -0.2732632756233215 0.4976309239864349
v -0.0406749993562698 -0.2722543776035309 0.4965242147445679
v -0.0406749993562698 -0.2746038138866425 0.4982984364032745
v -0.0406749993562698 -0.2787304520606995 0.4916336834430695
v -0.0406749993562698 -0.2795188128948212 0.4929069280624390
v -0.0406749993562698 -0.2847873270511627 0.4897094070911407
v -0.0406749993562698 -0.2856320440769196 0.4919766187667847
v -0.0406749993562698 -0.2797940075397491 0.4943790137767792
v -0.0406749993562698 -0.2795188128948212 0.4958510696887970
v -0.0406749993562698 -0.2787304520606995 0.4971243143081665
v -0.0406749993562698 -0.2668989002704620 0.4892559349536896
v -0.0406749993562698 -0.2722543776035309 0.4922337830066681
v -0.0406749993562698 -0.2683536708354950 0.4873226583003998
v -0.0406749993562698 -0.2732632756233215 0.4911270737648010
v -0.0406749993562698 -0.2760950028896332 0.4903213977813721
v -0.0406749993562698 -0.2747663259506226 0.4842235743999481
v -0.0406749993562698 -0.2746038138866425 0.4904595613479614
v -0.0406749993562698 -0.2724012434482574 0.4847336709499359
v -0.0406749993562698 -0.2702228426933289 0.4857864379882812
v -0.0406749993562698 -0.2717133760452271 0.4951277673244476
v -0.0406749993562698 -0.2716439962387085 0.4943790137767792
v -0.0406749993562698 -0.2717133760452271 0.4936302304267883
v -0.0406749993562698 -0.2834323942661285 0.4877049326896667
v -0.0406749993562698 -0.2816434800624847 0.4860759675502777
v -0.0406749993562698 -0.2775353789329529 0.4907312095165253
v -0.0406749993562698 -0.2795211970806122 0.4849141538143158
v -0.0406749993562698 -0.2771850228309631 0.4842849075794220
v -0.0456750020384789 -0.2722543776035309 0.4965242147445679
v -0.0456750020384789 -0.2717133760452271 0.4951277673244476
v -0.0456750020384789 -0.2716439962387085 0.4943790137767792
v -0.0456750020384789 -0.2760950028896332 0.4984366297721863
v -0.0456750020384789 -0.2746038138866425 0.4982984364032745
v -0.0456750020384789 -0.2732632756233215 0.4976309239864349
v -0.0456750020384789 -0.2775353789329529 0.4980267882347107
v -0.0456750020384789 -0.2787304520606995 0.4971243143081665
v -0.0456750020384789 -0.2717133760452271 0.4936302304267883
v -0.0456750020384789 -0.2668989002704620 0.4892559349536896
v -0.0456750020384789 -0.2722543776035309 0.4922337830066681
v -0.0456750020384789 -0.2683536708354950 0.4873226583003998
v -0.0456750020384789 -0.2732632756233215 0.4911270737648010
v -0.0456750020384789 -0.2702228426933289 0.4857864379882812
v -0.0456750020384789 -0.2746038138866425 0.4904595613479614
v -0.0456750020384789 -0.2795188128948212 0.4958510696887970
v -0.0456750020384789 -0.2797940075397491 0.4943790137767792
v -0.0456750020384789 -0.2856320440769196 0.4919766187667847
v -0.0456750020384789 -0.2795188128948212 0.4929069280624390
v -0.0456750020384789 -0.2724012434482574 0.4847336709499359
v -0.0456750020384789 -0.2747663259506226 0.4842235743999481
v -0.0456750020384789 -0.2760950028896332 0.4903213977813721
v -0.0456750020384789 -0.2771850228309631 0.4842849075794220
v -0.0456750020384789 -0.2775353789329529 0.4907312095165253
v -0.0456750020384789 -0.2795211970806122 0.4849141538143158
v -0.0456750020384789 -0.2816434800624847 0.4860759675502777
v -0.0456750020384789 -0.2787304520606995 0.4916336834430695
v -0.0456750020384789 -0.2834323942661285 0.4877049326896667
v -0.0456750020384789 -0.2847873270511627 0.4897094070911407
v -0.0184749998152256 -0.2775353789329529 0.4980267882347107
v -0.0184749998152256 -0.2787304520606995 0.4971243143081665
v -0.0184749998152256 -0.2722543776035309 0.4965242147445679
v -0.0184749998152256 -0.2717133760452271 0.4951277673244476
v -0.0184749998152256 -0.2716439962387085 0.4943790137767792
v -0.0184749998152256 -0.2732632756233215 0.4976309239864349
v -0.0184749998152256 -0.2746038138866425 0.4982984364032745
v -0.0184749998152256 -0.2760950028896332 0.4984366297721863
v -0.0184749998152256 -0.2795188128948212 0.4958510696887970
v -0.0184749998152256 -0.2797940075397491 0.4943790137767792
v -0.0184749998152256 -0.2856320440769196 0.4919766187667847
v -0.0184749998152256 -0.2795188128948212 0.4929069280624390
v -0.0184749998152256 -0.2775353789329529 0.4907312095165253
v -0.0184749998152256 -0.2816434800624847 0.4860759675502777
v -0.0184749998152256 -0.2787304520606995 0.4916336834430695
v -0.0184749998152256 -0.2834323942661285 0.4877049326896667
v -0.0184749998152256 -0.2847873270511627 0.4897094070911407
v -0.0184749998152256 -0.2717133760452271 0.4936302304267883
v -0.0184749998152256 -0.2668989002704620 0.4892559349536896
v -0.0184749998152256 -0.2722543776035309 0.4922337830066681
v -0.0184749998152256 -0.2683536708354950 0.4873226583003998
v -0.0184749998152256 -0.2732632756233215 0.4911270737648010
v -0.0184749998152256 -0.2702228426933289 0.4857864379882812
v -0.0184749998152256 -0.2746038138866425 0.4904595613479614
v -0.0184749998152256 -0.2724012434482574 0.4847336709499359
v -0.0184749998152256 -0.2747663259506226 0.4842235743999481
v -0.0184749998152256 -0.2760950028896332 0.4903213977813721
v -0.0184749998152256 -0.2771850228309631 0.4842849075794220
v -0.0184749998152256 -0.2795211970806122 0.4849141538143158
v -0.3738499879837036 -0.2097190022468567 0.4651289880275726
v -0.3706749975681305 -0.2097190022468567 0.4651289880275726
v -0.3738499879837036 -0.2859190106391907 0.4651289880275726
v -0.3706749975681305 -0.2859190106391907 0.4651289880275726
v -0.3706749975681305 -0.2097190022468567 0.5286290049552917
v -0.3706749975681305 -0.2859190106391907 0.5286290049552917
v -0.4341750144958496 -0.2097190022468567 0.5286290049552917
v -0.4341750144958496 -0.2859190106391907 0.5286290049552917
v -0.4341750144958496 -0.2097190022468567 0.5254539847373962
v -0.4341750144958496 -0.2859190106391907 0.5254539847373962
v -0.4337496459484100 -0.2097190022468567 0.5238664746284485
v -0.4337496459484100 -0.2859190106391907 0.5238664746284485
v -0.4325875043869019 -0.2097190022468567 0.5227043628692627
v -0.4325875043869019 -0.2859190106391907 0.5227043628692627
v -0.4309999942779541 -0.2097190022468567 0.5222790241241455
v -0.4309999942779541 -0.2859190106391907 0.5222790241241455
v -0.3833749890327454 -0.2097190022468567 0.5222790241241455
v -0.3833749890327454 -0.2859190106391907 0.5222790241241455
v -0.3809449672698975 -0.2859190106391907 0.5217956304550171
v -0.3809449672698975 -0.2097190022468567 0.5217956304550171
v -0.3788848817348480 -0.2859190106391907 0.5204191207885742
v -0.3788848817348480 -0.2097190022468567 0.5204191207885742
v -0.3775083720684052 -0.2859190106391907 0.5183590650558472
v -0.3775083720684052 -0.2097190022468567 0.5183590650558472
v -0.3770250082015991 -0.2859190106391907 0.5159289836883545
v -0.3770250082015991 -0.2097190022468567 0.5159289836883545
v -0.3770250082015991 -0.2097190022468567 0.4683040082454681
v -0.3770250082015991 -0.2859190106391907 0.4683040082454681
v -0.3765996396541595 -0.2097190022468567 0.4667164981365204
v -0.3765996396541595 -0.2859190106391907 0.4667164981365204
v -0.3754374980926514 -0.2097190022468567 0.4655543565750122
v -0.3754374980926514 -0.2859190106391907 0.4655543565750122
v -0.3900189995765686 0.0454437062144279 -0.0640250667929649
v -0.3900189995765686 0.0493648238480091 -0.0630825981497765
v -0.0598190017044544 0.0454437062144279 -0.0640250667929649
v -0.0598190017044544 0.0493648238480091 -0.0630825981497765
v -0.3900189995765686 0.0426669493317604 -0.0611005164682865
v -0.0598190017044544 0.0426669493317604 -0.0611005164682865
v -0.3900189995765686 0.0438113063573837 -0.0572334937751293
v -0.0598190017044544 0.0438113063573837 -0.0572334937751293
v -0.3900189995765686 0.0477324239909649 -0.0562910251319408
v -0.0598190017044544 0.0477324239909649 -0.0562910251319408
v -0.3900189995765686 0.0505091845989227 -0.0592155791819096
v -0.0598190017044544 0.0505091845989227 -0.0592155791819096
v -0.1248430013656616 -0.0454482622444630 -0.0276633072644472
v -0.1248430013656616 -0.0479852333664894 -0.0251202806830406
v -0.1248430013656616 0.0840916484594345 -0.0278177335858345
v -0.1248430013656616 0.0866346657276154 -0.0252807624638081
v -0.1248430013656616 0.0840144380927086 -0.0925876870751381
v -0.1248430013656616 0.0865513980388641 -0.0951307117938995
v -0.1248430013656616 -0.0455254763364792 -0.0924332588911057
v -0.1248430013656616 -0.0480685010552406 -0.0949702262878418
v -0.1197630017995834 -0.0479943156242371 -0.0327402763068676
v -0.1195077747106552 -0.0479931794106960 -0.0317877754569054
v -0.1195077747106552 -0.0479954518377781 -0.0336927734315395
v -0.1188104972243309 -0.0479962825775146 -0.0343900509178638
v -0.1162082180380821 -0.0480582825839520 -0.0863977372646332
v -0.1159529983997345 -0.0480594187974930 -0.0873502343893051
v -0.0598190017044544 -0.0480685010552406 -0.0949702262878418
v -0.1188104972243309 -0.0480613857507706 -0.0890000164508820
v -0.1195077747106552 -0.0480605550110340 -0.0883027389645576
v -0.1188104972243309 -0.0479923486709595 -0.0310904979705811
v -0.1178580000996590 -0.0479920469224453 -0.0308352764695883
v -0.0598190017044544 -0.0479852333664894 -0.0251202806830406
v -0.1169055029749870 -0.0479923486709595 -0.0310904979705811
v -0.1169055029749870 -0.0480574518442154 -0.0857004597783089
v -0.1197630017995834 -0.0480594187974930 -0.0873502343893051
v -0.1195077747106552 -0.0480582825839520 -0.0863977372646332
v -0.1188104972243309 -0.0480574518442154 -0.0857004597783089
v -0.1178580000996590 -0.0479965880513191 -0.0346452742815018
v -0.1178580000996590 -0.0480571463704109 -0.0854452401399612
v -0.1169055029749870 -0.0479962825775146 -0.0343900509178638
v -0.1162082180380821 -0.0479954518377781 -0.0336927734315395
v -0.1159529983997345 -0.0479943156242371 -0.0327402763068676
v -0.1162082180380821 -0.0479931794106960 -0.0317877754569054
v -0.1162082180380821 -0.0480605550110340 -0.0883027389645576
v -0.1169055029749870 -0.0480613857507706 -0.0890000164508820
v -0.1178580000996590 -0.0480616874992847 -0.0892552360892296
v -0.0895813703536987 0.0628221929073334 -0.0252523757517338
v -0.0891560018062592 0.0612346865236759 -0.0252504833042622
v -0.0598190017044544 0.0866346657276154 -0.0252807624638081
v -0.0895813703536987 0.0596471950411797 -0.0252485908567905
v -0.0907435044646263 0.0584850609302521 -0.0252472050487995
v -0.0950806289911270 0.0628221929073334 -0.0252523757517338
v -0.0939185023307800 0.0639843121170998 -0.0252537615597248
v -0.0923309996724129 0.0644096881151199 -0.0252542681992054
v -0.0907435044646263 0.0639843121170998 -0.0252537615597248
v -0.0939185023307800 0.0076850969344378 -0.0251866467297077
v -0.0923309996724129 0.0072597288526595 -0.0251861382275820
v -0.0907435044646263 0.0076850969344378 -0.0251866467297077
v -0.0950806289911270 0.0088472263887525 -0.0251880306750536
v -0.0955059975385666 0.0104347243905067 -0.0251899249851704
v -0.0950806289911270 0.0120222261175513 -0.0251918174326420
v -0.0939185023307800 0.0131843555718660 -0.0251932013779879
v -0.0907435044646263 0.0131843555718660 -0.0251932013779879
v -0.0895813703536987 0.0120222261175513 -0.0251918174326420
v -0.0891560018062592 0.0104347243905067 -0.0251899249851704
v -0.0895813703536987 0.0088472263887525 -0.0251880306750536
v -0.0923309996724129 0.0136097241193056 -0.0251937098801136
v -0.0923309996724129 0.0580596923828125 -0.0252466984093189
v -0.0939185023307800 0.0584850609302521 -0.0252472050487995
v -0.0950806289911270 0.0596471950411797 -0.0252485908567905
v -0.0955059975385666 0.0612346865236759 -0.0252504833042622
v -0.0598190017044544 0.0865513980388641 -0.0951307117938995
v -0.1184929981827736 0.0226546544581652 -0.0950545370578766
v -0.1176040023565292 0.0224164519459009 -0.0950542539358139
v -0.1158260032534599 0.0241944491863251 -0.0950563773512840
v -0.1160642057657242 0.0233054459095001 -0.0950553119182587
v -0.1167149990797043 0.0226546544581652 -0.0950545370578766
v -0.1184929981827736 0.0257342364639044 -0.0950582101941109
v -0.1191437914967537 0.0250834450125694 -0.0950574353337288
v -0.1193820014595985 0.0241944491863251 -0.0950563773512840
v -0.1191437914967537 0.0233054459095001 -0.0950553119182587
v -0.1160642057657242 0.0250834450125694 -0.0950574353337288
v -0.1167149990797043 0.0257342364639044 -0.0950582101941109
v -0.1176040023565292 0.0259724464267492 -0.0950584933161736
v -0.0598190017044544 0.0509366281330585 -0.0656243264675140
v -0.0598190017044544 0.0481342524290085 -0.0669697672128677
v -0.0598190017044544 0.0450418777763844 -0.0533463284373283
v -0.0598190017044544 0.0481504909694195 -0.0533500351011753
v -0.0598190017044544 0.0509496517479420 -0.0547021515667439
v -0.0598190017044544 0.0450256429612637 -0.0669660642743111
v -0.0598190017044544 0.0422264821827412 -0.0656139478087425
v -0.0598190017044544 0.0205470286309719 -0.0652070045471191
v -0.0598190017044544 0.0402911864221096 -0.0631812214851379
v -0.0598190017044544 0.0205591414123774 -0.0550470128655434
v -0.0598190017044544 0.0154670337215066 -0.0652009472250938
v -0.0598190017044544 0.0154791455715895 -0.0550409592688084
v -0.0598190017044544 0.0396030731499195 -0.0601497180759907
v -0.0598190017044544 0.0402984134852886 -0.0571198686957359
v -0.0598190017044544 0.0422395020723343 -0.0546917691826820
v -0.0598190017044544 0.0528849400579929 -0.0571348741650581
v -0.0598190017044544 0.0535730607807636 -0.0601663738489151
v -0.0598190017044544 0.0528777129948139 -0.0631962269544601
v -0.0623590014874935 -0.0455254763364792 -0.0924332588911057
v -0.1162082180380821 -0.0454554520547390 -0.0336958020925522
v -0.0623590014874935 -0.0454482622444630 -0.0276633072644472
v -0.1159529983997345 -0.0454543195664883 -0.0327433012425900
v -0.1162082180380821 -0.0454531833529472 -0.0317908041179180
v -0.1162082180380821 -0.0455205552279949 -0.0883057639002800
v -0.1159529983997345 -0.0455194190144539 -0.0873532593250275
v -0.1162082180380821 -0.0455182828009129 -0.0864007696509361
v -0.1169055029749870 -0.0455174520611763 -0.0857034847140312
v -0.1169055029749870 -0.0454562865197659 -0.0343930795788765
v -0.1169055029749870 -0.0454523526132107 -0.0310935266315937
v -0.1178580000996590 -0.0454520471394062 -0.0308383051306009
v -0.1188104972243309 -0.0454523526132107 -0.0310935266315937
v -0.1195077747106552 -0.0454531833529472 -0.0317908041179180
v -0.1197630017995834 -0.0454543195664883 -0.0327433012425900
v -0.1195077747106552 -0.0454554520547390 -0.0336958020925522
v -0.1188104972243309 -0.0454562865197659 -0.0343930795788765
v -0.1178580000996590 -0.0454565882682800 -0.0346483029425144
v -0.1178580000996590 -0.0455171503126621 -0.0854482650756836
v -0.1195077747106552 -0.0455205552279949 -0.0883057639002800
v -0.1188104972243309 -0.0455213859677315 -0.0890030413866043
v -0.1178580000996590 -0.0455216914415359 -0.0892582610249519
v -0.1169055029749870 -0.0455213859677315 -0.0890030413866043
v -0.1188104972243309 -0.0455174520611763 -0.0857034847140312
v -0.1195077747106552 -0.0455182828009129 -0.0864007696509361
v -0.1197630017995834 -0.0455194190144539 -0.0873532593250275
v -0.0907435044646263 0.0076820692047477 -0.0277266446501017
v -0.0895813703536987 0.0088441986590624 -0.0277280304580927
v -0.0891560018062592 0.0104316966608167 -0.0277299229055643
v -0.0895813703536987 0.0628191605210304 -0.0277923736721277
v -0.0907435044646263 0.0639812871813774 -0.0277937594801188
v -0.0623590014874935 0.0840916484594345 -0.0278177335858345
v -0.0923309996724129 0.0644066631793976 -0.0277942661195993
v -0.0939185023307800 0.0639812871813774 -0.0277937594801188
v -0.0950806289911270 0.0628191605210304 -0.0277923736721277
v -0.0939185023307800 0.0076820692047477 -0.0277266446501017
v -0.0923309996724129 0.0072567011229694 -0.0277261380106211
v -0.0907435044646263 0.0584820322692394 -0.0277872029691935
v -0.0895813703536987 0.0596441663801670 -0.0277885887771845
v -0.0891560018062592 0.0612316615879536 -0.0277904812246561
v -0.0939185023307800 0.0131813278421760 -0.0277331992983818
v -0.0950806289911270 0.0120191983878613 -0.0277318153530359
v -0.0955059975385666 0.0104316966608167 -0.0277299229055643
v -0.0950806289911270 0.0088441986590624 -0.0277280304580927
v -0.0895813703536987 0.0120191983878613 -0.0277318153530359
v -0.0907435044646263 0.0131813278421760 -0.0277331992983818
v -0.0923309996724129 0.0580566637217999 -0.0277866963297129
v -0.0923309996724129 0.0136066954582930 -0.0277337078005075
v -0.0939185023307800 0.0584820322692394 -0.0277872029691935
v -0.0950806289911270 0.0596441663801670 -0.0277885887771845
v -0.0955059975385666 0.0612316615879536 -0.0277904812246561
v -0.0623590014874935 0.0840144380927086 -0.0925876870751381
v -0.1160642057657242 0.0250864718109369 -0.0925174355506897
v -0.1158260032534599 0.0241974778473377 -0.0925163775682449
v -0.1160642057657242 0.0233084745705128 -0.0925153195858002
v -0.1167149990797043 0.0226576812565327 -0.0925145447254181
v -0.1176040023565292 0.0224194787442684 -0.0925142541527748
v -0.1184929981827736 0.0226576812565327 -0.0925145447254181
v -0.1191437914967537 0.0233084745705128 -0.0925153195858002
v -0.1193820014595985 0.0241974778473377 -0.0925163775682449
v -0.1191437914967537 0.0250864718109369 -0.0925174355506897
v -0.1184929981827736 0.0257372651249170 -0.0925182104110718
v -0.1176040023565292 0.0259754750877619 -0.0925184935331345
v -0.1167149990797043 0.0257372651249170 -0.0925182104110718
v -0.0623590014874935 0.0450418777763844 -0.0533463284373283
v -0.0623590014874935 0.0422395020723343 -0.0546917691826820
v -0.0623590014874935 0.0205591414123774 -0.0550470128655434
v -0.0623590014874935 0.0528849400579929 -0.0571348741650581
v -0.0623590014874935 0.0509496517479420 -0.0547021515667439
v -0.0623590014874935 0.0481504909694195 -0.0533500351011753
v -0.0623590014874935 0.0154791455715895 -0.0550409592688084
v -0.0623590014874935 0.0154670337215066 -0.0652009472250938
v -0.0623590014874935 0.0205470286309719 -0.0652070045471191
v -0.0623590014874935 0.0402984134852886 -0.0571198686957359
v -0.0623590014874935 0.0396030731499195 -0.0601497180759907
v -0.0623590014874935 0.0402911864221096 -0.0631812214851379
v -0.0623590014874935 0.0422264821827412 -0.0656139478087425
v -0.0623590014874935 0.0450256429612637 -0.0669660642743111
v -0.0623590014874935 0.0481342524290085 -0.0669697672128677
v -0.0623590014874935 0.0509366281330585 -0.0656243264675140
v -0.0623590014874935 0.0528777129948139 -0.0631962269544601
v -0.0623590014874935 0.0535730607807636 -0.0601663738489151
v -0.1219220012426376 -0.0455133654177189 -0.0822732672095299
v -0.1219220012426376 -0.0424653664231300 -0.0822769030928612
v -0.1219220012426376 -0.0424629449844360 -0.0802449062466621
v -0.1219220012426376 0.0840916484594345 -0.0278177354484797
v -0.1219220012426376 0.0574859827756882 -0.0803640559315681
v -0.1219220012426376 0.0840144380927086 -0.0925876870751381
v -0.1219220012426376 0.0574805326759815 -0.0849360525608063
v -0.1219220012426376 0.0575341284275055 -0.0399780832231045
v -0.1219220012426376 0.0575395785272121 -0.0354060865938663
v -0.1219220012426376 -0.0403682664036751 -0.0276693645864725
v -0.1219220012426376 -0.0403773486614227 -0.0352893583476543
v -0.1219220012426376 -0.0454603731632233 -0.0378233008086681
v -0.1219220012426376 -0.0424147993326187 -0.0398589335381985
v -0.1219220012426376 -0.0424123778939247 -0.0378269329667091
v -0.1219220012426376 0.0294044688344002 -0.0925225839018822
v -0.1219220012426376 0.0294105242937803 -0.0874425917863846
v -0.1219220012426376 0.0192505326122046 -0.0874304771423340
v -0.1219220012426376 -0.0404363945126534 -0.0848193243145943
v -0.1219220012426376 0.0192444752901793 -0.0925104767084122
v -0.1219220012426376 -0.0404454804956913 -0.0924393162131310
v -0.1219220012426376 0.0210316274315119 -0.0582028403878212
v -0.1219220012426376 0.0221432298421860 -0.0579064041376114
v -0.1219220012426376 0.0402911864221096 -0.0631812214851379
v -0.1219220012426376 0.0396030731499195 -0.0601497218012810
v -0.1219220012426376 0.0243630781769753 -0.0601315535604954
v -0.1219220012426376 0.0190692245960236 -0.0797227397561073
v -0.1219220012426376 0.0168460141867399 -0.0803156048059464
v -0.1219220012426376 0.0168941598385572 -0.0399296358227730
v -0.1219220012426376 0.0191159490495920 -0.0405277982354164
v -0.1219220012426376 0.0207409914582968 -0.0421567223966122
v -0.1219220012426376 0.0232541281729937 -0.0582054890692234
v -0.1219220012426376 0.0240666493773460 -0.0590199492871761
v -0.1219220012426376 0.0422395020723343 -0.0546917691826820
v -0.1219220012426376 -0.0297790169715881 -0.0404695123434067
v -0.1219220012426376 0.0124438628554344 -0.0443693324923515
v -0.1219220012426376 0.0130420289933681 -0.0421475432813168
v -0.1219220012426376 0.0402984134852886 -0.0571198686957359
v -0.1219220012426376 0.0450418777763844 -0.0533463284373283
v -0.1219220012426376 0.0481504909694195 -0.0533500351011753
v -0.1219220012426376 0.0509496517479420 -0.0547021515667439
v -0.1219220012426376 0.0528849400579929 -0.0571348741650581
v -0.1219220012426376 0.0535730607807636 -0.0601663775742054
v -0.1219220012426376 0.0528777129948139 -0.0631962269544601
v -0.1219220012426376 0.0509366281330585 -0.0656243264675140
v -0.1219220012426376 0.0481342524290085 -0.0669697672128677
v -0.1219220012426376 0.0450256429612637 -0.0669660642743111
v -0.1219220012426376 0.0206981450319290 -0.0780976936221123
v -0.1219220012426376 -0.0364511013031006 -0.0443110428750515
v -0.1219220012426376 -0.0358529351651669 -0.0420892536640167
v -0.1219220012426376 -0.0342240147292614 -0.0404642112553120
v -0.1219220012426376 -0.0320008061826229 -0.0398713499307632
v -0.1219220012426376 0.0213338583707809 -0.0443799309432507
v -0.1219220012426376 0.0207356922328472 -0.0466017201542854
v -0.1219220012426376 0.0191067717969418 -0.0482267625629902
v -0.1219220012426376 0.0202171672135592 -0.0590153597295284
v -0.1219220012426376 0.0146709503605962 -0.0405225008726120
v -0.1219220012426376 -0.0320489518344402 -0.0802573189139366
v -0.1219220012426376 -0.0298257432878017 -0.0796644538640976
v -0.1219220012426376 -0.0281968209892511 -0.0780394077301025
v -0.1219220012426376 -0.0358582362532616 -0.0465342514216900
v -0.1219220012426376 -0.0342331938445568 -0.0481631755828857
v -0.1219220012426376 0.0168835613876581 -0.0488196313381195
v -0.1219220012426376 0.0146617721766233 -0.0482214614748955
v -0.1219220012426376 0.0130367297679186 -0.0465925410389900
v -0.1219220012426376 -0.0358957834541798 -0.0780302286148071
v -0.1219220012426376 -0.0342707410454750 -0.0796591490507126
v -0.1219220012426376 0.0190784018486738 -0.0720237791538239
v -0.1219220012426376 0.0207034442573786 -0.0736526995897293
v -0.1219220012426376 0.0212963130325079 -0.0758759081363678
v -0.1219220012426376 0.0210270397365093 -0.0620523206889629
v -0.1219220012426376 0.0168566126376390 -0.0714256092905998
v -0.1219220012426376 0.0221379306167364 -0.0623514056205750
v -0.1219220012426376 0.0232495386153460 -0.0620549693703651
v -0.1219220012426376 0.0240639988332987 -0.0612424500286579
v -0.1219220012426376 0.0422264821827412 -0.0656139478087425
v -0.1219220012426376 0.0146242259070277 -0.0797174423933029
v -0.1219220012426376 0.0129991834983230 -0.0780885219573975
v -0.1219220012426376 -0.0275986548513174 -0.0758176222443581
v -0.1219220012426376 0.0124063156545162 -0.0758653134107590
v -0.1219220012426376 -0.0281915217638016 -0.0735944136977196
v -0.1219220012426376 0.0130044817924500 -0.0736435204744339
v -0.1219220012426376 -0.0320383533835411 -0.0713673233985901
v -0.1219220012426376 -0.0298165641725063 -0.0719654932618141
v -0.1219220012426376 -0.0281539745628834 -0.0420984327793121
v -0.1219220012426376 -0.0275611076503992 -0.0443216413259506
v -0.1219220012426376 0.0199180878698826 -0.0601262561976910
v -0.1219220012426376 -0.0281592737883329 -0.0465434305369854
v -0.1219220012426376 0.0202145185321569 -0.0612378604710102
v -0.1219220012426376 0.0146334040910006 -0.0720184817910194
v -0.1219220012426376 -0.0364886485040188 -0.0758070200681686
v -0.1219220012426376 -0.0358904823660851 -0.0735852345824242
v -0.1219220012426376 -0.0342615619301796 -0.0719601884484291
v -0.1219220012426376 -0.0320114046335220 -0.0487613417208195
v -0.1219220012426376 -0.0297881960868835 -0.0481684729456902
v -0.1193820014595985 -0.0424629449844360 -0.0802449062466621
v -0.1193820014595985 -0.0424653664231300 -0.0822769030928612
v -0.1193820014595985 0.0574805326759815 -0.0849360525608063
v -0.1193820014595985 -0.0404363945126534 -0.0848193243145943
v -0.1193820014595985 -0.0404333695769310 -0.0822793245315552
v -0.1193820014595985 0.0574859827756882 -0.0803640559315681
v -0.1193820014595985 0.0575395785272121 -0.0354060865938663
v -0.1193820014595985 -0.0403773486614227 -0.0352893583476543
v -0.1248430013656616 0.0840916484594345 -0.0278177354484797
v -0.1248430013656616 0.0866346657276154 -0.0252807661890984
v -0.1248430013656616 -0.0454482622444630 -0.0276633091270924
v -0.1248430013656616 -0.0479852333664894 -0.0251202825456858
v -0.1248430013656616 -0.0480685010552406 -0.0949702337384224
v -0.1292880028486252 -0.0480685010552406 -0.0949702337384224
v -0.1292880028486252 -0.0479852333664894 -0.0251202825456858
v -0.1292880028486252 0.0865513980388641 -0.0951307117938995
v -0.1292880028486252 0.0866346657276154 -0.0252807661890984
v -0.1292880028486252 0.0202171672135592 -0.0590153597295284
v -0.1292880028486252 0.0199180878698826 -0.0601262561976910
v -0.1292880028486252 0.0202145185321569 -0.0612378604710102
v -0.1292880028486252 0.0210270397365093 -0.0620523206889629
v -0.1292880028486252 0.0221379306167364 -0.0623514056205750
v -0.1292880028486252 0.0232495386153460 -0.0620549693703651
v -0.1292880028486252 0.0240639988332987 -0.0612424500286579
v -0.1292880028486252 0.0240666493773460 -0.0590199492871761
v -0.1292880028486252 0.0232541281729937 -0.0582054890692234
v -0.1292880028486252 0.0221432298421860 -0.0579064041376114
v -0.1292880028486252 0.0210316274315119 -0.0582028403878212
v -0.1292880028486252 0.0422264821827412 -0.0656139478087425
v -0.1292880028486252 0.0450256429612637 -0.0669660642743111
v -0.1292880028486252 0.0481342524290085 -0.0669697672128677
v -0.1292880028486252 0.0509366281330585 -0.0656243264675140
v -0.1292880028486252 0.0528777129948139 -0.0631962269544601
v -0.1292880028486252 0.0535730607807636 -0.0601663775742054
v -0.1292880028486252 0.0528849400579929 -0.0571348741650581
v -0.1292880028486252 0.0509496517479420 -0.0547021515667439
v -0.1292880028486252 0.0481504909694195 -0.0533500351011753
v -0.1292880028486252 0.0450418777763844 -0.0533463284373283
v -0.1292880028486252 0.0422395020723343 -0.0546917691826820
v -0.1292880028486252 0.0402984134852886 -0.0571198686957359
v -0.1292880028486252 0.0243630781769753 -0.0601315535604954
v -0.1292880028486252 0.0396030731499195 -0.0601497218012810
v -0.1292880028486252 0.0402911864221096 -0.0631812214851379
v -0.1174769997596741 -0.0403682664036751 -0.0276693645864725
v -0.1174769997596741 -0.0454482622444630 -0.0276633091270924
v -0.1191267743706703 -0.0454554520547390 -0.0336958020925522
v -0.1193820014595985 -0.0454543195664883 -0.0327433049678802
v -0.1191267743706703 -0.0455205552279949 -0.0883057639002800
v -0.1193820014595985 -0.0455194190144539 -0.0873532667756081
v -0.1191267743706703 -0.0455182828009129 -0.0864007622003555
v -0.1184294968843460 -0.0455174520611763 -0.0857034847140312
v -0.1174769997596741 -0.0455133654177189 -0.0822732672095299
v -0.1174769997596741 -0.0455171503126621 -0.0854482650756836
v -0.1149369999766350 -0.0455141738057137 -0.0829538553953171
v -0.1165245026350021 -0.0455174520611763 -0.0857034847140312
v -0.1130775883793831 -0.0455163903534412 -0.0848132669925690
v -0.1158272176980972 -0.0455182828009129 -0.0864007622003555
v -0.1123970001935959 -0.0455194190144539 -0.0873532667756081
v -0.1155719980597496 -0.0455194190144539 -0.0873532667756081
v -0.1130775883793831 -0.0455224476754665 -0.0898932591080666
v -0.1158272176980972 -0.0455205552279949 -0.0883057639002800
v -0.1149369999766350 -0.0455246642231941 -0.0917526707053185
v -0.1165245026350021 -0.0455213859677315 -0.0890030413866043
v -0.1174769997596741 -0.0455254763364792 -0.0924332588911057
v -0.1174769997596741 -0.0455216914415359 -0.0892582610249519
v -0.1184294968843460 -0.0455213859677315 -0.0890030413866043
v -0.1191267743706703 -0.0454531833529472 -0.0317908003926277
v -0.1184294968843460 -0.0454523526132107 -0.0310935247689486
v -0.1174769997596741 -0.0454520471394062 -0.0308383051306009
v -0.1149369999766350 -0.0454490743577480 -0.0283438973128796
v -0.1165245026350021 -0.0454523526132107 -0.0310935247689486
v -0.1130775883793831 -0.0454512909054756 -0.0302033070474863
v -0.1158272176980972 -0.0454531833529472 -0.0317908003926277
v -0.1123970001935959 -0.0454543195664883 -0.0327433049678802
v -0.1155719980597496 -0.0454543195664883 -0.0327433049678802
v -0.1130775883793831 -0.0454573482275009 -0.0352833010256290
v -0.1158272176980972 -0.0454554520547390 -0.0336958020925522
v -0.1149369999766350 -0.0454595647752285 -0.0371427088975906
v -0.1165245026350021 -0.0454562865197659 -0.0343930833041668
v -0.1174769997596741 -0.0454603731632233 -0.0378233008086681
v -0.1174769997596741 -0.0454565882682800 -0.0346483029425144
v -0.1184294968843460 -0.0454562865197659 -0.0343930833041668
v -0.1174769997596741 -0.0404454804956913 -0.0924393162131310
v -0.1193820014595985 0.0243244729936123 -0.0925165265798569
v -0.1191267743706703 0.0252769757062197 -0.0925176665186882
v -0.1191267743706703 0.0233719758689404 -0.0925153940916061
v -0.1184294968843460 0.0226746983826160 -0.0925145670771599
v -0.1174769997596741 0.0192444752901793 -0.0925104767084122
v -0.1174769997596741 0.0224194787442684 -0.0925142616033554
v -0.1149369999766350 0.0199250709265471 -0.0925112888216972
v -0.1165245026350021 0.0226746983826160 -0.0925145670771599
v -0.1130775883793831 0.0217844732105732 -0.0925135016441345
v -0.1158272176980972 0.0233719758689404 -0.0925153940916061
v -0.1123970001935959 0.0243244729936123 -0.0925165265798569
v -0.1155719980597496 0.0243244729936123 -0.0925165265798569
v -0.1130775883793831 0.0268644709140062 -0.0925195589661598
v -0.1158272176980972 0.0252769757062197 -0.0925176665186882
v -0.1149369999766350 0.0287238806486130 -0.0925217717885971
v -0.1165245026350021 0.0259742531925440 -0.0925184935331345
v -0.1174769997596741 0.0294044688344002 -0.0925225839018822
v -0.1174769997596741 0.0262294728308916 -0.0925187990069389
v -0.1184294968843460 0.0259742531925440 -0.0925184935331345
v -0.1193820014595985 -0.0424123778939247 -0.0378269329667091
v -0.1193820014595985 -0.0424147993326187 -0.0398589335381985
v -0.1193820014595985 0.0575341284275055 -0.0399780832231045
v -0.1193820014595985 -0.0403803773224354 -0.0378293581306934
v -0.1174769997596741 -0.0403803773224354 -0.0378293581306934
v -0.1184294968843460 -0.0403762906789780 -0.0343991369009018
v -0.1174769997596741 -0.0403765924274921 -0.0346543565392494
v -0.1149369999766350 -0.0403795652091503 -0.0371487662196159
v -0.1165245026350021 -0.0403762906789780 -0.0343991369009018
v -0.1130775883793831 -0.0403773486614227 -0.0352893583476543
v -0.1158272176980972 -0.0403754562139511 -0.0337018556892872
v -0.1123970001935959 -0.0403743237257004 -0.0327493622899055
v -0.1155719980597496 -0.0403743237257004 -0.0327493622899055
v -0.1130775883793831 -0.0403712950646877 -0.0302093625068665
v -0.1158272176980972 -0.0403731875121593 -0.0317968577146530
v -0.1149369999766350 -0.0403690785169601 -0.0283499527722597
v -0.1165245026350021 -0.0403723567724228 -0.0310995802283287
v -0.1174769997596741 -0.0403720512986183 -0.0308443605899811
v -0.1184294968843460 -0.0403723567724228 -0.0310995802283287
v -0.1191267743706703 -0.0403731875121593 -0.0317968577146530
v -0.1193820014595985 -0.0403743237257004 -0.0327493622899055
v -0.1191267743706703 -0.0403754562139511 -0.0337018556892872
v -0.1174769997596741 -0.0404333695769310 -0.0822793245315552
v -0.1165245026350021 -0.0404374562203884 -0.0857095420360565
v -0.1174769997596741 -0.0404371544718742 -0.0854543223977089
v -0.1184294968843460 -0.0404374562203884 -0.0857095420360565
v -0.1191267743706703 -0.0404382869601250 -0.0864068195223808
v -0.1193820014595985 -0.0404394231736660 -0.0873593240976334
v -0.1191267743706703 -0.0404405593872070 -0.0883118212223053
v -0.1184294968843460 -0.0404413901269436 -0.0890090987086296
v -0.1174769997596741 -0.0404416956007481 -0.0892643183469772
v -0.1149369999766350 -0.0404446683824062 -0.0917587280273438
v -0.1165245026350021 -0.0404413901269436 -0.0890090987086296
v -0.1130775883793831 -0.0404424518346786 -0.0898993164300919
v -0.1158272176980972 -0.0404405593872070 -0.0883118212223053
v -0.1123970001935959 -0.0404394231736660 -0.0873593240976334
v -0.1155719980597496 -0.0404394231736660 -0.0873593240976334
v -0.1130775883793831 -0.0404363945126534 -0.0848193243145943
v -0.1158272176980972 -0.0404382869601250 -0.0864068195223808
v -0.1149369999766350 -0.0404341779649258 -0.0829599127173424
v -0.1174769997596741 0.0192505326122046 -0.0874304771423340
v -0.1149369999766350 0.0199311263859272 -0.0874312892556190
v -0.1130775883793831 0.0217905305325985 -0.0874335095286369
v -0.1123970001935959 0.0243305284529924 -0.0874365344643593
v -0.1130775883793831 0.0268705263733864 -0.0874395594000816
v -0.1149369999766350 0.0287299361079931 -0.0874417796730995
v -0.1174769997596741 0.0294105242937803 -0.0874425917863846
v -0.1193820014595985 0.0243305284529924 -0.0874365344643593
v -0.1191267743706703 0.0233780313283205 -0.0874354019761086
v -0.1191267743706703 0.0252830311655998 -0.0874376669526100
v -0.1184294968843460 0.0259803086519241 -0.0874385014176369
v -0.1174769997596741 0.0262355282902718 -0.0874388068914413
v -0.1165245026350021 0.0259803086519241 -0.0874385014176369
v -0.1158272176980972 0.0252830311655998 -0.0874376669526100
v -0.1155719980597496 0.0243305284529924 -0.0874365344643593
v -0.1158272176980972 0.0233780313283205 -0.0874354019761086
v -0.1165245026350021 0.0226807538419962 -0.0874345675110817
v -0.1174769997596741 0.0224255342036486 -0.0874342620372772
v -0.1184294968843460 0.0226807538419962 -0.0874345675110817
v -0.1270020008087158 -0.0275611076503992 -0.0443216413259506
v -0.1270020008087158 -0.0281539745628834 -0.0420984327793121
v -0.1270020008087158 -0.0297790169715881 -0.0404695123434067
v -0.1270020008087158 -0.0320008061826229 -0.0398713499307632
v -0.1270020008087158 -0.0342240147292614 -0.0404642112553120
v -0.1270020008087158 -0.0358529351651669 -0.0420892536640167
v -0.1270020008087158 -0.0364511013031006 -0.0443110428750515
v -0.1270020008087158 -0.0358582362532616 -0.0465342514216900
v -0.1270020008087158 -0.0342331938445568 -0.0481631755828857
v -0.1270020008087158 -0.0320114046335220 -0.0487613417208195
v -0.1270020008087158 -0.0297881960868835 -0.0481684729456902
v -0.1270020008087158 -0.0281592737883329 -0.0465434305369854
v -0.1270020008087158 -0.0320061072707176 -0.0443163439631462
v -0.1270020008087158 0.0213338583707809 -0.0443799309432507
v -0.1270020008087158 0.0207409914582968 -0.0421567223966122
v -0.1270020008087158 0.0191159490495920 -0.0405277982354164
v -0.1270020008087158 0.0168941598385572 -0.0399296358227730
v -0.1270020008087158 0.0146709503605962 -0.0405225008726120
v -0.1270020008087158 0.0130420289933681 -0.0421475432813168
v -0.1270020008087158 0.0124438628554344 -0.0443693324923515
v -0.1270020008087158 0.0130367297679186 -0.0465925410389900
v -0.1270020008087158 0.0146617721766233 -0.0482214614748955
v -0.1270020008087158 0.0168835613876581 -0.0488196313381195
v -0.1270020008087158 0.0191067717969418 -0.0482267625629902
v -0.1270020008087158 0.0207356922328472 -0.0466017201542854
v -0.1270020008087158 0.0168888606131077 -0.0443746298551559
v -0.1270020008087158 0.0212963130325079 -0.0758759081363678
v -0.1270020008087158 0.0207034442573786 -0.0736526995897293
v -0.1270020008087158 0.0190784018486738 -0.0720237791538239
v -0.1270020008087158 0.0168566126376390 -0.0714256092905998
v -0.1270020008087158 0.0146334040910006 -0.0720184817910194
v -0.1270020008087158 0.0130044817924500 -0.0736435204744339
v -0.1270020008087158 0.0124063156545162 -0.0758653134107590
v -0.1270020008087158 0.0129991834983230 -0.0780885219573975
v -0.1270020008087158 0.0146242259070277 -0.0797174423933029
v -0.1270020008087158 0.0168460141867399 -0.0803156048059464
v -0.1270020008087158 0.0190692245960236 -0.0797227397561073
v -0.1270020008087158 0.0206981450319290 -0.0780976936221123
v -0.1270020008087158 0.0168513134121895 -0.0758706107735634
v -0.1270020008087158 -0.0275986548513174 -0.0758176222443581
v -0.1270020008087158 -0.0281915217638016 -0.0735944136977196
v -0.1270020008087158 -0.0298165641725063 -0.0719654932618141
v -0.1270020008087158 -0.0320383533835411 -0.0713673233985901
v -0.1270020008087158 -0.0342615619301796 -0.0719601884484291
v -0.1270020008087158 -0.0358904823660851 -0.0735852345824242
v -0.1270020008087158 -0.0364886485040188 -0.0758070200681686
v -0.1270020008087158 -0.0358957834541798 -0.0780302286148071
v -0.1270020008087158 -0.0342707410454750 -0.0796591490507126
v -0.1270020008087158 -0.0320489518344402 -0.0802573189139366
v -0.1270020008087158 -0.0298257432878017 -0.0796644538640976
v -0.1270020008087158 -0.0281968209892511 -0.0780394077301025
v -0.1270020008087158 -0.0320436544716358 -0.0758123248815536
v -0.2178795635700226 0.0385306179523468 -0.0542429350316525
v -0.2229595631361008 0.0385306179523468 -0.0542429350316525
v -0.2178795635700226 0.0374514646828175 -0.0539523959159851
v -0.2229595631361008 0.0374514646828175 -0.0539523959159851
v -0.2178795635700226 0.0366621538996696 -0.0531612038612366
v -0.2229595631361008 0.0366621538996696 -0.0531612038612366
v -0.2178795635700226 0.0363741926848888 -0.0520813614130020
v -0.2229595631361008 0.0363741926848888 -0.0520813614130020
v -0.2178795635700226 0.0366647280752659 -0.0510022044181824
v -0.2229595631361008 0.0366647280752659 -0.0510022044181824
v -0.2178795635700226 0.0374559238553047 -0.0502129010856152
v -0.2229595631361008 0.0374559238553047 -0.0502129010856152
v -0.2178795635700226 0.0385357663035393 -0.0499249361455441
v -0.2229595631361008 0.0385357663035393 -0.0499249361455441
v -0.2178795635700226 0.0396149195730686 -0.0502154752612114
v -0.2229595631361008 0.0396149195730686 -0.0502154752612114
v -0.2178795635700226 0.0404042229056358 -0.0510066673159599
v -0.2229595631361008 0.0404042229056358 -0.0510066673159599
v -0.2178795635700226 0.0406921915709972 -0.0520865097641945
v -0.2229595631361008 0.0406921915709972 -0.0520865097641945
v -0.2178795635700226 0.0404016487300396 -0.0531656630337238
v -0.2229595631361008 0.0404016487300396 -0.0531656630337238
v -0.2178795635700226 0.0396104604005814 -0.0539549700915813
v -0.2229595631361008 0.0396104604005814 -0.0539549700915813
v -0.2178795635700226 0.0385113805532455 -0.0703719258308411
v -0.2229595631361008 0.0385113805532455 -0.0703719258308411
v -0.2178795635700226 0.0374322272837162 -0.0700813829898834
v -0.2229595631361008 0.0374322272837162 -0.0700813829898834
v -0.2178795635700226 0.0366429165005684 -0.0692901909351349
v -0.2229595631361008 0.0366429165005684 -0.0692901909351349
v -0.2178795635700226 0.0363549552857876 -0.0682103484869003
v -0.2229595631361008 0.0363549552857876 -0.0682103484869003
v -0.2178795635700226 0.0366454906761646 -0.0671311914920807
v -0.2229595631361008 0.0366454906761646 -0.0671311914920807
v -0.2178795635700226 0.0374366864562035 -0.0663418918848038
v -0.2229595631361008 0.0374366864562035 -0.0663418918848038
v -0.2178795635700226 0.0385165289044380 -0.0660539269447327
v -0.2229595631361008 0.0385165289044380 -0.0660539269447327
v -0.2178795635700226 0.0395956821739674 -0.0663444623351097
v -0.2229595631361008 0.0395956821739674 -0.0663444623351097
v -0.2178795635700226 0.0403849855065346 -0.0671356543898582
v -0.2229595631361008 0.0403849855065346 -0.0671356543898582
v -0.2178795635700226 0.0406729541718960 -0.0682154968380928
v -0.2229595631361008 0.0406729541718960 -0.0682154968380928
v -0.2178795635700226 0.0403824113309383 -0.0692946538329124
v -0.2229595631361008 0.0403824113309383 -0.0692946538329124
v -0.2178795635700226 0.0395912230014801 -0.0700839608907700
v -0.2229595631361008 0.0395912230014801 -0.0700839608907700
v -0.2178795635700226 0.0546403639018536 -0.0703911557793617
v -0.2229595631361008 0.0546403639018536 -0.0703911557793617
v -0.2178795635700226 0.0535612106323242 -0.0701006203889847
v -0.2229595631361008 0.0535612106323242 -0.0701006203889847
v -0.2178795635700226 0.0527719072997570 -0.0693094283342361
v -0.2229595631361008 0.0527719072997570 -0.0693094283342361
v -0.2178795635700226 0.0524839386343956 -0.0682295858860016
v -0.2229595631361008 0.0524839386343956 -0.0682295858860016
v -0.2178795635700226 0.0527744814753532 -0.0671504288911819
v -0.2229595631361008 0.0527744814753532 -0.0671504288911819
v -0.2178795635700226 0.0535656698048115 -0.0663611292839050
v -0.2229595631361008 0.0535656698048115 -0.0663611292839050
v -0.2178795635700226 0.0546455122530460 -0.0660731643438339
v -0.2229595631361008 0.0546455122530460 -0.0660731643438339
v -0.2178795635700226 0.0557246655225754 -0.0663636997342110
v -0.2229595631361008 0.0557246655225754 -0.0663636997342110
v -0.2178795635700226 0.0565139763057232 -0.0671548917889595
v -0.2229595631361008 0.0565139763057232 -0.0671548917889595
v -0.2178795635700226 0.0568019375205040 -0.0682347342371941
v -0.2229595631361008 0.0568019375205040 -0.0682347342371941
v -0.2178795635700226 0.0565114021301270 -0.0693138912320137
v -0.2229595631361008 0.0565114021301270 -0.0693138912320137
v -0.2178795635700226 0.0557202063500881 -0.0701031982898712
v -0.2229595631361008 0.0557202063500881 -0.0701031982898712
v -0.2178795635700226 0.0546596013009548 -0.0542621687054634
v -0.2229595631361008 0.0546596013009548 -0.0542621687054634
v -0.2178795635700226 0.0535804443061352 -0.0539716333150864
v -0.2229595631361008 0.0535804443061352 -0.0539716333150864
v -0.2178795635700226 0.0527911446988583 -0.0531804412603378
v -0.2229595631361008 0.0527911446988583 -0.0531804412603378
v -0.2178795635700226 0.0525031760334969 -0.0521005988121033
v -0.2229595631361008 0.0525031760334969 -0.0521005988121033
v -0.2178795635700226 0.0527937188744545 -0.0510214418172836
v -0.2229595631361008 0.0527937188744545 -0.0510214418172836
v -0.2178795635700226 0.0535849072039127 -0.0502321384847164
v -0.2229595631361008 0.0535849072039127 -0.0502321384847164
v -0.2178795635700226 0.0546647496521473 -0.0499441735446453
v -0.2229595631361008 0.0546647496521473 -0.0499441735446453
v -0.2178795635700226 0.0557439029216766 -0.0502347126603127
v -0.2229595631361008 0.0557439029216766 -0.0502347126603127
v -0.2178795635700226 0.0565332137048244 -0.0510259047150612
v -0.2229595631361008 0.0565332137048244 -0.0510259047150612
v -0.2178795635700226 0.0568211711943150 -0.0521057471632957
v -0.2229595631361008 0.0568211711943150 -0.0521057471632957
v -0.2178795635700226 0.0565306395292282 -0.0531849004328251
v -0.2229595631361008 0.0565306395292282 -0.0531849004328251
v -0.2178795635700226 0.0557394437491894 -0.0539742074906826
v -0.2229595631361008 0.0557394437491894 -0.0539742074906826
v -0.2178795635700226 0.0516302883625031 -0.0652123168110847
v -0.2178795635700226 0.0304726976901293 -0.0652177706360817
v -0.2178795635700226 0.0516161657869816 -0.0770550593733788
v -0.2178795635700226 0.0465679243206978 -0.0770490393042564
v -0.2178795635700226 0.0421968959271908 -0.0764682739973068
v -0.2178795635700226 0.0381251275539398 -0.0747760012745857
v -0.2178795635700226 0.0346300899982452 -0.0720875337719917
v -0.2178795635700226 0.0319499671459198 -0.0685860961675644
v -0.2178795635700226 0.0507790632545948 -0.0601630471646786
v -0.2178795635700226 0.0502150729298592 -0.0622578747570515
v -0.2178795635700226 0.0346585810184479 -0.0482000708580017
v -0.2178795635700226 0.0381600186228752 -0.0455199517309666
v -0.2178795635700226 0.0465930663049221 -0.0559670515358448
v -0.2178795635700226 0.0486878938972950 -0.0565310381352901
v -0.2178795635700226 0.0516564548015594 -0.0432730801403522
v -0.2178795635700226 0.0502200722694397 -0.0580668784677982
v -0.2178795635700226 0.0444968938827515 -0.0565260387957096
v -0.2178795635700226 0.0422358140349388 -0.0438373908400536
v -0.2178795635700226 0.0466082133352757 -0.0432670600712299
v -0.2178795635700226 0.0302674137055874 -0.0645103007555008
v -0.2178795635700226 0.0296970773488283 -0.0601379014551640
v -0.2178795635700226 0.0319701135158539 -0.0516951084136963
v -0.2178795635700226 0.0302778407931328 -0.0557668805122375
v -0.2178795635700226 0.0429610572755337 -0.0580582208931446
v -0.2178795635700226 0.0486792363226414 -0.0637900605797768
v -0.2178795635700226 0.0465830713510513 -0.0643490478396416
v -0.2178795635700226 0.0444882363080978 -0.0637850612401962
v -0.2178795635700226 0.0429560579359531 -0.0622492171823978
v -0.2178795635700226 0.0423970669507980 -0.0601530484855175
v -0.2178795635700226 0.1291319876909256 -0.0653047487139702
v -0.2178795635700226 0.0949378535151482 0.0150953372940421
v -0.2178795635700226 0.0954104214906693 0.0108557473868132
v -0.2178795635700226 0.1292278319597244 0.0150544401258230
v -0.2178795635700226 0.0968145355582237 0.0068276124075055
v -0.2178795635700226 0.0990797951817513 0.0032129113096744
v -0.2178795635700226 0.1020926013588905 0.0001929073187057
v -0.2178795635700226 0.1057018935680389 -0.0020809688139707
v -0.2178795635700226 0.1139181628823280 -0.0433473400771618
v -0.2178795635700226 0.1139651164412498 -0.0039773685857654
v -0.2178795635700226 0.1097266674041748 -0.0034946899395436
v -0.2178795635700226 0.1291178613901138 -0.0771474912762642
v -0.2280395627021790 0.0575198270380497 -0.0537575818598270
v -0.2280395627021790 0.0579641722142696 -0.0521071106195450
v -0.2280395627021790 0.1139181628823280 -0.0433473400771618
v -0.2280395627021790 0.1292278319597244 0.0150544401258230
v -0.2280395627021790 0.1139651164412498 -0.0039773685857654
v -0.2280395627021790 0.1097266674041748 -0.0034946899395436
v -0.2280395627021790 0.1291326731443405 -0.0647332519292831
v -0.2280395627021790 0.0575237646698952 -0.0504555851221085
v -0.2280395627021790 0.0563165880739689 -0.0492455288767815
v -0.2280395627021790 0.0510849580168724 -0.0432723984122276
v -0.2280395627021790 0.0546661131083965 -0.0488011762499809
v -0.2280395627021790 0.0530145913362503 -0.0492415875196457
v -0.2280395627021790 0.0518005937337875 -0.0537507608532906
v -0.2280395627021790 0.0510594733059406 -0.0646401345729828
v -0.2280395627021790 0.0513601750135422 -0.0520992353558540
v -0.2280395627021790 0.0518045313656330 -0.0504487641155720
v -0.2280395627021790 0.0530077703297138 -0.0549608170986176
v -0.2280395627021790 0.0546582378447056 -0.0554051697254181
v -0.2280395627021790 0.0563097670674324 -0.0549647547304630
v -0.2280395627021790 0.1057018935680389 -0.0020809688139707
v -0.2280395627021790 0.1020926013588905 0.0001929073187057
v -0.2280395627021790 0.0990797951817513 0.0032129113096744
v -0.2280395627021790 0.0968145355582237 0.0068276124075055
v -0.2280395627021790 0.0954104214906693 0.0108557473868132
v -0.2280395627021790 0.0949378535151482 0.0150953372940421
v -0.2280395627021790 0.0465830713510513 -0.0643490478396416
v -0.2280395627021790 0.0486792363226414 -0.0637900605797768
v -0.2280395627021790 0.0486878938972950 -0.0565310381352901
v -0.2280395627021790 0.0418351888656616 -0.0520878732204437
v -0.2280395627021790 0.0413947738707066 -0.0504363477230072
v -0.2280395627021790 0.0401875972747803 -0.0492262914776802
v -0.2280395627021790 0.0385371297597885 -0.0487819388508797
v -0.2280395627021790 0.0381600186228752 -0.0455199517309666
v -0.2280395627021790 0.0346585810184479 -0.0482000708580017
v -0.2280395627021790 0.0302973221987486 -0.0646209493279457
v -0.2280395627021790 0.0368787795305252 -0.0549415796995163
v -0.2280395627021790 0.0385292544960976 -0.0553859323263168
v -0.2280395627021790 0.0465930663049221 -0.0559670515358448
v -0.2280395627021790 0.0444968938827515 -0.0565260387957096
v -0.2280395627021790 0.0413908362388611 -0.0537383444607258
v -0.2280395627021790 0.0401807762682438 -0.0549455173313618
v -0.2280395627021790 0.0444882363080978 -0.0637850612401962
v -0.2280395627021790 0.0429560579359531 -0.0622492171823978
v -0.2280395627021790 0.0423970669507980 -0.0601530484855175
v -0.2280395627021790 0.0429610572755337 -0.0580582208931446
v -0.2280395627021790 0.0502200722694397 -0.0580668784677982
v -0.2280395627021790 0.0507790632545948 -0.0601630471646786
v -0.2280395627021790 0.0502150729298592 -0.0622578747570515
v -0.2280395627021790 0.0368856005370617 -0.0492223538458347
v -0.2280395627021790 0.0356755480170250 -0.0504295267164707
v -0.2280395627021790 0.0319701135158539 -0.0516951084136963
v -0.2280395627021790 0.0352311953902245 -0.0520799979567528
v -0.2280395627021790 0.0302778407931328 -0.0557668805122375
v -0.2280395627021790 0.0356716103851795 -0.0537315234541893
v -0.2280395627021790 0.0296970773488283 -0.0601379014551640
v -0.2280395627021790 0.0302674137055874 -0.0645103007555008
v -0.2280395627021790 0.0466082133352757 -0.0432670600712299
v -0.2280395627021790 0.0422358140349388 -0.0438373908400536
v -0.2280395627021790 0.0413715988397598 -0.0698673352599144
v -0.2280395627021790 0.0418159514665604 -0.0682168602943420
v -0.2280395627021790 0.0413755364716053 -0.0665653347969055
v -0.2280395627021790 0.0401683598756790 -0.0653552785515785
v -0.2280395627021790 0.0385178923606873 -0.0649109259247780
v -0.2280395627021790 0.0368663631379604 -0.0653513446450233
v -0.2280395627021790 0.0356563106179237 -0.0665585175156593
v -0.2280395627021790 0.0319499671459198 -0.0685860961675644
v -0.2280395627021790 0.0352119579911232 -0.0682089850306511
v -0.2280395627021790 0.0346300899982452 -0.0720875337719917
v -0.2280395627021790 0.1291178613901138 -0.0771474912762642
v -0.2280395627021790 0.0575005896389484 -0.0698865726590157
v -0.2280395627021790 0.0579449348151684 -0.0682360976934433
v -0.2280395627021790 0.0575045272707939 -0.0665845721960068
v -0.2280395627021790 0.0513409413397312 -0.0682282224297523
v -0.2280395627021790 0.0517813563346863 -0.0698797479271889
v -0.2280395627021790 0.0510446690022945 -0.0770543739199638
v -0.2280395627021790 0.0562973506748676 -0.0653745159506798
v -0.2280395627021790 0.0546468757092953 -0.0649301633238792
v -0.2280395627021790 0.0529953539371490 -0.0653705745935440
v -0.2280395627021790 0.0517852939665318 -0.0665777474641800
v -0.2280395627021790 0.0465679243206978 -0.0770490393042564
v -0.2280395627021790 0.0401615388691425 -0.0710745081305504
v -0.2280395627021790 0.0421968959271908 -0.0764682739973068
v -0.2280395627021790 0.0385100170969963 -0.0715149194002151
v -0.2280395627021790 0.0381251275539398 -0.0747760012745857
v -0.2280395627021790 0.0368595421314240 -0.0710705667734146
v -0.2280395627021790 0.0356523729860783 -0.0698605105280876
v -0.2280395627021790 0.0529885329306126 -0.0710898041725159
v -0.2280395627021790 0.0546390004456043 -0.0715341567993164
v -0.2280395627021790 0.0562905296683311 -0.0710937455296516
v -0.2229595631361008 0.0546582378447056 -0.0554051697254181
v -0.2229595631361008 0.0530077703297138 -0.0549608170986176
v -0.2229595631361008 0.0518005937337875 -0.0537507608532906
v -0.2229595631361008 0.0513601750135422 -0.0520992353558540
v -0.2229595631361008 0.0518045313656330 -0.0504487641155720
v -0.2229595631361008 0.0530145913362503 -0.0492415875196457
v -0.2229595631361008 0.0546661131083965 -0.0488011762499809
v -0.2229595631361008 0.0563165880739689 -0.0492455288767815
v -0.2229595631361008 0.0575237646698952 -0.0504555851221085
v -0.2229595631361008 0.0579641722142696 -0.0521071106195450
v -0.2229595631361008 0.0575198270380497 -0.0537575818598270
v -0.2229595631361008 0.0563097670674324 -0.0549647547304630
v -0.2229595631361008 0.0546390004456043 -0.0715341567993164
v -0.2229595631361008 0.0529885329306126 -0.0710898041725159
v -0.2229595631361008 0.0517813563346863 -0.0698797479271889
v -0.2229595631361008 0.0513409413397312 -0.0682282224297523
v -0.2229595631361008 0.0517852939665318 -0.0665777474641800
v -0.2229595631361008 0.0529953539371490 -0.0653705745935440
v -0.2229595631361008 0.0546468757092953 -0.0649301633238792
v -0.2229595631361008 0.0562973506748676 -0.0653745159506798
v -0.2229595631361008 0.0575045272707939 -0.0665845721960068
v -0.2229595631361008 0.0579449348151684 -0.0682360976934433
v -0.2229595631361008 0.0575005896389484 -0.0698865726590157
v -0.2229595631361008 0.0562905296683311 -0.0710937455296516
v -0.2229595631361008 0.0385100170969963 -0.0715149194002151
v -0.2229595631361008 0.0368595421314240 -0.0710705667734146
v -0.2229595631361008 0.0356523729860783 -0.0698605105280876
v -0.2229595631361008 0.0352119579911232 -0.0682089850306511
v -0.2229595631361008 0.0356563106179237 -0.0665585175156593
v -0.2229595631361008 0.0368663631379604 -0.0653513446450233
v -0.2229595631361008 0.0385178923606873 -0.0649109259247780
v -0.2229595631361008 0.0401683598756790 -0.0653552785515785
v -0.2229595631361008 0.0413755364716053 -0.0665653347969055
v -0.2229595631361008 0.0418159514665604 -0.0682168602943420
v -0.2229595631361008 0.0413715988397598 -0.0698673352599144
v -0.2229595631361008 0.0401615388691425 -0.0710745081305504
v -0.2229595631361008 0.0385292544960976 -0.0553859323263168
v -0.2229595631361008 0.0368787795305252 -0.0549415796995163
v -0.2229595631361008 0.0356716103851795 -0.0537315234541893
v -0.2229595631361008 0.0352311953902245 -0.0520799979567528
v -0.2229595631361008 0.0356755480170250 -0.0504295267164707
v -0.2229595631361008 0.0368856005370617 -0.0492223538458347
v -0.2229595631361008 0.0385371297597885 -0.0487819388508797
v -0.2229595631361008 0.0401875972747803 -0.0492262914776802
v -0.2229595631361008 0.0413947738707066 -0.0504363477230072
v -0.2229595631361008 0.0418351888656616 -0.0520878732204437
v -0.2229595631361008 0.0413908362388611 -0.0537383444607258
v -0.2229595631361008 0.0401807762682438 -0.0549455173313618
# 2694 vertices, 0 vertices normals

f 1 2 3
f 3 2 4
f 2 5 4
f 4 5 6
f 5 7 6
f 6 7 8
f 7 9 8
f 8 9 10
f 10 9 11
f 10 11 12
f 12 11 13
f 12 13 14
f 14 13 15
f 14 15 16
f 15 17 16
f 16 17 18
f 18 17 19
f 19 17 20
f 19 20 21
f 21 20 22
f 21 22 23
f 23 22 24
f 23 24 25
f 25 24 26
f 26 27 25
f 25 27 28
f 28 27 29
f 28 29 30
f 30 29 31
f 30 31 32
f 32 31 1
f 32 1 3
f 27 26 5
f 5 26 24
f 5 24 22
f 15 13 11
f 31 29 1
f 1 29 27
f 1 27 2
f 2 27 5
f 22 20 5
f 5 20 17
f 5 17 7
f 7 17 15
f 7 15 9
f 9 15 11
f 19 21 6
f 6 8 10
f 28 30 32
f 12 14 10
f 10 14 16
f 10 16 6
f 6 16 18
f 6 18 19
f 21 23 6
f 6 23 25
f 6 25 4
f 4 25 28
f 4 28 3
f 3 28 32
f 33 34 35
f 35 34 36
f 37 33 38
f 38 33 39
f 40 37 41
f 41 37 42
f 43 40 44
f 44 40 41
f 45 43 46
f 46 43 47
f 34 45 36
f 36 45 48
f 33 37 34
f 34 37 40
f 34 40 45
f 45 40 43
f 48 44 36
f 36 44 41
f 36 41 35
f 35 41 42
f 49 50 51
f 52 53 54
f 52 54 55
f 55 54 56
f 55 56 57
f 58 59 51
f 52 60 61
f 57 62 55
f 55 62 63
f 55 63 51
f 51 63 64
f 51 64 58
f 65 66 67
f 67 66 68
f 60 52 69
f 69 52 67
f 69 67 70
f 70 67 68
f 70 68 71
f 61 72 52
f 52 72 73
f 52 73 53
f 49 51 74
f 74 51 59
f 74 59 75
f 75 59 76
f 75 76 77
f 78 79 76
f 76 79 80
f 76 80 77
f 71 81 70
f 70 81 79
f 70 79 82
f 82 79 78
f 50 83 51
f 51 83 84
f 50 49 83
f 83 49 85
f 66 86 68
f 68 86 87
f 68 87 71
f 71 87 88
f 71 88 81
f 81 88 89
f 81 89 79
f 79 89 90
f 79 90 80
f 80 90 91
f 80 91 77
f 77 91 92
f 77 92 75
f 75 92 93
f 75 93 74
f 74 93 94
f 74 94 49
f 49 94 85
f 66 65 86
f 86 65 95
f 63 96 64
f 64 96 97
f 64 97 58
f 58 97 98
f 58 98 59
f 59 98 99
f 59 99 76
f 76 99 100
f 76 100 78
f 78 100 101
f 78 101 82
f 82 101 102
f 82 102 70
f 70 102 103
f 70 103 69
f 69 103 104
f 69 104 60
f 60 104 105
f 60 105 61
f 61 105 106
f 61 106 72
f 72 106 107
f 72 107 73
f 73 107 108
f 73 108 53
f 53 108 109
f 53 109 54
f 54 109 110
f 54 110 56
f 56 110 111
f 56 111 57
f 57 111 112
f 57 112 62
f 62 112 113
f 62 113 63
f 63 113 96
f 114 87 115
f 115 87 86
f 115 86 95
f 116 113 112
f 109 114 110
f 110 114 116
f 110 116 111
f 111 116 112
f 94 116 85
f 85 116 84
f 85 84 83
f 94 93 116
f 116 93 92
f 116 92 91
f 109 108 114
f 114 108 107
f 114 107 106
f 90 89 103
f 106 105 114
f 114 105 104
f 114 104 87
f 87 104 103
f 87 103 88
f 88 103 89
f 99 98 91
f 91 98 97
f 91 97 116
f 116 97 96
f 116 96 113
f 103 102 90
f 90 102 101
f 90 101 91
f 91 101 100
f 91 100 99
f 95 65 115
f 115 65 67
f 114 52 116
f 116 52 55
f 117 118 119
f 120 121 122
f 117 119 120
f 120 119 123
f 120 123 121
f 124 125 126
f 126 125 127
f 126 127 128
f 128 127 129
f 129 127 130
f 129 130 131
f 131 130 132
f 131 132 133
f 133 132 134
f 134 132 135
f 134 135 136
f 136 135 137
f 136 137 138
f 138 137 139
f 139 137 140
f 139 140 141
f 141 140 142
f 141 142 143
f 143 142 144
f 143 144 117
f 117 144 145
f 117 145 118
f 122 146 120
f 120 146 147
f 120 147 124
f 124 147 148
f 124 148 125
f 115 67 149
f 149 67 150
f 150 67 151
f 151 67 152
f 152 67 117
f 120 52 153
f 153 52 154
f 52 114 155
f 52 155 156
f 52 156 154
f 117 67 143
f 143 67 157
f 117 120 153
f 117 153 152
f 152 153 154
f 152 154 151
f 151 154 156
f 151 156 150
f 150 156 155
f 150 155 149
f 149 155 114
f 149 114 115
f 51 158 159
f 159 158 160
f 116 55 161
f 161 55 162
f 162 55 163
f 163 55 164
f 164 55 165
f 158 51 166
f 166 51 167
f 51 84 168
f 51 168 169
f 51 169 167
f 51 170 171
f 55 172 173
f 51 171 55
f 55 171 174
f 55 174 172
f 175 176 177
f 177 176 178
f 178 176 179
f 178 179 159
f 159 179 180
f 159 180 51
f 51 180 181
f 51 181 170
f 182 183 184
f 184 183 185
f 186 187 188
f 188 187 189
f 188 189 185
f 185 189 190
f 185 190 184
f 173 191 55
f 55 191 192
f 55 192 182
f 182 192 193
f 182 193 183
f 177 194 175
f 175 194 195
f 175 195 196
f 196 195 197
f 196 197 186
f 186 197 198
f 186 198 187
f 165 158 166
f 165 166 164
f 164 166 167
f 164 167 163
f 163 167 169
f 163 169 162
f 162 169 168
f 162 168 161
f 161 168 84
f 161 84 116
f 199 165 200
f 200 165 201
f 202 158 203
f 203 158 165
f 203 165 204
f 204 165 199
f 202 205 158
f 158 205 206
f 158 206 160
f 201 165 207
f 207 165 208
f 207 208 209
f 209 208 210
f 209 210 211
f 211 210 212
f 211 212 213
f 206 214 160
f 160 214 215
f 160 215 216
f 216 215 217
f 212 218 213
f 213 218 219
f 213 219 220
f 220 219 221
f 220 221 222
f 221 223 222
f 222 223 224
f 222 224 225
f 225 224 226
f 225 226 217
f 217 226 227
f 217 227 216
f 55 182 165
f 165 182 208
f 208 182 184
f 208 184 210
f 210 184 190
f 210 190 212
f 212 190 189
f 212 189 218
f 218 189 187
f 218 187 219
f 219 187 198
f 219 198 221
f 221 198 197
f 221 197 223
f 223 197 195
f 223 195 224
f 224 195 194
f 224 194 226
f 226 194 177
f 226 177 227
f 227 177 178
f 227 178 216
f 216 178 159
f 216 159 160
f 215 179 217
f 217 179 176
f 217 176 225
f 225 176 175
f 225 175 222
f 222 175 196
f 222 196 220
f 220 196 186
f 220 186 213
f 213 186 188
f 213 188 211
f 211 188 185
f 211 185 209
f 209 185 183
f 209 183 207
f 207 183 193
f 207 193 201
f 201 193 192
f 201 192 200
f 200 192 191
f 200 191 199
f 199 191 173
f 199 173 204
f 204 173 172
f 204 172 203
f 203 172 174
f 203 174 202
f 202 174 171
f 202 171 205
f 205 171 170
f 205 170 206
f 206 170 181
f 206 181 214
f 214 181 180
f 214 180 215
f 215 180 179
f 67 228 229
f 230 52 231
f 231 52 232
f 67 229 157
f 230 233 52
f 52 233 234
f 52 234 67
f 67 234 235
f 67 235 228
f 229 236 157
f 157 236 237
f 157 237 238
f 238 237 239
f 240 241 242
f 242 241 243
f 242 243 239
f 239 243 244
f 239 244 238
f 232 52 245
f 245 52 246
f 245 246 247
f 247 246 248
f 247 248 249
f 249 248 250
f 249 250 251
f 250 252 251
f 251 252 253
f 251 253 254
f 254 253 255
f 254 255 240
f 240 255 256
f 240 256 241
f 246 52 124
f 124 52 120
f 246 124 126
f 246 126 248
f 248 126 128
f 248 128 250
f 250 128 129
f 250 129 252
f 252 129 131
f 252 131 253
f 253 131 133
f 253 133 255
f 255 133 134
f 255 134 256
f 256 134 136
f 256 136 241
f 241 136 138
f 241 138 243
f 243 138 139
f 243 139 244
f 244 139 141
f 244 141 238
f 238 141 143
f 238 143 157
f 237 142 239
f 239 142 140
f 239 140 242
f 242 140 137
f 242 137 240
f 240 137 135
f 240 135 254
f 254 135 132
f 254 132 251
f 251 132 130
f 251 130 249
f 249 130 127
f 249 127 247
f 247 127 125
f 247 125 245
f 245 125 148
f 245 148 232
f 232 148 147
f 232 147 231
f 231 147 146
f 231 146 230
f 230 146 122
f 230 122 233
f 233 122 121
f 233 121 234
f 234 121 123
f 234 123 235
f 235 123 119
f 235 119 228
f 228 119 118
f 228 118 229
f 229 118 145
f 229 145 236
f 236 145 144
f 236 144 237
f 237 144 142
f 257 258 259
f 260 261 262
f 263 264 265
f 266 267 268
f 259 263 257
f 257 263 265
f 257 265 268
f 268 265 260
f 268 260 266
f 266 260 262
f 269 270 271
f 272 273 274
f 275 276 277
f 278 279 280
f 271 275 269
f 269 275 277
f 269 277 280
f 280 277 272
f 280 272 278
f 278 272 274
f 279 278 258
f 258 278 259
f 262 275 266
f 266 275 271
f 264 263 273
f 273 263 274
f 263 259 274
f 274 259 278
f 276 261 277
f 277 261 260
f 277 260 272
f 272 260 265
f 272 265 273
f 273 265 264
f 280 257 269
f 269 257 268
f 269 268 270
f 270 268 267
f 279 258 280
f 280 258 257
f 261 276 281
f 281 276 282
f 281 282 283
f 283 282 284
f 283 284 285
f 285 284 286
f 287 288 289
f 289 288 290
f 289 290 291
f 291 290 292
f 291 292 262
f 262 292 275
f 276 275 292
f 276 292 282
f 282 292 290
f 282 290 284
f 284 290 288
f 284 288 286
f 285 287 283
f 283 287 289
f 283 289 281
f 281 289 291
f 281 291 261
f 261 291 262
f 293 288 294
f 294 288 287
f 295 285 296
f 296 285 286
f 297 298 288
f 298 299 288
f 288 299 300
f 288 300 286
f 300 301 286
f 286 301 302
f 286 302 296
f 296 302 303
f 296 303 304
f 304 303 305
f 288 293 297
f 297 293 306
f 297 306 307
f 307 306 308
f 307 308 309
f 309 308 310
f 309 310 311
f 311 310 312
f 311 312 313
f 313 312 314
f 313 314 305
f 305 314 315
f 305 315 304
f 316 317 318
f 318 317 294
f 318 294 319
f 319 294 287
f 319 287 320
f 321 322 285
f 285 322 323
f 285 323 287
f 287 323 324
f 287 324 320
f 285 295 321
f 321 295 325
f 321 325 326
f 326 325 327
f 326 327 328
f 328 327 329
f 328 329 330
f 330 329 331
f 330 331 332
f 332 331 333
f 332 333 316
f 316 333 334
f 316 334 317
f 266 271 335
f 335 271 336
f 335 336 337
f 337 336 338
f 337 338 339
f 339 338 340
f 341 342 343
f 343 342 344
f 343 344 345
f 345 344 346
f 345 346 267
f 267 346 270
f 271 270 346
f 271 346 336
f 336 346 344
f 336 344 338
f 338 344 342
f 338 342 340
f 339 341 337
f 337 341 343
f 337 343 335
f 335 343 345
f 335 345 266
f 266 345 267
f 347 339 348
f 348 339 340
f 349 342 350
f 350 342 341
f 351 352 353
f 353 352 348
f 353 348 354
f 354 348 340
f 354 340 355
f 356 357 342
f 342 357 358
f 342 358 340
f 340 358 359
f 340 359 355
f 342 349 356
f 356 349 360
f 356 360 361
f 361 360 362
f 361 362 363
f 363 362 364
f 363 364 365
f 365 364 366
f 365 366 367
f 367 366 368
f 367 368 351
f 351 368 369
f 351 369 352
f 370 371 339
f 371 372 339
f 339 372 373
f 339 373 341
f 373 374 341
f 341 374 375
f 341 375 350
f 350 375 376
f 350 376 377
f 377 376 378
f 339 347 370
f 370 347 379
f 370 379 380
f 380 379 381
f 380 381 382
f 382 381 383
f 382 383 384
f 384 383 385
f 384 385 386
f 386 385 387
f 386 387 378
f 378 387 388
f 378 388 377
f 359 373 355
f 355 373 372
f 355 372 354
f 354 372 371
f 354 371 353
f 353 371 370
f 353 370 351
f 351 370 380
f 351 380 367
f 367 380 382
f 367 382 365
f 365 382 384
f 365 384 363
f 363 384 386
f 363 386 361
f 361 386 378
f 361 378 356
f 356 378 376
f 356 376 357
f 357 376 375
f 357 375 358
f 358 375 374
f 358 374 359
f 359 374 373
f 324 300 320
f 320 300 299
f 320 299 319
f 319 299 298
f 319 298 318
f 318 298 297
f 318 297 316
f 316 297 307
f 316 307 332
f 332 307 309
f 332 309 330
f 330 309 311
f 330 311 328
f 328 311 313
f 328 313 326
f 326 313 305
f 326 305 321
f 321 305 303
f 321 303 322
f 322 303 302
f 322 302 323
f 323 302 301
f 323 301 324
f 324 301 300
f 349 350 377
f 349 377 360
f 360 377 388
f 360 388 362
f 362 388 387
f 362 387 364
f 364 387 385
f 364 385 366
f 366 385 383
f 366 383 368
f 368 383 381
f 368 381 369
f 369 381 379
f 369 379 352
f 352 379 347
f 352 347 348
f 293 294 317
f 293 317 306
f 306 317 334
f 306 334 308
f 308 334 333
f 308 333 310
f 310 333 331
f 310 331 312
f 312 331 329
f 312 329 314
f 314 329 327
f 314 327 315
f 315 327 325
f 315 325 304
f 304 325 295
f 304 295 296
f 389 390 391
f 391 390 392
f 391 392 393
f 393 392 394
f 393 394 395
f 395 394 396
f 395 396 397
f 397 396 398
f 397 398 399
f 399 398 400
f 399 400 401
f 401 400 402
f 401 402 403
f 403 402 404
f 405 406 407
f 407 406 408
f 407 408 409
f 410 411 412
f 412 411 413
f 412 413 414
f 415 416 417
f 418 414 419
f 419 414 420
f 418 421 422
f 422 421 423
f 422 423 424
f 417 416 414
f 414 416 425
f 414 425 420
f 426 427 409
f 409 427 428
f 409 428 429
f 429 428 430
f 429 430 431
f 431 432 429
f 429 432 433
f 429 433 434
f 434 433 435
f 434 435 436
f 426 409 437
f 437 409 414
f 437 414 438
f 434 439 429
f 429 439 440
f 429 440 417
f 417 440 441
f 417 441 415
f 418 422 414
f 414 422 442
f 414 442 438
f 422 443 442
f 442 443 444
f 442 444 445
f 445 444 446
f 445 446 435
f 435 446 447
f 435 447 436
f 434 448 439
f 439 448 449
f 439 449 450
f 450 449 451
f 450 451 423
f 423 451 452
f 423 452 424
f 453 454 455
f 456 457 458
f 458 457 459
f 460 461 462
f 462 461 463
f 462 463 464
f 455 454 465
f 465 454 466
f 465 466 467
f 468 457 469
f 457 470 459
f 459 470 471
f 459 471 472
f 469 457 473
f 456 474 457
f 457 474 475
f 457 475 476
f 477 478 465
f 465 478 479
f 465 479 463
f 463 479 480
f 463 480 464
f 460 481 461
f 461 481 482
f 461 482 473
f 473 457 461
f 461 457 476
f 461 476 455
f 455 476 483
f 455 483 453
f 472 484 459
f 459 484 465
f 459 465 485
f 485 465 467
f 484 486 465
f 465 486 487
f 465 487 477
f 487 488 477
f 477 488 489
f 477 489 490
f 490 489 491
f 490 491 469
f 469 491 492
f 469 492 468
f 455 429 461
f 461 429 417
f 432 483 433
f 433 483 476
f 433 476 435
f 435 476 475
f 435 475 445
f 445 475 474
f 445 474 442
f 442 474 456
f 442 456 438
f 438 456 458
f 438 458 437
f 437 458 459
f 437 459 426
f 426 459 485
f 426 485 427
f 427 485 467
f 427 467 428
f 428 467 466
f 428 466 430
f 430 466 454
f 430 454 431
f 431 454 453
f 431 453 432
f 432 453 483
f 434 457 448
f 448 457 468
f 448 468 449
f 449 468 492
f 449 492 451
f 451 492 491
f 451 491 452
f 452 491 489
f 452 489 424
f 424 489 488
f 424 488 422
f 422 488 487
f 422 487 443
f 443 487 486
f 443 486 444
f 444 486 484
f 444 484 446
f 446 484 472
f 446 472 447
f 447 472 471
f 447 471 436
f 436 471 470
f 436 470 434
f 434 470 457
f 441 482 415
f 415 482 481
f 415 481 416
f 416 481 460
f 416 460 425
f 425 460 462
f 425 462 420
f 420 462 464
f 420 464 419
f 419 464 480
f 419 480 418
f 418 480 479
f 418 479 421
f 421 479 478
f 421 478 423
f 423 478 477
f 423 477 450
f 450 477 490
f 450 490 439
f 439 490 469
f 439 469 440
f 440 469 473
f 440 473 441
f 441 473 482
f 405 407 493
f 493 407 494
f 493 494 495
f 495 494 496
f 495 496 497
f 497 496 498
f 499 500 501
f 501 500 502
f 501 502 503
f 503 502 504
f 503 504 455
f 455 504 429
f 409 429 504
f 494 407 409
f 409 504 494
f 494 504 502
f 494 502 496
f 500 505 502
f 502 505 506
f 502 506 496
f 496 506 507
f 496 507 508
f 508 509 496
f 496 509 510
f 496 510 498
f 495 497 511
f 511 512 495
f 495 512 513
f 495 513 514
f 499 501 515
f 515 501 516
f 514 516 495
f 495 516 501
f 495 501 493
f 493 501 503
f 503 455 465
f 503 465 493
f 493 465 406
f 493 406 405
f 517 518 519
f 519 518 520
f 519 520 521
f 521 520 522
f 521 522 523
f 523 522 524
f 523 524 525
f 525 524 526
f 525 526 527
f 527 526 528
f 527 528 529
f 529 528 530
f 529 530 531
f 531 530 532
f 531 532 533
f 533 532 534
f 533 534 499
f 499 534 500
f 498 535 497
f 497 535 536
f 522 520 537
f 500 534 538
f 539 540 541
f 542 543 544
f 535 498 510
f 545 546 547
f 547 546 548
f 547 548 549
f 535 510 549
f 550 551 540
f 540 551 545
f 540 545 541
f 541 545 547
f 552 553 554
f 552 554 555
f 556 557 558
f 556 559 560
f 561 562 563
f 563 562 557
f 563 557 564
f 543 565 544
f 544 565 566
f 544 566 559
f 560 567 556
f 556 567 568
f 556 568 557
f 557 568 569
f 557 569 564
f 570 571 572
f 572 571 573
f 574 575 576
f 395 397 577
f 561 542 562
f 562 542 544
f 562 544 578
f 578 544 576
f 578 576 572
f 572 576 575
f 572 575 570
f 391 393 579
f 391 579 389
f 395 577 393
f 571 580 573
f 573 580 581
f 573 581 579
f 579 581 582
f 579 582 389
f 397 399 577
f 577 399 401
f 577 401 576
f 576 401 403
f 576 403 574
f 583 573 584
f 585 586 587
f 588 585 589
f 590 591 592
f 592 591 593
f 592 593 594
f 537 520 592
f 592 520 518
f 592 518 590
f 595 596 597
f 538 598 599
f 599 598 600
f 599 600 601
f 596 602 597
f 597 602 603
f 597 603 604
f 604 603 605
f 604 605 532
f 605 606 532
f 532 606 607
f 532 607 534
f 534 607 608
f 534 608 538
f 538 608 609
f 538 609 598
f 553 610 611
f 611 610 539
f 611 539 612
f 613 614 615
f 583 584 616
f 616 584 617
f 616 617 618
f 618 617 619
f 618 619 586
f 586 619 620
f 586 620 587
f 587 620 621
f 587 621 615
f 615 621 622
f 615 622 613
f 614 623 624
f 624 623 625
f 624 625 579
f 579 625 626
f 579 626 573
f 573 626 627
f 573 627 584
f 628 629 594
f 594 629 630
f 594 630 592
f 592 630 631
f 592 631 632
f 633 537 634
f 634 537 592
f 634 592 635
f 635 592 632
f 633 636 537
f 537 636 637
f 537 637 638
f 638 637 639
f 638 639 640
f 641 642 643
f 643 644 641
f 641 644 645
f 641 645 646
f 645 647 646
f 646 647 648
f 646 648 649
f 650 651 652
f 649 653 646
f 646 653 654
f 646 654 655
f 655 654 530
f 655 530 528
f 649 656 653
f 653 656 657
f 653 657 650
f 650 657 658
f 650 658 651
f 659 660 661
f 661 660 662
f 661 662 663
f 663 662 664
f 663 664 665
f 522 537 666
f 666 537 638
f 666 638 667
f 667 638 663
f 667 663 668
f 668 663 665
f 668 665 669
f 669 670 668
f 668 670 671
f 668 671 672
f 672 671 673
f 673 674 672
f 672 674 675
f 672 675 676
f 677 678 679
f 679 678 680
f 679 680 681
f 682 683 508
f 508 683 684
f 685 686 687
f 687 686 688
f 688 689 687
f 687 689 690
f 687 690 679
f 679 690 691
f 679 691 677
f 500 538 505
f 505 538 599
f 505 599 506
f 506 599 692
f 506 692 507
f 507 692 679
f 507 679 508
f 508 679 681
f 508 681 682
f 693 694 509
f 509 694 695
f 509 695 696
f 684 697 508
f 508 697 698
f 508 698 509
f 509 698 699
f 509 699 693
f 614 624 615
f 615 624 700
f 615 700 672
f 672 700 701
f 672 701 668
f 668 701 702
f 668 702 667
f 667 702 703
f 667 703 666
f 666 703 524
f 666 524 522
f 549 510 547
f 547 510 509
f 547 509 687
f 687 509 696
f 687 696 685
f 393 577 579
f 579 577 704
f 579 704 624
f 624 704 705
f 624 705 700
f 700 705 706
f 700 706 701
f 701 706 707
f 701 707 702
f 702 707 708
f 702 708 703
f 703 708 526
f 703 526 524
f 585 587 589
f 589 587 615
f 589 615 709
f 709 615 672
f 709 672 661
f 661 672 676
f 661 676 659
f 588 589 710
f 710 589 709
f 710 709 711
f 711 709 661
f 711 661 712
f 712 661 663
f 712 663 713
f 713 663 638
f 713 638 594
f 594 638 640
f 594 640 628
f 593 714 594
f 594 714 715
f 594 715 713
f 713 715 716
f 713 716 712
f 712 716 717
f 712 717 711
f 711 717 718
f 711 718 710
f 710 718 719
f 710 719 588
f 539 541 612
f 612 541 547
f 612 547 720
f 720 547 687
f 720 687 721
f 721 687 679
f 721 679 722
f 722 679 692
f 722 692 723
f 723 692 599
f 723 599 597
f 597 599 601
f 597 601 595
f 553 611 554
f 554 611 612
f 554 612 724
f 724 612 720
f 724 720 725
f 725 720 721
f 725 721 726
f 726 721 722
f 726 722 727
f 727 722 723
f 727 723 650
f 650 723 597
f 650 597 653
f 653 597 604
f 653 604 654
f 654 604 532
f 654 532 530
f 539 728 540
f 540 728 729
f 540 729 550
f 550 729 730
f 550 730 731
f 731 730 732
f 731 732 733
f 733 732 734
f 733 734 735
f 735 734 736
f 735 736 737
f 737 736 738
f 737 738 739
f 739 738 555
f 739 555 558
f 558 555 554
f 558 554 556
f 556 554 724
f 556 724 740
f 740 724 725
f 740 725 741
f 741 725 726
f 741 726 742
f 742 726 727
f 742 727 743
f 743 727 650
f 743 650 641
f 641 650 652
f 641 652 642
f 559 556 544
f 544 556 740
f 544 740 576
f 576 740 741
f 576 741 577
f 577 741 742
f 577 742 704
f 704 742 743
f 704 743 705
f 705 743 641
f 705 641 706
f 706 641 646
f 706 646 707
f 707 646 655
f 707 655 708
f 708 655 528
f 708 528 526
f 744 745 746
f 747 748 749
f 750 751 752
f 753 754 755
f 754 753 756
f 757 758 517
f 757 517 759
f 760 761 757
f 757 761 762
f 757 762 758
f 763 749 764
f 764 749 765
f 764 765 766
f 766 765 767
f 766 767 768
f 768 767 769
f 768 769 770
f 770 769 771
f 770 771 772
f 772 771 773
f 772 773 774
f 774 773 775
f 774 775 776
f 400 398 748
f 765 777 778
f 778 777 779
f 778 779 780
f 398 396 748
f 748 396 394
f 748 394 749
f 749 394 392
f 392 390 749
f 749 390 781
f 749 781 765
f 765 781 782
f 765 782 777
f 783 784 752
f 752 784 404
f 752 404 748
f 748 404 402
f 748 402 400
f 785 786 751
f 751 786 778
f 751 778 752
f 752 778 780
f 752 780 783
f 750 787 751
f 751 787 788
f 751 788 785
f 789 790 791
f 791 790 785
f 791 785 792
f 792 785 788
f 793 794 795
f 795 794 790
f 795 790 796
f 796 790 789
f 797 798 799
f 799 798 800
f 799 800 801
f 801 800 802
f 754 803 804
f 803 754 805
f 805 754 756
f 805 756 806
f 806 756 807
f 806 807 808
f 808 807 809
f 808 809 810
f 810 809 811
f 810 811 812
f 812 811 813
f 812 813 802
f 802 813 814
f 802 814 801
f 536 815 816
f 815 817 816
f 816 817 818
f 816 818 755
f 755 818 819
f 755 819 753
f 820 821 822
f 822 823 824
f 823 825 824
f 824 825 826
f 824 826 827
f 826 828 827
f 827 828 829
f 827 829 830
f 831 531 832
f 832 531 533
f 829 833 830
f 830 833 834
f 830 834 533
f 533 834 835
f 533 835 832
f 836 837 838
f 838 837 794
f 838 794 839
f 839 794 793
f 840 841 842
f 776 775 843
f 843 775 844
f 843 844 845
f 497 536 511
f 511 536 816
f 511 816 512
f 512 816 846
f 836 750 837
f 837 750 752
f 837 752 847
f 847 752 748
f 847 748 848
f 848 748 747
f 848 747 849
f 512 850 513
f 513 850 851
f 513 851 852
f 853 854 855
f 853 855 856
f 846 857 858
f 859 860 512
f 512 860 861
f 512 861 850
f 852 862 513
f 513 862 863
f 513 863 864
f 854 865 855
f 855 865 866
f 855 866 846
f 846 866 867
f 846 867 857
f 858 868 846
f 846 868 869
f 846 869 512
f 512 869 870
f 512 870 859
f 801 790 799
f 799 790 794
f 799 794 871
f 871 794 837
f 871 837 872
f 872 837 847
f 872 847 873
f 873 847 848
f 873 848 874
f 874 848 849
f 874 849 746
f 842 875 876
f 841 845 842
f 842 845 844
f 842 844 875
f 875 844 877
f 804 878 754
f 754 878 879
f 754 879 755
f 755 879 880
f 755 880 816
f 816 880 881
f 816 881 846
f 846 881 882
f 846 882 855
f 855 882 883
f 855 883 884
f 884 883 885
f 878 797 879
f 879 797 799
f 879 799 880
f 880 799 871
f 880 871 881
f 881 871 872
f 881 872 882
f 882 872 873
f 882 873 883
f 883 873 874
f 883 874 885
f 885 874 746
f 886 876 887
f 887 876 875
f 887 875 888
f 888 875 877
f 888 877 889
f 889 877 890
f 889 890 891
f 892 893 894
f 891 895 889
f 889 895 896
f 889 896 893
f 893 896 897
f 893 897 894
f 894 898 892
f 892 898 899
f 892 899 900
f 901 902 877
f 877 902 903
f 877 903 890
f 773 904 775
f 775 904 905
f 775 905 844
f 844 905 906
f 844 906 877
f 877 906 892
f 877 892 901
f 901 892 900
f 907 908 909
f 909 908 910
f 909 910 911
f 911 910 912
f 911 912 913
f 913 912 914
f 913 914 915
f 915 914 916
f 915 916 917
f 744 746 918
f 745 919 746
f 746 919 824
f 746 824 885
f 885 824 827
f 885 827 884
f 745 920 919
f 919 920 921
f 919 921 922
f 922 921 923
f 924 925 886
f 886 925 926
f 886 926 927
f 763 840 749
f 749 840 842
f 749 842 747
f 747 842 876
f 747 876 849
f 849 876 886
f 849 886 746
f 746 886 927
f 746 927 918
f 923 928 922
f 922 928 929
f 922 929 924
f 924 886 922
f 922 886 887
f 922 887 930
f 930 887 888
f 930 888 931
f 931 888 889
f 931 889 932
f 932 889 893
f 932 893 933
f 759 934 935
f 936 937 917
f 938 939 757
f 935 940 759
f 759 940 941
f 759 941 757
f 757 941 942
f 757 942 938
f 943 944 933
f 933 944 945
f 916 760 917
f 917 760 757
f 917 757 936
f 936 757 939
f 937 943 917
f 917 943 933
f 917 933 915
f 915 933 893
f 915 893 913
f 913 893 892
f 913 892 911
f 911 892 906
f 911 906 909
f 909 906 905
f 909 905 907
f 907 905 904
f 822 824 820
f 820 824 919
f 820 919 946
f 946 919 922
f 946 922 947
f 947 922 930
f 947 930 948
f 948 930 931
f 948 931 949
f 949 931 932
f 949 932 950
f 950 932 933
f 950 933 759
f 759 933 945
f 759 945 934
f 864 856 513
f 513 856 855
f 513 855 514
f 514 855 884
f 514 884 516
f 516 884 827
f 516 827 515
f 515 827 830
f 515 830 499
f 499 830 533
f 517 519 759
f 759 519 521
f 759 521 950
f 950 521 523
f 950 523 949
f 949 523 525
f 949 525 948
f 948 525 527
f 948 527 947
f 947 527 529
f 947 529 946
f 946 529 531
f 946 531 820
f 820 531 831
f 820 831 821
f 518 517 758
f 518 758 590
f 590 758 762
f 590 762 591
f 591 762 761
f 591 761 593
f 908 719 910
f 910 719 718
f 910 718 912
f 912 718 717
f 912 717 914
f 914 717 716
f 914 716 916
f 916 716 715
f 916 715 760
f 760 715 714
f 760 714 761
f 761 714 593
f 719 908 588
f 588 908 907
f 588 907 585
f 585 907 904
f 585 904 586
f 586 904 773
f 586 773 618
f 618 773 771
f 618 771 616
f 616 771 769
f 616 769 583
f 583 769 767
f 583 767 573
f 573 767 765
f 573 765 572
f 572 765 778
f 572 778 578
f 578 778 786
f 578 786 562
f 562 786 785
f 562 785 557
f 557 785 790
f 557 790 558
f 558 790 801
f 558 801 739
f 739 801 814
f 739 814 813
f 739 813 737
f 737 813 811
f 737 811 735
f 735 811 809
f 735 809 733
f 733 809 807
f 733 807 731
f 818 546 819
f 819 546 545
f 819 545 753
f 753 545 551
f 753 551 756
f 756 551 550
f 756 550 807
f 807 550 731
f 546 818 548
f 548 818 817
f 548 817 549
f 549 817 815
f 549 815 535
f 535 815 536
f 730 805 732
f 732 805 806
f 732 806 734
f 734 806 808
f 734 808 736
f 736 808 810
f 736 810 738
f 738 810 812
f 738 812 555
f 555 812 802
f 555 802 552
f 552 802 800
f 552 800 553
f 553 800 798
f 553 798 610
f 610 798 797
f 610 797 539
f 539 797 878
f 539 878 728
f 728 878 804
f 728 804 729
f 729 804 803
f 729 803 730
f 730 803 805
f 598 833 600
f 600 833 829
f 600 829 601
f 601 829 828
f 601 828 595
f 595 828 826
f 595 826 596
f 596 826 825
f 596 825 602
f 602 825 823
f 602 823 603
f 603 823 822
f 603 822 605
f 605 822 821
f 605 821 606
f 606 821 831
f 606 831 607
f 607 831 832
f 607 832 608
f 608 832 835
f 608 835 609
f 609 835 834
f 609 834 598
f 598 834 833
f 673 890 674
f 674 890 903
f 674 903 675
f 675 903 902
f 675 902 676
f 676 902 901
f 676 901 659
f 659 901 900
f 659 900 660
f 660 900 899
f 660 899 662
f 662 899 898
f 662 898 664
f 664 898 894
f 664 894 665
f 665 894 897
f 665 897 669
f 669 897 896
f 669 896 670
f 670 896 895
f 670 895 671
f 671 895 891
f 671 891 673
f 673 891 890
f 658 745 651
f 651 745 744
f 651 744 652
f 652 744 918
f 652 918 642
f 642 918 927
f 642 927 643
f 643 927 926
f 643 926 644
f 644 926 925
f 644 925 645
f 645 925 924
f 645 924 647
f 647 924 929
f 647 929 648
f 648 929 928
f 648 928 649
f 649 928 923
f 649 923 656
f 656 923 921
f 656 921 657
f 657 921 920
f 657 920 658
f 658 920 745
f 637 934 639
f 639 934 945
f 639 945 640
f 640 945 944
f 640 944 628
f 628 944 943
f 628 943 629
f 629 943 937
f 629 937 630
f 630 937 936
f 630 936 631
f 631 936 939
f 631 939 632
f 632 939 938
f 632 938 635
f 635 938 942
f 635 942 634
f 634 942 941
f 634 941 633
f 633 941 940
f 633 940 636
f 636 940 935
f 636 935 637
f 637 935 934
f 461 417 951
f 951 417 952
f 951 952 953
f 953 952 954
f 953 954 955
f 955 954 956
f 957 958 959
f 959 958 960
f 959 960 961
f 961 960 962
f 961 962 411
f 411 962 413
f 963 956 954
f 414 413 962
f 414 962 417
f 417 962 952
f 952 962 960
f 952 960 954
f 958 964 960
f 960 964 965
f 960 965 966
f 966 967 960
f 960 967 968
f 960 968 954
f 954 968 969
f 954 969 963
f 463 461 951
f 955 970 953
f 953 970 971
f 972 973 959
f 959 973 974
f 974 975 959
f 959 975 976
f 959 976 957
f 961 411 410
f 410 463 961
f 961 463 951
f 961 951 959
f 959 951 953
f 959 953 972
f 972 953 971
f 955 956 977
f 977 956 978
f 977 978 979
f 979 978 980
f 979 980 981
f 981 980 982
f 981 982 983
f 983 982 984
f 983 984 985
f 985 984 986
f 985 986 987
f 987 986 988
f 987 988 989
f 989 988 990
f 989 990 991
f 991 990 992
f 991 992 993
f 993 992 994
f 993 994 995
f 995 994 996
f 957 997 958
f 958 997 998
f 999 1000 1001
f 1001 1000 1002
f 1003 1004 1005
f 1005 1004 996
f 1005 996 1006
f 1007 1008 1009
f 1009 1008 1010
f 1009 1010 1011
f 1011 1010 1012
f 1013 1014 1009
f 1007 1009 1015
f 1015 1009 1014
f 1015 1014 1016
f 1017 1018 1019
f 1019 1018 1020
f 1019 1020 1021
f 1020 1022 1021
f 1021 1022 1023
f 1021 1023 1024
f 1025 1026 1027
f 1027 1026 1028
f 1027 1028 1029
f 1017 1019 1030
f 1030 1019 1031
f 1030 1031 1032
f 1033 1034 1035
f 1035 1034 1036
f 1035 1036 1037
f 1037 1036 1038
f 1039 1040 1041
f 1040 1039 1042
f 1042 1039 1043
f 1042 1043 1044
f 1044 1043 1045
f 1044 1045 1046
f 1046 1045 1047
f 1046 1047 1048
f 1048 1047 1049
f 1048 1049 1033
f 1033 1049 1050
f 1033 1050 1034
f 1051 1052 1039
f 1053 1051 1054
f 1054 1051 1039
f 1054 1039 1055
f 1055 1039 1041
f 964 958 998
f 1052 1051 1056
f 1056 1051 1057
f 1056 1057 1058
f 1059 1060 1061
f 1062 1063 1064
f 1059 1061 1064
f 1065 1066 969
f 969 1066 1067
f 969 1067 963
f 1067 1068 963
f 963 1068 1069
f 963 1069 956
f 1069 1070 956
f 956 1070 1071
f 956 1071 978
f 978 1071 1072
f 1073 1074 1075
f 1076 1077 1078
f 1078 1077 1079
f 1078 1079 1080
f 1075 1081 1073
f 1073 1081 1082
f 1073 1082 1083
f 1084 1001 1016
f 1016 1001 1002
f 1016 1002 1015
f 1084 1085 1001
f 1001 1085 1086
f 1001 1086 999
f 999 1086 1027
f 999 1027 1031
f 1031 1027 1029
f 1031 1029 1032
f 1085 1087 1086
f 1086 1087 1088
f 1086 1088 1074
f 1074 1088 1089
f 1074 1089 1075
f 1090 1091 1009
f 1009 1091 1092
f 1090 1009 1093
f 1093 1009 1011
f 1093 1011 1094
f 1095 1096 1097
f 1097 1096 1098
f 1097 1098 1011
f 1011 1098 1099
f 1011 1099 1094
f 1091 1100 1092
f 1092 1100 1101
f 1092 1101 1102
f 1103 1104 1105
f 1105 1104 1095
f 1034 1019 1036
f 1036 1019 1021
f 1036 1021 1106
f 1106 1021 1107
f 1106 1107 1108
f 1108 1107 1109
f 1108 1109 1110
f 1110 1109 1111
f 1110 1111 1112
f 1112 1111 1113
f 1095 1097 1105
f 1105 1097 1114
f 1105 1114 1115
f 1116 1117 1118
f 1116 1118 1119
f 1119 1118 1120
f 1119 1120 1121
f 1122 1123 1097
f 1097 1123 1124
f 1097 1124 1114
f 1125 1126 1116
f 1116 1126 1127
f 1116 1127 1117
f 1121 1122 1119
f 1119 1122 1097
f 1119 1097 1128
f 1128 1097 1011
f 1128 1011 1129
f 1129 1011 1012
f 1130 1131 1132
f 1133 1134 1135
f 1135 1134 1112
f 1135 1112 1136
f 1130 1132 1137
f 1131 1138 1132
f 1132 1138 1139
f 1132 1139 1113
f 1113 1139 1140
f 1140 1141 1113
f 1113 1141 1142
f 1113 1142 1112
f 1112 1142 1143
f 1112 1143 1136
f 1115 1125 1105
f 1105 1125 1116
f 1105 1116 1144
f 1144 1116 1145
f 1144 1145 1146
f 1129 1147 1128
f 1128 1147 1148
f 1128 1148 1119
f 1119 1148 1149
f 1119 1149 1116
f 1116 1149 1150
f 1116 1150 1145
f 1145 1150 1151
f 1079 1013 1080
f 1080 1013 1009
f 1080 1009 1078
f 1078 1009 1092
f 1078 1092 1152
f 1152 1092 1102
f 1152 1102 1153
f 1153 1102 1154
f 1153 1154 1155
f 1155 1154 1156
f 1146 1156 1157
f 1157 1158 1146
f 1146 1158 1159
f 1146 1159 1160
f 1160 1161 1146
f 1146 1161 1162
f 1146 1162 1144
f 1144 1162 1163
f 1144 1163 1164
f 1164 1165 1144
f 1144 1165 1154
f 1144 1154 1105
f 1105 1154 1102
f 1105 1102 1103
f 1103 1102 1101
f 1165 1166 1154
f 1154 1166 1167
f 1154 1167 1156
f 1156 1167 1168
f 1156 1168 1157
f 1145 1169 1170
f 1170 1171 1145
f 1145 1171 1172
f 1145 1172 1146
f 1171 1173 1172
f 1172 1173 1174
f 1172 1174 1175
f 1175 1174 1176
f 1175 1176 1177
f 1177 1178 1175
f 1175 1178 1179
f 1175 1179 1151
f 1179 1180 1151
f 1151 1180 1181
f 1151 1181 1145
f 1145 1181 1182
f 1145 1182 1169
f 998 1058 964
f 964 1058 1057
f 964 1057 965
f 965 1057 1183
f 965 1183 966
f 966 1183 1184
f 966 1184 967
f 967 1184 1185
f 967 1185 968
f 968 1185 1186
f 968 1186 969
f 969 1186 1061
f 969 1061 1065
f 1065 1061 1060
f 1054 1038 1053
f 1053 1038 1036
f 1053 1036 1051
f 1051 1036 1106
f 1051 1106 1057
f 1057 1106 1108
f 1057 1108 1183
f 1183 1108 1110
f 1183 1110 1184
f 1184 1110 1112
f 1184 1112 1185
f 1185 1112 1134
f 1185 1134 1186
f 1186 1134 1187
f 1186 1187 1061
f 1061 1187 1188
f 1133 1137 1134
f 1134 1137 1132
f 1134 1132 1187
f 1187 1132 1189
f 1187 1189 1188
f 1188 1189 1190
f 1024 1025 1021
f 1021 1025 1027
f 1021 1027 1107
f 1107 1027 1086
f 1107 1086 1109
f 1109 1086 1074
f 1109 1074 1111
f 1111 1074 1073
f 1111 1073 1113
f 1113 1073 1191
f 1113 1191 1132
f 1132 1191 1192
f 1132 1192 1189
f 1189 1192 1193
f 1189 1193 1190
f 1190 1193 1194
f 1194 1195 1196
f 1196 1195 1197
f 1198 1199 1193
f 1200 1155 1201
f 1201 1155 1202
f 1199 1203 1193
f 1193 1203 1204
f 1193 1204 1194
f 1194 1204 1205
f 1194 1205 1195
f 1197 1206 1196
f 1196 1206 1207
f 1196 1207 1202
f 1200 1198 1155
f 1155 1198 1193
f 1155 1193 1153
f 1153 1193 1192
f 1153 1192 1152
f 1152 1192 1191
f 1152 1191 1078
f 1078 1191 1073
f 1078 1073 1076
f 1076 1073 1083
f 1202 1155 1196
f 1196 1155 1156
f 1196 1156 1208
f 1208 1156 1146
f 1208 1146 1209
f 1209 1146 1172
f 1209 1172 1210
f 1210 1172 1175
f 1210 1175 1211
f 1212 1213 1214
f 1214 1213 1215
f 1214 1215 1216
f 1216 1215 1217
f 1216 1217 1218
f 1218 1217 1219
f 1218 1219 1220
f 1220 1219 1221
f 1220 1221 1222
f 1222 1221 1223
f 1222 1223 1224
f 1224 1223 1225
f 1224 1225 1005
f 1005 1225 1226
f 1005 1226 1003
f 1006 1227 1228
f 1228 1229 1006
f 1006 1229 1230
f 1006 1230 1005
f 1005 1230 1231
f 1231 1232 1005
f 1005 1232 1233
f 1005 1233 1224
f 1224 1233 1234
f 1224 1234 1235
f 1236 1237 1211
f 1211 1237 1238
f 1235 1236 1224
f 1224 1236 1211
f 1224 1211 1222
f 1222 1211 1175
f 1222 1175 1220
f 1220 1175 1151
f 1220 1151 1218
f 1218 1151 1150
f 1218 1150 1216
f 1216 1150 1149
f 1216 1149 1214
f 1214 1149 1148
f 1214 1148 1212
f 1212 1148 1147
f 1064 1061 1062
f 1062 1061 1188
f 1062 1188 1239
f 1239 1188 1190
f 1239 1190 1240
f 1240 1190 1194
f 1240 1194 1241
f 1241 1194 1196
f 1241 1196 1242
f 1242 1196 1208
f 1242 1208 1243
f 1243 1208 1209
f 1243 1209 1244
f 1244 1209 1210
f 1244 1210 1245
f 1245 1210 1211
f 1245 1211 1006
f 1006 1211 1238
f 1006 1238 1227
f 996 994 1006
f 1006 994 992
f 1006 992 1245
f 1245 992 990
f 1245 990 1244
f 1244 990 988
f 1244 988 1243
f 1243 988 986
f 1243 986 1242
f 1242 986 984
f 1242 984 1241
f 1241 984 982
f 1241 982 1240
f 1240 982 980
f 1240 980 1239
f 1239 980 978
f 1239 978 1062
f 1062 978 1072
f 1062 1072 1063
f 1246 1247 1248
f 991 993 1249
f 989 991 1250
f 987 989 1251
f 983 985 1252
f 979 981 1253
f 1254 1255 1256
f 997 957 976
f 1257 1258 1259
f 1259 1258 1260
f 1259 1260 997
f 1261 1262 1263
f 1263 1262 1264
f 1259 1265 1257
f 1257 1265 1263
f 1257 1263 1266
f 1266 1263 1264
f 1266 1264 1267
f 1268 1269 1270
f 1270 1269 1261
f 1271 1272 1273
f 1274 1275 1276
f 1276 1275 1272
f 1276 1272 1277
f 1278 1279 1280
f 1280 1279 1281
f 1271 1282 1272
f 1272 1282 1283
f 1272 1283 1277
f 1274 1278 1275
f 1275 1278 1280
f 1275 1280 1284
f 1284 1280 1285
f 1284 1285 1254
f 1286 1287 1288
f 1256 1255 1289
f 1290 1288 1291
f 1291 1288 1292
f 1291 1292 1293
f 1293 1292 1294
f 1295 1294 1296
f 1297 1295 1298
f 1299 1300 1301
f 1301 1300 1302
f 1301 1302 1303
f 1249 993 1301
f 1301 993 995
f 1301 995 1299
f 1304 1305 1306
f 970 1307 971
f 971 1307 1308
f 971 1308 1309
f 977 1310 955
f 955 1310 1311
f 955 1311 970
f 970 1311 1312
f 970 1312 1307
f 1305 1313 1306
f 1306 1313 1314
f 1306 1314 1315
f 1315 1314 1316
f 1315 1316 977
f 977 1316 1317
f 977 1317 1310
f 1290 1318 1288
f 1288 1318 1289
f 1288 1289 1286
f 1286 1289 1255
f 1286 1255 1319
f 1319 1255 1320
f 1254 1285 1255
f 1255 1285 1321
f 1255 1321 1320
f 1322 1323 1324
f 1325 1326 1327
f 1327 1326 1328
f 1327 1328 1329
f 1324 1330 1322
f 1322 1330 1331
f 1322 1331 1285
f 1285 1331 1332
f 1285 1332 1321
f 1329 1333 1323
f 1323 1333 1334
f 1323 1334 1324
f 1335 1336 1337
f 1337 1336 1338
f 1337 1338 1271
f 1271 1338 1339
f 1271 1339 1282
f 1340 1341 1288
f 1342 1292 1343
f 1344 1340 1345
f 1345 1340 1288
f 1345 1288 1325
f 1325 1288 1287
f 1341 1346 1288
f 1288 1346 1347
f 1288 1347 1292
f 1292 1347 1348
f 1292 1348 1343
f 1343 1349 1342
f 1342 1349 1350
f 1342 1350 1351
f 1351 1350 1352
f 1351 1352 1353
f 1344 1345 1354
f 1354 1345 1355
f 1354 1355 1353
f 1356 1249 1357
f 1357 1249 1301
f 1357 1301 1358
f 1358 1301 1359
f 1356 1360 1249
f 1249 1360 1361
f 1249 1361 1362
f 1362 1361 1363
f 1362 1363 1364
f 1365 1366 1303
f 1303 1366 1367
f 1303 1367 1301
f 1301 1367 1368
f 1301 1368 1359
f 1369 1370 1371
f 1370 1372 1371
f 1371 1372 1373
f 1371 1373 1374
f 1373 1375 1374
f 1374 1375 1376
f 1374 1376 1377
f 983 1252 1378
f 1378 1252 1374
f 1378 1374 1379
f 1379 1374 1377
f 1379 1377 1380
f 1380 1381 1379
f 1379 1381 1382
f 1379 1382 1383
f 1383 1382 1384
f 1383 1384 1385
f 1386 1387 1388
f 1389 1390 1391
f 1391 1390 1392
f 1391 1392 1393
f 1393 1392 1394
f 1393 1394 1395
f 1396 1397 1398
f 987 1251 1399
f 1399 1251 1400
f 1399 1400 1401
f 1401 1400 1386
f 1401 1386 1391
f 1391 1386 1388
f 1391 1388 1389
f 1397 1402 1398
f 1398 1402 1403
f 1398 1403 1386
f 1386 1403 1404
f 1386 1404 1387
f 1405 1406 1407
f 1408 1409 1410
f 1411 1412 1413
f 1413 1412 1414
f 1413 1414 1415
f 1415 1414 1416
f 1415 1416 1417
f 991 1249 1250
f 1250 1249 1362
f 1250 1362 1418
f 1418 1362 1415
f 1418 1415 1407
f 1407 1415 1417
f 1407 1417 1405
f 1406 1419 1407
f 1407 1419 1420
f 1407 1420 1410
f 1410 1420 1421
f 1410 1421 1408
f 1422 1423 1424
f 1425 1426 1427
f 1428 1429 1430
f 1423 1431 1424
f 1424 1431 1432
f 1424 1432 1433
f 1432 1434 1433
f 1433 1434 1435
f 1433 1435 1436
f 1425 1427 1428
f 1428 1427 1437
f 1428 1437 1429
f 979 1253 1438
f 1438 1253 1439
f 1438 1439 1440
f 1440 1439 1441
f 1440 1441 1442
f 1442 1441 1433
f 1442 1433 1425
f 1425 1433 1436
f 1425 1436 1426
f 1353 1355 1351
f 1351 1355 1393
f 1351 1393 1398
f 1398 1393 1395
f 1398 1395 1396
f 1329 1323 1327
f 1327 1323 1443
f 1327 1443 1444
f 1444 1443 1445
f 1444 1445 1446
f 1446 1445 1383
f 1446 1383 1371
f 1371 1383 1385
f 1371 1385 1369
f 1325 1327 1345
f 1345 1327 1444
f 1345 1444 1355
f 1355 1444 1446
f 1355 1446 1393
f 1393 1446 1371
f 1393 1371 1391
f 1391 1371 1374
f 1391 1374 1401
f 1401 1374 1252
f 1401 1252 1399
f 1399 1252 985
f 1399 985 987
f 1246 1447 1247
f 1247 1447 1448
f 1247 1448 1449
f 1450 1451 1351
f 1351 1451 1452
f 1351 1452 1342
f 1342 1452 1453
f 1342 1453 1454
f 989 1250 1251
f 1251 1250 1418
f 1251 1418 1400
f 1400 1418 1407
f 1400 1407 1386
f 1386 1407 1410
f 1386 1410 1398
f 1398 1410 1247
f 1398 1247 1351
f 1351 1247 1449
f 1351 1449 1450
f 1455 1456 1248
f 1248 1456 1457
f 1248 1457 1246
f 997 976 1259
f 1259 976 975
f 1259 975 1458
f 1458 975 974
f 1458 974 1459
f 1459 974 973
f 1459 973 1460
f 1460 973 972
f 1460 972 1461
f 1461 972 971
f 1461 971 1306
f 1306 971 1309
f 1306 1309 1304
f 1294 1292 1296
f 1296 1292 1342
f 1296 1342 1248
f 1248 1342 1454
f 1248 1454 1455
f 1295 1296 1298
f 1298 1296 1248
f 1298 1248 1462
f 1462 1248 1247
f 1462 1247 1463
f 1463 1247 1410
f 1463 1410 1413
f 1413 1410 1409
f 1413 1409 1411
f 1297 1298 1464
f 1464 1298 1462
f 1464 1462 1465
f 1465 1462 1463
f 1465 1463 1466
f 1466 1463 1413
f 1466 1413 1467
f 1467 1413 1415
f 1467 1415 1468
f 1468 1415 1362
f 1468 1362 1303
f 1303 1362 1364
f 1303 1364 1365
f 1302 1469 1303
f 1303 1469 1470
f 1303 1470 1468
f 1468 1470 1471
f 1468 1471 1467
f 1467 1471 1472
f 1467 1472 1466
f 1466 1472 1473
f 1466 1473 1465
f 1465 1473 1474
f 1465 1474 1464
f 1464 1474 1475
f 1464 1475 1297
f 1281 1335 1280
f 1280 1335 1337
f 1280 1337 1285
f 1285 1337 1476
f 1285 1476 1322
f 1322 1476 1477
f 1322 1477 1323
f 1323 1477 1424
f 1323 1424 1443
f 1443 1424 1433
f 1443 1433 1445
f 1445 1433 1441
f 1445 1441 1383
f 1383 1441 1439
f 1383 1439 1379
f 1379 1439 1253
f 1379 1253 1378
f 1378 1253 981
f 1378 981 983
f 1261 1263 1270
f 1270 1263 1265
f 1270 1265 1478
f 1478 1265 1259
f 1478 1259 1479
f 1479 1259 1458
f 1479 1458 1480
f 1480 1458 1459
f 1480 1459 1428
f 1428 1459 1460
f 1428 1460 1425
f 1425 1460 1461
f 1425 1461 1442
f 1442 1461 1306
f 1442 1306 1440
f 1440 1306 1315
f 1440 1315 1438
f 1438 1315 977
f 1438 977 979
f 1267 1481 1266
f 1266 1481 1482
f 1266 1482 1483
f 1483 1482 1484
f 1483 1484 1485
f 1485 1484 1486
f 1485 1486 1487
f 1487 1486 1488
f 1487 1488 1489
f 1489 1488 1490
f 1489 1490 1491
f 1491 1490 1268
f 1491 1268 1273
f 1273 1268 1270
f 1273 1270 1271
f 1271 1270 1478
f 1271 1478 1337
f 1337 1478 1479
f 1337 1479 1476
f 1476 1479 1480
f 1476 1480 1477
f 1477 1480 1428
f 1477 1428 1424
f 1424 1428 1430
f 1424 1430 1422
f 998 997 1058
f 1058 997 1260
f 1058 1260 1056
f 1056 1260 1258
f 1056 1258 1052
f 1052 1258 1257
f 1483 1043 1266
f 1266 1043 1039
f 1266 1039 1257
f 1257 1039 1052
f 1043 1483 1485
f 1043 1485 1045
f 1045 1485 1487
f 1045 1487 1047
f 1047 1487 1489
f 1047 1489 1049
f 1049 1489 1491
f 1049 1491 1050
f 1318 1007 1289
f 1289 1007 1015
f 1289 1015 1256
f 1256 1015 1002
f 1256 1002 1254
f 1254 1002 1000
f 1254 1000 1284
f 1284 1000 999
f 1284 999 1275
f 1275 999 1031
f 1275 1031 1272
f 1272 1031 1019
f 1272 1019 1273
f 1273 1019 1034
f 1273 1034 1491
f 1491 1034 1050
f 1007 1318 1008
f 1008 1318 1290
f 1008 1290 1010
f 1010 1290 1291
f 1010 1291 1012
f 1012 1291 1293
f 1012 1293 1129
f 1129 1293 1294
f 1129 1294 1147
f 1147 1294 1295
f 1147 1295 1212
f 1212 1295 1297
f 1212 1297 1213
f 1213 1297 1475
f 1473 1215 1474
f 1474 1215 1213
f 1474 1213 1475
f 1302 1226 1469
f 1469 1226 1225
f 1469 1225 1470
f 1470 1225 1223
f 1470 1223 1471
f 1471 1223 1221
f 1471 1221 1472
f 1472 1221 1219
f 1472 1219 1473
f 1473 1219 1217
f 1473 1217 1215
f 1226 1302 1300
f 1226 1300 1003
f 1003 1300 1299
f 1003 1299 1004
f 1004 1299 995
f 1004 995 996
f 1035 1269 1033
f 1033 1269 1268
f 1033 1268 1048
f 1048 1268 1490
f 1048 1490 1046
f 1046 1490 1488
f 1046 1488 1044
f 1044 1488 1486
f 1044 1486 1042
f 1042 1486 1484
f 1042 1484 1040
f 1040 1484 1482
f 1040 1482 1041
f 1041 1482 1481
f 1041 1481 1055
f 1055 1481 1267
f 1055 1267 1054
f 1054 1267 1264
f 1054 1264 1038
f 1038 1264 1262
f 1038 1262 1037
f 1037 1262 1261
f 1037 1261 1035
f 1035 1261 1269
f 1089 1331 1075
f 1075 1331 1330
f 1075 1330 1081
f 1081 1330 1324
f 1081 1324 1082
f 1082 1324 1334
f 1082 1334 1083
f 1083 1334 1333
f 1083 1333 1076
f 1076 1333 1329
f 1076 1329 1077
f 1077 1329 1328
f 1077 1328 1079
f 1079 1328 1326
f 1118 1246 1120
f 1120 1246 1457
f 1120 1457 1121
f 1121 1457 1456
f 1121 1456 1122
f 1122 1456 1455
f 1122 1455 1123
f 1123 1455 1454
f 1123 1454 1124
f 1124 1454 1453
f 1124 1453 1114
f 1114 1453 1452
f 1114 1452 1115
f 1115 1452 1451
f 1115 1451 1125
f 1125 1451 1450
f 1125 1450 1126
f 1126 1450 1449
f 1126 1449 1127
f 1127 1449 1448
f 1127 1448 1117
f 1117 1448 1447
f 1117 1447 1118
f 1118 1447 1246
f 1064 1314 1059
f 1059 1314 1313
f 1059 1313 1060
f 1060 1313 1305
f 1060 1305 1065
f 1065 1305 1304
f 1065 1304 1066
f 1066 1304 1309
f 1066 1309 1067
f 1067 1309 1308
f 1067 1308 1068
f 1068 1308 1307
f 1068 1307 1069
f 1069 1307 1312
f 1069 1312 1070
f 1070 1312 1311
f 1070 1311 1071
f 1071 1311 1310
f 1071 1310 1072
f 1072 1310 1317
f 1072 1317 1063
f 1063 1317 1316
f 1063 1316 1064
f 1064 1316 1314
f 1233 1368 1234
f 1234 1368 1367
f 1234 1367 1235
f 1235 1367 1366
f 1235 1366 1236
f 1236 1366 1365
f 1236 1365 1237
f 1237 1365 1364
f 1237 1364 1238
f 1238 1364 1363
f 1238 1363 1227
f 1227 1363 1361
f 1227 1361 1228
f 1228 1361 1360
f 1228 1360 1229
f 1229 1360 1356
f 1229 1356 1230
f 1230 1356 1357
f 1230 1357 1231
f 1231 1357 1358
f 1231 1358 1232
f 1232 1358 1359
f 1232 1359 1233
f 1233 1359 1368
f 1202 1373 1201
f 1201 1373 1372
f 1201 1372 1200
f 1200 1372 1370
f 1200 1370 1198
f 1198 1370 1369
f 1198 1369 1199
f 1199 1369 1385
f 1199 1385 1203
f 1203 1385 1384
f 1203 1384 1204
f 1204 1384 1382
f 1204 1382 1205
f 1205 1382 1381
f 1205 1381 1195
f 1195 1381 1380
f 1195 1380 1197
f 1197 1380 1377
f 1197 1377 1206
f 1206 1377 1376
f 1206 1376 1207
f 1207 1376 1375
f 1207 1375 1202
f 1202 1375 1373
f 1139 1432 1140
f 1140 1432 1431
f 1140 1431 1141
f 1141 1431 1423
f 1141 1423 1142
f 1142 1423 1422
f 1142 1422 1143
f 1143 1422 1430
f 1143 1430 1136
f 1136 1430 1429
f 1136 1429 1135
f 1135 1429 1437
f 1135 1437 1133
f 1133 1437 1427
f 1133 1427 1137
f 1137 1427 1426
f 1137 1426 1130
f 1130 1426 1436
f 1130 1436 1131
f 1131 1436 1435
f 1131 1435 1138
f 1138 1435 1434
f 1138 1434 1139
f 1139 1434 1432
f 1492 1493 1494
f 1494 1493 1495
f 1494 1495 1496
f 1496 1495 1497
f 1496 1497 410
f 410 1497 1498
f 410 1498 463
f 1499 1500 1501
f 1501 1500 1502
f 1501 1502 1503
f 1503 1502 1504
f 1503 1504 1505
f 1505 1504 406
f 1505 406 465
f 409 408 414
f 414 408 412
f 412 408 410
f 410 408 406
f 410 406 1496
f 406 1504 1496
f 1496 1504 1502
f 1496 1502 1494
f 1494 1502 1500
f 1494 1500 1492
f 1493 1499 1495
f 1495 1499 1501
f 1495 1501 1497
f 1497 1501 1503
f 1497 1503 1498
f 1498 1503 1505
f 1498 1505 463
f 463 1505 465
f 1506 1507 1499
f 1499 1507 1500
f 1508 1509 1492
f 1492 1509 1493
f 1507 1508 1500
f 1500 1508 1492
f 1493 1509 1499
f 1499 1509 1506
f 1508 1507 1509
f 1509 1507 1506
f 1326 1325 1079
f 1079 1325 1013
f 1332 1331 1088
f 1088 1331 1089
f 1013 1325 1014
f 1014 1325 1287
f 1014 1287 1016
f 1016 1287 1286
f 1016 1286 1084
f 1084 1286 1319
f 1084 1319 1085
f 1085 1319 1320
f 1085 1320 1087
f 1087 1320 1321
f 1087 1321 1088
f 1088 1321 1332
f 781 582 782
f 782 582 581
f 782 581 777
f 777 581 580
f 777 580 779
f 779 580 571
f 779 571 780
f 780 571 570
f 780 570 783
f 783 570 575
f 783 575 784
f 784 575 574
f 389 582 390
f 390 582 781
f 574 403 784
f 784 403 404
f 1098 1510 1099
f 1099 1510 1511
f 1099 1511 1094
f 1094 1511 1512
f 1094 1512 1093
f 1093 1512 1513
f 1093 1513 1090
f 1090 1513 1514
f 1090 1514 1091
f 1091 1514 1515
f 1091 1515 1100
f 1100 1515 1516
f 1100 1516 1101
f 1101 1516 1517
f 1101 1517 1103
f 1103 1517 1518
f 1103 1518 1104
f 1104 1518 1519
f 1104 1519 1095
f 1095 1519 1520
f 1095 1520 1096
f 1096 1520 1521
f 1096 1521 1098
f 1098 1521 1510
f 1029 1522 1032
f 1032 1522 1523
f 1032 1523 1030
f 1030 1523 1524
f 1030 1524 1017
f 1017 1524 1525
f 1017 1525 1018
f 1018 1525 1526
f 1018 1526 1020
f 1020 1526 1527
f 1020 1527 1022
f 1022 1527 1528
f 1022 1528 1023
f 1023 1528 1529
f 1023 1529 1024
f 1024 1529 1530
f 1024 1530 1025
f 1025 1530 1531
f 1025 1531 1026
f 1026 1531 1532
f 1026 1532 1028
f 1028 1532 1533
f 1028 1533 1029
f 1029 1533 1522
f 1534 621 1535
f 1535 621 620
f 1535 620 1536
f 1536 620 619
f 1536 619 1537
f 1537 619 617
f 1537 617 1538
f 1538 617 584
f 1538 584 1539
f 1539 584 627
f 1539 627 1540
f 1540 627 626
f 1540 626 1541
f 1541 626 625
f 1541 625 1542
f 1542 625 623
f 1542 623 1543
f 1543 623 614
f 1543 614 1544
f 1544 614 613
f 1544 613 1545
f 1545 613 622
f 1545 622 1534
f 1534 622 621
f 1546 543 1547
f 1547 543 542
f 1547 542 1548
f 1548 542 561
f 1548 561 1549
f 1549 561 563
f 1549 563 1550
f 1550 563 564
f 1550 564 1551
f 1551 564 569
f 1551 569 1552
f 1552 569 568
f 1552 568 1553
f 1553 568 567
f 1553 567 1554
f 1554 567 560
f 1554 560 1555
f 1555 560 559
f 1555 559 1556
f 1556 559 566
f 1556 566 1557
f 1557 566 565
f 1557 565 1546
f 1546 565 543
f 1539 764 1538
f 1538 764 766
f 1538 766 1537
f 1537 766 768
f 1537 768 1536
f 1536 768 770
f 1536 770 1535
f 1535 770 772
f 1535 772 1534
f 1534 772 774
f 1534 774 1545
f 1545 774 776
f 1545 776 1544
f 1544 776 843
f 1544 843 1543
f 1543 843 845
f 1543 845 1542
f 1542 845 841
f 1542 841 1541
f 1541 841 840
f 1541 840 1540
f 1540 840 763
f 1540 763 1539
f 1539 763 764
f 1551 795 1550
f 1550 795 796
f 1550 796 1549
f 1549 796 789
f 1549 789 1548
f 1548 789 791
f 1548 791 1547
f 1547 791 792
f 1547 792 1546
f 1546 792 788
f 1546 788 1557
f 1557 788 787
f 1557 787 1556
f 1556 787 750
f 1556 750 1555
f 1555 750 836
f 1555 836 1554
f 1554 836 838
f 1554 838 1553
f 1553 838 839
f 1553 839 1552
f 1552 839 793
f 1552 793 1551
f 1551 793 795
f 1514 1346 1515
f 1515 1346 1341
f 1515 1341 1516
f 1516 1341 1340
f 1516 1340 1517
f 1517 1340 1344
f 1517 1344 1518
f 1518 1344 1354
f 1518 1354 1519
f 1519 1354 1353
f 1519 1353 1520
f 1520 1353 1352
f 1520 1352 1521
f 1521 1352 1350
f 1521 1350 1510
f 1510 1350 1349
f 1510 1349 1511
f 1511 1349 1343
f 1511 1343 1512
f 1512 1343 1348
f 1512 1348 1513
f 1513 1348 1347
f 1513 1347 1514
f 1514 1347 1346
f 1526 1277 1527
f 1527 1277 1283
f 1527 1283 1528
f 1528 1283 1282
f 1528 1282 1529
f 1529 1282 1339
f 1529 1339 1530
f 1530 1339 1338
f 1530 1338 1531
f 1531 1338 1336
f 1531 1336 1532
f 1532 1336 1335
f 1532 1335 1533
f 1533 1335 1281
f 1533 1281 1522
f 1522 1281 1279
f 1522 1279 1523
f 1523 1279 1278
f 1523 1278 1524
f 1524 1278 1274
f 1524 1274 1525
f 1525 1274 1276
f 1525 1276 1526
f 1526 1276 1277
f 1558 1171 1559
f 1559 1171 1170
f 1559 1170 1560
f 1560 1170 1169
f 1560 1169 1561
f 1561 1169 1182
f 1561 1182 1562
f 1562 1182 1181
f 1562 1181 1563
f 1563 1181 1180
f 1563 1180 1564
f 1564 1180 1179
f 1564 1179 1565
f 1565 1179 1178
f 1565 1178 1566
f 1566 1178 1177
f 1566 1177 1567
f 1567 1177 1176
f 1567 1176 1568
f 1568 1176 1174
f 1568 1174 1569
f 1569 1174 1173
f 1569 1173 1558
f 1558 1173 1171
f 1570 1168 1571
f 1571 1168 1167
f 1571 1167 1572
f 1572 1167 1166
f 1572 1166 1573
f 1573 1166 1165
f 1573 1165 1574
f 1574 1165 1164
f 1574 1164 1575
f 1575 1164 1163
f 1575 1163 1576
f 1576 1163 1162
f 1576 1162 1577
f 1577 1162 1161
f 1577 1161 1578
f 1578 1161 1160
f 1578 1160 1579
f 1579 1160 1159
f 1579 1159 1580
f 1580 1159 1158
f 1580 1158 1581
f 1581 1158 1157
f 1581 1157 1570
f 1570 1157 1168
f 1572 1395 1571
f 1571 1395 1394
f 1571 1394 1570
f 1570 1394 1392
f 1570 1392 1581
f 1581 1392 1390
f 1581 1390 1580
f 1580 1390 1389
f 1580 1389 1579
f 1579 1389 1388
f 1579 1388 1578
f 1578 1388 1387
f 1578 1387 1577
f 1577 1387 1404
f 1577 1404 1576
f 1576 1404 1403
f 1576 1403 1575
f 1575 1403 1402
f 1575 1402 1574
f 1574 1402 1397
f 1574 1397 1573
f 1573 1397 1396
f 1573 1396 1572
f 1572 1396 1395
f 1560 1408 1559
f 1559 1408 1421
f 1559 1421 1558
f 1558 1421 1420
f 1558 1420 1569
f 1569 1420 1419
f 1569 1419 1568
f 1568 1419 1406
f 1568 1406 1567
f 1567 1406 1405
f 1567 1405 1566
f 1566 1405 1417
f 1566 1417 1565
f 1565 1417 1416
f 1565 1416 1564
f 1564 1416 1414
f 1564 1414 1563
f 1563 1414 1412
f 1563 1412 1562
f 1562 1412 1411
f 1562 1411 1561
f 1561 1411 1409
f 1561 1409 1560
f 1560 1409 1408
f 690 867 691
f 691 867 866
f 867 690 857
f 857 690 689
f 857 689 858
f 858 689 688
f 858 688 868
f 868 688 686
f 868 686 869
f 869 686 685
f 696 870 685
f 685 870 869
f 870 696 859
f 859 696 695
f 859 695 860
f 860 695 694
f 860 694 861
f 861 694 693
f 861 693 850
f 850 693 699
f 698 851 699
f 699 851 850
f 851 698 852
f 852 698 697
f 852 697 862
f 862 697 684
f 862 684 863
f 863 684 683
f 863 683 864
f 864 683 682
f 681 856 682
f 682 856 864
f 856 681 853
f 853 681 680
f 853 680 854
f 854 680 678
f 854 678 865
f 865 678 677
f 865 677 866
f 866 677 691
f 1582 1583 1584
f 1585 1586 1587
f 1587 1586 1588
f 1589 1590 1591
f 1591 1590 1592
f 1593 1594 1595
f 1595 1594 1596
f 1597 1598 1599
f 1599 1598 1600
f 1601 1602 1603
f 1603 1602 1604
f 1605 1606 1607
f 1607 1606 1608
f 1609 1610 1611
f 1611 1610 1612
f 420 1613 1614
f 1615 1616 1617
f 1617 1616 1618
f 1584 1583 1619
f 1619 1583 1620
f 452 451 1621
f 1622 1623 1624
f 1614 1591 1592
f 446 1625 1626
f 1626 1625 443
f 1626 443 422
f 1600 1626 1599
f 1599 1626 422
f 1599 422 1621
f 1621 422 424
f 1621 424 452
f 428 1627 1628
f 1628 1627 426
f 1628 426 1629
f 1612 1628 1611
f 1611 1628 1629
f 1611 1629 1624
f 1624 1629 1630
f 1624 1630 1622
f 450 1631 1632
f 1632 1631 421
f 1632 421 1592
f 1592 421 418
f 1592 418 1614
f 1614 418 1633
f 1614 1633 420
f 1587 1588 1620
f 1620 1588 1614
f 1620 1614 1619
f 1619 1614 1613
f 1619 1613 416
f 440 1618 1634
f 1634 1618 1619
f 1634 1619 1635
f 1635 1619 416
f 1636 431 1618
f 1637 436 1638
f 1636 1618 1637
f 436 1637 1639
f 1639 1637 1618
f 1639 1618 448
f 448 1618 440
f 448 440 449
f 449 440 1640
f 449 1640 450
f 1595 1596 1632
f 1632 1596 1621
f 1632 1621 450
f 450 1621 451
f 450 451 449
f 1606 1605 1628
f 1628 1605 1617
f 1628 1617 428
f 428 1617 1618
f 428 1618 1641
f 1641 1618 431
f 1603 1604 1626
f 1626 1604 1624
f 1626 1624 446
f 446 1624 1623
f 446 1623 1638
f 1638 1623 1642
f 1638 1642 1637
f 1615 1643 1616
f 1644 1582 1645
f 1646 1647 1648
f 1648 1649 1646
f 1646 1649 1650
f 1646 1650 1643
f 1650 1651 1643
f 1643 1651 1652
f 1643 1652 1653
f 1653 1652 1654
f 1653 1654 1655
f 1610 1609 1656
f 1656 1609 1657
f 1658 1598 1597
f 1590 1589 1659
f 1659 1589 1660
f 1661 1662 1663
f 1664 1665 1597
f 1597 1665 1666
f 1597 1666 1658
f 1658 1666 1667
f 1658 1667 1668
f 1669 1670 1671
f 1671 1670 1672
f 1671 1672 1673
f 1655 1674 1653
f 1653 1674 1675
f 1653 1675 1671
f 1671 1675 1676
f 1673 1677 1671
f 1671 1677 1678
f 1671 1678 1653
f 1653 1678 1679
f 1653 1679 1645
f 1645 1679 1680
f 1645 1680 1681
f 1660 1682 1659
f 1659 1682 1683
f 1659 1683 1593
f 1593 1683 1594
f 1594 1683 1664
f 1664 1683 1684
f 1664 1684 1670
f 1676 1675 1662
f 1662 1675 1685
f 1662 1685 1663
f 1669 1686 1670
f 1670 1686 1687
f 1670 1687 1664
f 1664 1687 1688
f 1664 1688 1665
f 1586 1585 1660
f 1660 1585 1644
f 1660 1644 1682
f 1682 1644 1645
f 1682 1645 1689
f 1689 1645 1681
f 1602 1601 1657
f 1657 1601 1658
f 1607 1608 1646
f 1646 1608 1656
f 1646 1656 1647
f 1647 1656 1657
f 1647 1657 1663
f 1663 1657 1658
f 1663 1658 1661
f 1661 1658 1668
f 1618 1653 1619
f 1619 1653 1645
f 1643 1653 1616
f 1616 1653 1618
f 1645 1582 1619
f 1619 1582 1584
f 1634 1680 440
f 440 1680 1679
f 440 1679 1640
f 1640 1679 1678
f 1640 1678 450
f 450 1678 1677
f 450 1677 1631
f 1631 1677 1673
f 1631 1673 421
f 421 1673 1672
f 421 1672 418
f 418 1672 1670
f 418 1670 1633
f 1633 1670 1684
f 1633 1684 420
f 420 1684 1683
f 420 1683 1613
f 1613 1683 1682
f 1613 1682 416
f 416 1682 1689
f 416 1689 1635
f 1635 1689 1681
f 1635 1681 1634
f 1634 1681 1680
f 1639 1671 436
f 436 1671 1676
f 436 1676 1638
f 1638 1676 1662
f 1638 1662 446
f 446 1662 1661
f 446 1661 1625
f 1625 1661 1668
f 1625 1668 443
f 443 1668 1667
f 443 1667 422
f 422 1667 1666
f 422 1666 424
f 424 1666 1665
f 424 1665 452
f 452 1665 1688
f 452 1688 451
f 451 1688 1687
f 451 1687 449
f 449 1687 1686
f 449 1686 448
f 448 1686 1669
f 448 1669 1639
f 1639 1669 1671
f 1636 1674 431
f 431 1674 1655
f 431 1655 1641
f 1641 1655 1654
f 1641 1654 428
f 428 1654 1652
f 428 1652 1627
f 1627 1652 1651
f 1627 1651 426
f 426 1651 1650
f 426 1650 1629
f 1629 1650 1649
f 1629 1649 1630
f 1630 1649 1648
f 1630 1648 1622
f 1622 1648 1647
f 1622 1647 1623
f 1623 1647 1663
f 1623 1663 1642
f 1642 1663 1685
f 1642 1685 1637
f 1637 1685 1675
f 1637 1675 1636
f 1636 1675 1674
f 1610 1656 1612
f 1612 1656 1628
f 1628 1656 1606
f 1606 1656 1608
f 1607 1646 1605
f 1605 1646 1617
f 1617 1646 1615
f 1615 1646 1643
f 1602 1657 1604
f 1604 1657 1624
f 1624 1657 1611
f 1611 1657 1609
f 1598 1658 1600
f 1600 1658 1626
f 1626 1658 1603
f 1603 1658 1601
f 1594 1664 1596
f 1596 1664 1621
f 1621 1664 1599
f 1599 1664 1597
f 1590 1659 1592
f 1592 1659 1632
f 1632 1659 1595
f 1595 1659 1593
f 1586 1660 1588
f 1588 1660 1614
f 1614 1660 1591
f 1591 1660 1589
f 1620 1644 1587
f 1587 1644 1585
f 1582 1644 1583
f 1583 1644 1620
f 1690 1691 1692
f 1693 1694 1695
f 1693 1695 1696
f 1696 1695 1697
f 1696 1697 1698
f 1699 1700 1692
f 1693 1701 1702
f 1698 1703 1696
f 1696 1703 1704
f 1696 1704 1692
f 1692 1704 1705
f 1692 1705 1699
f 1706 1707 1708
f 1708 1707 1709
f 1701 1693 1710
f 1710 1693 1708
f 1710 1708 1711
f 1711 1708 1709
f 1711 1709 1712
f 1702 1713 1693
f 1693 1713 1714
f 1693 1714 1694
f 1690 1692 1715
f 1715 1692 1700
f 1715 1700 1716
f 1716 1700 1717
f 1716 1717 1718
f 1719 1720 1717
f 1717 1720 1721
f 1717 1721 1718
f 1712 1722 1711
f 1711 1722 1720
f 1711 1720 1723
f 1723 1720 1719
f 1691 1724 1692
f 1692 1724 1725
f 1691 1690 1724
f 1724 1690 1726
f 1707 1727 1709
f 1709 1727 1728
f 1709 1728 1712
f 1712 1728 1729
f 1712 1729 1722
f 1722 1729 1730
f 1722 1730 1720
f 1720 1730 1731
f 1720 1731 1721
f 1721 1731 1732
f 1721 1732 1718
f 1718 1732 1733
f 1718 1733 1716
f 1716 1733 1734
f 1716 1734 1715
f 1715 1734 1735
f 1715 1735 1690
f 1690 1735 1726
f 1707 1706 1727
f 1727 1706 1736
f 1704 1737 1705
f 1705 1737 1738
f 1705 1738 1699
f 1699 1738 1739
f 1699 1739 1700
f 1700 1739 1740
f 1700 1740 1717
f 1717 1740 1741
f 1717 1741 1719
f 1719 1741 1742
f 1719 1742 1723
f 1723 1742 1743
f 1723 1743 1711
f 1711 1743 1744
f 1711 1744 1710
f 1710 1744 1745
f 1710 1745 1701
f 1701 1745 1746
f 1701 1746 1702
f 1702 1746 1747
f 1702 1747 1713
f 1713 1747 1748
f 1713 1748 1714
f 1714 1748 1749
f 1714 1749 1694
f 1694 1749 1750
f 1694 1750 1695
f 1695 1750 1751
f 1695 1751 1697
f 1697 1751 1752
f 1697 1752 1698
f 1698 1752 1753
f 1698 1753 1703
f 1703 1753 1754
f 1703 1754 1704
f 1704 1754 1737
f 1755 1728 1756
f 1756 1728 1727
f 1756 1727 1736
f 1757 1754 1753
f 1750 1755 1751
f 1751 1755 1757
f 1751 1757 1752
f 1752 1757 1753
f 1735 1757 1726
f 1726 1757 1725
f 1726 1725 1724
f 1735 1734 1757
f 1757 1734 1733
f 1757 1733 1732
f 1750 1749 1755
f 1755 1749 1748
f 1755 1748 1747
f 1731 1730 1744
f 1747 1746 1755
f 1755 1746 1745
f 1755 1745 1728
f 1728 1745 1744
f 1728 1744 1729
f 1729 1744 1730
f 1740 1739 1732
f 1732 1739 1738
f 1732 1738 1757
f 1757 1738 1737
f 1757 1737 1754
f 1744 1743 1731
f 1731 1743 1742
f 1731 1742 1732
f 1732 1742 1741
f 1732 1741 1740
f 1736 1706 1756
f 1756 1706 1708
f 1755 1693 1757
f 1757 1693 1696
f 1758 1759 1760
f 1761 1762 1763
f 1758 1760 1761
f 1761 1760 1764
f 1761 1764 1762
f 1765 1766 1767
f 1767 1766 1768
f 1767 1768 1769
f 1769 1768 1770
f 1770 1768 1771
f 1770 1771 1772
f 1772 1771 1773
f 1772 1773 1774
f 1774 1773 1775
f 1775 1773 1776
f 1775 1776 1777
f 1777 1776 1778
f 1777 1778 1779
f 1779 1778 1780
f 1780 1778 1781
f 1780 1781 1782
f 1782 1781 1783
f 1782 1783 1784
f 1784 1783 1785
f 1784 1785 1758
f 1758 1785 1786
f 1758 1786 1759
f 1763 1787 1761
f 1761 1787 1788
f 1761 1788 1765
f 1765 1788 1789
f 1765 1789 1766
f 1756 1708 1790
f 1790 1708 1791
f 1791 1708 1792
f 1792 1708 1793
f 1793 1708 1758
f 1761 1693 1794
f 1794 1693 1795
f 1693 1755 1796
f 1693 1796 1797
f 1693 1797 1795
f 1758 1708 1784
f 1784 1708 1798
f 1758 1761 1794
f 1758 1794 1793
f 1793 1794 1795
f 1793 1795 1792
f 1792 1795 1797
f 1792 1797 1791
f 1791 1797 1796
f 1791 1796 1790
f 1790 1796 1755
f 1790 1755 1756
f 1692 1799 1800
f 1800 1799 1801
f 1757 1696 1802
f 1802 1696 1803
f 1803 1696 1804
f 1804 1696 1805
f 1805 1696 1806
f 1799 1692 1807
f 1807 1692 1808
f 1692 1725 1809
f 1692 1809 1810
f 1692 1810 1808
f 1692 1811 1812
f 1696 1813 1814
f 1692 1812 1696
f 1696 1812 1815
f 1696 1815 1813
f 1816 1817 1818
f 1818 1817 1819
f 1819 1817 1820
f 1819 1820 1800
f 1800 1820 1821
f 1800 1821 1692
f 1692 1821 1822
f 1692 1822 1811
f 1823 1824 1825
f 1825 1824 1826
f 1827 1828 1829
f 1829 1828 1830
f 1829 1830 1826
f 1826 1830 1831
f 1826 1831 1825
f 1814 1832 1696
f 1696 1832 1833
f 1696 1833 1823
f 1823 1833 1834
f 1823 1834 1824
f 1818 1835 1816
f 1816 1835 1836
f 1816 1836 1837
f 1837 1836 1838
f 1837 1838 1827
f 1827 1838 1839
f 1827 1839 1828
f 1806 1799 1807
f 1806 1807 1805
f 1805 1807 1808
f 1805 1808 1804
f 1804 1808 1810
f 1804 1810 1803
f 1803 1810 1809
f 1803 1809 1802
f 1802 1809 1725
f 1802 1725 1757
f 1840 1806 1841
f 1841 1806 1842
f 1843 1799 1844
f 1844 1799 1806
f 1844 1806 1845
f 1845 1806 1840
f 1843 1846 1799
f 1799 1846 1847
f 1799 1847 1801
f 1842 1806 1848
f 1848 1806 1849
f 1848 1849 1850
f 1850 1849 1851
f 1850 1851 1852
f 1852 1851 1853
f 1852 1853 1854
f 1847 1855 1801
f 1801 1855 1856
f 1801 1856 1857
f 1857 1856 1858
f 1853 1859 1854
f 1854 1859 1860
f 1854 1860 1861
f 1861 1860 1862
f 1861 1862 1863
f 1862 1864 1863
f 1863 1864 1865
f 1863 1865 1866
f 1866 1865 1867
f 1866 1867 1858
f 1858 1867 1868
f 1858 1868 1857
f 1696 1823 1806
f 1806 1823 1849
f 1849 1823 1825
f 1849 1825 1851
f 1851 1825 1831
f 1851 1831 1853
f 1853 1831 1830
f 1853 1830 1859
f 1859 1830 1828
f 1859 1828 1860
f 1860 1828 1839
f 1860 1839 1862
f 1862 1839 1838
f 1862 1838 1864
f 1864 1838 1836
f 1864 1836 1865
f 1865 1836 1835
f 1865 1835 1867
f 1867 1835 1818
f 1867 1818 1868
f 1868 1818 1819
f 1868 1819 1857
f 1857 1819 1800
f 1857 1800 1801
f 1856 1820 1858
f 1858 1820 1817
f 1858 1817 1866
f 1866 1817 1816
f 1866 1816 1863
f 1863 1816 1837
f 1863 1837 1861
f 1861 1837 1827
f 1861 1827 1854
f 1854 1827 1829
f 1854 1829 1852
f 1852 1829 1826
f 1852 1826 1850
f 1850 1826 1824
f 1850 1824 1848
f 1848 1824 1834
f 1848 1834 1842
f 1842 1834 1833
f 1842 1833 1841
f 1841 1833 1832
f 1841 1832 1840
f 1840 1832 1814
f 1840 1814 1845
f 1845 1814 1813
f 1845 1813 1844
f 1844 1813 1815
f 1844 1815 1843
f 1843 1815 1812
f 1843 1812 1846
f 1846 1812 1811
f 1846 1811 1847
f 1847 1811 1822
f 1847 1822 1855
f 1855 1822 1821
f 1855 1821 1856
f 1856 1821 1820
f 1708 1869 1870
f 1871 1693 1872
f 1872 1693 1873
f 1708 1870 1798
f 1871 1874 1693
f 1693 1874 1875
f 1693 1875 1708
f 1708 1875 1876
f 1708 1876 1869
f 1870 1877 1798
f 1798 1877 1878
f 1798 1878 1879
f 1879 1878 1880
f 1881 1882 1883
f 1883 1882 1884
f 1883 1884 1880
f 1880 1884 1885
f 1880 1885 1879
f 1873 1693 1886
f 1886 1693 1887
f 1886 1887 1888
f 1888 1887 1889
f 1888 1889 1890
f 1890 1889 1891
f 1890 1891 1892
f 1891 1893 1892
f 1892 1893 1894
f 1892 1894 1895
f 1895 1894 1896
f 1895 1896 1881
f 1881 1896 1897
f 1881 1897 1882
f 1887 1693 1765
f 1765 1693 1761
f 1887 1765 1767
f 1887 1767 1889
f 1889 1767 1769
f 1889 1769 1891
f 1891 1769 1770
f 1891 1770 1893
f 1893 1770 1772
f 1893 1772 1894
f 1894 1772 1774
f 1894 1774 1896
f 1896 1774 1775
f 1896 1775 1897
f 1897 1775 1777
f 1897 1777 1882
f 1882 1777 1779
f 1882 1779 1884
f 1884 1779 1780
f 1884 1780 1885
f 1885 1780 1782
f 1885 1782 1879
f 1879 1782 1784
f 1879 1784 1798
f 1878 1783 1880
f 1880 1783 1781
f 1880 1781 1883
f 1883 1781 1778
f 1883 1778 1881
f 1881 1778 1776
f 1881 1776 1895
f 1895 1776 1773
f 1895 1773 1892
f 1892 1773 1771
f 1892 1771 1890
f 1890 1771 1768
f 1890 1768 1888
f 1888 1768 1766
f 1888 1766 1886
f 1886 1766 1789
f 1886 1789 1873
f 1873 1789 1788
f 1873 1788 1872
f 1872 1788 1787
f 1872 1787 1871
f 1871 1787 1763
f 1871 1763 1874
f 1874 1763 1762
f 1874 1762 1875
f 1875 1762 1764
f 1875 1764 1876
f 1876 1764 1760
f 1876 1760 1869
f 1869 1760 1759
f 1869 1759 1870
f 1870 1759 1786
f 1870 1786 1877
f 1877 1786 1785
f 1877 1785 1878
f 1878 1785 1783
f 1898 1899 1900
f 1900 1899 1901
f 1899 1902 1901
f 1901 1902 1903
f 1902 1904 1903
f 1903 1904 1905
f 1904 1906 1905
f 1905 1906 1907
f 1907 1906 1908
f 1907 1908 1909
f 1909 1908 1910
f 1909 1910 1911
f 1911 1910 1912
f 1911 1912 1913
f 1912 1914 1913
f 1913 1914 1915
f 1915 1914 1916
f 1916 1914 1917
f 1916 1917 1918
f 1918 1917 1919
f 1918 1919 1920
f 1920 1919 1921
f 1920 1921 1922
f 1922 1921 1923
f 1923 1924 1922
f 1922 1924 1925
f 1925 1924 1926
f 1925 1926 1927
f 1927 1926 1928
f 1927 1928 1929
f 1929 1928 1898
f 1929 1898 1900
f 1924 1923 1902
f 1902 1923 1921
f 1902 1921 1919
f 1912 1910 1908
f 1928 1926 1898
f 1898 1926 1924
f 1898 1924 1899
f 1899 1924 1902
f 1919 1917 1902
f 1902 1917 1914
f 1902 1914 1904
f 1904 1914 1912
f 1904 1912 1906
f 1906 1912 1908
f 1916 1918 1903
f 1903 1905 1907
f 1925 1927 1929
f 1909 1911 1907
f 1907 1911 1913
f 1907 1913 1903
f 1903 1913 1915
f 1903 1915 1916
f 1918 1920 1903
f 1903 1920 1922
f 1903 1922 1901
f 1901 1922 1925
f 1901 1925 1900
f 1900 1925 1929
f 1930 1931 1932
f 1932 1931 1933
f 1934 1930 1935
f 1935 1930 1932
f 1936 1934 1937
f 1937 1934 1935
f 1938 1936 1939
f 1939 1936 1937
f 1940 1938 1941
f 1941 1938 1939
f 1931 1940 1933
f 1933 1940 1941
f 1934 1936 1930
f 1930 1936 1938
f 1930 1938 1931
f 1931 1938 1940
f 1941 1939 1933
f 1933 1939 1937
f 1933 1937 1932
f 1932 1937 1935
f 1942 1943 1944
f 1944 1943 1945
f 1944 1945 1946
f 1946 1945 1947
f 1946 1947 1948
f 1948 1947 1949
f 1948 1949 1942
f 1942 1949 1943
f 1943 1950 1951
f 1950 1943 1952
f 1952 1943 1949
f 1952 1949 1953
f 1954 1955 1956
f 1957 1958 1949
f 1951 1959 1943
f 1943 1959 1960
f 1943 1960 1961
f 1961 1960 1962
f 1954 1956 1963
f 1958 1964 1949
f 1949 1964 1965
f 1949 1965 1953
f 1953 1965 1966
f 1953 1966 1967
f 1967 1966 1968
f 1967 1968 1969
f 1969 1968 1963
f 1969 1963 1970
f 1970 1963 1956
f 1970 1956 1971
f 1971 1956 1961
f 1971 1961 1972
f 1972 1961 1962
f 1955 1973 1956
f 1956 1973 1974
f 1956 1974 1949
f 1949 1974 1975
f 1949 1975 1957
f 1976 1977 1978
f 1978 1977 1961
f 1961 1977 1979
f 1961 1979 1980
f 1981 1982 1945
f 1945 1982 1983
f 1945 1983 1978
f 1978 1983 1984
f 1978 1984 1976
f 1985 1943 1986
f 1986 1943 1961
f 1986 1961 1987
f 1985 1988 1943
f 1943 1988 1989
f 1943 1989 1945
f 1945 1989 1990
f 1945 1990 1991
f 1992 1993 1980
f 1980 1993 1994
f 1980 1994 1961
f 1961 1994 1995
f 1961 1995 1987
f 1992 1980 1996
f 1996 1980 1997
f 1996 1997 1991
f 1997 1998 1991
f 1991 1998 1999
f 1991 1999 1945
f 1945 1999 2000
f 1945 2000 1981
f 1947 1945 2001
f 2001 1945 1978
f 1949 2002 2003
f 1949 2003 1956
f 2004 2001 2005
f 2005 2001 1956
f 2005 1956 2006
f 2006 1956 2003
f 2007 2008 1947
f 1947 2008 2009
f 1947 2009 1949
f 1949 2009 2010
f 1949 2010 2002
f 2004 2011 2001
f 2001 2011 2012
f 2001 2012 1947
f 1947 2012 2013
f 1947 2013 2007
f 2014 2015 2001
f 1961 2016 1978
f 1978 2016 2017
f 1978 2017 2018
f 2019 2020 2021
f 2021 2020 2022
f 2021 2022 2023
f 2015 2019 2001
f 2001 2019 2021
f 2001 2021 1956
f 1956 2021 2024
f 1956 2024 1961
f 1961 2024 2025
f 1961 2025 2023
f 2022 2026 2023
f 2023 2026 2027
f 2023 2027 1961
f 1961 2027 2028
f 1961 2028 2016
f 2018 2029 1978
f 1978 2029 2030
f 1978 2030 2001
f 2001 2030 2031
f 2001 2031 2014
f 2032 2033 2034
f 2034 2033 2035
f 2034 2035 2036
f 2037 2038 2032
f 2032 2038 2039
f 2032 2039 2033
f 2033 2039 2040
f 2033 2040 2041
f 2036 2042 2034
f 2034 2042 2043
f 2034 2043 1942
f 1942 2043 2044
f 2044 2045 1942
f 1942 2045 2046
f 1942 2046 1948
f 1948 2046 2047
f 1948 2047 2048
f 2041 2040 2049
f 2049 2040 2050
f 2049 2050 2048
f 2051 2052 1948
f 1948 2052 2053
f 1948 2053 2032
f 2032 2053 2054
f 2032 2054 2037
f 2050 2055 2048
f 2048 2055 2056
f 2048 2056 1948
f 1948 2056 2057
f 1948 2057 2051
f 2058 2059 2034
f 2034 2059 2060
f 2061 2062 2063
f 2063 2062 2064
f 2063 2064 1944
f 1944 2064 2065
f 1944 2065 2066
f 1942 2067 2034
f 2034 2067 2068
f 2034 2068 2058
f 2060 2069 2034
f 2034 2069 2070
f 2034 2070 2063
f 2063 2070 2071
f 2063 2071 2061
f 2072 2073 1944
f 1944 2073 2074
f 1944 2074 1942
f 1942 2074 2075
f 1942 2075 2067
f 2060 2076 2069
f 2069 2076 2077
f 2069 2077 2078
f 2078 2077 2079
f 2078 2079 2080
f 2080 2079 2072
f 2080 2072 2081
f 2081 2072 1944
f 2081 1944 2082
f 2082 1944 2066
f 1944 1946 2063
f 2063 1946 2083
f 2084 2085 2083
f 2083 2085 2032
f 2085 2086 2032
f 2032 2086 2087
f 2032 2087 1948
f 1948 2087 2088
f 1948 2088 2089
f 2089 2090 1948
f 1948 2090 2091
f 1948 2091 1946
f 1946 2091 2092
f 2092 2093 1946
f 1946 2093 2094
f 1946 2094 2083
f 2083 2094 2095
f 2083 2095 2084
f 2096 2097 2098
f 2099 2100 2063
f 2063 2100 2101
f 2101 2096 2063
f 2063 2096 2098
f 2063 2098 2034
f 2034 2098 2102
f 2034 2102 2032
f 2032 2102 2103
f 2032 2103 2083
f 2083 2103 2104
f 2097 2105 2098
f 2098 2105 2106
f 2098 2106 2104
f 2104 2106 2107
f 2107 2108 2104
f 2104 2108 2109
f 2104 2109 2083
f 2083 2109 2110
f 2110 2111 2083
f 2083 2111 2112
f 2083 2112 2063
f 2063 2112 2113
f 2063 2113 2099
f 2023 2098 2021
f 2021 2098 2104
f 2021 2104 2024
f 2024 2104 2103
f 2024 2103 2025
f 2025 2103 2102
f 2025 2102 2023
f 2023 2102 2098
f 2106 2026 2107
f 2107 2026 2022
f 2107 2022 2108
f 2108 2022 2020
f 2108 2020 2109
f 2109 2020 2019
f 2109 2019 2110
f 2110 2019 2015
f 2110 2015 2111
f 2111 2015 2014
f 2111 2014 2112
f 2112 2014 2031
f 2112 2031 2113
f 2113 2031 2030
f 2113 2030 2099
f 2099 2030 2029
f 2099 2029 2100
f 2100 2029 2018
f 2100 2018 2101
f 2101 2018 2017
f 2101 2017 2096
f 2096 2017 2016
f 2096 2016 2097
f 2097 2016 2028
f 2097 2028 2105
f 2105 2028 2027
f 2105 2027 2106
f 2106 2027 2026
f 2046 1950 2047
f 2047 1950 1952
f 2047 1952 2048
f 2048 1952 1953
f 2048 1953 2049
f 2049 1953 1967
f 2049 1967 2041
f 2041 1967 1969
f 2041 1969 2033
f 2033 1969 1970
f 2033 1970 2035
f 2035 1970 1971
f 2035 1971 2036
f 2036 1971 1972
f 2036 1972 2042
f 2042 1972 1962
f 2042 1962 2043
f 2043 1962 1960
f 2043 1960 2044
f 2044 1960 1959
f 2044 1959 2045
f 2045 1959 1951
f 2045 1951 2046
f 2046 1951 1950
f 2057 1964 2051
f 2051 1964 1958
f 2051 1958 2052
f 2052 1958 1957
f 2052 1957 2053
f 2053 1957 1975
f 2053 1975 2054
f 2054 1975 1974
f 2054 1974 2037
f 2037 1974 1973
f 2037 1973 2038
f 2038 1973 1955
f 2038 1955 2039
f 2039 1955 1954
f 2039 1954 2040
f 2040 1954 1963
f 2040 1963 2050
f 2050 1963 1968
f 2050 1968 2055
f 2055 1968 1966
f 2055 1966 2056
f 2056 1966 1965
f 2056 1965 2057
f 2057 1965 1964
f 2091 2009 2092
f 2092 2009 2008
f 2092 2008 2093
f 2093 2008 2007
f 2093 2007 2094
f 2094 2007 2013
f 2094 2013 2095
f 2095 2013 2012
f 2095 2012 2084
f 2084 2012 2011
f 2084 2011 2085
f 2085 2011 2004
f 2085 2004 2086
f 2086 2004 2005
f 2086 2005 2087
f 2087 2005 2006
f 2087 2006 2088
f 2088 2006 2003
f 2088 2003 2089
f 2089 2003 2002
f 2089 2002 2090
f 2090 2002 2010
f 2090 2010 2091
f 2091 2010 2009
f 2071 1977 2061
f 2061 1977 1976
f 2061 1976 2062
f 2062 1976 1984
f 2062 1984 2064
f 2064 1984 1983
f 2064 1983 2065
f 2065 1983 1982
f 2065 1982 2066
f 2066 1982 1981
f 2066 1981 2082
f 2082 1981 2000
f 2082 2000 2081
f 2081 2000 1999
f 2081 1999 2080
f 2080 1999 1998
f 2080 1998 2078
f 2078 1998 1997
f 2078 1997 2069
f 2069 1997 1980
f 2069 1980 2070
f 2070 1980 1979
f 2070 1979 2071
f 2071 1979 1977
f 2060 1994 2076
f 2076 1994 1993
f 2076 1993 2077
f 2077 1993 1992
f 2077 1992 2079
f 2079 1992 1996
f 2079 1996 2072
f 2072 1996 1991
f 2072 1991 2073
f 2073 1991 1990
f 2073 1990 2074
f 2074 1990 1989
f 2074 1989 2075
f 2075 1989 1988
f 2075 1988 2067
f 2067 1988 1985
f 2067 1985 2068
f 2068 1985 1986
f 2068 1986 2058
f 2058 1986 1987
f 2058 1987 2059
f 2059 1987 1995
f 2059 1995 2060
f 2060 1995 1994
f 2114 2115 2116
f 2117 2118 2119
f 2119 2118 2120
f 2121 2117 2122
f 2122 2117 2123
f 2122 2123 2124
f 2114 2116 2125
f 2125 2116 2126
f 2125 2126 2127
f 2128 2119 2129
f 2129 2119 2120
f 2129 2120 2130
f 2130 2120 2131
f 2130 2131 2132
f 2132 2131 2133
f 2121 2134 2135
f 2136 2137 2138
f 2139 2140 2118
f 2141 2142 2121
f 2121 2142 2143
f 2135 2144 2121
f 2121 2144 2145
f 2121 2145 2146
f 2147 2148 2149
f 2138 2137 2145
f 2145 2137 2150
f 2145 2150 2146
f 2146 2151 2121
f 2121 2151 2152
f 2121 2152 2117
f 2117 2152 2153
f 2153 2154 2117
f 2117 2154 2155
f 2117 2155 2118
f 2118 2155 2156
f 2156 2157 2118
f 2118 2157 2158
f 2118 2158 2159
f 2139 2118 2160
f 2161 2162 2126
f 2126 2162 2163
f 2126 2163 2164
f 2143 2165 2121
f 2121 2165 2166
f 2121 2166 2134
f 2134 2166 2167
f 2134 2167 2168
f 2147 2149 2164
f 2164 2149 2169
f 2164 2169 2141
f 2170 2140 2171
f 2171 2140 2172
f 2161 2126 2173
f 2173 2126 2116
f 2173 2116 2174
f 2167 2175 2168
f 2168 2175 2176
f 2168 2176 2147
f 2147 2176 2177
f 2147 2177 2148
f 2178 2116 2179
f 2179 2116 2170
f 2180 2181 2118
f 2118 2181 2182
f 2118 2182 2160
f 2183 2184 2185
f 2185 2184 2180
f 2185 2180 2186
f 2186 2180 2118
f 2186 2118 2187
f 2187 2118 2159
f 2187 2159 2138
f 2138 2159 2188
f 2138 2188 2136
f 2140 2189 2172
f 2172 2189 2190
f 2172 2190 2191
f 2191 2190 2192
f 2191 2192 2193
f 2194 2195 2192
f 2192 2195 2196
f 2192 2196 2193
f 2147 2197 2168
f 2168 2197 2198
f 2168 2198 2199
f 2198 2200 2199
f 2199 2200 2195
f 2199 2195 2201
f 2201 2195 2194
f 2201 2194 2183
f 2183 2194 2202
f 2183 2202 2184
f 2178 2203 2116
f 2116 2203 2204
f 2116 2204 2174
f 2174 2204 2205
f 2174 2205 2206
f 2206 2205 2195
f 2206 2195 2207
f 2207 2195 2200
f 2208 2116 2209
f 2209 2116 2115
f 2120 2210 2131
f 2131 2210 2211
f 2208 2209 2212
f 2211 2210 2212
f 2212 2210 2213
f 2212 2213 2208
f 2214 2122 2215
f 2215 2122 2124
f 2216 2217 2218
f 2218 2217 2219
f 2218 2219 1948
f 1948 2219 2220
f 1948 2220 1946
f 1946 2220 1947
f 1946 1947 2216
f 2216 1947 2217
f 2220 2219 2221
f 2221 2219 2222
f 1947 2220 2223
f 2223 2220 2221
f 2217 1947 2224
f 2224 1947 2223
f 2219 2217 2222
f 2222 2217 2224
f 2222 2225 2221
f 2221 2225 2226
f 2221 2226 2227
f 2227 2228 2221
f 2221 2228 2229
f 2221 2229 2223
f 2223 2229 2230
f 2223 2230 2231
f 2232 2233 2224
f 2224 2233 2234
f 2224 2234 2222
f 2222 2234 2235
f 2222 2235 2225
f 2231 2236 2237
f 2231 2237 2223
f 2223 2237 2238
f 2223 2238 2239
f 2239 2240 2223
f 2223 2240 2241
f 2223 2241 2224
f 2224 2241 2242
f 2224 2242 2243
f 2243 2244 2224
f 2224 2244 2245
f 2224 2245 2232
f 2245 2246 2232
f 2232 2246 2247
f 2232 2247 2248
f 2248 2247 2249
f 2248 2249 2231
f 2231 2249 2250
f 2231 2250 2236
f 2199 2226 2168
f 2168 2226 2225
f 2168 2225 2134
f 2134 2225 2235
f 2134 2235 2135
f 2135 2235 2234
f 2135 2234 2144
f 2144 2234 2233
f 2144 2233 2145
f 2145 2233 2232
f 2145 2232 2138
f 2138 2232 2248
f 2138 2248 2187
f 2187 2248 2231
f 2187 2231 2186
f 2186 2231 2230
f 2186 2230 2185
f 2185 2230 2229
f 2185 2229 2183
f 2183 2229 2228
f 2183 2228 2201
f 2201 2228 2227
f 2201 2227 2199
f 2199 2227 2226
f 2137 2249 2150
f 2150 2249 2247
f 2150 2247 2146
f 2146 2247 2246
f 2146 2246 2151
f 2151 2246 2245
f 2151 2245 2152
f 2152 2245 2244
f 2152 2244 2153
f 2153 2244 2243
f 2153 2243 2154
f 2154 2243 2242
f 2154 2242 2155
f 2155 2242 2241
f 2155 2241 2156
f 2156 2241 2240
f 2156 2240 2157
f 2157 2240 2239
f 2157 2239 2158
f 2158 2239 2238
f 2158 2238 2159
f 2159 2238 2237
f 2159 2237 2188
f 2188 2237 2236
f 2188 2236 2136
f 2136 2236 2250
f 2136 2250 2137
f 2137 2250 2249
f 2117 2119 2216
f 2216 2119 1946
f 2117 2216 2123
f 2123 2216 2218
f 2123 2218 2251
f 2251 2218 2252
f 2253 2254 2218
f 2255 2256 1948
f 1948 2256 2114
f 1948 2114 2218
f 2218 2114 2125
f 2218 2125 2253
f 2256 2257 2114
f 2114 2257 2258
f 2114 2258 2259
f 2259 2258 2260
f 2259 2260 2261
f 2261 2260 2262
f 2261 2262 2263
f 2263 2262 2264
f 2263 2264 2265
f 2265 2264 2266
f 2265 2266 2267
f 2267 2266 2268
f 2267 2268 2269
f 2269 2268 2270
f 2269 2270 2271
f 2271 2270 2272
f 2271 2272 1948
f 1948 2272 2273
f 1948 2273 2255
f 2254 2274 2218
f 2218 2274 2275
f 2218 2275 2252
f 2252 2275 2276
f 2252 2276 2277
f 2277 2276 2278
f 2277 2278 2279
f 2279 2278 2280
f 2279 2280 2281
f 2281 2280 2282
f 2281 2282 2283
f 2283 2282 2284
f 2283 2284 2285
f 2285 2284 2286
f 2285 2286 2287
f 2287 2286 2288
f 2287 2288 2125
f 2125 2288 2289
f 2125 2289 2253
f 1948 1946 2128
f 2128 1946 2119
f 2290 2271 2133
f 2133 2271 1948
f 2133 1948 2132
f 2132 1948 2128
f 2132 2128 2291
f 2291 2128 2292
f 2291 2293 2132
f 2132 2293 2294
f 2132 2294 2295
f 2295 2294 2296
f 2295 2296 2297
f 2297 2296 2298
f 2297 2298 2299
f 2299 2298 2300
f 2299 2300 2301
f 2301 2300 2302
f 2301 2302 2303
f 2303 2302 2304
f 2303 2304 2305
f 2305 2304 2306
f 2305 2306 2307
f 2307 2306 2308
f 2307 2308 2128
f 2128 2308 2309
f 2128 2309 2292
f 2213 2210 2118
f 2118 2210 2120
f 2170 2116 2208
f 2170 2208 2140
f 2140 2208 2213
f 2140 2213 2118
f 2127 2126 2310
f 2310 2126 2311
f 2126 2164 2311
f 2311 2164 2141
f 2311 2141 2312
f 2312 2141 2121
f 2214 2312 2122
f 2122 2312 2121
f 2310 2311 2313
f 2313 2311 2312
f 2313 2312 2215
f 2215 2312 2214
f 2313 2314 2310
f 2310 2314 2287
f 2310 2287 2127
f 2127 2287 2125
f 2315 2313 2215
f 2313 2315 2314
f 2314 2315 2316
f 2314 2316 2317
f 2317 2316 2318
f 2317 2318 2319
f 2319 2318 2320
f 2319 2320 2321
f 2321 2320 2322
f 2321 2322 2323
f 2323 2322 2324
f 2323 2324 2325
f 2325 2324 2326
f 2325 2326 2251
f 2251 2326 2327
f 2251 2327 2123
f 2327 2328 2123
f 2123 2328 2329
f 2123 2329 2124
f 2124 2329 2330
f 2124 2330 2215
f 2215 2330 2331
f 2215 2331 2315
f 2322 2282 2324
f 2324 2282 2280
f 2324 2280 2326
f 2326 2280 2278
f 2326 2278 2327
f 2327 2278 2276
f 2327 2276 2328
f 2328 2276 2275
f 2328 2275 2329
f 2329 2275 2274
f 2329 2274 2330
f 2330 2274 2254
f 2330 2254 2331
f 2331 2254 2253
f 2331 2253 2315
f 2315 2253 2289
f 2315 2289 2316
f 2316 2289 2288
f 2316 2288 2318
f 2318 2288 2286
f 2318 2286 2320
f 2320 2286 2284
f 2320 2284 2322
f 2322 2284 2282
f 2251 2252 2277
f 2251 2277 2325
f 2325 2277 2279
f 2325 2279 2323
f 2323 2279 2281
f 2323 2281 2321
f 2321 2281 2283
f 2321 2283 2319
f 2319 2283 2285
f 2319 2285 2317
f 2317 2285 2287
f 2317 2287 2314
f 2115 2114 2209
f 2209 2114 2259
f 2209 2259 2212
f 2212 2259 2332
f 2333 2334 2211
f 2211 2334 2335
f 2211 2335 2131
f 2335 2336 2131
f 2131 2336 2337
f 2131 2337 2133
f 2337 2338 2133
f 2133 2338 2339
f 2133 2339 2290
f 2290 2339 2340
f 2290 2340 2341
f 2341 2340 2342
f 2341 2342 2343
f 2343 2342 2344
f 2343 2344 2345
f 2345 2344 2346
f 2345 2346 2347
f 2347 2346 2348
f 2347 2348 2349
f 2349 2348 2333
f 2349 2333 2332
f 2332 2333 2211
f 2332 2211 2212
f 2346 2266 2348
f 2348 2266 2264
f 2348 2264 2333
f 2333 2264 2262
f 2333 2262 2334
f 2334 2262 2260
f 2334 2260 2335
f 2335 2260 2258
f 2335 2258 2336
f 2336 2258 2257
f 2336 2257 2337
f 2337 2257 2256
f 2337 2256 2338
f 2338 2256 2255
f 2338 2255 2339
f 2339 2255 2273
f 2339 2273 2340
f 2340 2273 2272
f 2340 2272 2342
f 2342 2272 2270
f 2342 2270 2344
f 2344 2270 2268
f 2344 2268 2346
f 2346 2268 2266
f 2332 2259 2261
f 2332 2261 2349
f 2349 2261 2263
f 2349 2263 2347
f 2347 2263 2265
f 2347 2265 2345
f 2345 2265 2267
f 2345 2267 2343
f 2343 2267 2269
f 2343 2269 2341
f 2341 2269 2271
f 2341 2271 2290
f 2350 2130 2295
f 2295 2130 2132
f 2350 2295 2297
f 2350 2297 2351
f 2351 2297 2299
f 2351 2299 2352
f 2352 2299 2301
f 2352 2301 2353
f 2353 2301 2303
f 2353 2303 2354
f 2354 2303 2305
f 2354 2305 2355
f 2355 2305 2307
f 2355 2307 2356
f 2129 2356 2128
f 2128 2356 2307
f 2129 2130 2357
f 2357 2130 2358
f 2357 2359 2129
f 2129 2359 2360
f 2129 2360 2356
f 2356 2360 2361
f 2356 2361 2355
f 2355 2361 2362
f 2355 2362 2354
f 2354 2362 2363
f 2354 2363 2353
f 2353 2363 2364
f 2353 2364 2352
f 2352 2364 2365
f 2352 2365 2351
f 2351 2365 2366
f 2351 2366 2350
f 2350 2366 2367
f 2350 2367 2130
f 2130 2367 2368
f 2130 2368 2358
f 2357 2291 2359
f 2359 2291 2292
f 2359 2292 2360
f 2360 2292 2309
f 2360 2309 2361
f 2361 2309 2308
f 2361 2308 2362
f 2362 2308 2306
f 2362 2306 2363
f 2363 2306 2304
f 2363 2304 2364
f 2364 2304 2302
f 2364 2302 2365
f 2365 2302 2300
f 2365 2300 2366
f 2366 2300 2298
f 2366 2298 2367
f 2367 2298 2296
f 2367 2296 2368
f 2368 2296 2294
f 2368 2294 2358
f 2358 2294 2293
f 2358 2293 2357
f 2357 2293 2291
f 2369 2198 2370
f 2370 2198 2197
f 2370 2197 2371
f 2371 2197 2147
f 2371 2147 2372
f 2372 2147 2164
f 2372 2164 2373
f 2373 2164 2163
f 2373 2163 2374
f 2374 2163 2162
f 2374 2162 2375
f 2375 2162 2161
f 2375 2161 2376
f 2376 2161 2173
f 2376 2173 2377
f 2377 2173 2174
f 2377 2174 2378
f 2378 2174 2206
f 2378 2206 2379
f 2379 2206 2207
f 2379 2207 2380
f 2380 2207 2200
f 2380 2200 2369
f 2369 2200 2198
f 2379 2380 2381
f 2381 2380 2369
f 2381 2369 2370
f 2376 2377 2381
f 2381 2377 2378
f 2381 2378 2379
f 2373 2374 2381
f 2381 2374 2375
f 2381 2375 2376
f 2370 2371 2381
f 2381 2371 2372
f 2381 2372 2373
f 2382 2165 2383
f 2383 2165 2143
f 2383 2143 2384
f 2384 2143 2142
f 2384 2142 2385
f 2385 2142 2141
f 2385 2141 2386
f 2386 2141 2169
f 2386 2169 2387
f 2387 2169 2149
f 2387 2149 2388
f 2388 2149 2148
f 2388 2148 2389
f 2389 2148 2177
f 2389 2177 2390
f 2390 2177 2176
f 2390 2176 2391
f 2391 2176 2175
f 2391 2175 2392
f 2392 2175 2167
f 2392 2167 2393
f 2393 2167 2166
f 2393 2166 2382
f 2382 2166 2165
f 2392 2393 2394
f 2394 2393 2382
f 2394 2382 2383
f 2389 2390 2394
f 2394 2390 2391
f 2394 2391 2392
f 2386 2387 2394
f 2394 2387 2388
f 2394 2388 2389
f 2383 2384 2394
f 2394 2384 2385
f 2394 2385 2386
f 2395 2182 2396
f 2396 2182 2181
f 2396 2181 2397
f 2397 2181 2180
f 2397 2180 2398
f 2398 2180 2184
f 2398 2184 2399
f 2399 2184 2202
f 2399 2202 2400
f 2400 2202 2194
f 2400 2194 2401
f 2401 2194 2192
f 2401 2192 2402
f 2402 2192 2190
f 2402 2190 2403
f 2403 2190 2189
f 2403 2189 2404
f 2404 2189 2140
f 2404 2140 2405
f 2405 2140 2139
f 2405 2139 2406
f 2406 2139 2160
f 2406 2160 2395
f 2395 2160 2182
f 2405 2406 2407
f 2407 2406 2395
f 2407 2395 2396
f 2402 2403 2407
f 2407 2403 2404
f 2407 2404 2405
f 2399 2400 2407
f 2407 2400 2401
f 2407 2401 2402
f 2396 2397 2407
f 2407 2397 2398
f 2407 2398 2399
f 2408 2191 2409
f 2409 2191 2193
f 2409 2193 2410
f 2410 2193 2196
f 2410 2196 2411
f 2411 2196 2195
f 2411 2195 2412
f 2412 2195 2205
f 2412 2205 2413
f 2413 2205 2204
f 2413 2204 2414
f 2414 2204 2203
f 2414 2203 2415
f 2415 2203 2178
f 2415 2178 2416
f 2416 2178 2179
f 2416 2179 2417
f 2417 2179 2170
f 2417 2170 2418
f 2418 2170 2171
f 2418 2171 2419
f 2419 2171 2172
f 2419 2172 2408
f 2408 2172 2191
f 2418 2419 2420
f 2420 2419 2408
f 2420 2408 2409
f 2415 2416 2420
f 2420 2416 2417
f 2420 2417 2418
f 2412 2413 2420
f 2420 2413 2414
f 2420 2414 2415
f 2409 2410 2420
f 2420 2410 2411
f 2420 2411 2412
f 2421 2422 2423
f 2423 2422 2424
f 2423 2424 2425
f 2425 2424 2426
f 2425 2426 2427
f 2427 2426 2428
f 2427 2428 2429
f 2429 2428 2430
f 2429 2430 2431
f 2431 2430 2432
f 2431 2432 2433
f 2433 2432 2434
f 2433 2434 2435
f 2435 2434 2436
f 2435 2436 2437
f 2437 2436 2438
f 2437 2438 2439
f 2439 2438 2440
f 2439 2440 2441
f 2441 2440 2442
f 2441 2442 2443
f 2443 2442 2444
f 2443 2444 2421
f 2421 2444 2422
f 2445 2446 2447
f 2447 2446 2448
f 2447 2448 2449
f 2449 2448 2450
f 2449 2450 2451
f 2451 2450 2452
f 2451 2452 2453
f 2453 2452 2454
f 2453 2454 2455
f 2455 2454 2456
f 2455 2456 2457
f 2457 2456 2458
f 2457 2458 2459
f 2459 2458 2460
f 2459 2460 2461
f 2461 2460 2462
f 2461 2462 2463
f 2463 2462 2464
f 2463 2464 2465
f 2465 2464 2466
f 2465 2466 2467
f 2467 2466 2468
f 2467 2468 2445
f 2445 2468 2446
f 2469 2470 2471
f 2471 2470 2472
f 2471 2472 2473
f 2473 2472 2474
f 2473 2474 2475
f 2475 2474 2476
f 2475 2476 2477
f 2477 2476 2478
f 2477 2478 2479
f 2479 2478 2480
f 2479 2480 2481
f 2481 2480 2482
f 2481 2482 2483
f 2483 2482 2484
f 2483 2484 2485
f 2485 2484 2486
f 2485 2486 2487
f 2487 2486 2488
f 2487 2488 2489
f 2489 2488 2490
f 2489 2490 2491
f 2491 2490 2492
f 2491 2492 2469
f 2469 2492 2470
f 2493 2494 2495
f 2495 2494 2496
f 2495 2496 2497
f 2497 2496 2498
f 2497 2498 2499
f 2499 2498 2500
f 2499 2500 2501
f 2501 2500 2502
f 2501 2502 2503
f 2503 2502 2504
f 2503 2504 2505
f 2505 2504 2506
f 2505 2506 2507
f 2507 2506 2508
f 2507 2508 2509
f 2509 2508 2510
f 2509 2510 2511
f 2511 2510 2512
f 2511 2512 2513
f 2513 2512 2514
f 2513 2514 2515
f 2515 2514 2516
f 2515 2516 2493
f 2493 2516 2494
f 2479 2481 2517
f 2459 2517 2457
f 2457 2517 2518
f 2457 2518 2455
f 2459 2461 2517
f 2517 2461 2463
f 2517 2463 2519
f 2519 2463 2465
f 2519 2465 2520
f 2520 2465 2467
f 2520 2467 2521
f 2521 2467 2522
f 2522 2467 2445
f 2522 2445 2523
f 2445 2447 2523
f 2523 2447 2449
f 2523 2449 2524
f 2524 2449 2451
f 2524 2451 2518
f 2518 2451 2453
f 2518 2453 2455
f 2525 2526 2517
f 2429 2431 2527
f 2527 2431 2528
f 2528 2431 2433
f 2528 2433 2435
f 2529 2530 2531
f 2531 2530 2532
f 2435 2437 2528
f 2528 2437 2533
f 2528 2533 2534
f 2534 2533 2529
f 2534 2529 2535
f 2535 2529 2531
f 2536 2423 2537
f 2537 2423 2425
f 2429 2527 2427
f 2427 2527 2538
f 2427 2538 2425
f 2425 2538 2539
f 2425 2539 2537
f 2437 2439 2533
f 2533 2439 2441
f 2533 2441 2540
f 2540 2441 2443
f 2540 2443 2421
f 2526 2541 2517
f 2517 2541 2542
f 2517 2542 2518
f 2518 2542 2543
f 2518 2543 2544
f 2536 2518 2423
f 2423 2518 2544
f 2423 2544 2421
f 2421 2544 2545
f 2421 2545 2540
f 2495 2497 2517
f 2511 2513 2546
f 2499 2501 2531
f 2547 2548 2549
f 2549 2548 2550
f 2550 2551 2549
f 2549 2551 2552
f 2549 2552 2553
f 2513 2515 2517
f 2517 2515 2493
f 2517 2493 2495
f 2532 2525 2531
f 2531 2525 2517
f 2531 2517 2499
f 2499 2517 2497
f 2501 2503 2531
f 2531 2503 2505
f 2531 2505 2554
f 2554 2505 2507
f 2554 2507 2509
f 2509 2511 2554
f 2554 2511 2546
f 2554 2546 2555
f 2555 2546 2549
f 2555 2549 2556
f 2556 2549 2553
f 2513 2517 2546
f 2546 2517 2481
f 2546 2481 2483
f 2483 2485 2546
f 2546 2485 2487
f 2546 2487 2557
f 2487 2489 2557
f 2557 2489 2491
f 2557 2491 2519
f 2519 2491 2469
f 2519 2469 2471
f 2471 2473 2519
f 2519 2473 2475
f 2519 2475 2517
f 2517 2475 2477
f 2517 2477 2479
f 2558 2559 2560
f 2561 2562 2563
f 2562 2561 2560
f 2560 2561 2564
f 2560 2564 2558
f 2559 2565 2560
f 2560 2565 2566
f 2560 2566 2567
f 2567 2566 2568
f 2567 2568 2569
f 2570 2571 2572
f 2572 2571 2567
f 2572 2567 2573
f 2573 2567 2569
f 2570 2574 2571
f 2571 2574 2575
f 2571 2575 2564
f 2564 2575 2576
f 2564 2576 2558
f 2563 2577 2561
f 2561 2577 2578
f 2561 2578 2579
f 2579 2580 2561
f 2561 2580 2581
f 2561 2581 2582
f 2571 2583 2584
f 2585 2586 2587
f 2588 2589 2590
f 2590 2589 2591
f 2592 2593 2594
f 2585 2595 2586
f 2586 2595 2596
f 2586 2596 2597
f 2597 2596 2598
f 2599 2592 2600
f 2600 2592 2594
f 2600 2594 2601
f 2601 2594 2598
f 2601 2598 2602
f 2602 2598 2596
f 2603 2567 2604
f 2604 2567 2571
f 2604 2571 2605
f 2605 2571 2584
f 2589 2606 2591
f 2591 2606 2607
f 2591 2607 2608
f 2608 2607 2609
f 2608 2609 2610
f 2610 2609 2611
f 2610 2611 2612
f 2612 2611 2593
f 2612 2593 2613
f 2613 2593 2592
f 2603 2585 2567
f 2567 2585 2587
f 2567 2587 2614
f 2614 2587 2588
f 2614 2588 2615
f 2615 2588 2590
f 2616 2617 2571
f 2571 2617 2618
f 2571 2618 2619
f 2599 2583 2592
f 2592 2583 2571
f 2592 2571 2620
f 2620 2571 2619
f 2620 2621 2592
f 2592 2621 2622
f 2592 2622 2623
f 2623 2622 2624
f 2623 2624 2625
f 2626 2627 2564
f 2564 2627 2628
f 2564 2628 2629
f 2630 2631 2632
f 2629 2633 2564
f 2564 2633 2634
f 2564 2634 2571
f 2571 2634 2635
f 2571 2635 2636
f 2636 2630 2571
f 2571 2630 2632
f 2571 2632 2616
f 2616 2632 2637
f 2616 2637 2638
f 2638 2637 2639
f 2638 2639 2640
f 2640 2639 2641
f 2640 2641 2642
f 2642 2641 2625
f 2642 2625 2643
f 2643 2625 2624
f 2631 2644 2632
f 2632 2644 2645
f 2632 2645 2626
f 2626 2645 2646
f 2626 2646 2627
f 2561 2549 2564
f 2564 2549 2546
f 2564 2546 2626
f 2626 2546 2557
f 2547 2549 2582
f 2582 2549 2561
f 2547 2582 2581
f 2547 2581 2548
f 2548 2581 2580
f 2548 2580 2550
f 2550 2580 2579
f 2550 2579 2551
f 2551 2579 2578
f 2551 2578 2552
f 2552 2578 2577
f 2552 2577 2553
f 2553 2577 2563
f 2553 2563 2556
f 2556 2563 2562
f 2556 2562 2555
f 2554 2555 2560
f 2560 2555 2562
f 2614 2535 2567
f 2567 2535 2531
f 2567 2531 2560
f 2560 2531 2554
f 2535 2614 2615
f 2535 2615 2534
f 2534 2615 2590
f 2534 2590 2528
f 2528 2590 2591
f 2528 2591 2527
f 2527 2591 2608
f 2527 2608 2538
f 2538 2608 2610
f 2538 2610 2539
f 2539 2610 2612
f 2539 2612 2537
f 2537 2612 2613
f 2537 2613 2536
f 2536 2613 2518
f 2518 2613 2592
f 2518 2592 2524
f 2592 2623 2524
f 2524 2623 2625
f 2524 2625 2523
f 2523 2625 2641
f 2523 2641 2522
f 2522 2641 2639
f 2522 2639 2521
f 2521 2639 2637
f 2521 2637 2520
f 2626 2557 2632
f 2632 2557 2519
f 2632 2519 2637
f 2637 2519 2520
f 2542 2583 2543
f 2543 2583 2599
f 2543 2599 2544
f 2544 2599 2600
f 2544 2600 2545
f 2545 2600 2601
f 2545 2601 2540
f 2540 2601 2602
f 2540 2602 2533
f 2533 2602 2596
f 2533 2596 2529
f 2529 2596 2595
f 2529 2595 2530
f 2530 2595 2585
f 2530 2585 2532
f 2532 2585 2603
f 2532 2603 2525
f 2525 2603 2604
f 2525 2604 2526
f 2526 2604 2605
f 2526 2605 2541
f 2541 2605 2584
f 2541 2584 2542
f 2542 2584 2583
f 2647 2575 2648
f 2648 2575 2574
f 2648 2574 2649
f 2649 2574 2570
f 2649 2570 2650
f 2650 2570 2572
f 2650 2572 2651
f 2651 2572 2573
f 2651 2573 2652
f 2652 2573 2569
f 2652 2569 2653
f 2653 2569 2568
f 2653 2568 2654
f 2654 2568 2566
f 2654 2566 2655
f 2655 2566 2565
f 2655 2565 2656
f 2656 2565 2559
f 2656 2559 2657
f 2657 2559 2558
f 2657 2558 2658
f 2658 2558 2576
f 2658 2576 2647
f 2647 2576 2575
f 2510 2655 2512
f 2512 2655 2656
f 2512 2656 2514
f 2514 2656 2657
f 2514 2657 2516
f 2516 2657 2658
f 2516 2658 2494
f 2494 2658 2647
f 2494 2647 2496
f 2496 2647 2648
f 2496 2648 2498
f 2498 2648 2649
f 2498 2649 2500
f 2500 2649 2650
f 2500 2650 2502
f 2502 2650 2651
f 2502 2651 2504
f 2504 2651 2652
f 2504 2652 2506
f 2506 2652 2653
f 2506 2653 2508
f 2508 2653 2654
f 2508 2654 2510
f 2510 2654 2655
f 2659 2645 2660
f 2660 2645 2644
f 2660 2644 2661
f 2661 2644 2631
f 2661 2631 2662
f 2662 2631 2630
f 2662 2630 2663
f 2663 2630 2636
f 2663 2636 2664
f 2664 2636 2635
f 2664 2635 2665
f 2665 2635 2634
f 2665 2634 2666
f 2666 2634 2633
f 2666 2633 2667
f 2667 2633 2629
f 2667 2629 2668
f 2668 2629 2628
f 2668 2628 2669
f 2669 2628 2627
f 2669 2627 2670
f 2670 2627 2646
f 2670 2646 2659
f 2659 2646 2645
f 2478 2663 2480
f 2480 2663 2664
f 2480 2664 2482
f 2482 2664 2665
f 2482 2665 2484
f 2484 2665 2666
f 2484 2666 2486
f 2486 2666 2667
f 2486 2667 2488
f 2488 2667 2668
f 2488 2668 2490
f 2490 2668 2669
f 2490 2669 2492
f 2492 2669 2670
f 2492 2670 2470
f 2470 2670 2659
f 2470 2659 2472
f 2472 2659 2660
f 2472 2660 2474
f 2474 2660 2661
f 2474 2661 2476
f 2476 2661 2662
f 2476 2662 2478
f 2478 2662 2663
f 2671 2640 2672
f 2672 2640 2642
f 2672 2642 2673
f 2673 2642 2643
f 2673 2643 2674
f 2674 2643 2624
f 2674 2624 2675
f 2675 2624 2622
f 2675 2622 2676
f 2676 2622 2621
f 2676 2621 2677
f 2677 2621 2620
f 2677 2620 2678
f 2678 2620 2619
f 2678 2619 2679
f 2679 2619 2618
f 2679 2618 2680
f 2680 2618 2617
f 2680 2617 2681
f 2681 2617 2616
f 2681 2616 2682
f 2682 2616 2638
f 2682 2638 2671
f 2671 2638 2640
f 2454 2675 2456
f 2456 2675 2676
f 2456 2676 2458
f 2458 2676 2677
f 2458 2677 2460
f 2460 2677 2678
f 2460 2678 2462
f 2462 2678 2679
f 2462 2679 2464
f 2464 2679 2680
f 2464 2680 2466
f 2466 2680 2681
f 2466 2681 2468
f 2468 2681 2682
f 2468 2682 2446
f 2446 2682 2671
f 2446 2671 2448
f 2448 2671 2672
f 2448 2672 2450
f 2450 2672 2673
f 2450 2673 2452
f 2452 2673 2674
f 2452 2674 2454
f 2454 2674 2675
f 2683 2594 2684
f 2684 2594 2593
f 2684 2593 2685
f 2685 2593 2611
f 2685 2611 2686
f 2686 2611 2609
f 2686 2609 2687
f 2687 2609 2607
f 2687 2607 2688
f 2688 2607 2606
f 2688 2606 2689
f 2689 2606 2589
f 2689 2589 2690
f 2690 2589 2588
f 2690 2588 2691
f 2691 2588 2587
f 2691 2587 2692
f 2692 2587 2586
f 2692 2586 2693
f 2693 2586 2597
f 2693 2597 2694
f 2694 2597 2598
f 2694 2598 2683
f 2683 2598 2594
f 2438 2691 2440
f 2440 2691 2692
f 2440 2692 2442
f 2442 2692 2693
f 2442 2693 2444
f 2444 2693 2694
f 2444 2694 2422
f 2422 2694 2683
f 2422 2683 2424
f 2424 2683 2684
f 2424 2684 2426
f 2426 2684 2685
f 2426 2685 2428
f 2428 2685 2686
f 2428 2686 2430
f 2430 2686 2687
f 2430 2687 2432
f 2432 2687 2688
f 2432 2688 2434
f 2434 2688 2689
f 2434 2689 2436
f 2436 2689 2690
f 2436 2690 2438
f 2438 2690 2691
# 5578 faces, 0 coords texture

# End of File
