####
#
# OBJ File Generated by Meshlab
#
####
# Object ML_Wheel.obj
#
# Vertices: 1775
# Faces: 3594
#
####
v -0.0601484887301922 0.0336009636521339 0.0095250001177192
v -0.0583440959453583 0.0342264994978905 0.0095250001177192
v -0.0570822432637215 0.0385808646678925 0.0095250001177192
v -0.0201747566461563 -0.0658774971961975 0.0095250001177192
v -0.0145152751356363 -0.0673511102795601 0.0095250001177192
v -0.0161979664117098 -0.0583440959453583 0.0095250001177192
v -0.0603884942829609 0.0078246854245663 0.0095250001177192
v -0.0567204393446445 0.0075864181853831 0.0095250001177192
v -0.0583440959453583 0.0161979664117098 0.0095250001177192
v -0.0246060024946928 -0.0263226144015789 0.0095250001177192
v -0.0347429998219013 -0.0454718172550201 0.0095250001177192
v -0.0161979664117098 -0.0342264994978905 0.0095250001177192
v -0.0263226144015789 0.0246060024946928 0.0095250001177192
v -0.0454718172550201 0.0347429998219013 0.0095250001177192
v -0.0342264994978905 0.0161979664117098 0.0095250001177192
v 0.0256888791918755 0.0639292374253273 0.0095250001177192
v 0.0201747566461563 0.0658774971961975 0.0095250001177192
v 0.0161979664117098 0.0342264994978905 0.0095250001177192
v 0.0263226144015789 -0.0246060024946928 0.0095250001177192
v 0.0454718172550201 -0.0347429998219013 0.0095250001177192
v 0.0342264994978905 -0.0161979664117098 0.0095250001177192
v 0.0649618953466415 -0.0229524988681078 0.0095250001177192
v 0.0666743814945221 -0.0173606593161821 0.0095250001177192
v -0.0012138269376010 -0.0360119715332985 0.0095250001177192
v -0.0008780169300735 -0.0354679003357887 0.0095250001177192
v -0.0003196791803930 -0.0351563915610313 0.0095250001177192
v 0.0003196791803930 -0.0351563915610313 0.0095250001177192
v 0.0161979664117098 -0.0342264994978905 0.0095250001177192
v 0.0008780169300735 -0.0354679003357887 0.0095250001177192
v 0.0012138269376010 -0.0360119715332985 0.0095250001177192
v 0.0075864181853831 -0.0567204393446445 0.0095250001177192
v 0.0161979664117098 -0.0583440959453583 0.0095250001177192
v 0.0078246854245663 -0.0603884942829609 0.0095250001177192
v -0.0035758921876550 -0.0661413893103600 0.0095250001177192
v -0.0063849221915007 -0.0637705773115158 0.0095250001177192
v -0.0078246854245663 -0.0603884942829609 0.0095250001177192
v -0.0075864181853831 -0.0567204393446445 0.0095250001177192
v 0.0145152751356363 -0.0673511102795601 0.0095250001177192
v 0.0063849221915007 -0.0637705773115158 0.0095250001177192
v 0.0087512098252773 -0.0683394595980644 0.0095250001177192
v 0.0035758921876550 -0.0661413893103600 0.0095250001177192
v 0.0029240928124636 -0.0688354223966599 0.0095250001177192
v 0.0000000000000004 -0.0669924989342690 0.0095250001177192
v -0.0029240928124636 -0.0688354223966599 0.0095250001177192
v -0.0087512098252773 -0.0683394595980644 0.0095250001177192
v 0.0601484887301922 -0.0336009636521339 0.0095250001177192
v 0.0482340008020401 -0.0371682271361351 0.0095250001177192
v 0.0570822432637215 -0.0385808646678925 0.0095250001177192
v 0.0496074296534061 -0.0405777841806412 0.0095250001177192
v 0.0536047182977200 -0.0432827882468700 0.0095250001177192
v 0.0492975637316704 -0.0442404858767986 0.0095250001177192
v 0.0497409701347351 -0.0476728565990925 0.0095250001177192
v 0.0473708510398865 -0.0473708510398865 0.0095250001177192
v 0.0455188378691673 -0.0517194457352161 0.0095250001177192
v 0.0442404858767986 -0.0492975637316704 0.0095250001177192
v 0.0409687384963036 -0.0553933940827847 0.0095250001177192
v 0.0405777841806412 -0.0496074296534061 0.0095250001177192
v 0.0342264994978905 -0.0583440959453583 0.0095250001177192
v 0.0627813637256622 -0.0283789653331041 0.0095250001177192
v 0.0212501231580973 -0.0256869848817587 0.0095250001177192
v 0.0246332753449678 -0.0250853709876537 0.0095250001177192
v 0.0243019908666611 -0.0228210892528296 0.0095250001177192
v 0.0250853709876537 -0.0246332753449678 0.0095250001177192
v 0.0269706044346094 -0.0195952914655209 0.0095250001177192
v 0.0347429998219013 -0.0454718172550201 0.0095250001177192
v 0.0178631264716387 -0.0281477831304073 0.0095250001177192
v 0.0246060024946928 -0.0263226144015789 0.0095250001177192
v 0.0244587417691946 -0.0257004462182522 0.0095250001177192
v 0.0371682271361351 -0.0482340008020401 0.0095250001177192
v 0.0601484887301922 0.0336009636521339 0.0095250001177192
v 0.0570822432637215 0.0385808646678925 0.0095250001177192
v 0.0496074296534061 0.0405777841806412 0.0095250001177192
v 0.0492975637316704 0.0442404858767986 0.0095250001177192
v 0.0536047182977200 0.0432827882468700 0.0095250001177192
v 0.0473708510398865 0.0473708510398865 0.0095250001177192
v 0.0497409701347351 0.0476728565990925 0.0095250001177192
v 0.0442404858767986 0.0492975637316704 0.0095250001177192
v 0.0455188378691673 0.0517194457352161 0.0095250001177192
v 0.0405777841806412 0.0496074296534061 0.0095250001177192
v 0.0409687384963036 0.0553933940827847 0.0095250001177192
v 0.0371682271361351 0.0482340008020401 0.0095250001177192
v 0.0310179125517607 0.0615203604102135 0.0095250001177192
v 0.0454718172550201 0.0347429998219013 0.0095250001177192
v 0.0263226144015789 0.0246060024946928 0.0095250001177192
v 0.0292138736695051 0.0160604622215033 0.0095250001177192
v 0.0269706044346094 0.0195952914655209 0.0095250001177192
v 0.0257004462182522 0.0244587417691946 0.0095250001177192
v 0.0243019908666611 0.0228210892528296 0.0095250001177192
v 0.0250853709876537 0.0246332753449678 0.0095250001177192
v 0.0212501231580973 0.0256869848817587 0.0095250001177192
v 0.0361234620213509 0.0586682297289371 0.0095250001177192
v 0.0347429998219013 0.0454718172550201 0.0095250001177192
v 0.0246060024946928 0.0263226144015789 0.0095250001177192
v 0.0178631264716387 0.0281477831304073 0.0095250001177192
v 0.0244587417691946 0.0257004462182522 0.0095250001177192
v 0.0246332753449678 0.0250853709876537 0.0095250001177192
v 0.0482340008020401 0.0371682271361351 0.0095250001177192
v 0.0627813637256622 0.0283789653331041 0.0095250001177192
v 0.0342264994978905 0.0161979664117098 0.0095250001177192
v -0.0347429998219013 0.0454718172550201 0.0095250001177192
v -0.0246060024946928 0.0263226144015789 0.0095250001177192
v -0.0178631264716387 0.0281477831304073 0.0095250001177192
v -0.0212501231580973 0.0256869848817587 0.0095250001177192
v -0.0244587417691946 0.0257004462182522 0.0095250001177192
v -0.0246332753449678 0.0250853709876537 0.0095250001177192
v -0.0243019908666611 0.0228210892528296 0.0095250001177192
v -0.0250853709876537 0.0246332753449678 0.0095250001177192
v -0.0269706044346094 0.0195952914655209 0.0095250001177192
v -0.0371682271361351 -0.0482340008020401 0.0095250001177192
v -0.0342264994978905 -0.0583440959453583 0.0095250001177192
v -0.0454718172550201 -0.0347429998219013 0.0095250001177192
v -0.0263226144015789 -0.0246060024946928 0.0095250001177192
v -0.0292138736695051 -0.0160604622215033 0.0095250001177192
v -0.0269706044346094 -0.0195952914655209 0.0095250001177192
v -0.0257004462182522 -0.0244587417691946 0.0095250001177192
v -0.0243019908666611 -0.0228210892528296 0.0095250001177192
v -0.0250853709876537 -0.0246332753449678 0.0095250001177192
v -0.0212501231580973 -0.0256869848817587 0.0095250001177192
v -0.0246332753449678 -0.0250853709876537 0.0095250001177192
v -0.0244587417691946 -0.0257004462182522 0.0095250001177192
v -0.0178631264716387 -0.0281477831304073 0.0095250001177192
v -0.0354679003357887 -0.0008780169300735 0.0095250001177192
v -0.0360119715332985 -0.0012138269376010 0.0095250001177192
v -0.0342264994978905 -0.0161979664117098 0.0095250001177192
v -0.0583440959453583 -0.0161979664117098 0.0095250001177192
v -0.0583440959453583 -0.0342264994978905 0.0095250001177192
v -0.0482340008020401 -0.0371682271361351 0.0095250001177192
v -0.0360119715332985 0.0012138269376010 0.0095250001177192
v -0.0354679003357887 0.0008780169300735 0.0095250001177192
v -0.0351563915610313 0.0003196791803930 0.0095250001177192
v -0.0351563915610313 -0.0003196791803930 0.0095250001177192
v -0.0567204393446445 -0.0075864181853831 0.0095250001177192
v -0.0603884942829609 -0.0078246854245663 0.0095250001177192
v -0.0637705773115158 -0.0063849221915007 0.0095250001177192
v -0.0637705773115158 0.0063849221915007 0.0095250001177192
v -0.0679064691066742 0.0116437338292599 0.0095250001177192
v -0.0661413893103600 0.0035758921876550 0.0095250001177192
v -0.0686492994427681 0.0058429162018001 0.0095250001177192
v -0.0669924989342690 -0.0000000000000008 0.0095250001177192
v -0.0688975006341934 -0.0000000000000008 0.0095250001177192
v -0.0661413893103600 -0.0035758921876550 0.0095250001177192
v -0.0686492994427681 -0.0058429162018001 0.0095250001177192
v -0.0679064691066742 -0.0116437338292599 0.0095250001177192
v -0.0666743814945221 -0.0173606593161821 0.0095250001177192
v -0.0666743814945221 0.0173606593161821 0.0095250001177192
v -0.0649618953466415 0.0229524988681078 0.0095250001177192
v 0.0360119715332985 0.0012138269376010 0.0095250001177192
v 0.0666743814945221 0.0173606593161821 0.0095250001177192
v 0.0649618953466415 0.0229524988681078 0.0095250001177192
v 0.0354679003357887 -0.0008780169300735 0.0095250001177192
v 0.0351563915610313 -0.0003196791803930 0.0095250001177192
v 0.0351563915610313 0.0003196791803930 0.0095250001177192
v 0.0354679003357887 0.0008780169300735 0.0095250001177192
v 0.0567204393446445 0.0075864181853831 0.0095250001177192
v 0.0603884942829609 0.0078246854245663 0.0095250001177192
v 0.0679064691066742 0.0116437338292599 0.0095250001177192
v 0.0637705773115158 0.0063849221915007 0.0095250001177192
v 0.0686492994427681 0.0058429162018001 0.0095250001177192
v 0.0661413893103600 0.0035758921876550 0.0095250001177192
v 0.0688975006341934 -0.0000000000000006 0.0095250001177192
v 0.0669924989342690 -0.0000000000000006 0.0095250001177192
v 0.0686492994427681 -0.0058429162018001 0.0095250001177192
v 0.0661413893103600 -0.0035758921876550 0.0095250001177192
v 0.0679064691066742 -0.0116437338292599 0.0095250001177192
v 0.0637705773115158 -0.0063849221915007 0.0095250001177192
v 0.0603884942829609 -0.0078246854245663 0.0095250001177192
v 0.0567204393446445 -0.0075864181853831 0.0095250001177192
v 0.0360119715332985 -0.0012138269376010 0.0095250001177192
v 0.0201747566461563 -0.0658774971961975 0.0095250001177192
v 0.0256888791918755 -0.0639292374253273 0.0095250001177192
v 0.0310179125517607 -0.0615203604102135 0.0095250001177192
v 0.0361234620213509 -0.0586682297289371 0.0095250001177192
v -0.0496074296534061 -0.0405777841806412 0.0095250001177192
v -0.0570822432637215 -0.0385808646678925 0.0095250001177192
v -0.0492975637316704 -0.0442404858767986 0.0095250001177192
v -0.0536047182977200 -0.0432827882468700 0.0095250001177192
v -0.0473708510398865 -0.0473708510398865 0.0095250001177192
v -0.0497409701347351 -0.0476728565990925 0.0095250001177192
v -0.0442404858767986 -0.0492975637316704 0.0095250001177192
v -0.0455188378691673 -0.0517194457352161 0.0095250001177192
v -0.0405777841806412 -0.0496074296534061 0.0095250001177192
v -0.0409687384963036 -0.0553933940827847 0.0095250001177192
v -0.0361234620213509 -0.0586682297289371 0.0095250001177192
v -0.0310179125517607 -0.0615203604102135 0.0095250001177192
v -0.0256888791918755 -0.0639292374253273 0.0095250001177192
v -0.0649618953466415 -0.0229524988681078 0.0095250001177192
v -0.0627813637256622 -0.0283789653331041 0.0095250001177192
v -0.0601484887301922 -0.0336009636521339 0.0095250001177192
v -0.0627813637256622 0.0283789653331041 0.0095250001177192
v 0.0012138269376010 0.0360119715332985 0.0095250001177192
v 0.0008780169300735 0.0354679003357887 0.0095250001177192
v 0.0075864181853831 0.0567204393446445 0.0095250001177192
v 0.0078246854245663 0.0603884942829609 0.0095250001177192
v 0.0003196791803930 0.0351563915610313 0.0095250001177192
v -0.0003196791803930 0.0351563915610313 0.0095250001177192
v -0.0161979664117098 0.0342264994978905 0.0095250001177192
v -0.0008780169300735 0.0354679003357887 0.0095250001177192
v -0.0012138269376010 0.0360119715332985 0.0095250001177192
v -0.0201747566461563 0.0658774971961975 0.0095250001177192
v -0.0256888791918755 0.0639292374253273 0.0095250001177192
v -0.0310179125517607 0.0615203604102135 0.0095250001177192
v -0.0371682271361351 0.0482340008020401 0.0095250001177192
v -0.0361234620213509 0.0586682297289371 0.0095250001177192
v -0.0405777841806412 0.0496074296534061 0.0095250001177192
v -0.0409687384963036 0.0553933940827847 0.0095250001177192
v -0.0442404858767986 0.0492975637316704 0.0095250001177192
v -0.0455188378691673 0.0517194457352161 0.0095250001177192
v -0.0473708510398865 0.0473708510398865 0.0095250001177192
v -0.0497409701347351 0.0476728565990925 0.0095250001177192
v -0.0492975637316704 0.0442404858767986 0.0095250001177192
v -0.0536047182977200 0.0432827882468700 0.0095250001177192
v -0.0496074296534061 0.0405777841806412 0.0095250001177192
v -0.0482340008020401 0.0371682271361351 0.0095250001177192
v 0.0063849221915007 0.0637705773115158 0.0095250001177192
v 0.0145152751356363 0.0673511102795601 0.0095250001177192
v 0.0035758921876550 0.0661413893103600 0.0095250001177192
v -0.0075864181853831 0.0567204393446445 0.0095250001177192
v -0.0078246854245663 0.0603884942829609 0.0095250001177192
v -0.0145152751356363 0.0673511102795601 0.0095250001177192
v -0.0063849221915007 0.0637705773115158 0.0095250001177192
v -0.0087512098252773 0.0683394595980644 0.0095250001177192
v -0.0035758921876550 0.0661413893103600 0.0095250001177192
v -0.0029240928124636 0.0688354223966599 0.0095250001177192
v -0.0000000000000007 0.0669924989342690 0.0095250001177192
v 0.0029240928124636 0.0688354223966599 0.0095250001177192
v 0.0087512098252773 0.0683394595980644 0.0095250001177192
v 0.0309964232146740 0.0122723523527384 0.0095250001177192
v 0.0322901420295238 0.0082906987518072 0.0095250001177192
v 0.0257004462182522 -0.0244587417691946 0.0095250001177192
v 0.0292138736695051 -0.0160604622215033 0.0095250001177192
v 0.0309964232146740 -0.0122723523527384 0.0095250001177192
v 0.0322901420295238 -0.0082906987518072 0.0095250001177192
v 0.0330746248364449 0.0041782967746258 0.0095250001177192
v 0.0333374999463558 -0.0000000000000006 0.0095250001177192
v 0.0330746248364449 -0.0041782967746258 0.0095250001177192
v -0.0141944168135524 0.0301646720618010 0.0095250001177192
v -0.0103018544614315 0.0317058451473713 0.0095250001177192
v 0.0062468247488141 0.0327470004558563 0.0095250001177192
v 0.0103018544614315 0.0317058451473713 0.0095250001177192
v 0.0141944168135524 0.0301646720618010 0.0095250001177192
v -0.0062468247488141 0.0327470004558563 0.0095250001177192
v -0.0020932790357620 0.0332717150449753 0.0095250001177192
v 0.0020932790357620 0.0332717150449753 0.0095250001177192
v -0.0257004462182522 0.0244587417691946 0.0095250001177192
v -0.0292138736695051 0.0160604622215033 0.0095250001177192
v -0.0309964232146740 0.0122723523527384 0.0095250001177192
v -0.0322901420295238 0.0082906987518072 0.0095250001177192
v -0.0309964232146740 -0.0122723523527384 0.0095250001177192
v -0.0322901420295238 -0.0082906987518072 0.0095250001177192
v -0.0330746248364449 -0.0041782967746258 0.0095250001177192
v -0.0333374999463558 -0.0000000000000006 0.0095250001177192
v -0.0330746248364449 0.0041782967746258 0.0095250001177192
v -0.0141944168135524 -0.0301646720618010 0.0095250001177192
v -0.0103018544614315 -0.0317058451473713 0.0095250001177192
v 0.0141944168135524 -0.0301646720618010 0.0095250001177192
v 0.0103018544614315 -0.0317058451473713 0.0095250001177192
v 0.0062468247488141 -0.0327470004558563 0.0095250001177192
v 0.0020932790357620 -0.0332717150449753 0.0095250001177192
v -0.0020932790357620 -0.0332717150449753 0.0095250001177192
v -0.0062468247488141 -0.0327470004558563 0.0095250001177192
v -0.0570822432637215 0.0385808646678925 -0.0095250001177192
v -0.0583440959453583 0.0342264994978905 -0.0095250001177192
v -0.0601484887301922 0.0336009636521339 -0.0095250001177192
v -0.0201747566461563 0.0658774971961975 -0.0095250001177192
v -0.0145152751356363 0.0673511102795601 -0.0095250001177192
v -0.0161979664117098 0.0583440959453583 -0.0095250001177192
v 0.0409687384963036 0.0553933940827847 -0.0095250001177192
v 0.0342264994978905 0.0583440959453583 -0.0095250001177192
v 0.0361234620213509 0.0586682297289371 -0.0095250001177192
v 0.0354679003357887 0.0008780169300735 -0.0095250001177192
v 0.0351563915610313 0.0003196791803930 -0.0095250001177192
v 0.0342264994978905 0.0161979664117098 -0.0095250001177192
v -0.0482340008020401 0.0371682271361351 -0.0095250001177192
v -0.0454718172550201 0.0347429998219013 -0.0095250001177192
v -0.0078246854245663 0.0603884942829609 -0.0095250001177192
v -0.0075864181853831 0.0567204393446445 -0.0095250001177192
v 0.0649618953466415 0.0229524988681078 -0.0095250001177192
v 0.0666743814945221 0.0173606593161821 -0.0095250001177192
v 0.0454718172550201 -0.0347429998219013 -0.0095250001177192
v 0.0342264994978905 -0.0287900771945715 -0.0095250001177192
v 0.0342264994978905 -0.0161979664117098 -0.0095250001177192
v 0.0482340008020401 -0.0371682271361351 -0.0095250001177192
v 0.0601484887301922 -0.0336009636521339 -0.0095250001177192
v 0.0496074296534061 -0.0405777841806412 -0.0095250001177192
v 0.0570822432637215 -0.0385808646678925 -0.0095250001177192
v 0.0492975637316704 -0.0442404858767986 -0.0095250001177192
v 0.0536047182977200 -0.0432827882468700 -0.0095250001177192
v 0.0473708510398865 -0.0473708510398865 -0.0095250001177192
v 0.0497409701347351 -0.0476728565990925 -0.0095250001177192
v 0.0442404858767986 -0.0492975637316704 -0.0095250001177192
v 0.0455188378691673 -0.0517194457352161 -0.0095250001177192
v 0.0405777841806412 -0.0496074296534061 -0.0095250001177192
v 0.0409687384963036 -0.0553933940827847 -0.0095250001177192
v 0.0371682271361351 -0.0482340008020401 -0.0095250001177192
v 0.0246060024946928 -0.0263226144015789 -0.0095250001177192
v 0.0287900771945715 -0.0342264994978905 -0.0095250001177192
v 0.0161979664117098 -0.0342264994978905 -0.0095250001177192
v 0.0347429998219013 -0.0454718172550201 -0.0095250001177192
v 0.0178631264716387 -0.0281477831304073 -0.0095250001177192
v 0.0212501231580973 -0.0256869848817587 -0.0095250001177192
v 0.0244587417691946 -0.0257004462182522 -0.0095250001177192
v 0.0292138736695051 -0.0160604622215033 -0.0095250001177192
v 0.0263226144015789 -0.0246060024946928 -0.0095250001177192
v 0.0269706044346094 -0.0195952914655209 -0.0095250001177192
v 0.0257004462182522 -0.0244587417691946 -0.0095250001177192
v 0.0243019908666611 -0.0228210892528296 -0.0095250001177192
v 0.0250853709876537 -0.0246332753449678 -0.0095250001177192
v 0.0246332753449678 -0.0250853709876537 -0.0095250001177192
v 0.0666743814945221 -0.0173606593161821 -0.0095250001177192
v 0.0649618953466415 -0.0229524988681078 -0.0095250001177192
v 0.0627813637256622 -0.0283789653331041 -0.0095250001177192
v 0.0342264994978905 0.0287900771945715 -0.0095250001177192
v 0.0454718172550201 0.0347429998219013 -0.0095250001177192
v 0.0627813637256622 0.0283789653331041 -0.0095250001177192
v 0.0601484887301922 0.0336009636521339 -0.0095250001177192
v 0.0482340008020401 0.0371682271361351 -0.0095250001177192
v 0.0570822432637215 0.0385808646678925 -0.0095250001177192
v 0.0496074296534061 0.0405777841806412 -0.0095250001177192
v 0.0536047182977200 0.0432827882468700 -0.0095250001177192
v 0.0492975637316704 0.0442404858767986 -0.0095250001177192
v 0.0497409701347351 0.0476728565990925 -0.0095250001177192
v 0.0473708510398865 0.0473708510398865 -0.0095250001177192
v 0.0455188378691673 0.0517194457352161 -0.0095250001177192
v 0.0442404858767986 0.0492975637316704 -0.0095250001177192
v 0.0405777841806412 0.0496074296534061 -0.0095250001177192
v 0.0371682271361351 0.0482340008020401 -0.0095250001177192
v 0.0347429998219013 0.0454718172550201 -0.0095250001177192
v 0.0269706044346094 0.0195952914655209 -0.0095250001177192
v 0.0257004462182522 0.0244587417691946 -0.0095250001177192
v 0.0263226144015789 0.0246060024946928 -0.0095250001177192
v 0.0250853709876537 0.0246332753449678 -0.0095250001177192
v 0.0243019908666611 0.0228210892528296 -0.0095250001177192
v 0.0246332753449678 0.0250853709876537 -0.0095250001177192
v 0.0212501231580973 0.0256869848817587 -0.0095250001177192
v 0.0244587417691946 0.0257004462182522 -0.0095250001177192
v 0.0292138736695051 0.0160604622215033 -0.0095250001177192
v 0.0003196791803930 0.0351563915610313 -0.0095250001177192
v 0.0161979664117098 0.0342264994978905 -0.0095250001177192
v -0.0003196791803930 0.0351563915610313 -0.0095250001177192
v -0.0161979664117098 0.0342264994978905 -0.0095250001177192
v -0.0008780169300735 0.0354679003357887 -0.0095250001177192
v -0.0012138269376010 0.0360119715332985 -0.0095250001177192
v 0.0008780169300735 0.0354679003357887 -0.0095250001177192
v 0.0012138269376010 0.0360119715332985 -0.0095250001177192
v 0.0161979664117098 0.0583440959453583 -0.0095250001177192
v 0.0075864181853831 0.0567204393446445 -0.0095250001177192
v 0.0078246854245663 0.0603884942829609 -0.0095250001177192
v 0.0035758921876550 0.0661413893103600 -0.0095250001177192
v 0.0087512098252773 0.0683394595980644 -0.0095250001177192
v 0.0063849221915007 0.0637705773115158 -0.0095250001177192
v 0.0145152751356363 0.0673511102795601 -0.0095250001177192
v -0.0063849221915007 0.0637705773115158 -0.0095250001177192
v -0.0035758921876550 0.0661413893103600 -0.0095250001177192
v -0.0087512098252773 0.0683394595980644 -0.0095250001177192
v -0.0000000000000013 0.0669924989342690 -0.0095250001177192
v -0.0029240928124636 0.0688354223966599 -0.0095250001177192
v 0.0029240928124636 0.0688354223966599 -0.0095250001177192
v -0.0246060024946928 0.0263226144015789 -0.0095250001177192
v -0.0287900771945715 0.0342264994978905 -0.0095250001177192
v -0.0347429998219013 0.0454718172550201 -0.0095250001177192
v -0.0371682271361351 0.0482340008020401 -0.0095250001177192
v -0.0342264994978905 0.0583440959453583 -0.0095250001177192
v -0.0246332753449678 0.0250853709876537 -0.0095250001177192
v -0.0244587417691946 0.0257004462182522 -0.0095250001177192
v -0.0212501231580973 0.0256869848817587 -0.0095250001177192
v -0.0178631264716387 0.0281477831304073 -0.0095250001177192
v -0.0583440959453583 -0.0342264994978905 -0.0095250001177192
v -0.0454718172550201 -0.0347429998219013 -0.0095250001177192
v -0.0482340008020401 -0.0371682271361351 -0.0095250001177192
v -0.0583440959453583 -0.0161979664117098 -0.0095250001177192
v -0.0342264994978905 -0.0161979664117098 -0.0095250001177192
v -0.0342264994978905 -0.0287900771945715 -0.0095250001177192
v -0.0263226144015789 -0.0246060024946928 -0.0095250001177192
v -0.0212501231580973 -0.0256869848817587 -0.0095250001177192
v -0.0178631264716387 -0.0281477831304073 -0.0095250001177192
v -0.0246060024946928 -0.0263226144015789 -0.0095250001177192
v -0.0244587417691946 -0.0257004462182522 -0.0095250001177192
v -0.0246332753449678 -0.0250853709876537 -0.0095250001177192
v -0.0243019908666611 -0.0228210892528296 -0.0095250001177192
v -0.0250853709876537 -0.0246332753449678 -0.0095250001177192
v -0.0269706044346094 -0.0195952914655209 -0.0095250001177192
v -0.0201747566461563 -0.0658774971961975 -0.0095250001177192
v -0.0256888791918755 -0.0639292374253273 -0.0095250001177192
v -0.0161979664117098 -0.0342264994978905 -0.0095250001177192
v -0.0310179125517607 -0.0615203604102135 -0.0095250001177192
v -0.0287900771945715 -0.0342264994978905 -0.0095250001177192
v -0.0347429998219013 -0.0454718172550201 -0.0095250001177192
v -0.0371682271361351 -0.0482340008020401 -0.0095250001177192
v -0.0361234620213509 -0.0586682297289371 -0.0095250001177192
v -0.0405777841806412 -0.0496074296534061 -0.0095250001177192
v -0.0409687384963036 -0.0553933940827847 -0.0095250001177192
v -0.0442404858767986 -0.0492975637316704 -0.0095250001177192
v -0.0455188378691673 -0.0517194457352161 -0.0095250001177192
v -0.0473708510398865 -0.0473708510398865 -0.0095250001177192
v -0.0497409701347351 -0.0476728565990925 -0.0095250001177192
v -0.0492975637316704 -0.0442404858767986 -0.0095250001177192
v -0.0536047182977200 -0.0432827882468700 -0.0095250001177192
v -0.0496074296534061 -0.0405777841806412 -0.0095250001177192
v -0.0570822432637215 -0.0385808646678925 -0.0095250001177192
v -0.0351563915610313 0.0003196791803930 -0.0095250001177192
v -0.0342264994978905 0.0161979664117098 -0.0095250001177192
v -0.0351563915610313 -0.0003196791803930 -0.0095250001177192
v -0.0354679003357887 -0.0008780169300735 -0.0095250001177192
v -0.0360119715332985 -0.0012138269376010 -0.0095250001177192
v -0.0354679003357887 0.0008780169300735 -0.0095250001177192
v -0.0360119715332985 0.0012138269376010 -0.0095250001177192
v -0.0583440959453583 0.0161979664117098 -0.0095250001177192
v -0.0567204393446445 0.0075864181853831 -0.0095250001177192
v -0.0603884942829609 0.0078246854245663 -0.0095250001177192
v -0.0637705773115158 0.0063849221915007 -0.0095250001177192
v -0.0649618953466415 -0.0229524988681078 -0.0095250001177192
v -0.0666743814945221 -0.0173606593161821 -0.0095250001177192
v -0.0679064691066742 -0.0116437338292599 -0.0095250001177192
v -0.0567204393446445 -0.0075864181853831 -0.0095250001177192
v -0.0603884942829609 -0.0078246854245663 -0.0095250001177192
v -0.0637705773115158 -0.0063849221915007 -0.0095250001177192
v -0.0292138736695051 0.0160604622215033 -0.0095250001177192
v -0.0309964232146740 0.0122723523527384 -0.0095250001177192
v -0.0322901420295238 0.0082906987518072 -0.0095250001177192
v -0.0257004462182522 -0.0244587417691946 -0.0095250001177192
v -0.0292138736695051 -0.0160604622215033 -0.0095250001177192
v -0.0309964232146740 -0.0122723523527384 -0.0095250001177192
v -0.0322901420295238 -0.0082906987518072 -0.0095250001177192
v -0.0330746248364449 0.0041782967746258 -0.0095250001177192
v -0.0333374999463558 0.0000000000000007 -0.0095250001177192
v -0.0330746248364449 -0.0041782967746258 -0.0095250001177192
v -0.0141944168135524 0.0301646720618010 -0.0095250001177192
v -0.0103018544614315 0.0317058451473713 -0.0095250001177192
v 0.0178631264716387 0.0281477831304073 -0.0095250001177192
v 0.0141944168135524 0.0301646720618010 -0.0095250001177192
v 0.0103018544614315 0.0317058451473713 -0.0095250001177192
v 0.0062468247488141 0.0327470004558563 -0.0095250001177192
v 0.0020932790357620 0.0332717150449753 -0.0095250001177192
v -0.0020932790357620 0.0332717150449753 -0.0095250001177192
v -0.0062468247488141 0.0327470004558563 -0.0095250001177192
v 0.0333374999463558 0.0000000000000007 -0.0095250001177192
v 0.0330746248364449 0.0041782967746258 -0.0095250001177192
v 0.0309964232146740 -0.0122723523527384 -0.0095250001177192
v 0.0322901420295238 0.0082906987518072 -0.0095250001177192
v 0.0309964232146740 0.0122723523527384 -0.0095250001177192
v 0.0322901420295238 -0.0082906987518072 -0.0095250001177192
v 0.0330746248364449 -0.0041782967746258 -0.0095250001177192
v 0.0141944168135524 -0.0301646720618010 -0.0095250001177192
v 0.0103018544614315 -0.0317058451473713 -0.0095250001177192
v -0.0141944168135524 -0.0301646720618010 -0.0095250001177192
v -0.0103018544614315 -0.0317058451473713 -0.0095250001177192
v -0.0062468247488141 -0.0327470004558563 -0.0095250001177192
v -0.0020932790357620 -0.0332717150449753 -0.0095250001177192
v 0.0020932790357620 -0.0332717150449753 -0.0095250001177192
v 0.0062468247488141 -0.0327470004558563 -0.0095250001177192
v -0.0601484887301922 -0.0336009636521339 -0.0095250001177192
v -0.0627813637256622 -0.0283789653331041 -0.0095250001177192
v 0.0003196791803930 -0.0351563915610313 -0.0095250001177192
v -0.0003196791803930 -0.0351563915610313 -0.0095250001177192
v -0.0008780169300735 -0.0354679003357887 -0.0095250001177192
v -0.0012138269376010 -0.0360119715332985 -0.0095250001177192
v 0.0075864181853831 -0.0567204393446445 -0.0095250001177192
v 0.0012138269376010 -0.0360119715332985 -0.0095250001177192
v 0.0008780169300735 -0.0354679003357887 -0.0095250001177192
v -0.0035758921876550 -0.0661413893103600 -0.0095250001177192
v -0.0087512098252773 -0.0683394595980644 -0.0095250001177192
v -0.0063849221915007 -0.0637705773115158 -0.0095250001177192
v -0.0145152751356363 -0.0673511102795601 -0.0095250001177192
v -0.0078246854245663 -0.0603884942829609 -0.0095250001177192
v -0.0075864181853831 -0.0567204393446445 -0.0095250001177192
v 0.0078246854245663 -0.0603884942829609 -0.0095250001177192
v 0.0201747566461563 -0.0658774971961975 -0.0095250001177192
v 0.0063849221915007 -0.0637705773115158 -0.0095250001177192
v 0.0145152751356363 -0.0673511102795601 -0.0095250001177192
v 0.0035758921876550 -0.0661413893103600 -0.0095250001177192
v 0.0087512098252773 -0.0683394595980644 -0.0095250001177192
v 0.0000000000000000 -0.0669924989342690 -0.0095250001177192
v 0.0029240928124636 -0.0688354223966599 -0.0095250001177192
v -0.0029240928124636 -0.0688354223966599 -0.0095250001177192
v 0.0256888791918755 -0.0639292374253273 -0.0095250001177192
v 0.0310179125517607 -0.0615203604102135 -0.0095250001177192
v 0.0361234620213509 -0.0586682297289371 -0.0095250001177192
v 0.0351563915610313 -0.0003196791803930 -0.0095250001177192
v 0.0354679003357887 -0.0008780169300735 -0.0095250001177192
v 0.0360119715332985 -0.0012138269376010 -0.0095250001177192
v 0.0567204393446445 -0.0075864181853831 -0.0095250001177192
v 0.0603884942829609 -0.0078246854245663 -0.0095250001177192
v 0.0679064691066742 -0.0116437338292599 -0.0095250001177192
v 0.0637705773115158 -0.0063849221915007 -0.0095250001177192
v 0.0686492994427681 -0.0058429162018001 -0.0095250001177192
v 0.0661413893103600 -0.0035758921876550 -0.0095250001177192
v 0.0688975006341934 0.0000000000000008 -0.0095250001177192
v 0.0669924989342690 0.0000000000000008 -0.0095250001177192
v 0.0686492994427681 0.0058429162018001 -0.0095250001177192
v 0.0661413893103600 0.0035758921876550 -0.0095250001177192
v 0.0679064691066742 0.0116437338292599 -0.0095250001177192
v 0.0637705773115158 0.0063849221915007 -0.0095250001177192
v 0.0603884942829609 0.0078246854245663 -0.0095250001177192
v 0.0567204393446445 0.0075864181853831 -0.0095250001177192
v 0.0360119715332985 0.0012138269376010 -0.0095250001177192
v 0.0256888791918755 0.0639292374253273 -0.0095250001177192
v 0.0310179125517607 0.0615203604102135 -0.0095250001177192
v 0.0201747566461563 0.0658774971961975 -0.0095250001177192
v 0.0246060024946928 0.0263226144015789 -0.0095250001177192
v 0.0287900771945715 0.0342264994978905 -0.0095250001177192
v -0.0496074296534061 0.0405777841806412 -0.0095250001177192
v -0.0492975637316704 0.0442404858767986 -0.0095250001177192
v -0.0536047182977200 0.0432827882468700 -0.0095250001177192
v -0.0473708510398865 0.0473708510398865 -0.0095250001177192
v -0.0497409701347351 0.0476728565990925 -0.0095250001177192
v -0.0442404858767986 0.0492975637316704 -0.0095250001177192
v -0.0455188378691673 0.0517194457352161 -0.0095250001177192
v -0.0405777841806412 0.0496074296534061 -0.0095250001177192
v -0.0409687384963036 0.0553933940827847 -0.0095250001177192
v -0.0361234620213509 0.0586682297289371 -0.0095250001177192
v -0.0310179125517607 0.0615203604102135 -0.0095250001177192
v -0.0256888791918755 0.0639292374253273 -0.0095250001177192
v -0.0649618953466415 0.0229524988681078 -0.0095250001177192
v -0.0627813637256622 0.0283789653331041 -0.0095250001177192
v -0.0661413893103600 -0.0035758921876550 -0.0095250001177192
v -0.0686492994427681 -0.0058429162018001 -0.0095250001177192
v -0.0669924989342690 0.0000000000000004 -0.0095250001177192
v -0.0688975006341934 0.0000000000000006 -0.0095250001177192
v -0.0661413893103600 0.0035758921876550 -0.0095250001177192
v -0.0686492994427681 0.0058429162018001 -0.0095250001177192
v -0.0679064691066742 0.0116437338292599 -0.0095250001177192
v -0.0666743814945221 0.0173606593161821 -0.0095250001177192
v -0.0250853709876537 0.0246332753449678 -0.0095250001177192
v -0.0243019908666611 0.0228210892528296 -0.0095250001177192
v -0.0257004462182522 0.0244587417691946 -0.0095250001177192
v -0.0269706044346094 0.0195952914655209 -0.0095250001177192
v -0.0263226144015789 0.0246060024946928 -0.0095250001177192
v -0.0342264994978905 0.0287900771945715 -0.0095250001177192
v -0.0307525154203176 -0.0078959036618471 -0.0152399996295571
v -0.0258827637881041 -0.0106304651126266 -0.0152399996295571
v -0.0278227366507053 -0.0152956787496805 -0.0152399996295571
v -0.0009898670250550 0.0204152502119541 -0.0152399996295571
v -0.0011429999722168 0.0198437497019768 -0.0152399996295571
v -0.0098112896084785 0.0301960445940495 -0.0152399996295571
v 0.0256862901151180 0.0186621826142073 -0.0152399996295571
v 0.0295204035937786 0.0116879548877478 -0.0152399996295571
v 0.0152681954205036 0.0129879033192992 -0.0152399996295571
v 0.0183010268956423 0.0071219229139388 -0.0152399996295571
v 0.0178826600313187 0.0067035560496151 -0.0152399996295571
v 0.0152681954205036 0.0068125277757645 -0.0152399996295571
v 0.0177295282483101 0.0061320560052991 -0.0152399996295571
v 0.0178826600313187 0.0055605559609830 -0.0152399996295571
v 0.0152681954205036 -0.0006804720032960 -0.0152399996295571
v 0.0317500010132790 0.0000000000000011 -0.0152399996295571
v 0.0198623947799206 0.0055605559609830 -0.0152399996295571
v 0.0314996428787708 0.0039793299511075 -0.0152399996295571
v 0.0200155284255743 0.0061320560052991 -0.0152399996295571
v 0.0183010268956423 0.0051421890966594 -0.0152399996295571
v 0.0188725274056196 0.0049890559166670 -0.0152399996295571
v 0.0194440279155970 0.0051421890966594 -0.0152399996295571
v 0.0188725274056196 0.0072750560939312 -0.0152399996295571
v 0.0194440279155970 0.0071219229139388 -0.0152399996295571
v 0.0198623947799206 0.0067035560496151 -0.0152399996295571
v -0.0009898670250550 0.0192722491919994 -0.0152399996295571
v -0.0037465000059456 0.0129879033192992 -0.0152399996295571
v 0.0011429999722168 0.0198437497019768 -0.0152399996295571
v 0.0009898670250550 0.0204152502119541 -0.0152399996295571
v 0.0059493565931916 0.0311876200139523 -0.0152399996295571
v 0.0005714999861084 0.0208336170762777 -0.0152399996295571
v -0.0019935988821089 0.0316873490810394 -0.0152399996295571
v -0.0000000000000009 0.0209867507219315 -0.0152399996295571
v -0.0005714999861084 0.0208336170762777 -0.0152399996295571
v 0.0009898670250550 0.0192722491919994 -0.0152399996295571
v 0.0037465000059456 0.0129879033192992 -0.0152399996295571
v 0.0084354318678379 0.0129879033192992 -0.0152399996295571
v 0.0135184926912189 0.0287282597273588 -0.0152399996295571
v 0.0202382113784552 0.0244637951254845 -0.0152399996295571
v -0.0005714999861084 0.0188538823276758 -0.0152399996295571
v -0.0000000000000007 0.0187007505446672 -0.0152399996295571
v 0.0005714999861084 0.0188538823276758 -0.0152399996295571
v -0.0152681954205036 0.0129879033192992 -0.0152399996295571
v -0.0170125011354685 0.0268074125051498 -0.0152399996295571
v -0.0258827637881041 -0.0006804720032960 -0.0152399996295571
v -0.0317500010132790 0.0000000000000010 -0.0152399996295571
v -0.0307525154203176 0.0078959036618471 -0.0152399996295571
v -0.0231447536498308 -0.0217343699187040 -0.0152399996295571
v -0.0152681954205036 -0.0106304651126266 -0.0152399996295571
v -0.0170125011354685 -0.0268074125051498 -0.0152399996295571
v -0.0152681954205036 -0.0244734659790993 -0.0152399996295571
v -0.0098112896084785 -0.0301960445940495 -0.0152399996295571
v -0.0037465000059456 -0.0244734659790993 -0.0152399996295571
v -0.0019935988821089 -0.0316873490810394 -0.0152399996295571
v 0.0202382113784552 -0.0244637951254845 -0.0152399996295571
v 0.0152681954205036 -0.0244734659790993 -0.0152399996295571
v 0.0256862901151180 -0.0186621826142073 -0.0152399996295571
v 0.0152681954205036 -0.0106304651126266 -0.0152399996295571
v 0.0295204035937786 -0.0116879548877478 -0.0152399996295571
v 0.0314996428787708 -0.0039793299511075 -0.0152399996295571
v -0.0200155284255743 0.0061320560052991 -0.0152399996295571
v -0.0258827637881041 0.0068125277757645 -0.0152399996295571
v -0.0258827637881041 0.0129879033192992 -0.0152399996295571
v -0.0278227366507053 0.0152956787496805 -0.0152399996295571
v -0.0231447536498308 0.0217343699187040 -0.0152399996295571
v -0.0188725274056196 0.0049890559166670 -0.0152399996295571
v -0.0152681954205036 -0.0006804720032960 -0.0152399996295571
v -0.0194440279155970 0.0051421890966594 -0.0152399996295571
v -0.0198623947799206 0.0055605559609830 -0.0152399996295571
v -0.0183010268956423 0.0051421890966594 -0.0152399996295571
v -0.0178826600313187 0.0055605559609830 -0.0152399996295571
v -0.0152681954205036 0.0068125277757645 -0.0152399996295571
v -0.0177295282483101 0.0061320560052991 -0.0152399996295571
v -0.0178826600313187 0.0067035560496151 -0.0152399996295571
v -0.0183010268956423 0.0071219229139388 -0.0152399996295571
v -0.0188725274056196 0.0072750560939312 -0.0152399996295571
v -0.0194440279155970 0.0071219229139388 -0.0152399996295571
v -0.0198623947799206 0.0067035560496151 -0.0152399996295571
v 0.0063499999232590 0.0000000000000011 -0.0152399996295571
v 0.0054992614313960 0.0031749999616295 -0.0152399996295571
v 0.0084354318678379 0.0068125277757645 -0.0152399996295571
v 0.0037465000059456 0.0068125277757645 -0.0152399996295571
v -0.0031749999616295 -0.0054992614313960 -0.0152399996295571
v -0.0037465000059456 -0.0106304651126266 -0.0152399996295571
v -0.0054992614313960 -0.0031749999616295 -0.0152399996295571
v -0.0063499999232590 0.0000000000000011 -0.0152399996295571
v 0.0031749999616295 0.0054992614313960 -0.0152399996295571
v -0.0000000000000007 0.0063499999232590 -0.0152399996295571
v -0.0037465000059456 0.0068125277757645 -0.0152399996295571
v -0.0031749999616295 0.0054992614313960 -0.0152399996295571
v -0.0054992614313960 0.0031749999616295 -0.0152399996295571
v 0.0105208633467555 -0.0160539317876101 -0.0152399996295571
v 0.0084354318678379 -0.0106304651126266 -0.0152399996295571
v 0.0106739969924092 -0.0154824312776327 -0.0152399996295571
v 0.0110923638567328 -0.0150640634819865 -0.0152399996295571
v 0.0122353639453650 -0.0150640634819865 -0.0152399996295571
v 0.0116638634353876 -0.0149109307676554 -0.0152399996295571
v 0.0106739969924092 -0.0166254304349422 -0.0152399996295571
v 0.0110923638567328 -0.0170437972992659 -0.0152399996295571
v 0.0084354318678379 -0.0244734659790993 -0.0152399996295571
v 0.0116638634353876 -0.0171969309449196 -0.0152399996295571
v 0.0122353639453650 -0.0170437972992659 -0.0152399996295571
v 0.0126537308096886 -0.0166254304349422 -0.0152399996295571
v 0.0128068635240197 -0.0160539317876101 -0.0152399996295571
v 0.0126537308096886 -0.0154824312776327 -0.0152399996295571
v -0.0000000000000007 -0.0063499999232590 -0.0152399996295571
v 0.0031749999616295 -0.0054992614313960 -0.0152399996295571
v 0.0037465000059456 -0.0106304651126266 -0.0152399996295571
v 0.0135184926912189 -0.0287282597273588 -0.0152399996295571
v 0.0059493565931916 -0.0311876200139523 -0.0152399996295571
v 0.0037465000059456 -0.0244734659790993 -0.0152399996295571
v -0.0110923638567328 -0.0170437972992659 -0.0152399996295571
v -0.0106739969924092 -0.0166254304349422 -0.0152399996295571
v -0.0116638634353876 -0.0171969309449196 -0.0152399996295571
v -0.0122353639453650 -0.0170437972992659 -0.0152399996295571
v -0.0122353639453650 -0.0150640634819865 -0.0152399996295571
v -0.0126537308096886 -0.0154824312776327 -0.0152399996295571
v -0.0128068635240197 -0.0160539317876101 -0.0152399996295571
v -0.0126537308096886 -0.0166254304349422 -0.0152399996295571
v -0.0105208633467555 -0.0160539317876101 -0.0152399996295571
v -0.0106739969924092 -0.0154824312776327 -0.0152399996295571
v -0.0110923638567328 -0.0150640634819865 -0.0152399996295571
v -0.0116638634353876 -0.0149109307676554 -0.0152399996295571
v 0.0054992614313960 -0.0031749999616295 -0.0152399996295571
v 0.0084354318678379 -0.0006804720032960 -0.0152399996295571
v -0.0253999996930361 -0.0000000000000011 0.0152399996295571
v -0.0314996428787708 -0.0039793299511075 0.0152399996295571
v -0.0243711210787296 -0.0071560069918633 0.0152399996295571
v -0.0295204035937786 -0.0116879548877478 0.0152399996295571
v -0.0213678404688835 -0.0137322768568993 0.0152399996295571
v -0.0256862901151180 -0.0186621826142073 0.0152399996295571
v -0.0166334621608257 -0.0191960390657187 0.0152399996295571
v -0.0202382113784552 -0.0244637951254845 0.0152399996295571
v -0.0105515411123633 -0.0231046527624130 0.0152399996295571
v -0.0135184926912189 -0.0287282597273588 0.0152399996295571
v -0.0036147967912257 -0.0251414645463228 0.0152399996295571
v -0.0059493565931916 -0.0311876200139523 0.0152399996295571
v 0.0036147967912257 -0.0251414645463228 0.0152399996295571
v 0.0019935988821089 -0.0316873490810394 0.0152399996295571
v 0.0105515411123633 -0.0231046527624130 0.0152399996295571
v 0.0105515411123633 0.0231046527624130 0.0152399996295571
v 0.0098112896084785 0.0301960445940495 0.0152399996295571
v 0.0036147967912257 0.0251414645463228 0.0152399996295571
v 0.0019935988821089 0.0316873490810394 0.0152399996295571
v -0.0036147967912257 0.0251414645463228 0.0152399996295571
v -0.0059493565931916 0.0311876200139523 0.0152399996295571
v -0.0105515411123633 0.0231046527624130 0.0152399996295571
v -0.0135184926912189 0.0287282597273588 0.0152399996295571
v -0.0166334621608257 0.0191960390657187 0.0152399996295571
v -0.0202382113784552 0.0244637951254845 0.0152399996295571
v -0.0213678404688835 0.0137322768568993 0.0152399996295571
v -0.0256862901151180 0.0186621826142073 0.0152399996295571
v -0.0243711210787296 0.0071560069918633 0.0152399996295571
v -0.0295204035937786 0.0116879548877478 0.0152399996295571
v -0.0314996428787708 0.0039793299511075 0.0152399996295571
v 0.0098112896084785 -0.0301960445940495 0.0152399996295571
v 0.0170125011354685 -0.0268074125051498 0.0152399996295571
v 0.0166334621608257 -0.0191960390657187 0.0152399996295571
v 0.0231447536498308 -0.0217343699187040 0.0152399996295571
v 0.0213678404688835 -0.0137322768568993 0.0152399996295571
v 0.0278227366507053 -0.0152956787496805 0.0152399996295571
v 0.0243711210787296 -0.0071560069918633 0.0152399996295571
v 0.0307525154203176 -0.0078959036618471 0.0152399996295571
v 0.0253999996930361 -0.0000000000000010 0.0152399996295571
v 0.0317500010132790 -0.0000000000000011 0.0152399996295571
v 0.0243711210787296 0.0071560069918633 0.0152399996295571
v 0.0307525154203176 0.0078959036618471 0.0152399996295571
v 0.0213678404688835 0.0137322768568993 0.0152399996295571
v 0.0278227366507053 0.0152956787496805 0.0152399996295571
v 0.0166334621608257 0.0191960390657187 0.0152399996295571
v 0.0231447536498308 0.0217343699187040 0.0152399996295571
v 0.0170125011354685 0.0268074125051498 0.0152399996295571
v -0.0142874997109175 -0.0000000000000003 0.0039687501266599
v -0.0142874997109175 0.0000000000000002 -0.0039687501266599
v -0.0133226970210671 0.0051612402312458 0.0039687501266599
v -0.0133226970210671 0.0051612402312458 -0.0039687501266599
v -0.0105585902929306 0.0096254264935851 0.0039687501266599
v -0.0105585902929306 0.0096254264935851 -0.0039687501266599
v -0.0063684866763651 0.0127896452322602 0.0039687501266599
v -0.0063684866763651 0.0127896452322602 -0.0039687501266599
v -0.0013182841939852 0.0142265520989895 0.0039687501266599
v -0.0013182841939852 0.0142265520989895 -0.0039687501266599
v 0.0039099599234760 0.0137420836836100 0.0039687501266599
v 0.0039099599234760 0.0137420836836100 -0.0039687501266599
v 0.0086101423949003 0.0114016709849238 0.0039687501266599
v 0.0086101423949003 0.0114016709849238 -0.0039687501266599
v 0.0121474768966436 0.0075213992968202 0.0039687501266599
v 0.0121474768966436 0.0075213992968202 -0.0039687501266599
v 0.0140442280098796 0.0026253212708980 0.0039687501266599
v 0.0140442280098796 0.0026253212708980 -0.0039687501266599
v 0.0142874997109175 -0.0000000000000002 0.0039687501266599
v 0.0142874997109175 0.0000000000000003 -0.0039687501266599
v 0.0140442280098796 -0.0026253212708980 0.0039687501266599
v 0.0140442280098796 -0.0026253212708980 -0.0039687501266599
v 0.0121474768966436 -0.0075213992968202 0.0039687501266599
v 0.0121474768966436 -0.0075213992968202 -0.0039687501266599
v 0.0086101423949003 -0.0114016709849238 0.0039687501266599
v 0.0086101423949003 -0.0114016709849238 -0.0039687501266599
v 0.0039099599234760 -0.0137420836836100 0.0039687501266599
v 0.0039099599234760 -0.0137420836836100 -0.0039687501266599
v -0.0013182841939852 -0.0142265520989895 0.0039687501266599
v -0.0013182841939852 -0.0142265520989895 -0.0039687501266599
v -0.0063684866763651 -0.0127896452322602 0.0039687501266599
v -0.0063684866763651 -0.0127896452322602 -0.0039687501266599
v -0.0105585902929306 -0.0096254264935851 0.0039687501266599
v -0.0105585902929306 -0.0096254264935851 -0.0039687501266599
v -0.0133226970210671 -0.0051612402312458 0.0039687501266599
v -0.0133226970210671 -0.0051612402312458 -0.0039687501266599
v 0.0063499999232590 0.0000000000000004 -0.0055562499910593
v 0.0054992614313960 0.0031749999616295 -0.0055562499910593
v 0.0031749999616295 0.0054992614313960 -0.0055562499910593
v -0.0000000000000004 0.0063499999232590 -0.0055562499910593
v -0.0031749999616295 0.0054992614313960 -0.0055562499910593
v -0.0054992614313960 0.0031749999616295 -0.0055562499910593
v -0.0063499999232590 0.0000000000000004 -0.0055562499910593
v -0.0054992614313960 -0.0031749999616295 -0.0055562499910593
v -0.0031749999616295 -0.0054992614313960 -0.0055562499910593
v -0.0000000000000004 -0.0063499999232590 -0.0055562499910593
v 0.0031749999616295 -0.0054992614313960 -0.0055562499910593
v 0.0054992614313960 -0.0031749999616295 -0.0055562499910593
v 0.0768349990248680 -0.0000000000000009 0.0152399996295571
v 0.0758400037884712 0.0123252011835575 -0.0152399996295571
v 0.0758400037884712 0.0123252011835575 0.0152399996295571
v 0.0728807970881462 0.0243311859667301 -0.0152399996295571
v 0.0728807970881462 0.0243311859667301 0.0152399996295571
v 0.0680340155959129 0.0357070043683052 -0.0152399996295571
v 0.0680340155959129 0.0357070043683052 0.0152399996295571
v 0.0614251829683781 0.0461580306291580 -0.0152399996295571
v 0.0614251829683781 0.0461580306291580 0.0152399996295571
v 0.0532254762947559 0.0554135888814926 -0.0152399996295571
v 0.0532254762947559 0.0554135888814926 0.0152399996295571
v 0.0436472557485104 0.0632339641451836 -0.0152399996295571
v 0.0436472557485104 0.0632339641451836 0.0152399996295571
v 0.0329385921359062 0.0694166123867035 -0.0152399996295571
v 0.0329385921359062 0.0694166123867035 0.0152399996295571
v 0.0213768389075994 0.0738014057278633 -0.0152399996295571
v 0.0213768389075994 0.0738014057278633 0.0152399996295571
v 0.0092614358291030 0.0762747898697853 -0.0152399996295571
v 0.0092614358291030 0.0762747898697853 0.0152399996295571
v -0.0030938335694373 0.0767726898193359 -0.0152399996295571
v -0.0030938335694373 0.0767726898193359 0.0152399996295571
v -0.0153689738363028 0.0752822160720825 -0.0152399996295571
v -0.0153689738363028 0.0752822160720825 0.0152399996295571
v -0.0272460673004389 0.0718419700860977 -0.0152399996295571
v -0.0272460673004389 0.0718419700860977 0.0152399996295571
v -0.0384174995124340 0.0665410608053207 -0.0152399996295571
v -0.0384174995124340 0.0665410608053207 0.0152399996295571
v -0.0485939420759678 0.0595167726278305 -0.0152399996295571
v -0.0485939420759678 0.0595167726278305 0.0152399996295571
v -0.0575118251144886 0.0509510301053524 -0.0152399996295571
v -0.0575118251144886 0.0509510301053524 0.0152399996295571
v -0.0649401769042015 0.0410656817257404 -0.0152399996295571
v -0.0649401769042015 0.0410656817257404 0.0152399996295571
v -0.0706866234540939 0.0301167536526918 -0.0152399996295571
v -0.0706866234540939 0.0301167536526918 0.0152399996295571
v -0.0746023133397102 0.0183878187090158 -0.0152399996295571
v -0.0746023133397102 0.0183878187090158 0.0152399996295571
v -0.0765858441591263 0.0061826487071812 -0.0152399996295571
v -0.0765858441591263 0.0061826487071812 0.0152399996295571
v -0.0765858441591263 -0.0061826487071812 -0.0152399996295571
v -0.0765858441591263 -0.0061826487071812 0.0152399996295571
v -0.0746023133397102 -0.0183878187090158 -0.0152399996295571
v -0.0746023133397102 -0.0183878187090158 0.0152399996295571
v -0.0706866234540939 -0.0301167536526918 -0.0152399996295571
v -0.0706866234540939 -0.0301167536526918 0.0152399996295571
v -0.0649401769042015 -0.0410656817257404 -0.0152399996295571
v -0.0649401769042015 -0.0410656817257404 0.0152399996295571
v -0.0575118251144886 -0.0509510301053524 -0.0152399996295571
v -0.0575118251144886 -0.0509510301053524 0.0152399996295571
v -0.0485939420759678 -0.0595167726278305 -0.0152399996295571
v -0.0485939420759678 -0.0595167726278305 0.0152399996295571
v -0.0384174995124340 -0.0665410608053207 -0.0152399996295571
v -0.0384174995124340 -0.0665410608053207 0.0152399996295571
v -0.0272460673004389 -0.0718419700860977 -0.0152399996295571
v -0.0272460673004389 -0.0718419700860977 0.0152399996295571
v -0.0153689738363028 -0.0752822160720825 -0.0152399996295571
v -0.0153689738363028 -0.0752822160720825 0.0152399996295571
v -0.0030938335694373 -0.0767726898193359 -0.0152399996295571
v -0.0030938335694373 -0.0767726898193359 0.0152399996295571
v 0.0092614358291030 -0.0762747898697853 -0.0152399996295571
v 0.0092614358291030 -0.0762747898697853 0.0152399996295571
v 0.0213768389075994 -0.0738014057278633 -0.0152399996295571
v 0.0213768389075994 -0.0738014057278633 0.0152399996295571
v 0.0329385921359062 -0.0694166123867035 -0.0152399996295571
v 0.0329385921359062 -0.0694166123867035 0.0152399996295571
v 0.0436472557485104 -0.0632339641451836 -0.0152399996295571
v 0.0436472557485104 -0.0632339641451836 0.0152399996295571
v 0.0532254762947559 -0.0554135888814926 -0.0152399996295571
v 0.0532254762947559 -0.0554135888814926 0.0152399996295571
v 0.0614251829683781 -0.0461580306291580 -0.0152399996295571
v 0.0614251829683781 -0.0461580306291580 0.0152399996295571
v 0.0680340155959129 -0.0357070043683052 -0.0152399996295571
v 0.0680340155959129 -0.0357070043683052 0.0152399996295571
v 0.0728807970881462 -0.0243311859667301 -0.0152399996295571
v 0.0728807970881462 -0.0243311859667301 0.0152399996295571
v 0.0758400037884712 -0.0123252011835575 -0.0152399996295571
v 0.0758400037884712 -0.0123252011835575 0.0152399996295571
v 0.0768349990248680 0.0000000000000012 -0.0152399996295571
v -0.0704850032925606 0.0000000000000010 -0.0152399996295571
v -0.0694711357355118 0.0119120227172971 -0.0152399996295571
v -0.0664587169885635 0.0234813578426838 -0.0152399996295571
v -0.0615344010293484 0.0343751795589924 -0.0152399996295571
v -0.0548398494720459 0.0442800857126713 -0.0152399996295571
v -0.0465676560997963 0.0529111362993717 -0.0152399996295571
v -0.0369557999074459 0.0600200295448303 -0.0152399996295571
v -0.0262807887047529 0.0654022544622421 -0.0152399996295571
v -0.0148497279733419 0.0689029842615128 -0.0152399996295571
v -0.0029914681799710 0.0704214870929718 -0.0152399996295571
v 0.0089528514072299 0.0699141025543213 -0.0152399996295571
v 0.0206396132707596 0.0673954114317894 -0.0152399996295571
v 0.0317326113581657 0.0629378780722618 -0.0152399996295571
v 0.0419127196073532 0.0566697381436825 -0.0152399996295571
v 0.0508870743215084 0.0487713105976582 -0.0152399996295571
v 0.0583975017070770 0.0394698232412338 -0.0152399996295571
v 0.0642279386520386 0.0290328599512577 -0.0152399996295571
v 0.0682106539607048 0.0177606735378504 -0.0152399996295571
v 0.0702310800552368 0.0059775453992188 -0.0152399996295571
v 0.0704850032925606 0.0000000000000012 -0.0152399996295571
v 0.0702310800552368 -0.0059775453992188 -0.0152399996295571
v 0.0682106539607048 -0.0177606735378504 -0.0152399996295571
v 0.0642279386520386 -0.0290328599512577 -0.0152399996295571
v 0.0583975017070770 -0.0394698232412338 -0.0152399996295571
v 0.0508870743215084 -0.0487713105976582 -0.0152399996295571
v 0.0419127196073532 -0.0566697381436825 -0.0152399996295571
v 0.0317326113581657 -0.0629378780722618 -0.0152399996295571
v 0.0206396132707596 -0.0673954114317894 -0.0152399996295571
v 0.0089528514072299 -0.0699141025543213 -0.0152399996295571
v -0.0029914681799710 -0.0704214870929718 -0.0152399996295571
v -0.0148497279733419 -0.0689029842615128 -0.0152399996295571
v -0.0262807887047529 -0.0654022544622421 -0.0152399996295571
v -0.0369557999074459 -0.0600200295448303 -0.0152399996295571
v -0.0465676560997963 -0.0529111362993717 -0.0152399996295571
v -0.0548398494720459 -0.0442800857126713 -0.0152399996295571
v -0.0615344010293484 -0.0343751795589924 -0.0152399996295571
v -0.0664587169885635 -0.0234813578426838 -0.0152399996295571
v -0.0694711357355118 -0.0119120227172971 -0.0152399996295571
v 0.0029914681799710 -0.0704214870929718 0.0152399996295571
v 0.0148497279733419 -0.0689029842615128 0.0152399996295571
v 0.0262807887047529 -0.0654022544622421 0.0152399996295571
v 0.0369557999074459 -0.0600200295448303 0.0152399996295571
v 0.0465676560997963 -0.0529111362993717 0.0152399996295571
v 0.0548398494720459 -0.0442800857126713 0.0152399996295571
v 0.0615344010293484 -0.0343751795589924 0.0152399996295571
v 0.0664587169885635 -0.0234813578426838 0.0152399996295571
v 0.0694711357355118 -0.0119120227172971 0.0152399996295571
v 0.0704850032925606 -0.0000000000000010 0.0152399996295571
v 0.0694711357355118 0.0119120227172971 0.0152399996295571
v 0.0664587169885635 0.0234813578426838 0.0152399996295571
v 0.0615344010293484 0.0343751795589924 0.0152399996295571
v 0.0548398494720459 0.0442800857126713 0.0152399996295571
v 0.0465676560997963 0.0529111362993717 0.0152399996295571
v 0.0369557999074459 0.0600200295448303 0.0152399996295571
v 0.0262807887047529 0.0654022544622421 0.0152399996295571
v 0.0148497279733419 0.0689029842615128 0.0152399996295571
v 0.0029914681799710 0.0704214870929718 0.0152399996295571
v -0.0089528514072299 0.0699141025543213 0.0152399996295571
v -0.0206396132707596 0.0673954114317894 0.0152399996295571
v -0.0317326113581657 0.0629378780722618 0.0152399996295571
v -0.0419127196073532 0.0566697381436825 0.0152399996295571
v -0.0508870743215084 0.0487713105976582 0.0152399996295571
v -0.0583975017070770 0.0394698232412338 0.0152399996295571
v -0.0642279386520386 0.0290328599512577 0.0152399996295571
v -0.0682106539607048 0.0177606735378504 0.0152399996295571
v -0.0702310800552368 0.0059775453992188 0.0152399996295571
v -0.0702310800552368 -0.0059775453992188 0.0152399996295571
v -0.0682106539607048 -0.0177606735378504 0.0152399996295571
v -0.0642279386520386 -0.0290328599512577 0.0152399996295571
v -0.0583975017070770 -0.0394698232412338 0.0152399996295571
v -0.0508870743215084 -0.0487713105976582 0.0152399996295571
v -0.0419127196073532 -0.0566697381436825 0.0152399996295571
v -0.0317326113581657 -0.0629378780722618 0.0152399996295571
v -0.0206396132707596 -0.0673954114317894 0.0152399996295571
v -0.0089528514072299 -0.0699141025543213 0.0152399996295571
v 0.0095250001177192 0.0000000000000003 -0.0039687501266599
v 0.0085817286744714 -0.0041327425278723 -0.0039687501266599
v 0.0059387404471636 -0.0074469447135925 -0.0039687501266599
v 0.0021195118315518 -0.0092861885204911 -0.0039687501266599
v -0.0021195118315518 -0.0092861885204911 -0.0039687501266599
v -0.0059387404471636 -0.0074469447135925 -0.0039687501266599
v -0.0059387404471636 0.0074469447135925 -0.0039687501266599
v -0.0085817286744714 0.0041327425278723 -0.0039687501266599
v -0.0095250001177192 0.0000000000000004 -0.0039687501266599
v -0.0085817286744714 -0.0041327425278723 -0.0039687501266599
v 0.0085817286744714 0.0041327425278723 -0.0039687501266599
v 0.0059387404471636 0.0074469447135925 -0.0039687501266599
v 0.0021195118315518 0.0092861885204911 -0.0039687501266599
v -0.0021195118315518 0.0092861885204911 -0.0039687501266599
v -0.0021195118315518 0.0092861885204911 -0.0055562499910593
v -0.0059387404471636 0.0074469447135925 -0.0055562499910593
v -0.0085817286744714 0.0041327425278723 -0.0055562499910593
v -0.0095250001177192 0.0000000000000006 -0.0055562499910593
v -0.0085817286744714 -0.0041327425278723 -0.0055562499910593
v -0.0059387404471636 -0.0074469447135925 -0.0055562499910593
v -0.0021195118315518 -0.0092861885204911 -0.0055562499910593
v 0.0021195118315518 -0.0092861885204911 -0.0055562499910593
v 0.0059387404471636 -0.0074469447135925 -0.0055562499910593
v 0.0085817286744714 -0.0041327425278723 -0.0055562499910593
v 0.0095250001177192 0.0000000000000004 -0.0055562499910593
v 0.0085817286744714 0.0041327425278723 -0.0055562499910593
v 0.0059387404471636 0.0074469447135925 -0.0055562499910593
v 0.0021195118315518 0.0092861885204911 -0.0055562499910593
v 0.0095250001177192 0.0000000000000002 -0.0039687501266599
v 0.0253999996930361 -0.0000000000000001 0.0039687501266599
v 0.0253999996930361 -0.0000000000000011 0.0152399996295571
v 0.0243711210787296 0.0071560069918633 0.0039687501266599
v 0.0213678404688835 0.0137322768568993 0.0039687501266599
v 0.0166334621608257 0.0191960390657187 0.0039687501266599
v 0.0105515411123633 0.0231046527624130 0.0039687501266599
v 0.0036147967912257 0.0251414645463228 0.0039687501266599
v -0.0036147967912257 0.0251414645463228 0.0039687501266599
v -0.0105515411123633 0.0231046527624130 0.0039687501266599
v -0.0166334621608257 0.0191960390657187 0.0039687501266599
v -0.0213678404688835 0.0137322768568993 0.0039687501266599
v -0.0243711210787296 0.0071560069918633 0.0039687501266599
v -0.0253999996930361 -0.0000000000000003 0.0039687501266599
v -0.0243711210787296 -0.0071560069918633 0.0039687501266599
v -0.0213678404688835 -0.0137322768568993 0.0039687501266599
v -0.0166334621608257 -0.0191960390657187 0.0039687501266599
v -0.0105515411123633 -0.0231046527624130 0.0039687501266599
v -0.0036147967912257 -0.0251414645463228 0.0039687501266599
v 0.0036147967912257 -0.0251414645463228 0.0039687501266599
v 0.0105515411123633 -0.0231046527624130 0.0039687501266599
v 0.0166334621608257 -0.0191960390657187 0.0039687501266599
v 0.0213678404688835 -0.0137322768568993 0.0039687501266599
v 0.0243711210787296 -0.0071560069918633 0.0039687501266599
v -0.0227077640593052 -0.0046492218971252 0.0039687501266599
v -0.0058319317176938 -0.0212984662503004 0.0039687501266599
v 0.0058319317176938 -0.0212984662503004 0.0039687501266599
v 0.0160085130482912 -0.0046492218971252 0.0039687501266599
v 0.0188725274056196 0.0049890559166670 0.0039687501266599
v 0.0183010268956423 0.0051421890966594 0.0039687501266599
v 0.0200155284255743 0.0061320560052991 0.0039687501266599
v 0.0198623947799206 0.0055605559609830 0.0039687501266599
v 0.0194440279155970 0.0051421890966594 0.0039687501266599
v 0.0183010268956423 0.0071219229139388 0.0039687501266599
v 0.0188725274056196 0.0072750560939312 0.0039687501266599
v 0.0194440279155970 0.0071219229139388 0.0039687501266599
v 0.0198623947799206 0.0067035560496151 0.0039687501266599
v 0.0178826600313187 0.0055605559609830 0.0039687501266599
v 0.0177295282483101 0.0061320560052991 0.0039687501266599
v 0.0160085130482912 0.0107812779024243 0.0039687501266599
v 0.0178826600313187 0.0067035560496151 0.0039687501266599
v 0.0160085130482912 -0.0145992152392864 0.0039687501266599
v 0.0116638634353876 -0.0149109307676554 0.0039687501266599
v 0.0122353639453650 -0.0150640634819865 0.0039687501266599
v 0.0126537308096886 -0.0154824312776327 0.0039687501266599
v 0.0128068635240197 -0.0160539317876101 0.0039687501266599
v 0.0126537308096886 -0.0166254304349422 0.0039687501266599
v 0.0122353639453650 -0.0170437972992659 0.0039687501266599
v 0.0116638634353876 -0.0171969309449196 0.0039687501266599
v 0.0106739969924092 -0.0154824312776327 0.0039687501266599
v 0.0110923638567328 -0.0150640634819865 0.0039687501266599
v 0.0058319317176938 -0.0145992152392864 0.0039687501266599
v 0.0110923638567328 -0.0170437972992659 0.0039687501266599
v 0.0106739969924092 -0.0166254304349422 0.0039687501266599
v 0.0105208633467555 -0.0160539317876101 0.0039687501266599
v -0.0128068635240197 -0.0160539317876101 0.0039687501266599
v -0.0126537308096886 -0.0154824312776327 0.0039687501266599
v -0.0160085130482912 -0.0145992152392864 0.0039687501266599
v -0.0122353639453650 -0.0170437972992659 0.0039687501266599
v -0.0116638634353876 -0.0171969309449196 0.0039687501266599
v -0.0110923638567328 -0.0170437972992659 0.0039687501266599
v -0.0126537308096886 -0.0166254304349422 0.0039687501266599
v -0.0110923638567328 -0.0150640634819865 0.0039687501266599
v -0.0058319317176938 -0.0145992152392864 0.0039687501266599
v -0.0116638634353876 -0.0149109307676554 0.0039687501266599
v -0.0122353639453650 -0.0150640634819865 0.0039687501266599
v -0.0106739969924092 -0.0154824312776327 0.0039687501266599
v -0.0105208633467555 -0.0160539317876101 0.0039687501266599
v -0.0106739969924092 -0.0166254304349422 0.0039687501266599
v -0.0227077640593052 0.0107812779024243 0.0039687501266599
v 0.0160085130482912 0.0164941251277924 0.0039687501266599
v 0.0058319317176938 0.0164941251277924 0.0039687501266599
v 0.0011429999722168 0.0198437497019768 0.0039687501266599
v 0.0009898670250550 0.0192722491919994 0.0039687501266599
v 0.0000000000000000 0.0209867507219315 0.0039687501266599
v 0.0005714999861084 0.0208336170762777 0.0039687501266599
v 0.0009898670250550 0.0204152502119541 0.0039687501266599
v 0.0005714999861084 0.0188538823276758 0.0039687501266599
v 0.0000000000000000 0.0187007505446672 0.0039687501266599
v -0.0058319317176938 0.0164941251277924 0.0039687501266599
v -0.0005714999861084 0.0188538823276758 0.0039687501266599
v -0.0009898670250550 0.0192722491919994 0.0039687501266599
v -0.0011429999722168 0.0198437497019768 0.0039687501266599
v -0.0009898670250550 0.0204152502119541 0.0039687501266599
v -0.0005714999861084 0.0208336170762777 0.0039687501266599
v -0.0160085130482912 -0.0046492218971252 0.0039687501266599
v -0.0160085130482912 0.0164941251277924 0.0039687501266599
v -0.0160085130482912 0.0107812779024243 0.0039687501266599
v -0.0178826600313187 0.0055605559609830 0.0039687501266599
v -0.0183010268956423 0.0051421890966594 0.0039687501266599
v -0.0188725274056196 0.0049890559166670 0.0039687501266599
v -0.0194440279155970 0.0071219229139388 0.0039687501266599
v -0.0188725274056196 0.0072750560939312 0.0039687501266599
v -0.0177295282483101 0.0061320560052991 0.0039687501266599
v -0.0183010268956423 0.0071219229139388 0.0039687501266599
v -0.0178826600313187 0.0067035560496151 0.0039687501266599
v -0.0194440279155970 0.0051421890966594 0.0039687501266599
v -0.0198623947799206 0.0055605559609830 0.0039687501266599
v -0.0200155284255743 0.0061320560052991 0.0039687501266599
v -0.0198623947799206 0.0067035560496151 0.0039687501266599
v 0.0508870743215084 -0.0487713105976582 0.0111124999821186
v 0.0465676560997963 -0.0529111362993717 0.0111124999821186
v -0.0148497279733419 -0.0689029842615128 0.0111124999821186
v -0.0206396132707596 -0.0673954114317894 0.0111124999821186
v 0.0682106539607048 0.0177606735378504 0.0111124999821186
v 0.0664587169885635 0.0234813578426838 0.0111124999821186
v 0.0642279386520386 0.0290328599512577 0.0111124999821186
v 0.0615344010293484 0.0343751795589924 0.0111124999821186
v 0.0583975017070770 0.0394698232412338 0.0111124999821186
v 0.0548398494720459 0.0442800857126713 0.0111124999821186
v 0.0369557999074459 0.0600200295448303 0.0111124999821186
v 0.0419127196073532 0.0566697381436825 0.0111124999821186
v 0.0465676560997963 0.0529111362993717 0.0111124999821186
v 0.0508870743215084 0.0487713105976582 0.0111124999821186
v 0.0206396132707596 0.0673954114317894 0.0111124999821186
v 0.0262807887047529 0.0654022544622421 0.0111124999821186
v 0.0317326113581657 0.0629378780722618 0.0111124999821186
v 0.0089528514072299 0.0699141025543213 0.0111124999821186
v 0.0148497279733419 0.0689029842615128 0.0111124999821186
v -0.0029914681799710 0.0704214870929718 0.0111124999821186
v 0.0029914681799710 0.0704214870929718 0.0111124999821186
v -0.0262807887047529 0.0654022544622421 0.0111124999821186
v -0.0206396132707596 0.0673954114317894 0.0111124999821186
v -0.0148497279733419 0.0689029842615128 0.0111124999821186
v -0.0089528514072299 0.0699141025543213 0.0111124999821186
v -0.0317326113581657 0.0629378780722618 0.0111124999821186
v -0.0369557999074459 0.0600200295448303 0.0111124999821186
v -0.0419127196073532 0.0566697381436825 0.0111124999821186
v -0.0548398494720459 0.0442800857126713 0.0111124999821186
v -0.0508870743215084 0.0487713105976582 0.0111124999821186
v -0.0465676560997963 0.0529111362993717 0.0111124999821186
v -0.0664587169885635 0.0234813578426838 0.0111124999821186
v -0.0642279386520386 0.0290328599512577 0.0111124999821186
v -0.0615344010293484 0.0343751795589924 0.0111124999821186
v -0.0583975017070770 0.0394698232412338 0.0111124999821186
v -0.0682106539607048 0.0177606735378504 0.0111124999821186
v -0.0694711357355118 0.0119120227172971 0.0111124999821186
v -0.0702310800552368 0.0059775453992188 0.0111124999821186
v -0.0682106539607048 -0.0177606735378504 0.0111124999821186
v -0.0694711357355118 -0.0119120227172971 0.0111124999821186
v -0.0702310800552368 -0.0059775453992188 0.0111124999821186
v -0.0704850032925606 -0.0000000000000009 0.0111124999821186
v -0.0583975017070770 -0.0394698232412338 0.0111124999821186
v -0.0615344010293484 -0.0343751795589924 0.0111124999821186
v -0.0642279386520386 -0.0290328599512577 0.0111124999821186
v -0.0664587169885635 -0.0234813578426838 0.0111124999821186
v -0.0419127196073532 -0.0566697381436825 0.0111124999821186
v -0.0465676560997963 -0.0529111362993717 0.0111124999821186
v -0.0508870743215084 -0.0487713105976582 0.0111124999821186
v -0.0548398494720459 -0.0442800857126713 0.0111124999821186
v -0.0262807887047529 -0.0654022544622421 0.0111124999821186
v -0.0317326113581657 -0.0629378780722618 0.0111124999821186
v -0.0369557999074459 -0.0600200295448303 0.0111124999821186
v -0.0089528514072299 -0.0699141025543213 0.0111124999821186
v -0.0029914681799710 -0.0704214870929718 0.0111124999821186
v 0.0029914681799710 -0.0704214870929718 0.0111124999821186
v 0.0089528514072299 -0.0699141025543213 0.0111124999821186
v 0.0148497279733419 -0.0689029842615128 0.0111124999821186
v 0.0206396132707596 -0.0673954114317894 0.0111124999821186
v 0.0262807887047529 -0.0654022544622421 0.0111124999821186
v 0.0317326113581657 -0.0629378780722618 0.0111124999821186
v 0.0369557999074459 -0.0600200295448303 0.0111124999821186
v 0.0419127196073532 -0.0566697381436825 0.0111124999821186
v 0.0548398494720459 -0.0442800857126713 0.0111124999821186
v 0.0583975017070770 -0.0394698232412338 0.0111124999821186
v 0.0615344010293484 -0.0343751795589924 0.0111124999821186
v 0.0642279386520386 -0.0290328599512577 0.0111124999821186
v 0.0664587169885635 -0.0234813578426838 0.0111124999821186
v 0.0682106539607048 -0.0177606735378504 0.0111124999821186
v 0.0694711357355118 -0.0119120227172971 0.0111124999821186
v 0.0694711357355118 0.0119120227172971 0.0111124999821186
v 0.0702310800552368 0.0059775453992188 0.0111124999821186
v 0.0704850032925606 -0.0000000000000007 0.0111124999821186
v 0.0702310800552368 -0.0059775453992188 0.0111124999821186
v -0.0098112896084785 0.0301960445940495 0.0111124999821186
v -0.0135184926912189 0.0287282597273588 0.0111124999821186
v 0.0278227366507053 -0.0152956787496805 0.0111124999821186
v 0.0295204035937786 -0.0116879548877478 0.0111124999821186
v 0.0256862901151180 -0.0186621826142073 0.0111124999821186
v 0.0231447536498308 -0.0217343699187040 0.0111124999821186
v 0.0202382113784552 -0.0244637951254845 0.0111124999821186
v 0.0170125011354685 -0.0268074125051498 0.0111124999821186
v 0.0135184926912189 -0.0287282597273588 0.0111124999821186
v 0.0098112896084785 -0.0301960445940495 0.0111124999821186
v 0.0059493565931916 -0.0311876200139523 0.0111124999821186
v 0.0019935988821089 -0.0316873490810394 0.0111124999821186
v -0.0098112896084785 -0.0301960445940495 0.0111124999821186
v -0.0059493565931916 -0.0311876200139523 0.0111124999821186
v -0.0019935988821089 -0.0316873490810394 0.0111124999821186
v -0.0170125011354685 -0.0268074125051498 0.0111124999821186
v -0.0135184926912189 -0.0287282597273588 0.0111124999821186
v -0.0231447536498308 -0.0217343699187040 0.0111124999821186
v -0.0202382113784552 -0.0244637951254845 0.0111124999821186
v -0.0278227366507053 -0.0152956787496805 0.0111124999821186
v -0.0256862901151180 -0.0186621826142073 0.0111124999821186
v -0.0307525154203176 -0.0078959036618471 0.0111124999821186
v -0.0295204035937786 -0.0116879548877478 0.0111124999821186
v -0.0307525154203176 0.0078959036618471 0.0111124999821186
v -0.0314996428787708 0.0039793299511075 0.0111124999821186
v -0.0317500010132790 -0.0000000000000008 0.0111124999821186
v -0.0314996428787708 -0.0039793299511075 0.0111124999821186
v -0.0295204035937786 0.0116879548877478 0.0111124999821186
v -0.0278227366507053 0.0152956787496805 0.0111124999821186
v -0.0256862901151180 0.0186621826142073 0.0111124999821186
v -0.0231447536498308 0.0217343699187040 0.0111124999821186
v -0.0202382113784552 0.0244637951254845 0.0111124999821186
v -0.0170125011354685 0.0268074125051498 0.0111124999821186
v -0.0059493565931916 0.0311876200139523 0.0111124999821186
v -0.0019935988821089 0.0316873490810394 0.0111124999821186
v 0.0019935988821089 0.0316873490810394 0.0111124999821186
v 0.0098112896084785 0.0301960445940495 0.0111124999821186
v 0.0059493565931916 0.0311876200139523 0.0111124999821186
v 0.0256862901151180 0.0186621826142073 0.0111124999821186
v 0.0231447536498308 0.0217343699187040 0.0111124999821186
v 0.0202382113784552 0.0244637951254845 0.0111124999821186
v 0.0170125011354685 0.0268074125051498 0.0111124999821186
v 0.0135184926912189 0.0287282597273588 0.0111124999821186
v 0.0278227366507053 0.0152956787496805 0.0111124999821186
v 0.0295204035937786 0.0116879548877478 0.0111124999821186
v 0.0307525154203176 0.0078959036618471 0.0111124999821186
v 0.0307525154203176 -0.0078959036618471 0.0111124999821186
v 0.0314996428787708 -0.0039793299511075 0.0111124999821186
v 0.0317500010132790 -0.0000000000000007 0.0111124999821186
v 0.0314996428787708 0.0039793299511075 0.0111124999821186
v -0.0508870743215084 -0.0487713105976582 -0.0111124999821186
v -0.0465676560997963 -0.0529111362993717 -0.0111124999821186
v 0.0148497279733419 -0.0689029842615128 -0.0111124999821186
v 0.0206396132707596 -0.0673954114317894 -0.0111124999821186
v -0.0317326113581657 0.0629378780722618 -0.0111124999821186
v -0.0369557999074459 0.0600200295448303 -0.0111124999821186
v -0.0682106539607048 0.0177606735378504 -0.0111124999821186
v -0.0664587169885635 0.0234813578426838 -0.0111124999821186
v -0.0642279386520386 0.0290328599512577 -0.0111124999821186
v -0.0615344010293484 0.0343751795589924 -0.0111124999821186
v -0.0583975017070770 0.0394698232412338 -0.0111124999821186
v -0.0548398494720459 0.0442800857126713 -0.0111124999821186
v -0.0419127196073532 0.0566697381436825 -0.0111124999821186
v -0.0465676560997963 0.0529111362993717 -0.0111124999821186
v -0.0508870743215084 0.0487713105976582 -0.0111124999821186
v -0.0262807887047529 0.0654022544622421 -0.0111124999821186
v -0.0206396132707596 0.0673954114317894 -0.0111124999821186
v -0.0148497279733419 0.0689029842615128 -0.0111124999821186
v -0.0089528514072299 0.0699141025543213 -0.0111124999821186
v -0.0029914681799710 0.0704214870929718 -0.0111124999821186
v 0.0029914681799710 0.0704214870929718 -0.0111124999821186
v 0.0089528514072299 0.0699141025543213 -0.0111124999821186
v 0.0148497279733419 0.0689029842615128 -0.0111124999821186
v 0.0206396132707596 0.0673954114317894 -0.0111124999821186
v 0.0465676560997963 0.0529111362993717 -0.0111124999821186
v 0.0419127196073532 0.0566697381436825 -0.0111124999821186
v 0.0369557999074459 0.0600200295448303 -0.0111124999821186
v 0.0317326113581657 0.0629378780722618 -0.0111124999821186
v 0.0262807887047529 0.0654022544622421 -0.0111124999821186
v 0.0508870743215084 0.0487713105976582 -0.0111124999821186
v 0.0548398494720459 0.0442800857126713 -0.0111124999821186
v 0.0583975017070770 0.0394698232412338 -0.0111124999821186
v 0.0615344010293484 0.0343751795589924 -0.0111124999821186
v 0.0642279386520386 0.0290328599512577 -0.0111124999821186
v 0.0694711357355118 0.0119120227172971 -0.0111124999821186
v 0.0682106539607048 0.0177606735378504 -0.0111124999821186
v 0.0664587169885635 0.0234813578426838 -0.0111124999821186
v 0.0682106539607048 -0.0177606735378504 -0.0111124999821186
v 0.0694711357355118 -0.0119120227172971 -0.0111124999821186
v 0.0702310800552368 -0.0059775453992188 -0.0111124999821186
v 0.0704850032925606 0.0000000000000009 -0.0111124999821186
v 0.0702310800552368 0.0059775453992188 -0.0111124999821186
v 0.0583975017070770 -0.0394698232412338 -0.0111124999821186
v 0.0615344010293484 -0.0343751795589924 -0.0111124999821186
v 0.0642279386520386 -0.0290328599512577 -0.0111124999821186
v 0.0664587169885635 -0.0234813578426838 -0.0111124999821186
v 0.0419127196073532 -0.0566697381436825 -0.0111124999821186
v 0.0465676560997963 -0.0529111362993717 -0.0111124999821186
v 0.0508870743215084 -0.0487713105976582 -0.0111124999821186
v 0.0548398494720459 -0.0442800857126713 -0.0111124999821186
v 0.0262807887047529 -0.0654022544622421 -0.0111124999821186
v 0.0317326113581657 -0.0629378780722618 -0.0111124999821186
v 0.0369557999074459 -0.0600200295448303 -0.0111124999821186
v 0.0089528514072299 -0.0699141025543213 -0.0111124999821186
v 0.0029914681799710 -0.0704214870929718 -0.0111124999821186
v -0.0029914681799710 -0.0704214870929718 -0.0111124999821186
v -0.0089528514072299 -0.0699141025543213 -0.0111124999821186
v -0.0148497279733419 -0.0689029842615128 -0.0111124999821186
v -0.0206396132707596 -0.0673954114317894 -0.0111124999821186
v -0.0262807887047529 -0.0654022544622421 -0.0111124999821186
v -0.0317326113581657 -0.0629378780722618 -0.0111124999821186
v -0.0369557999074459 -0.0600200295448303 -0.0111124999821186
v -0.0419127196073532 -0.0566697381436825 -0.0111124999821186
v -0.0548398494720459 -0.0442800857126713 -0.0111124999821186
v -0.0583975017070770 -0.0394698232412338 -0.0111124999821186
v -0.0615344010293484 -0.0343751795589924 -0.0111124999821186
v -0.0642279386520386 -0.0290328599512577 -0.0111124999821186
v -0.0664587169885635 -0.0234813578426838 -0.0111124999821186
v -0.0682106539607048 -0.0177606735378504 -0.0111124999821186
v -0.0694711357355118 -0.0119120227172971 -0.0111124999821186
v -0.0694711357355118 0.0119120227172971 -0.0111124999821186
v -0.0702310800552368 0.0059775453992188 -0.0111124999821186
v -0.0704850032925606 0.0000000000000007 -0.0111124999821186
v -0.0702310800552368 -0.0059775453992188 -0.0111124999821186
v 0.0098112896084785 0.0301960445940495 -0.0111124999821186
v 0.0135184926912189 0.0287282597273588 -0.0111124999821186
v -0.0295204035937786 -0.0116879548877478 -0.0111124999821186
v -0.0256862901151180 -0.0186621826142073 -0.0111124999821186
v -0.0278227366507053 -0.0152956787496805 -0.0111124999821186
v -0.0202382113784552 -0.0244637951254845 -0.0111124999821186
v -0.0231447536498308 -0.0217343699187040 -0.0111124999821186
v -0.0135184926912189 -0.0287282597273588 -0.0111124999821186
v -0.0170125011354685 -0.0268074125051498 -0.0111124999821186
v 0.0019935988821089 -0.0316873490810394 -0.0111124999821186
v -0.0019935988821089 -0.0316873490810394 -0.0111124999821186
v -0.0059493565931916 -0.0311876200139523 -0.0111124999821186
v -0.0098112896084785 -0.0301960445940495 -0.0111124999821186
v 0.0059493565931916 -0.0311876200139523 -0.0111124999821186
v 0.0098112896084785 -0.0301960445940495 -0.0111124999821186
v 0.0135184926912189 -0.0287282597273588 -0.0111124999821186
v 0.0170125011354685 -0.0268074125051498 -0.0111124999821186
v 0.0202382113784552 -0.0244637951254845 -0.0111124999821186
v 0.0231447536498308 -0.0217343699187040 -0.0111124999821186
v 0.0256862901151180 -0.0186621826142073 -0.0111124999821186
v 0.0278227366507053 -0.0152956787496805 -0.0111124999821186
v 0.0295204035937786 -0.0116879548877478 -0.0111124999821186
v 0.0307525154203176 -0.0078959036618471 -0.0111124999821186
v 0.0314996428787708 -0.0039793299511075 -0.0111124999821186
v 0.0317500010132790 0.0000000000000009 -0.0111124999821186
v 0.0314996428787708 0.0039793299511075 -0.0111124999821186
v 0.0307525154203176 0.0078959036618471 -0.0111124999821186
v 0.0295204035937786 0.0116879548877478 -0.0111124999821186
v 0.0278227366507053 0.0152956787496805 -0.0111124999821186
v 0.0256862901151180 0.0186621826142073 -0.0111124999821186
v 0.0231447536498308 0.0217343699187040 -0.0111124999821186
v 0.0202382113784552 0.0244637951254845 -0.0111124999821186
v 0.0170125011354685 0.0268074125051498 -0.0111124999821186
v 0.0059493565931916 0.0311876200139523 -0.0111124999821186
v 0.0019935988821089 0.0316873490810394 -0.0111124999821186
v -0.0019935988821089 0.0316873490810394 -0.0111124999821186
v -0.0098112896084785 0.0301960445940495 -0.0111124999821186
v -0.0059493565931916 0.0311876200139523 -0.0111124999821186
v -0.0256862901151180 0.0186621826142073 -0.0111124999821186
v -0.0231447536498308 0.0217343699187040 -0.0111124999821186
v -0.0202382113784552 0.0244637951254845 -0.0111124999821186
v -0.0170125011354685 0.0268074125051498 -0.0111124999821186
v -0.0135184926912189 0.0287282597273588 -0.0111124999821186
v -0.0278227366507053 0.0152956787496805 -0.0111124999821186
v -0.0295204035937786 0.0116879548877478 -0.0111124999821186
v -0.0307525154203176 0.0078959036618471 -0.0111124999821186
v -0.0307525154203176 -0.0078959036618471 -0.0111124999821186
v -0.0314996428787708 -0.0039793299511075 -0.0111124999821186
v -0.0317500010132790 0.0000000000000007 -0.0111124999821186
v -0.0314996428787708 0.0039793299511075 -0.0111124999821186
v -0.0694401860237122 0.0059102308005095 -0.0097376843914390
v -0.0686888024210930 0.0117778787389398 -0.0097376843914390
v -0.0674425214529037 0.0175606664270163 -0.0097376843914390
v -0.0657103061676025 0.0232169292867184 -0.0097376843914390
v -0.0635046511888504 0.0287059135735035 -0.0097376843914390
v -0.0608414448797703 0.0339880697429180 -0.0097376843914390
v -0.0577398724853992 0.0390253439545631 -0.0097376843914390
v -0.0542222857475281 0.0437814369797707 -0.0097376843914390
v -0.0503140240907669 0.0482220835983753 -0.0097376843914390
v -0.0460432469844818 0.0523152910172939 -0.0097376843914390
v -0.0414407290518284 0.0560315661132336 -0.0097376843914390
v -0.0365396291017532 0.0593441314995289 -0.0097376843914390
v -0.0313752628862858 0.0622291192412376 -0.0097376843914390
v -0.0259848348796368 0.0646657496690750 -0.0097376843914390
v -0.0204071849584579 0.0666364580392838 -0.0097376843914390
v -0.0146825015544891 0.0681270435452461 -0.0097376843914390
v -0.0088520310819149 0.0691267848014832 -0.0097376843914390
v -0.0029577806126326 0.0696284547448158 -0.0097376843914390
v 0.0029577806126326 0.0696284547448158 -0.0097376843914390
v 0.0088520310819149 0.0691267848014832 -0.0097376843914390
v 0.0146825015544891 0.0681270435452461 -0.0097376843914390
v 0.0204071849584579 0.0666364580392838 -0.0097376843914390
v 0.0259848348796368 0.0646657496690750 -0.0097376843914390
v 0.0313752628862858 0.0622291192412376 -0.0097376843914390
v 0.0365396291017532 0.0593441314995289 -0.0097376843914390
v 0.0414407290518284 0.0560315661132336 -0.0097376843914390
v 0.0460432469844818 0.0523152910172939 -0.0097376843914390
v 0.0503140240907669 0.0482220835983753 -0.0097376843914390
v 0.0542222857475281 0.0437814369797707 -0.0097376843914390
v 0.0577398724853992 0.0390253439545631 -0.0097376843914390
v 0.0608414448797703 0.0339880697429180 -0.0097376843914390
v 0.0635046511888504 0.0287059135735035 -0.0097376843914390
v 0.0657103061676025 0.0232169292867184 -0.0097376843914390
v 0.0674425214529037 0.0175606664270163 -0.0097376843914390
v 0.0686888024210930 0.0117778787389398 -0.0097376843914390
v 0.0694401860237122 0.0059102308005095 -0.0097376843914390
v 0.0688975006341934 0.0000000000000007 -0.0095250001177192
v 0.0696912482380867 0.0000000000000008 -0.0097376843914390
v 0.0694401860237122 -0.0059102308005095 -0.0097376843914390
v 0.0686888024210930 -0.0117778787389398 -0.0097376843914390
v 0.0674425214529037 -0.0175606664270163 -0.0097376843914390
v 0.0657103061676025 -0.0232169292867184 -0.0097376843914390
v 0.0635046511888504 -0.0287059135735035 -0.0097376843914390
v 0.0608414448797703 -0.0339880697429180 -0.0097376843914390
v 0.0577398724853992 -0.0390253439545631 -0.0097376843914390
v 0.0542222857475281 -0.0437814369797707 -0.0097376843914390
v 0.0503140240907669 -0.0482220835983753 -0.0097376843914390
v 0.0460432469844818 -0.0523152910172939 -0.0097376843914390
v 0.0414407290518284 -0.0560315661132336 -0.0097376843914390
v 0.0365396291017532 -0.0593441314995289 -0.0097376843914390
v 0.0313752628862858 -0.0622291192412376 -0.0097376843914390
v 0.0259848348796368 -0.0646657496690750 -0.0097376843914390
v 0.0204071849584579 -0.0666364580392838 -0.0097376843914390
v 0.0146825015544891 -0.0681270435452461 -0.0097376843914390
v 0.0088520310819149 -0.0691267848014832 -0.0097376843914390
v 0.0029577806126326 -0.0696284547448158 -0.0097376843914390
v -0.0029577806126326 -0.0696284547448158 -0.0097376843914390
v -0.0088520310819149 -0.0691267848014832 -0.0097376843914390
v -0.0146825015544891 -0.0681270435452461 -0.0097376843914390
v -0.0204071849584579 -0.0666364580392838 -0.0097376843914390
v -0.0259848348796368 -0.0646657496690750 -0.0097376843914390
v -0.0313752628862858 -0.0622291192412376 -0.0097376843914390
v -0.0365396291017532 -0.0593441314995289 -0.0097376843914390
v -0.0414407290518284 -0.0560315661132336 -0.0097376843914390
v -0.0460432469844818 -0.0523152910172939 -0.0097376843914390
v -0.0503140240907669 -0.0482220835983753 -0.0097376843914390
v -0.0542222857475281 -0.0437814369797707 -0.0097376843914390
v -0.0577398724853992 -0.0390253439545631 -0.0097376843914390
v -0.0608414448797703 -0.0339880697429180 -0.0097376843914390
v -0.0635046511888504 -0.0287059135735035 -0.0097376843914390
v -0.0657103061676025 -0.0232169292867184 -0.0097376843914390
v -0.0674425214529037 -0.0175606664270163 -0.0097376843914390
v -0.0686888024210930 -0.0117778787389398 -0.0097376843914390
v -0.0694401860237122 -0.0059102308005095 -0.0097376843914390
v -0.0696912482380867 0.0000000000000006 -0.0097376843914390
v -0.0700191557407379 0.0059595084749162 -0.0103187495842576
v -0.0692615136504173 0.0118760792538524 -0.0103187495842576
v -0.0680048316717148 0.0177070815116167 -0.0103187495842576
v -0.0662581846117973 0.0234105046838522 -0.0103187495842576
v -0.0640341341495514 0.0289452541619539 -0.0103187495842576
v -0.0613487213850021 0.0342714525759220 -0.0103187495842576
v -0.0582212917506695 0.0393507257103920 -0.0103187495842576
v -0.0546743720769882 0.0441464744508266 -0.0103187495842576
v -0.0507335253059864 0.0486241467297077 -0.0103187495842576
v -0.0464271418750286 0.0527514815330505 -0.0103187495842576
v -0.0417862497270107 0.0564987398684025 -0.0103187495842576
v -0.0368442870676517 0.0598389245569706 -0.0103187495842576
v -0.0316368602216244 0.0627479702234268 -0.0103187495842576
v -0.0262014884501696 0.0652049109339714 -0.0103187495842576
v -0.0205773338675499 0.0671920478343964 -0.0103187495842576
v -0.0148049201816320 0.0686950683593750 -0.0103187495842576
v -0.0089258365333080 0.0697031393647194 -0.0103187495842576
v -0.0029824415687472 0.0702089965343475 -0.0103187495842576
v 0.0029824415687472 0.0702089965343475 -0.0103187495842576
v 0.0089258365333080 0.0697031393647194 -0.0103187495842576
v 0.0148049201816320 0.0686950683593750 -0.0103187495842576
v 0.0205773338675499 0.0671920478343964 -0.0103187495842576
v 0.0262014884501696 0.0652049109339714 -0.0103187495842576
v 0.0316368602216244 0.0627479702234268 -0.0103187495842576
v 0.0368442870676517 0.0598389245569706 -0.0103187495842576
v 0.0417862497270107 0.0564987398684025 -0.0103187495842576
v 0.0464271418750286 0.0527514815330505 -0.0103187495842576
v 0.0507335253059864 0.0486241467297077 -0.0103187495842576
v 0.0546743720769882 0.0441464744508266 -0.0103187495842576
v 0.0582212917506695 0.0393507257103920 -0.0103187495842576
v 0.0613487213850021 0.0342714525759220 -0.0103187495842576
v 0.0640341341495514 0.0289452541619539 -0.0103187495842576
v 0.0662581846117973 0.0234105046838522 -0.0103187495842576
v 0.0680048316717148 0.0177070815116167 -0.0103187495842576
v 0.0692615136504173 0.0118760792538524 -0.0103187495842576
v 0.0700191557407379 0.0059595084749162 -0.0103187495842576
v 0.0702723190188408 0.0000000000000009 -0.0103187495842576
v 0.0700191557407379 -0.0059595084749162 -0.0103187495842576
v 0.0692615136504173 -0.0118760792538524 -0.0103187495842576
v 0.0680048316717148 -0.0177070815116167 -0.0103187495842576
v 0.0662581846117973 -0.0234105046838522 -0.0103187495842576
v 0.0640341341495514 -0.0289452541619539 -0.0103187495842576
v 0.0613487213850021 -0.0342714525759220 -0.0103187495842576
v 0.0582212917506695 -0.0393507257103920 -0.0103187495842576
v 0.0546743720769882 -0.0441464744508266 -0.0103187495842576
v 0.0507335253059864 -0.0486241467297077 -0.0103187495842576
v 0.0464271418750286 -0.0527514815330505 -0.0103187495842576
v 0.0417862497270107 -0.0564987398684025 -0.0103187495842576
v 0.0368442870676517 -0.0598389245569706 -0.0103187495842576
v 0.0316368602216244 -0.0627479702234268 -0.0103187495842576
v 0.0262014884501696 -0.0652049109339714 -0.0103187495842576
v 0.0205773338675499 -0.0671920478343964 -0.0103187495842576
v 0.0148049201816320 -0.0686950683593750 -0.0103187495842576
v 0.0089258365333080 -0.0697031393647194 -0.0103187495842576
v 0.0029824415687472 -0.0702089965343475 -0.0103187495842576
v -0.0029824415687472 -0.0702089965343475 -0.0103187495842576
v -0.0089258365333080 -0.0697031393647194 -0.0103187495842576
v -0.0148049201816320 -0.0686950683593750 -0.0103187495842576
v -0.0205773338675499 -0.0671920478343964 -0.0103187495842576
v -0.0262014884501696 -0.0652049109339714 -0.0103187495842576
v -0.0316368602216244 -0.0627479702234268 -0.0103187495842576
v -0.0368442870676517 -0.0598389245569706 -0.0103187495842576
v -0.0417862497270107 -0.0564987398684025 -0.0103187495842576
v -0.0464271418750286 -0.0527514815330505 -0.0103187495842576
v -0.0507335253059864 -0.0486241467297077 -0.0103187495842576
v -0.0546743720769882 -0.0441464744508266 -0.0103187495842576
v -0.0582212917506695 -0.0393507257103920 -0.0103187495842576
v -0.0613487213850021 -0.0342714525759220 -0.0103187495842576
v -0.0640341341495514 -0.0289452541619539 -0.0103187495842576
v -0.0662581846117973 -0.0234105046838522 -0.0103187495842576
v -0.0680048316717148 -0.0177070815116167 -0.0103187495842576
v -0.0692615136504173 -0.0118760792538524 -0.0103187495842576
v -0.0700191557407379 -0.0059595084749162 -0.0103187495842576
v -0.0702723190188408 0.0000000000000007 -0.0103187495842576
v -0.0317106507718563 0.0040059867314994 -0.0103187495842576
v -0.0309585183858871 0.0079487962648273 -0.0103187495842576
v -0.0297181531786919 0.0117662493139505 -0.0103187495842576
v -0.0280091147869825 0.0153981409966946 -0.0103187495842576
v -0.0258583556860685 0.0187871940433979 -0.0103187495842576
v -0.0232997946441174 0.0218799635767937 -0.0103187495842576
v -0.0203737821429968 0.0246276725083590 -0.0103187495842576
v -0.0171264633536339 0.0269869863986969 -0.0103187495842576
v -0.0136090489104390 0.0289207026362419 -0.0103187495842576
v -0.0098770130425692 0.0303983204066753 -0.0103187495842576
v -0.0059892097488046 0.0313965380191803 -0.0103187495842576
v -0.0020069535821676 0.0318996123969555 -0.0103187495842576
v 0.0020069535821676 0.0318996123969555 -0.0103187495842576
v 0.0059892097488046 0.0313965380191803 -0.0103187495842576
v 0.0098770130425692 0.0303983204066753 -0.0103187495842576
v 0.0136090489104390 0.0289207026362419 -0.0103187495842576
v 0.0171264633536339 0.0269869863986969 -0.0103187495842576
v 0.0203737821429968 0.0246276725083590 -0.0103187495842576
v 0.0232997946441174 0.0218799635767937 -0.0103187495842576
v 0.0258583556860685 0.0187871940433979 -0.0103187495842576
v 0.0280091147869825 0.0153981409966946 -0.0103187495842576
v 0.0297181531786919 0.0117662493139505 -0.0103187495842576
v 0.0309585183858871 0.0079487962648273 -0.0103187495842576
v 0.0317106507718563 0.0040059867314994 -0.0103187495842576
v 0.0319626852869987 0.0000000000000009 -0.0103187495842576
v 0.0317106507718563 -0.0040059867314994 -0.0103187495842576
v 0.0309585183858871 -0.0079487962648273 -0.0103187495842576
v 0.0297181531786919 -0.0117662493139505 -0.0103187495842576
v 0.0280091147869825 -0.0153981409966946 -0.0103187495842576
v 0.0258583556860685 -0.0187871940433979 -0.0103187495842576
v 0.0232997946441174 -0.0218799635767937 -0.0103187495842576
v 0.0203737821429968 -0.0246276725083590 -0.0103187495842576
v 0.0171264633536339 -0.0269869863986969 -0.0103187495842576
v 0.0136090489104390 -0.0289207026362419 -0.0103187495842576
v 0.0098770130425692 -0.0303983204066753 -0.0103187495842576
v 0.0059892097488046 -0.0313965380191803 -0.0103187495842576
v 0.0020069535821676 -0.0318996123969555 -0.0103187495842576
v -0.0020069535821676 -0.0318996123969555 -0.0103187495842576
v -0.0059892097488046 -0.0313965380191803 -0.0103187495842576
v -0.0098770130425692 -0.0303983204066753 -0.0103187495842576
v -0.0136090489104390 -0.0289207026362419 -0.0103187495842576
v -0.0171264633536339 -0.0269869863986969 -0.0103187495842576
v -0.0203737821429968 -0.0246276725083590 -0.0103187495842576
v -0.0232997946441174 -0.0218799635767937 -0.0103187495842576
v -0.0258583556860685 -0.0187871940433979 -0.0103187495842576
v -0.0280091147869825 -0.0153981409966946 -0.0103187495842576
v -0.0297181531786919 -0.0117662493139505 -0.0103187495842576
v -0.0309585183858871 -0.0079487962648273 -0.0103187495842576
v -0.0317106507718563 -0.0040059867314994 -0.0103187495842576
v -0.0319626852869987 0.0000000000000008 -0.0103187495842576
v -0.0322871319949627 0.0040788133628666 -0.0097376843914390
v -0.0315213277935982 0.0080933012068272 -0.0097376843914390
v -0.0302584134042263 0.0119801536202431 -0.0097376843914390
v -0.0285183060914278 0.0156780704855919 -0.0097376843914390
v -0.0263284463435411 0.0191287361085415 -0.0097376843914390
v -0.0237233731895685 0.0222777295857668 -0.0097376843914390
v -0.0207441672682762 0.0250753909349442 -0.0097376843914390
v -0.0174378138035536 0.0274775978177786 -0.0097376843914390
v -0.0138564547523856 0.0294464658945799 -0.0097376843914390
v -0.0100565720349550 0.0309509448707104 -0.0097376843914390
v -0.0060980906710029 0.0319673120975494 -0.0097376843914390
v -0.0020434390753508 0.0324795320630074 -0.0097376843914390
v 0.0020434390753508 0.0324795320630074 -0.0097376843914390
v 0.0060980906710029 0.0319673120975494 -0.0097376843914390
v 0.0100565720349550 0.0309509448707104 -0.0097376843914390
v 0.0138564547523856 0.0294464658945799 -0.0097376843914390
v 0.0174378138035536 0.0274775978177786 -0.0097376843914390
v 0.0207441672682762 0.0250753909349442 -0.0097376843914390
v 0.0237233731895685 0.0222777295857668 -0.0097376843914390
v 0.0263284463435411 0.0191287361085415 -0.0097376843914390
v 0.0285183060914278 0.0156780704855919 -0.0097376843914390
v 0.0302584134042263 0.0119801536202431 -0.0097376843914390
v 0.0315213277935982 0.0080933012068272 -0.0097376843914390
v 0.0322871319949627 0.0040788133628666 -0.0097376843914390
v 0.0325437486171722 0.0000000000000009 -0.0097376843914390
v 0.0322871319949627 -0.0040788133628666 -0.0097376843914390
v 0.0315213277935982 -0.0080933012068272 -0.0097376843914390
v 0.0302584134042263 -0.0119801536202431 -0.0097376843914390
v 0.0285183060914278 -0.0156780704855919 -0.0097376843914390
v 0.0263284463435411 -0.0191287361085415 -0.0097376843914390
v 0.0237233731895685 -0.0222777295857668 -0.0097376843914390
v 0.0207441672682762 -0.0250753909349442 -0.0097376843914390
v 0.0174378138035536 -0.0274775978177786 -0.0097376843914390
v 0.0138564547523856 -0.0294464658945799 -0.0097376843914390
v 0.0100565720349550 -0.0309509448707104 -0.0097376843914390
v 0.0060980906710029 -0.0319673120975494 -0.0097376843914390
v 0.0020434390753508 -0.0324795320630074 -0.0097376843914390
v -0.0020434390753508 -0.0324795320630074 -0.0097376843914390
v -0.0060980906710029 -0.0319673120975494 -0.0097376843914390
v -0.0100565720349550 -0.0309509448707104 -0.0097376843914390
v -0.0138564547523856 -0.0294464658945799 -0.0097376843914390
v -0.0174378138035536 -0.0274775978177786 -0.0097376843914390
v -0.0207441672682762 -0.0250753909349442 -0.0097376843914390
v -0.0237233731895685 -0.0222777295857668 -0.0097376843914390
v -0.0263284463435411 -0.0191287361085415 -0.0097376843914390
v -0.0285183060914278 -0.0156780704855919 -0.0097376843914390
v -0.0302584134042263 -0.0119801536202431 -0.0097376843914390
v -0.0315213277935982 -0.0080933012068272 -0.0097376843914390
v -0.0322871319949627 -0.0040788133628666 -0.0097376843914390
v -0.0325437486171722 0.0000000000000007 -0.0097376843914390
v 0.0317106507718563 0.0040059867314994 0.0103187495842576
v 0.0309585183858871 0.0079487962648273 0.0103187495842576
v 0.0297181531786919 0.0117662493139505 0.0103187495842576
v 0.0280091147869825 0.0153981409966946 0.0103187495842576
v 0.0258583556860685 0.0187871940433979 0.0103187495842576
v 0.0232997946441174 0.0218799635767937 0.0103187495842576
v 0.0203737821429968 0.0246276725083590 0.0103187495842576
v 0.0171264633536339 0.0269869863986969 0.0103187495842576
v 0.0136090489104390 0.0289207026362419 0.0103187495842576
v 0.0098770130425692 0.0303983204066753 0.0103187495842576
v 0.0059892097488046 0.0313965380191803 0.0103187495842576
v 0.0020069535821676 0.0318996123969555 0.0103187495842576
v -0.0020069535821676 0.0318996123969555 0.0103187495842576
v -0.0059892097488046 0.0313965380191803 0.0103187495842576
v -0.0098770130425692 0.0303983204066753 0.0103187495842576
v -0.0136090489104390 0.0289207026362419 0.0103187495842576
v -0.0171264633536339 0.0269869863986969 0.0103187495842576
v -0.0203737821429968 0.0246276725083590 0.0103187495842576
v -0.0232997946441174 0.0218799635767937 0.0103187495842576
v -0.0258583556860685 0.0187871940433979 0.0103187495842576
v -0.0280091147869825 0.0153981409966946 0.0103187495842576
v -0.0297181531786919 0.0117662493139505 0.0103187495842576
v -0.0309585183858871 0.0079487962648273 0.0103187495842576
v -0.0317106507718563 0.0040059867314994 0.0103187495842576
v -0.0319626852869987 -0.0000000000000008 0.0103187495842576
v -0.0317106507718563 -0.0040059867314994 0.0103187495842576
v -0.0309585183858871 -0.0079487962648273 0.0103187495842576
v -0.0297181531786919 -0.0117662493139505 0.0103187495842576
v -0.0280091147869825 -0.0153981409966946 0.0103187495842576
v -0.0258583556860685 -0.0187871940433979 0.0103187495842576
v -0.0232997946441174 -0.0218799635767937 0.0103187495842576
v -0.0203737821429968 -0.0246276725083590 0.0103187495842576
v -0.0171264633536339 -0.0269869863986969 0.0103187495842576
v -0.0136090489104390 -0.0289207026362419 0.0103187495842576
v -0.0098770130425692 -0.0303983204066753 0.0103187495842576
v -0.0059892097488046 -0.0313965380191803 0.0103187495842576
v -0.0020069535821676 -0.0318996123969555 0.0103187495842576
v 0.0020069535821676 -0.0318996123969555 0.0103187495842576
v 0.0059892097488046 -0.0313965380191803 0.0103187495842576
v 0.0098770130425692 -0.0303983204066753 0.0103187495842576
v 0.0136090489104390 -0.0289207026362419 0.0103187495842576
v 0.0171264633536339 -0.0269869863986969 0.0103187495842576
v 0.0203737821429968 -0.0246276725083590 0.0103187495842576
v 0.0232997946441174 -0.0218799635767937 0.0103187495842576
v 0.0258583556860685 -0.0187871940433979 0.0103187495842576
v 0.0280091147869825 -0.0153981409966946 0.0103187495842576
v 0.0297181531786919 -0.0117662493139505 0.0103187495842576
v 0.0309585183858871 -0.0079487962648273 0.0103187495842576
v 0.0317106507718563 -0.0040059867314994 0.0103187495842576
v 0.0319626852869987 -0.0000000000000007 0.0103187495842576
v 0.0322871319949627 0.0040788133628666 0.0097376843914390
v 0.0315213277935982 0.0080933012068272 0.0097376843914390
v 0.0302584134042263 0.0119801536202431 0.0097376843914390
v 0.0285183060914278 0.0156780704855919 0.0097376843914390
v 0.0263284463435411 0.0191287361085415 0.0097376843914390
v 0.0237233731895685 0.0222777295857668 0.0097376843914390
v 0.0207441672682762 0.0250753909349442 0.0097376843914390
v 0.0174378138035536 0.0274775978177786 0.0097376843914390
v 0.0138564547523856 0.0294464658945799 0.0097376843914390
v 0.0100565720349550 0.0309509448707104 0.0097376843914390
v 0.0060980906710029 0.0319673120975494 0.0097376843914390
v 0.0020434390753508 0.0324795320630074 0.0097376843914390
v -0.0020434390753508 0.0324795320630074 0.0097376843914390
v -0.0060980906710029 0.0319673120975494 0.0097376843914390
v -0.0100565720349550 0.0309509448707104 0.0097376843914390
v -0.0138564547523856 0.0294464658945799 0.0097376843914390
v -0.0174378138035536 0.0274775978177786 0.0097376843914390
v -0.0207441672682762 0.0250753909349442 0.0097376843914390
v -0.0237233731895685 0.0222777295857668 0.0097376843914390
v -0.0263284463435411 0.0191287361085415 0.0097376843914390
v -0.0285183060914278 0.0156780704855919 0.0097376843914390
v -0.0302584134042263 0.0119801536202431 0.0097376843914390
v -0.0315213277935982 0.0080933012068272 0.0097376843914390
v -0.0322871319949627 0.0040788133628666 0.0097376843914390
v -0.0325437486171722 -0.0000000000000008 0.0097376843914390
v -0.0322871319949627 -0.0040788133628666 0.0097376843914390
v -0.0315213277935982 -0.0080933012068272 0.0097376843914390
v -0.0302584134042263 -0.0119801536202431 0.0097376843914390
v -0.0285183060914278 -0.0156780704855919 0.0097376843914390
v -0.0263284463435411 -0.0191287361085415 0.0097376843914390
v -0.0237233731895685 -0.0222777295857668 0.0097376843914390
v -0.0207441672682762 -0.0250753909349442 0.0097376843914390
v -0.0174378138035536 -0.0274775978177786 0.0097376843914390
v -0.0138564547523856 -0.0294464658945799 0.0097376843914390
v -0.0100565720349550 -0.0309509448707104 0.0097376843914390
v -0.0060980906710029 -0.0319673120975494 0.0097376843914390
v -0.0020434390753508 -0.0324795320630074 0.0097376843914390
v 0.0020434390753508 -0.0324795320630074 0.0097376843914390
v 0.0060980906710029 -0.0319673120975494 0.0097376843914390
v 0.0100565720349550 -0.0309509448707104 0.0097376843914390
v 0.0138564547523856 -0.0294464658945799 0.0097376843914390
v 0.0174378138035536 -0.0274775978177786 0.0097376843914390
v 0.0207441672682762 -0.0250753909349442 0.0097376843914390
v 0.0237233731895685 -0.0222777295857668 0.0097376843914390
v 0.0263284463435411 -0.0191287361085415 0.0097376843914390
v 0.0285183060914278 -0.0156780704855919 0.0097376843914390
v 0.0302584134042263 -0.0119801536202431 0.0097376843914390
v 0.0315213277935982 -0.0080933012068272 0.0097376843914390
v 0.0322871319949627 -0.0040788133628666 0.0097376843914390
v 0.0325437486171722 -0.0000000000000006 0.0097376843914390
v 0.0694401860237122 0.0059102308005095 0.0097376843914390
v 0.0686888024210930 0.0117778787389398 0.0097376843914390
v 0.0674425214529037 0.0175606664270163 0.0097376843914390
v 0.0657103061676025 0.0232169292867184 0.0097376843914390
v 0.0635046511888504 0.0287059135735035 0.0097376843914390
v 0.0608414448797703 0.0339880697429180 0.0097376843914390
v 0.0577398724853992 0.0390253439545631 0.0097376843914390
v 0.0542222857475281 0.0437814369797707 0.0097376843914390
v 0.0503140240907669 0.0482220835983753 0.0097376843914390
v 0.0460432469844818 0.0523152910172939 0.0097376843914390
v 0.0414407290518284 0.0560315661132336 0.0097376843914390
v 0.0365396291017532 0.0593441314995289 0.0097376843914390
v 0.0313752628862858 0.0622291192412376 0.0097376843914390
v 0.0259848348796368 0.0646657496690750 0.0097376843914390
v 0.0204071849584579 0.0666364580392838 0.0097376843914390
v 0.0146825015544891 0.0681270435452461 0.0097376843914390
v 0.0088520310819149 0.0691267848014832 0.0097376843914390
v 0.0029577806126326 0.0696284547448158 0.0097376843914390
v -0.0029577806126326 0.0696284547448158 0.0097376843914390
v -0.0088520310819149 0.0691267848014832 0.0097376843914390
v -0.0146825015544891 0.0681270435452461 0.0097376843914390
v -0.0204071849584579 0.0666364580392838 0.0097376843914390
v -0.0259848348796368 0.0646657496690750 0.0097376843914390
v -0.0313752628862858 0.0622291192412376 0.0097376843914390
v -0.0365396291017532 0.0593441314995289 0.0097376843914390
v -0.0414407290518284 0.0560315661132336 0.0097376843914390
v -0.0460432469844818 0.0523152910172939 0.0097376843914390
v -0.0503140240907669 0.0482220835983753 0.0097376843914390
v -0.0542222857475281 0.0437814369797707 0.0097376843914390
v -0.0577398724853992 0.0390253439545631 0.0097376843914390
v -0.0608414448797703 0.0339880697429180 0.0097376843914390
v -0.0635046511888504 0.0287059135735035 0.0097376843914390
v -0.0657103061676025 0.0232169292867184 0.0097376843914390
v -0.0674425214529037 0.0175606664270163 0.0097376843914390
v -0.0686888024210930 0.0117778787389398 0.0097376843914390
v -0.0694401860237122 0.0059102308005095 0.0097376843914390
v -0.0696912482380867 -0.0000000000000009 0.0097376843914390
v -0.0694401860237122 -0.0059102308005095 0.0097376843914390
v -0.0686888024210930 -0.0117778787389398 0.0097376843914390
v -0.0674425214529037 -0.0175606664270163 0.0097376843914390
v -0.0657103061676025 -0.0232169292867184 0.0097376843914390
v -0.0635046511888504 -0.0287059135735035 0.0097376843914390
v -0.0608414448797703 -0.0339880697429180 0.0097376843914390
v -0.0577398724853992 -0.0390253439545631 0.0097376843914390
v -0.0542222857475281 -0.0437814369797707 0.0097376843914390
v -0.0503140240907669 -0.0482220835983753 0.0097376843914390
v -0.0460432469844818 -0.0523152910172939 0.0097376843914390
v -0.0414407290518284 -0.0560315661132336 0.0097376843914390
v -0.0365396291017532 -0.0593441314995289 0.0097376843914390
v -0.0313752628862858 -0.0622291192412376 0.0097376843914390
v -0.0259848348796368 -0.0646657496690750 0.0097376843914390
v -0.0204071849584579 -0.0666364580392838 0.0097376843914390
v -0.0146825015544891 -0.0681270435452461 0.0097376843914390
v -0.0088520310819149 -0.0691267848014832 0.0097376843914390
v -0.0029577806126326 -0.0696284547448158 0.0097376843914390
v 0.0029577806126326 -0.0696284547448158 0.0097376843914390
v 0.0088520310819149 -0.0691267848014832 0.0097376843914390
v 0.0146825015544891 -0.0681270435452461 0.0097376843914390
v 0.0204071849584579 -0.0666364580392838 0.0097376843914390
v 0.0259848348796368 -0.0646657496690750 0.0097376843914390
v 0.0313752628862858 -0.0622291192412376 0.0097376843914390
v 0.0365396291017532 -0.0593441314995289 0.0097376843914390
v 0.0414407290518284 -0.0560315661132336 0.0097376843914390
v 0.0460432469844818 -0.0523152910172939 0.0097376843914390
v 0.0503140240907669 -0.0482220835983753 0.0097376843914390
v 0.0542222857475281 -0.0437814369797707 0.0097376843914390
v 0.0577398724853992 -0.0390253439545631 0.0097376843914390
v 0.0608414448797703 -0.0339880697429180 0.0097376843914390
v 0.0635046511888504 -0.0287059135735035 0.0097376843914390
v 0.0657103061676025 -0.0232169292867184 0.0097376843914390
v 0.0674425214529037 -0.0175606664270163 0.0097376843914390
v 0.0686888024210930 -0.0117778787389398 0.0097376843914390
v 0.0694401860237122 -0.0059102308005095 0.0097376843914390
v 0.0696912482380867 -0.0000000000000006 0.0097376843914390
v 0.0700191557407379 0.0059595084749162 0.0103187495842576
v 0.0692615136504173 0.0118760792538524 0.0103187495842576
v 0.0680048316717148 0.0177070815116167 0.0103187495842576
v 0.0662581846117973 0.0234105046838522 0.0103187495842576
v 0.0640341341495514 0.0289452541619539 0.0103187495842576
v 0.0613487213850021 0.0342714525759220 0.0103187495842576
v 0.0582212917506695 0.0393507257103920 0.0103187495842576
v 0.0546743720769882 0.0441464744508266 0.0103187495842576
v 0.0507335253059864 0.0486241467297077 0.0103187495842576
v 0.0464271418750286 0.0527514815330505 0.0103187495842576
v 0.0417862497270107 0.0564987398684025 0.0103187495842576
v 0.0368442870676517 0.0598389245569706 0.0103187495842576
v 0.0316368602216244 0.0627479702234268 0.0103187495842576
v 0.0262014884501696 0.0652049109339714 0.0103187495842576
v 0.0205773338675499 0.0671920478343964 0.0103187495842576
v 0.0148049201816320 0.0686950683593750 0.0103187495842576
v 0.0089258365333080 0.0697031393647194 0.0103187495842576
v 0.0029824415687472 0.0702089965343475 0.0103187495842576
v -0.0029824415687472 0.0702089965343475 0.0103187495842576
v -0.0089258365333080 0.0697031393647194 0.0103187495842576
v -0.0148049201816320 0.0686950683593750 0.0103187495842576
v -0.0205773338675499 0.0671920478343964 0.0103187495842576
v -0.0262014884501696 0.0652049109339714 0.0103187495842576
v -0.0316368602216244 0.0627479702234268 0.0103187495842576
v -0.0368442870676517 0.0598389245569706 0.0103187495842576
v -0.0417862497270107 0.0564987398684025 0.0103187495842576
v -0.0464271418750286 0.0527514815330505 0.0103187495842576
v -0.0507335253059864 0.0486241467297077 0.0103187495842576
v -0.0546743720769882 0.0441464744508266 0.0103187495842576
v -0.0582212917506695 0.0393507257103920 0.0103187495842576
v -0.0613487213850021 0.0342714525759220 0.0103187495842576
v -0.0640341341495514 0.0289452541619539 0.0103187495842576
v -0.0662581846117973 0.0234105046838522 0.0103187495842576
v -0.0680048316717148 0.0177070815116167 0.0103187495842576
v -0.0692615136504173 0.0118760792538524 0.0103187495842576
v -0.0700191557407379 0.0059595084749162 0.0103187495842576
v -0.0702723190188408 -0.0000000000000009 0.0103187495842576
v -0.0700191557407379 -0.0059595084749162 0.0103187495842576
v -0.0692615136504173 -0.0118760792538524 0.0103187495842576
v -0.0680048316717148 -0.0177070815116167 0.0103187495842576
v -0.0662581846117973 -0.0234105046838522 0.0103187495842576
v -0.0640341341495514 -0.0289452541619539 0.0103187495842576
v -0.0613487213850021 -0.0342714525759220 0.0103187495842576
v -0.0582212917506695 -0.0393507257103920 0.0103187495842576
v -0.0546743720769882 -0.0441464744508266 0.0103187495842576
v -0.0507335253059864 -0.0486241467297077 0.0103187495842576
v -0.0464271418750286 -0.0527514815330505 0.0103187495842576
v -0.0417862497270107 -0.0564987398684025 0.0103187495842576
v -0.0368442870676517 -0.0598389245569706 0.0103187495842576
v -0.0316368602216244 -0.0627479702234268 0.0103187495842576
v -0.0262014884501696 -0.0652049109339714 0.0103187495842576
v -0.0205773338675499 -0.0671920478343964 0.0103187495842576
v -0.0148049201816320 -0.0686950683593750 0.0103187495842576
v -0.0089258365333080 -0.0697031393647194 0.0103187495842576
v -0.0029824415687472 -0.0702089965343475 0.0103187495842576
v 0.0029824415687472 -0.0702089965343475 0.0103187495842576
v 0.0089258365333080 -0.0697031393647194 0.0103187495842576
v 0.0148049201816320 -0.0686950683593750 0.0103187495842576
v 0.0205773338675499 -0.0671920478343964 0.0103187495842576
v 0.0262014884501696 -0.0652049109339714 0.0103187495842576
v 0.0316368602216244 -0.0627479702234268 0.0103187495842576
v 0.0368442870676517 -0.0598389245569706 0.0103187495842576
v 0.0417862497270107 -0.0564987398684025 0.0103187495842576
v 0.0464271418750286 -0.0527514815330505 0.0103187495842576
v 0.0507335253059864 -0.0486241467297077 0.0103187495842576
v 0.0546743720769882 -0.0441464744508266 0.0103187495842576
v 0.0582212917506695 -0.0393507257103920 0.0103187495842576
v 0.0613487213850021 -0.0342714525759220 0.0103187495842576
v 0.0640341341495514 -0.0289452541619539 0.0103187495842576
v 0.0662581846117973 -0.0234105046838522 0.0103187495842576
v 0.0680048316717148 -0.0177070815116167 0.0103187495842576
v 0.0692615136504173 -0.0118760792538524 0.0103187495842576
v 0.0700191557407379 -0.0059595084749162 0.0103187495842576
v 0.0702723190188408 -0.0000000000000006 0.0103187495842576
v -0.0704850032925606 -0.0000000000000010 0.0111124999821186
# 1775 vertices, 0 vertices normals

f 1 2 3
f 4 5 6
f 7 8 9
f 10 11 12
f 13 14 15
f 16 17 18
f 19 20 21
f 22 23 21
f 24 25 12
f 25 26 12
f 12 26 27
f 12 27 28
f 28 27 29
f 30 31 32
f 32 31 33
f 34 35 5
f 5 35 6
f 6 35 36
f 6 36 37
f 38 39 40
f 40 39 41
f 40 41 42
f 42 41 43
f 42 43 44
f 44 43 34
f 44 34 45
f 45 34 5
f 46 20 47
f 46 47 48
f 48 47 49
f 48 49 50
f 50 49 51
f 50 51 52
f 52 51 53
f 52 53 54
f 54 53 55
f 54 55 56
f 56 55 57
f 56 57 58
f 20 46 21
f 21 46 59
f 21 59 22
f 60 61 62
f 62 61 63
f 62 63 64
f 28 65 66
f 66 65 67
f 66 67 60
f 60 67 68
f 60 68 61
f 29 30 28
f 28 30 32
f 28 32 65
f 65 32 58
f 65 58 69
f 69 58 57
f 70 71 72
f 72 71 73
f 73 71 74
f 73 74 75
f 75 74 76
f 75 76 77
f 77 76 78
f 77 78 79
f 79 78 80
f 79 80 81
f 16 18 82
f 83 84 85
f 85 84 86
f 86 84 87
f 86 87 88
f 88 87 89
f 88 89 90
f 80 91 81
f 81 91 82
f 81 82 92
f 92 82 18
f 92 18 93
f 93 18 94
f 93 94 95
f 95 94 90
f 95 90 96
f 96 90 89
f 72 97 70
f 70 97 83
f 70 83 98
f 98 83 99
f 100 101 102
f 102 101 103
f 101 104 103
f 103 104 105
f 103 105 106
f 106 105 107
f 106 107 108
f 109 110 11
f 11 110 6
f 11 6 12
f 12 6 37
f 12 37 24
f 111 112 113
f 113 112 114
f 114 112 115
f 114 115 116
f 116 115 117
f 116 117 118
f 117 119 118
f 118 119 120
f 118 120 121
f 122 123 124
f 124 123 125
f 124 125 111
f 111 125 126
f 111 126 127
f 128 129 15
f 15 129 130
f 15 130 124
f 124 130 131
f 124 131 122
f 123 132 125
f 125 132 133
f 125 133 134
f 135 136 137
f 137 136 138
f 137 138 139
f 139 138 140
f 139 140 141
f 141 140 142
f 141 142 134
f 134 142 143
f 134 143 125
f 125 143 144
f 135 7 136
f 136 7 9
f 136 9 145
f 145 9 146
f 147 148 99
f 99 148 149
f 99 149 98
f 150 151 21
f 21 151 152
f 21 152 99
f 99 152 153
f 99 153 147
f 147 154 148
f 148 154 155
f 148 155 156
f 156 155 157
f 156 157 158
f 158 157 159
f 158 159 160
f 160 159 161
f 160 161 162
f 162 161 163
f 162 163 164
f 164 163 165
f 164 165 23
f 165 166 23
f 23 166 167
f 23 167 21
f 21 167 168
f 21 168 150
f 169 32 38
f 38 32 33
f 38 33 39
f 169 170 32
f 32 170 171
f 32 171 58
f 58 171 172
f 58 172 56
f 127 126 173
f 173 126 174
f 173 174 175
f 175 174 176
f 175 176 177
f 177 176 178
f 177 178 179
f 179 178 180
f 179 180 181
f 181 180 182
f 181 182 109
f 109 182 183
f 109 183 110
f 110 183 184
f 110 184 6
f 6 184 185
f 6 185 4
f 144 186 125
f 125 186 187
f 125 187 126
f 126 187 188
f 126 188 174
f 2 1 9
f 9 1 189
f 9 189 146
f 190 191 18
f 190 18 192
f 192 18 17
f 192 17 193
f 191 194 18
f 18 194 195
f 18 195 196
f 196 195 197
f 196 197 198
f 198 199 196
f 196 199 200
f 196 200 100
f 100 200 201
f 100 201 202
f 202 201 203
f 202 203 204
f 204 203 205
f 204 205 206
f 206 205 207
f 206 207 208
f 208 207 209
f 208 209 210
f 210 209 211
f 210 211 212
f 212 211 3
f 212 3 213
f 213 3 2
f 213 2 14
f 14 2 9
f 14 9 15
f 15 9 8
f 15 8 128
f 193 17 214
f 214 17 215
f 214 215 216
f 198 217 199
f 199 217 218
f 199 218 219
f 219 218 220
f 219 220 221
f 221 220 222
f 221 222 223
f 223 222 224
f 223 224 225
f 225 224 216
f 225 216 226
f 226 216 215
f 83 85 99
f 99 85 227
f 99 227 228
f 63 229 64
f 64 229 19
f 64 19 230
f 230 19 21
f 230 21 231
f 231 21 232
f 228 233 99
f 99 233 234
f 99 234 21
f 21 234 235
f 21 235 232
f 100 102 196
f 196 102 236
f 196 236 237
f 238 239 18
f 18 239 240
f 18 240 94
f 237 241 196
f 196 241 242
f 196 242 18
f 18 242 243
f 18 243 238
f 107 244 108
f 108 244 13
f 108 13 245
f 245 13 15
f 245 15 246
f 246 15 247
f 111 113 124
f 124 113 248
f 124 248 249
f 249 250 124
f 124 250 251
f 124 251 15
f 15 251 252
f 15 252 247
f 120 10 121
f 121 10 12
f 121 12 253
f 253 12 254
f 66 255 28
f 28 255 256
f 28 256 257
f 257 258 28
f 28 258 259
f 28 259 12
f 12 259 260
f 12 260 254
f 261 262 263
f 264 265 266
f 267 268 269
f 270 271 272
f 273 274 262
f 275 276 266
f 277 278 272
f 279 280 281
f 282 283 284
f 284 283 285
f 284 285 286
f 286 285 287
f 286 287 288
f 288 287 289
f 288 289 290
f 290 289 291
f 290 291 292
f 292 291 293
f 292 293 294
f 295 296 297
f 297 296 298
f 299 300 301
f 302 303 304
f 304 303 305
f 304 305 306
f 306 305 307
f 306 307 300
f 300 307 308
f 300 308 301
f 281 309 310
f 282 279 283
f 283 279 281
f 283 281 311
f 311 281 310
f 272 312 313
f 277 272 314
f 314 272 313
f 314 313 315
f 315 313 316
f 315 316 317
f 317 316 318
f 317 318 319
f 319 318 320
f 319 320 321
f 321 320 322
f 321 322 323
f 323 322 324
f 323 324 267
f 267 324 325
f 267 325 268
f 268 325 326
f 268 326 327
f 328 329 330
f 329 328 331
f 331 328 332
f 331 332 333
f 333 332 334
f 333 334 335
f 312 272 330
f 330 272 336
f 330 336 328
f 337 338 339
f 339 338 340
f 339 340 341
f 341 340 342
f 337 343 338
f 338 343 344
f 338 344 345
f 345 344 346
f 345 346 347
f 348 349 350
f 350 349 351
f 350 351 347
f 275 266 352
f 352 266 265
f 352 265 353
f 353 265 354
f 353 354 355
f 355 354 356
f 355 356 348
f 348 356 357
f 348 357 349
f 358 359 340
f 340 359 360
f 361 362 360
f 360 362 266
f 360 266 340
f 340 266 276
f 340 276 342
f 363 364 365
f 365 364 366
f 367 368 369
f 367 370 368
f 368 370 371
f 368 371 372
f 372 371 373
f 374 375 376
f 376 377 374
f 374 377 378
f 374 378 379
f 379 378 380
f 379 380 381
f 382 383 384
f 384 383 385
f 386 384 387
f 387 384 385
f 387 385 388
f 388 385 389
f 388 389 390
f 390 389 391
f 390 391 392
f 392 391 393
f 392 393 394
f 394 393 395
f 394 395 396
f 396 395 397
f 396 397 398
f 398 397 399
f 398 399 369
f 400 401 402
f 402 401 371
f 402 371 403
f 403 371 404
f 400 405 401
f 401 405 406
f 401 406 407
f 406 408 407
f 407 408 409
f 407 409 410
f 411 412 370
f 370 412 413
f 404 371 414
f 414 371 370
f 414 370 415
f 415 370 413
f 415 413 416
f 417 418 401
f 401 418 419
f 380 420 381
f 381 420 373
f 381 373 421
f 421 373 371
f 421 371 422
f 422 371 423
f 419 424 401
f 401 424 425
f 401 425 371
f 371 425 426
f 371 426 423
f 364 358 366
f 366 358 340
f 366 340 427
f 427 340 428
f 429 430 338
f 338 430 431
f 338 431 432
f 432 433 338
f 338 433 434
f 338 434 340
f 340 434 435
f 340 435 428
f 436 437 272
f 438 281 302
f 302 281 280
f 302 280 303
f 437 439 272
f 272 439 440
f 272 440 336
f 438 441 281
f 281 441 442
f 281 442 436
f 301 295 299
f 299 295 297
f 299 297 443
f 443 297 444
f 445 384 375
f 375 384 386
f 375 386 376
f 445 446 384
f 384 446 447
f 384 447 448
f 448 449 297
f 297 449 450
f 297 450 444
f 369 399 367
f 367 399 451
f 367 451 370
f 370 451 452
f 370 452 411
f 448 297 384
f 384 297 453
f 384 453 454
f 454 455 384
f 384 455 456
f 384 456 382
f 457 458 297
f 297 458 459
f 297 459 453
f 460 461 462
f 462 461 463
f 462 463 464
f 464 463 382
f 464 382 465
f 465 382 456
f 466 467 468
f 468 467 469
f 468 469 470
f 470 469 471
f 470 471 472
f 472 471 473
f 472 473 460
f 460 473 474
f 460 474 461
f 466 457 467
f 467 457 297
f 467 297 475
f 475 297 298
f 475 298 476
f 476 298 294
f 476 294 477
f 477 294 293
f 436 272 281
f 281 272 271
f 281 271 478
f 478 479 281
f 281 479 480
f 281 480 309
f 480 481 309
f 309 481 482
f 309 482 483
f 483 482 484
f 483 484 485
f 485 484 486
f 485 486 487
f 487 486 488
f 487 488 489
f 489 488 490
f 489 490 491
f 491 490 492
f 491 492 278
f 492 493 278
f 278 493 494
f 278 494 272
f 272 494 495
f 272 495 270
f 496 497 345
f 347 351 345
f 345 351 498
f 345 498 496
f 335 334 499
f 499 334 429
f 499 429 500
f 500 429 338
f 500 338 327
f 327 338 345
f 327 345 268
f 268 345 497
f 268 497 269
f 273 262 501
f 501 262 261
f 501 261 502
f 502 261 503
f 502 503 504
f 504 503 505
f 504 505 506
f 506 505 507
f 506 507 508
f 508 507 509
f 508 509 361
f 361 509 510
f 361 510 362
f 362 510 511
f 362 511 266
f 266 511 512
f 266 512 264
f 513 514 407
f 416 413 515
f 515 413 516
f 515 516 517
f 517 516 518
f 517 518 519
f 519 518 520
f 519 520 410
f 410 520 521
f 410 521 407
f 407 521 522
f 407 522 513
f 363 365 523
f 523 365 524
f 523 524 525
f 525 524 526
f 525 526 527
f 527 526 417
f 527 417 528
f 528 417 401
f 528 401 274
f 274 401 407
f 274 407 262
f 262 407 514
f 262 514 263
f 529 530 531
f 532 533 534
f 535 536 537
f 538 539 540
f 541 542 543
f 544 545 546
f 546 545 547
f 546 547 536
f 542 548 543
f 543 548 549
f 543 549 544
f 544 549 550
f 544 550 545
f 551 537 552
f 552 537 536
f 552 536 553
f 553 536 547
f 533 554 555
f 556 557 558
f 558 557 559
f 558 559 560
f 560 559 561
f 560 561 534
f 534 561 562
f 534 562 532
f 563 556 564
f 564 556 558
f 564 558 565
f 565 558 566
f 565 566 537
f 537 566 567
f 537 567 535
f 554 568 555
f 555 568 569
f 555 569 564
f 564 569 570
f 564 570 563
f 533 555 534
f 534 555 571
f 534 571 572
f 573 574 575
f 531 530 576
f 576 530 577
f 576 577 578
f 578 577 579
f 578 579 580
f 580 579 581
f 580 581 582
f 583 584 585
f 585 584 586
f 585 586 587
f 587 586 588
f 589 573 590
f 590 573 575
f 590 575 591
f 591 575 592
f 591 592 571
f 571 592 593
f 571 593 572
f 594 595 596
f 596 595 573
f 596 573 597
f 597 573 589
f 594 598 595
f 595 598 599
f 595 599 600
f 600 599 601
f 602 603 571
f 571 603 604
f 571 604 591
f 591 604 605
f 591 605 590
f 590 605 606
f 590 606 589
f 607 608 609
f 609 608 610
f 611 612 613
f 613 612 577
f 613 577 614
f 608 615 610
f 610 615 616
f 610 616 617
f 617 616 618
f 617 618 600
f 600 618 619
f 600 619 595
f 620 621 622
f 622 621 623
f 586 624 621
f 621 624 625
f 621 625 623
f 626 627 628
f 628 627 629
f 628 629 584
f 584 629 630
f 630 631 584
f 584 631 632
f 584 632 586
f 586 632 633
f 586 633 624
f 634 635 636
f 636 635 621
f 636 621 628
f 628 621 620
f 628 620 626
f 583 637 584
f 584 637 638
f 584 638 628
f 628 638 639
f 628 639 636
f 636 639 612
f 636 612 634
f 634 612 611
f 581 640 641
f 640 581 642
f 642 581 579
f 642 579 643
f 644 645 577
f 577 645 646
f 577 646 579
f 579 646 647
f 579 647 643
f 638 582 639
f 639 582 581
f 639 581 612
f 612 581 641
f 612 641 648
f 648 649 612
f 612 649 650
f 612 650 577
f 577 650 651
f 577 651 644
f 635 652 621
f 621 652 653
f 621 653 586
f 586 653 543
f 586 543 588
f 588 543 544
f 529 574 530
f 530 574 573
f 530 573 577
f 577 573 595
f 577 595 614
f 614 595 619
f 652 607 653
f 653 607 609
f 653 609 543
f 543 609 540
f 543 540 541
f 541 540 539
f 601 602 600
f 600 602 571
f 600 571 617
f 617 571 555
f 617 555 610
f 610 555 564
f 610 564 609
f 609 564 565
f 609 565 540
f 540 565 537
f 540 537 538
f 538 537 551
f 654 655 656
f 656 655 657
f 656 657 658
f 658 657 659
f 658 659 660
f 660 659 661
f 660 661 662
f 662 661 663
f 662 663 664
f 664 663 665
f 664 665 666
f 666 665 667
f 666 667 668
f 669 670 671
f 671 670 672
f 671 672 673
f 673 672 674
f 673 674 675
f 675 674 676
f 675 676 677
f 677 676 678
f 677 678 679
f 679 678 680
f 679 680 681
f 681 680 682
f 681 682 654
f 654 682 683
f 654 683 655
f 667 684 668
f 668 684 685
f 668 685 686
f 686 685 687
f 686 687 688
f 688 687 689
f 688 689 690
f 690 689 691
f 690 691 692
f 692 691 693
f 692 693 694
f 694 693 695
f 694 695 696
f 696 695 697
f 696 697 698
f 698 697 699
f 698 699 669
f 669 699 700
f 669 700 670
f 701 702 703
f 703 702 704
f 703 704 705
f 705 704 706
f 705 706 707
f 707 706 708
f 707 708 709
f 709 708 710
f 709 710 711
f 711 710 712
f 711 712 713
f 713 712 714
f 713 714 715
f 715 714 716
f 715 716 717
f 717 716 718
f 717 718 719
f 719 718 720
f 719 720 721
f 721 720 722
f 721 722 723
f 723 722 724
f 723 724 725
f 725 724 726
f 725 726 727
f 727 726 728
f 727 728 729
f 729 728 730
f 729 730 731
f 731 730 732
f 731 732 733
f 733 732 734
f 733 734 735
f 735 734 736
f 735 736 701
f 701 736 702
f 607 737 608
f 608 737 738
f 608 738 615
f 615 738 739
f 615 739 616
f 616 739 740
f 616 740 618
f 618 740 741
f 618 741 619
f 619 741 742
f 619 742 614
f 614 742 743
f 614 743 613
f 613 743 744
f 613 744 611
f 611 744 745
f 611 745 634
f 634 745 746
f 634 746 635
f 635 746 747
f 635 747 652
f 652 747 748
f 652 748 607
f 607 748 737
f 749 750 751
f 751 750 752
f 751 752 753
f 753 752 754
f 753 754 755
f 755 754 756
f 755 756 757
f 757 756 758
f 757 758 759
f 759 758 760
f 759 760 761
f 761 760 762
f 761 762 763
f 763 762 764
f 763 764 765
f 765 764 766
f 765 766 767
f 767 766 768
f 767 768 769
f 769 768 770
f 769 770 771
f 771 770 772
f 771 772 773
f 773 772 774
f 773 774 775
f 775 774 776
f 775 776 777
f 777 776 778
f 777 778 779
f 779 778 780
f 779 780 781
f 781 780 782
f 781 782 783
f 783 782 784
f 783 784 785
f 785 784 786
f 785 786 787
f 787 786 788
f 787 788 789
f 789 788 790
f 789 790 791
f 791 790 792
f 791 792 793
f 793 792 794
f 793 794 795
f 795 794 796
f 795 796 797
f 797 796 798
f 797 798 799
f 799 798 800
f 799 800 801
f 801 800 802
f 801 802 803
f 803 802 804
f 803 804 805
f 805 804 806
f 805 806 807
f 807 806 808
f 807 808 809
f 809 808 810
f 809 810 811
f 811 810 812
f 811 812 813
f 813 812 814
f 813 814 815
f 815 814 816
f 815 816 817
f 817 816 818
f 817 818 819
f 819 818 820
f 819 820 821
f 821 820 822
f 821 822 823
f 823 822 824
f 823 824 825
f 825 824 826
f 825 826 749
f 749 826 750
f 790 788 827
f 827 788 786
f 827 786 828
f 828 786 784
f 828 784 829
f 829 784 782
f 829 782 830
f 830 782 780
f 830 780 831
f 831 780 778
f 831 778 832
f 832 778 776
f 832 776 833
f 833 776 774
f 833 774 834
f 834 774 772
f 834 772 835
f 835 772 770
f 835 770 836
f 836 770 768
f 836 768 837
f 837 768 766
f 837 766 838
f 838 766 764
f 838 764 839
f 839 764 762
f 839 762 840
f 840 762 760
f 840 760 841
f 841 760 758
f 841 758 842
f 842 758 756
f 842 756 843
f 843 756 754
f 843 754 844
f 844 754 752
f 844 752 845
f 845 752 750
f 845 750 846
f 846 750 826
f 846 826 847
f 847 826 824
f 847 824 848
f 848 824 822
f 848 822 849
f 849 822 820
f 849 820 850
f 850 820 818
f 850 818 851
f 851 818 816
f 851 816 852
f 852 816 814
f 852 814 853
f 853 814 812
f 853 812 854
f 854 812 810
f 854 810 855
f 855 810 808
f 855 808 856
f 856 808 806
f 856 806 857
f 857 806 804
f 857 804 858
f 858 804 802
f 858 802 859
f 859 802 800
f 859 800 860
f 860 800 798
f 860 798 861
f 861 798 796
f 861 796 862
f 862 796 794
f 862 794 863
f 863 794 792
f 863 792 864
f 864 792 790
f 864 790 827
f 865 809 866
f 866 809 811
f 866 811 867
f 867 811 813
f 867 813 868
f 868 813 815
f 868 815 869
f 869 815 817
f 869 817 870
f 870 817 819
f 870 819 871
f 871 819 821
f 871 821 872
f 872 821 823
f 872 823 873
f 873 823 825
f 873 825 874
f 874 825 749
f 874 749 875
f 875 749 751
f 875 751 876
f 876 751 753
f 876 753 877
f 877 753 755
f 877 755 878
f 878 755 757
f 878 757 879
f 879 757 759
f 879 759 880
f 880 759 761
f 880 761 881
f 881 761 763
f 881 763 882
f 882 763 765
f 882 765 883
f 765 767 883
f 883 767 769
f 883 769 884
f 884 769 771
f 884 771 885
f 885 771 773
f 885 773 886
f 886 773 775
f 886 775 887
f 887 775 777
f 887 777 888
f 888 777 779
f 888 779 889
f 889 779 781
f 889 781 890
f 890 781 783
f 890 783 891
f 891 783 785
f 891 785 892
f 892 785 787
f 892 787 893
f 893 787 789
f 893 789 894
f 894 789 791
f 894 791 895
f 895 791 793
f 895 793 896
f 896 793 795
f 896 795 897
f 897 795 797
f 897 797 898
f 898 797 799
f 898 799 899
f 899 799 801
f 899 801 900
f 900 801 803
f 900 803 901
f 901 803 805
f 901 805 865
f 865 805 807
f 865 807 809
f 722 902 724
f 724 902 903
f 724 903 726
f 726 903 904
f 726 904 728
f 728 904 905
f 728 905 730
f 730 905 906
f 730 906 732
f 732 906 907
f 908 706 909
f 909 706 704
f 909 704 910
f 910 704 702
f 910 702 911
f 911 702 736
f 911 736 907
f 907 736 734
f 907 734 732
f 722 720 902
f 902 720 718
f 902 718 912
f 912 718 716
f 912 716 913
f 913 716 714
f 913 714 914
f 914 714 712
f 914 712 915
f 915 712 710
f 915 710 908
f 908 710 708
f 908 708 706
f 740 916 741
f 741 916 917
f 741 917 742
f 742 917 918
f 742 918 743
f 743 918 919
f 743 919 744
f 744 919 920
f 744 920 745
f 745 920 921
f 745 921 746
f 921 922 746
f 746 922 923
f 746 923 747
f 747 923 924
f 747 924 748
f 748 924 925
f 748 925 737
f 737 925 926
f 737 926 738
f 738 926 927
f 738 927 739
f 739 927 928
f 739 928 740
f 740 928 929
f 740 929 916
f 926 930 927
f 927 930 912
f 927 912 928
f 928 912 913
f 928 913 929
f 929 913 914
f 929 914 916
f 916 914 915
f 916 915 917
f 917 915 908
f 917 908 918
f 918 908 909
f 918 909 919
f 919 909 910
f 919 910 920
f 920 910 911
f 920 911 921
f 921 911 907
f 921 907 922
f 922 907 906
f 922 906 923
f 923 906 905
f 923 905 924
f 924 905 904
f 924 904 925
f 925 904 903
f 925 903 926
f 926 903 930
f 931 932 933
f 933 932 694
f 933 694 934
f 934 694 696
f 934 696 935
f 935 696 698
f 935 698 936
f 936 698 669
f 936 669 937
f 937 669 671
f 937 671 938
f 938 671 673
f 938 673 939
f 939 673 675
f 939 675 940
f 940 675 677
f 940 677 941
f 941 677 679
f 941 679 942
f 942 679 681
f 942 681 943
f 943 681 654
f 943 654 944
f 944 654 656
f 944 656 945
f 945 656 658
f 945 658 946
f 946 658 660
f 946 660 947
f 947 660 662
f 947 662 948
f 948 662 664
f 948 664 949
f 949 664 666
f 949 666 950
f 950 666 668
f 950 668 951
f 951 668 686
f 951 686 952
f 952 686 688
f 952 688 953
f 953 688 690
f 953 690 931
f 931 690 932
f 943 944 954
f 954 944 945
f 948 955 947
f 950 956 949
f 957 958 959
f 933 960 931
f 931 960 961
f 931 961 953
f 953 961 962
f 963 964 934
f 934 964 965
f 934 965 933
f 933 965 966
f 933 966 960
f 959 967 957
f 957 967 968
f 957 968 969
f 969 968 970
f 951 952 971
f 971 952 953
f 971 953 957
f 957 953 962
f 957 962 958
f 972 973 971
f 973 974 971
f 971 974 975
f 971 975 951
f 975 976 951
f 951 976 977
f 951 977 950
f 950 977 978
f 950 978 956
f 979 980 981
f 981 980 972
f 978 982 956
f 956 982 983
f 956 983 981
f 981 983 984
f 981 984 979
f 985 986 987
f 988 946 989
f 989 946 947
f 989 947 990
f 990 947 955
f 985 987 991
f 992 993 994
f 994 993 987
f 994 987 995
f 995 987 986
f 992 996 993
f 993 996 997
f 993 997 955
f 955 997 998
f 955 998 990
f 943 954 942
f 942 954 999
f 942 999 941
f 1000 936 1001
f 1001 936 1002
f 1001 1002 1003
f 938 1004 937
f 937 1004 1005
f 937 1005 936
f 936 1005 1006
f 936 1006 1002
f 1003 1007 1001
f 1001 1007 1008
f 1001 1008 1009
f 1009 1008 1010
f 1009 1010 1011
f 1011 1012 939
f 939 1012 1013
f 939 1013 938
f 938 1013 1014
f 938 1014 1004
f 970 963 969
f 969 963 934
f 969 934 1000
f 1000 934 935
f 1000 935 936
f 1015 735 701
f 715 969 713
f 713 969 1000
f 713 1000 711
f 711 1000 1001
f 711 1001 709
f 709 1001 1009
f 709 1009 707
f 707 1009 1016
f 707 1016 705
f 705 1016 1017
f 705 1017 703
f 703 1017 701
f 735 1015 733
f 733 1015 987
f 733 987 731
f 731 987 993
f 731 993 729
f 972 971 981
f 981 971 725
f 981 725 727
f 715 717 969
f 969 717 719
f 969 719 957
f 957 719 721
f 957 721 971
f 971 721 723
f 971 723 725
f 1018 1019 1015
f 1015 1019 1020
f 1021 1022 1017
f 701 1017 1015
f 1015 1017 1023
f 1015 1023 1018
f 1022 1024 1017
f 1017 1024 1025
f 1017 1025 1023
f 988 991 946
f 946 991 987
f 946 987 945
f 945 987 1015
f 945 1015 954
f 954 1015 1020
f 954 1020 1026
f 1011 939 1009
f 1009 939 940
f 1009 940 1016
f 1016 940 941
f 1016 941 1017
f 1017 941 999
f 1017 999 1021
f 1026 1027 954
f 954 1027 1028
f 954 1028 999
f 999 1028 1029
f 999 1029 1021
f 727 729 981
f 981 729 993
f 981 993 956
f 956 993 955
f 956 955 949
f 949 955 948
f 601 1023 602
f 602 1023 1025
f 602 1025 603
f 603 1025 1024
f 603 1024 604
f 604 1024 1022
f 604 1022 605
f 605 1022 1021
f 605 1021 606
f 606 1021 1029
f 606 1029 589
f 589 1029 1028
f 589 1028 597
f 597 1028 1027
f 597 1027 596
f 596 1027 1026
f 596 1026 594
f 594 1026 1020
f 594 1020 598
f 598 1020 1019
f 598 1019 599
f 599 1019 1018
f 599 1018 601
f 601 1018 1023
f 648 997 649
f 649 997 996
f 649 996 650
f 650 996 992
f 650 992 651
f 651 992 994
f 651 994 644
f 644 994 995
f 644 995 645
f 645 995 986
f 645 986 646
f 646 986 985
f 646 985 647
f 647 985 991
f 647 991 643
f 643 991 988
f 643 988 642
f 642 988 989
f 642 989 640
f 640 989 990
f 640 990 641
f 641 990 998
f 641 998 648
f 648 998 997
f 632 975 633
f 633 975 974
f 633 974 624
f 624 974 973
f 624 973 625
f 625 973 972
f 625 972 623
f 623 972 980
f 623 980 622
f 622 980 979
f 622 979 620
f 620 979 984
f 620 984 626
f 626 984 983
f 626 983 627
f 627 983 982
f 627 982 629
f 629 982 978
f 629 978 630
f 630 978 977
f 630 977 631
f 631 977 976
f 631 976 632
f 632 976 975
f 547 960 553
f 553 960 966
f 553 966 552
f 552 966 965
f 552 965 551
f 551 965 964
f 551 964 538
f 538 964 963
f 538 963 539
f 539 963 970
f 539 970 541
f 541 970 968
f 541 968 542
f 542 968 967
f 542 967 548
f 548 967 959
f 548 959 549
f 549 959 958
f 549 958 550
f 550 958 962
f 550 962 545
f 545 962 961
f 545 961 547
f 547 961 960
f 556 1002 557
f 557 1002 1006
f 557 1006 559
f 559 1006 1005
f 559 1005 561
f 561 1005 1004
f 561 1004 562
f 562 1004 1014
f 562 1014 532
f 532 1014 1013
f 532 1013 533
f 533 1013 1012
f 533 1012 554
f 554 1012 1011
f 554 1011 568
f 568 1011 1010
f 568 1010 569
f 569 1010 1008
f 569 1008 570
f 570 1008 1007
f 570 1007 563
f 563 1007 1003
f 563 1003 556
f 556 1003 1002
f 1030 1031 869
f 1032 1033 900
f 1034 875 1035
f 1035 875 876
f 1035 876 1036
f 1036 876 1037
f 1037 876 877
f 1037 877 1038
f 1038 877 878
f 1038 878 1039
f 879 880 1040
f 1040 1041 879
f 879 1041 1042
f 879 1042 878
f 878 1042 1043
f 878 1043 1039
f 882 1044 881
f 881 1044 1045
f 881 1045 880
f 880 1045 1046
f 880 1046 1040
f 883 1047 882
f 882 1047 1048
f 882 1048 1044
f 884 1049 883
f 883 1049 1050
f 883 1050 1047
f 1051 1052 885
f 885 1052 1053
f 885 1053 884
f 884 1053 1054
f 884 1054 1049
f 1051 885 1055
f 1055 885 886
f 1055 886 1056
f 1056 886 887
f 1056 887 1057
f 889 1058 888
f 888 1058 1059
f 888 1059 887
f 887 1059 1060
f 887 1060 1057
f 1061 1062 890
f 890 1062 1063
f 890 1063 889
f 889 1063 1064
f 889 1064 1058
f 1061 890 1065
f 1065 890 891
f 1065 891 1066
f 1066 891 892
f 1066 892 1067
f 893 894 1068
f 1068 1069 893
f 893 1069 1070
f 893 1070 892
f 892 1070 1071
f 892 1071 1067
f 895 896 1072
f 1072 1073 895
f 895 1073 1074
f 895 1074 894
f 894 1074 1075
f 894 1075 1068
f 897 898 1076
f 1076 1077 897
f 897 1077 1078
f 897 1078 896
f 896 1078 1079
f 896 1079 1072
f 900 1033 899
f 1033 1080 899
f 899 1080 1081
f 899 1081 898
f 898 1081 1082
f 898 1082 1076
f 1032 900 1083
f 1083 900 901
f 1083 901 1084
f 1084 901 865
f 1084 865 1085
f 1085 865 1086
f 1086 865 866
f 1086 866 1087
f 1087 866 1088
f 1088 866 867
f 1088 867 1089
f 1089 867 1090
f 1090 867 868
f 1090 868 1091
f 869 1031 868
f 868 1031 1092
f 868 1092 1091
f 1030 869 1093
f 1093 869 870
f 1093 870 1094
f 1094 870 871
f 1094 871 1095
f 1095 871 1096
f 1096 871 872
f 1096 872 1097
f 1097 872 1098
f 1098 872 873
f 1098 873 1099
f 1034 1100 875
f 875 1100 1101
f 875 1101 874
f 874 1101 1102
f 874 1102 873
f 873 1102 1103
f 873 1103 1099
f 1104 1105 676
f 689 1106 1107
f 689 1107 691
f 1106 689 1108
f 1108 689 687
f 1108 687 1109
f 1109 687 1110
f 1110 687 685
f 1110 685 1111
f 1111 685 1112
f 1112 685 684
f 1112 684 1113
f 1113 684 1114
f 1114 684 667
f 1114 667 1115
f 663 1116 665
f 665 1116 1117
f 665 1117 667
f 667 1117 1118
f 667 1118 1115
f 661 1119 663
f 663 1119 1120
f 663 1120 1116
f 659 1121 661
f 661 1121 1122
f 661 1122 1119
f 657 1123 659
f 659 1123 1124
f 659 1124 1121
f 655 1125 657
f 657 1125 1126
f 657 1126 1123
f 1127 1128 683
f 683 1128 1129
f 683 1129 655
f 655 1129 1130
f 655 1130 1125
f 1127 683 1131
f 1131 683 682
f 1131 682 1132
f 1132 682 680
f 1132 680 1133
f 1133 680 1134
f 1134 680 678
f 1134 678 1135
f 676 1105 678
f 678 1105 1136
f 678 1136 1135
f 1104 676 1137
f 1137 676 674
f 1137 674 1138
f 1138 674 672
f 1138 672 1139
f 670 1140 672
f 672 1140 1141
f 672 1141 1139
f 1142 1143 699
f 699 1143 1144
f 699 1144 700
f 700 1144 1145
f 700 1145 670
f 670 1145 1146
f 670 1146 1140
f 1142 699 1147
f 1147 699 697
f 1147 697 1148
f 1148 697 695
f 1148 695 1149
f 1107 1150 691
f 691 1150 1151
f 691 1151 693
f 693 1151 1152
f 693 1152 695
f 695 1152 1153
f 695 1153 1149
f 1154 1155 860
f 1156 1157 854
f 1158 1159 833
f 1160 828 1161
f 1161 828 829
f 1161 829 1162
f 1162 829 1163
f 1163 829 830
f 1163 830 1164
f 1164 830 831
f 1164 831 1165
f 833 1159 832
f 1159 1166 832
f 832 1166 1167
f 832 1167 831
f 831 1167 1168
f 831 1168 1165
f 1158 833 1169
f 1169 833 834
f 1169 834 1170
f 1170 834 835
f 1170 835 1171
f 1171 835 1172
f 1172 835 836
f 1172 836 1173
f 1173 836 1174
f 1174 836 837
f 1174 837 1175
f 1175 837 1176
f 1176 837 838
f 1176 838 1177
f 1178 1179 840
f 840 1179 1180
f 840 1180 839
f 839 1180 1181
f 839 1181 838
f 838 1181 1182
f 838 1182 1177
f 1178 840 1183
f 1183 840 841
f 1183 841 1184
f 1184 841 842
f 1184 842 1185
f 1185 842 1186
f 1186 842 843
f 1186 843 1187
f 845 1188 844
f 844 1188 1189
f 844 1189 843
f 843 1189 1190
f 843 1190 1187
f 847 848 1191
f 1191 1192 847
f 847 1192 1193
f 847 1193 846
f 846 1193 1194
f 846 1194 845
f 845 1194 1195
f 845 1195 1188
f 849 850 1196
f 1196 1197 849
f 849 1197 1198
f 849 1198 848
f 848 1198 1199
f 848 1199 1191
f 851 852 1200
f 1200 1201 851
f 851 1201 1202
f 851 1202 850
f 850 1202 1203
f 850 1203 1196
f 854 1157 853
f 1157 1204 853
f 853 1204 1205
f 853 1205 852
f 852 1205 1206
f 852 1206 1200
f 1156 854 1207
f 1207 854 855
f 1207 855 1208
f 1208 855 856
f 1208 856 1209
f 1209 856 1210
f 1210 856 857
f 1210 857 1211
f 1211 857 1212
f 1212 857 858
f 1212 858 1213
f 1213 858 1214
f 1214 858 859
f 1214 859 1215
f 860 1155 859
f 859 1155 1216
f 859 1216 1215
f 1154 860 1217
f 1217 860 861
f 1217 861 1218
f 1218 861 862
f 1218 862 1219
f 1219 862 1220
f 1220 862 863
f 1220 863 1221
f 1221 863 1222
f 1222 863 864
f 1222 864 1223
f 1160 1224 828
f 828 1224 1225
f 828 1225 827
f 827 1225 1226
f 827 1226 864
f 864 1226 1227
f 864 1227 1223
f 1228 1229 566
f 529 531 1230
f 576 1231 531
f 531 1231 1232
f 531 1232 1230
f 578 1233 576
f 576 1233 1234
f 576 1234 1231
f 580 1235 578
f 578 1235 1236
f 578 1236 1233
f 1237 1238 582
f 582 1238 1239
f 582 1239 580
f 580 1239 1240
f 580 1240 1235
f 1237 582 1241
f 1241 582 638
f 1241 638 1242
f 1242 638 637
f 1242 637 1243
f 1243 637 1244
f 1244 637 583
f 1244 583 1245
f 1245 583 1246
f 1246 583 585
f 1246 585 1247
f 1247 585 1248
f 1248 585 587
f 1248 587 1249
f 1249 587 1250
f 1250 587 588
f 1250 588 1251
f 1251 588 1252
f 1252 588 544
f 1252 544 1253
f 1253 544 546
f 1253 546 1254
f 1254 546 1255
f 1255 546 536
f 1255 536 1256
f 1256 536 535
f 1256 535 1257
f 1257 535 1258
f 1258 535 567
f 1258 567 1259
f 566 1229 567
f 567 1229 1260
f 567 1260 1259
f 1228 566 1261
f 1261 566 558
f 1261 558 1262
f 1262 558 560
f 1262 560 1263
f 534 1264 560
f 560 1264 1265
f 560 1265 1263
f 1266 1267 593
f 593 1267 1268
f 593 1268 572
f 572 1268 1269
f 572 1269 534
f 534 1269 1270
f 534 1270 1264
f 1266 593 1271
f 1271 593 592
f 1271 592 1272
f 1272 592 575
f 1272 575 1273
f 1230 1274 529
f 529 1274 1275
f 529 1275 574
f 574 1275 1276
f 574 1276 575
f 575 1276 1277
f 575 1277 1273
f 404 123 403
f 403 123 122
f 403 122 402
f 402 122 131
f 402 131 400
f 400 131 130
f 400 130 405
f 405 130 129
f 405 129 406
f 406 129 128
f 132 123 414
f 414 123 404
f 408 8 409
f 409 8 7
f 409 7 410
f 410 7 135
f 410 135 519
f 519 135 137
f 519 137 517
f 517 137 139
f 517 139 515
f 515 139 141
f 515 141 416
f 416 141 134
f 416 134 415
f 415 134 133
f 415 133 414
f 414 133 132
f 8 408 128
f 128 408 406
f 376 10 377
f 377 10 120
f 377 120 378
f 378 120 119
f 378 119 380
f 380 119 117
f 380 117 420
f 420 117 115
f 420 115 373
f 373 115 112
f 387 11 386
f 386 11 10
f 386 10 376
f 368 111 369
f 369 111 127
f 369 127 398
f 398 127 173
f 398 173 396
f 396 173 175
f 396 175 394
f 394 175 177
f 394 177 392
f 392 177 179
f 392 179 390
f 390 179 181
f 390 181 388
f 388 181 109
f 388 109 387
f 387 109 11
f 373 112 372
f 372 112 111
f 372 111 368
f 527 13 525
f 525 13 244
f 525 244 523
f 523 244 107
f 523 107 363
f 363 107 105
f 363 105 364
f 364 105 104
f 364 104 358
f 358 104 101
f 274 14 528
f 528 14 13
f 528 13 527
f 360 100 361
f 361 100 202
f 361 202 508
f 508 202 204
f 508 204 506
f 506 204 206
f 506 206 504
f 504 206 208
f 504 208 502
f 502 208 210
f 502 210 501
f 501 210 212
f 501 212 273
f 273 212 213
f 273 213 274
f 274 213 14
f 358 101 359
f 359 101 100
f 359 100 360
f 342 198 341
f 341 198 197
f 341 197 339
f 339 197 195
f 339 195 337
f 337 195 194
f 337 194 343
f 343 194 191
f 343 191 344
f 344 191 190
f 217 198 276
f 276 198 342
f 346 192 347
f 347 192 193
f 347 193 350
f 350 193 214
f 350 214 348
f 348 214 216
f 348 216 355
f 355 216 224
f 355 224 353
f 353 224 222
f 353 222 352
f 352 222 220
f 352 220 275
f 275 220 218
f 275 218 276
f 276 218 217
f 192 346 190
f 190 346 344
f 499 93 335
f 335 93 95
f 335 95 333
f 333 95 96
f 333 96 331
f 331 96 89
f 331 89 329
f 329 89 87
f 329 87 330
f 330 87 84
f 327 92 500
f 500 92 93
f 500 93 499
f 313 83 316
f 316 83 97
f 316 97 318
f 318 97 72
f 318 72 320
f 320 72 73
f 320 73 322
f 322 73 75
f 322 75 324
f 324 75 77
f 324 77 325
f 325 77 79
f 325 79 326
f 326 79 81
f 326 81 327
f 327 81 92
f 330 84 312
f 312 84 83
f 312 83 313
f 495 147 270
f 270 147 153
f 270 153 271
f 271 153 152
f 271 152 478
f 478 152 151
f 478 151 479
f 479 151 150
f 479 150 480
f 480 150 168
f 154 147 494
f 494 147 495
f 481 167 482
f 482 167 166
f 482 166 484
f 484 166 165
f 484 165 486
f 486 165 163
f 486 163 488
f 488 163 161
f 488 161 490
f 490 161 159
f 490 159 492
f 492 159 157
f 492 157 493
f 493 157 155
f 493 155 494
f 494 155 154
f 167 481 168
f 168 481 480
f 303 19 305
f 305 19 229
f 305 229 307
f 307 229 63
f 307 63 308
f 308 63 61
f 308 61 301
f 301 61 68
f 301 68 295
f 295 68 67
f 279 20 280
f 280 20 19
f 280 19 303
f 298 65 294
f 294 65 69
f 294 69 292
f 292 69 57
f 292 57 290
f 290 57 55
f 290 55 288
f 288 55 53
f 288 53 286
f 286 53 51
f 286 51 284
f 284 51 49
f 284 49 282
f 282 49 47
f 282 47 279
f 279 47 20
f 295 67 296
f 296 67 65
f 296 65 298
f 458 30 459
f 459 30 29
f 459 29 453
f 453 29 27
f 453 27 454
f 454 27 26
f 454 26 455
f 455 26 25
f 455 25 456
f 456 25 24
f 31 30 457
f 457 30 458
f 465 37 464
f 464 37 36
f 464 36 462
f 462 36 35
f 462 35 460
f 460 35 34
f 460 34 472
f 472 34 43
f 472 43 470
f 470 43 41
f 470 41 468
f 468 41 39
f 468 39 466
f 466 39 33
f 466 33 457
f 457 33 31
f 37 465 24
f 24 465 456
f 520 1278 521
f 521 1278 1279
f 521 1279 522
f 522 1279 1280
f 522 1280 513
f 513 1280 1281
f 513 1281 514
f 514 1281 1282
f 514 1282 263
f 263 1282 1283
f 263 1283 261
f 261 1283 1284
f 261 1284 503
f 503 1284 1285
f 503 1285 505
f 505 1285 1286
f 505 1286 507
f 507 1286 1287
f 507 1287 509
f 509 1287 1288
f 509 1288 510
f 510 1288 1289
f 510 1289 511
f 511 1289 1290
f 511 1290 512
f 512 1290 1291
f 512 1291 264
f 264 1291 1292
f 264 1292 265
f 265 1292 1293
f 265 1293 354
f 354 1293 1294
f 354 1294 356
f 356 1294 1295
f 356 1295 357
f 357 1295 1296
f 357 1296 349
f 349 1296 1297
f 349 1297 351
f 351 1297 1298
f 351 1298 498
f 498 1298 1299
f 498 1299 496
f 496 1299 1300
f 496 1300 497
f 497 1300 1301
f 497 1301 269
f 269 1301 1302
f 269 1302 267
f 267 1302 1303
f 267 1303 323
f 323 1303 1304
f 323 1304 321
f 321 1304 1305
f 321 1305 319
f 319 1305 1306
f 319 1306 317
f 317 1306 1307
f 317 1307 315
f 315 1307 1308
f 315 1308 314
f 314 1308 1309
f 314 1309 277
f 277 1309 1310
f 277 1310 278
f 278 1310 1311
f 278 1311 491
f 491 1311 1312
f 491 1312 489
f 489 1312 1313
f 489 1313 1314
f 1314 1313 1315
f 1314 1315 485
f 485 1315 1316
f 485 1316 483
f 483 1316 1317
f 483 1317 309
f 309 1317 1318
f 309 1318 310
f 310 1318 1319
f 310 1319 311
f 311 1319 1320
f 311 1320 283
f 283 1320 1321
f 283 1321 285
f 285 1321 1322
f 285 1322 287
f 287 1322 1323
f 287 1323 289
f 289 1323 1324
f 289 1324 291
f 291 1324 1325
f 291 1325 293
f 293 1325 1326
f 293 1326 477
f 477 1326 1327
f 477 1327 476
f 476 1327 1328
f 476 1328 475
f 475 1328 1329
f 475 1329 467
f 467 1329 1330
f 467 1330 469
f 469 1330 1331
f 469 1331 471
f 471 1331 1332
f 471 1332 473
f 473 1332 1333
f 473 1333 474
f 474 1333 1334
f 474 1334 461
f 461 1334 1335
f 461 1335 463
f 463 1335 1336
f 463 1336 382
f 382 1336 1337
f 382 1337 383
f 383 1337 1338
f 383 1338 385
f 385 1338 1339
f 385 1339 389
f 389 1339 1340
f 389 1340 391
f 391 1340 1341
f 391 1341 393
f 393 1341 1342
f 393 1342 395
f 395 1342 1343
f 395 1343 397
f 397 1343 1344
f 397 1344 399
f 399 1344 1345
f 399 1345 451
f 451 1345 1346
f 451 1346 452
f 452 1346 1347
f 452 1347 411
f 411 1347 1348
f 411 1348 412
f 412 1348 1349
f 412 1349 413
f 413 1349 1350
f 413 1350 516
f 516 1350 1351
f 516 1351 518
f 518 1351 1352
f 518 1352 520
f 520 1352 1278
f 1278 1353 1279
f 1279 1353 1354
f 1279 1354 1280
f 1280 1354 1355
f 1280 1355 1281
f 1281 1355 1356
f 1281 1356 1282
f 1282 1356 1357
f 1282 1357 1283
f 1283 1357 1358
f 1283 1358 1284
f 1284 1358 1359
f 1284 1359 1285
f 1285 1359 1360
f 1285 1360 1286
f 1286 1360 1361
f 1286 1361 1287
f 1287 1361 1362
f 1287 1362 1288
f 1288 1362 1363
f 1288 1363 1289
f 1289 1363 1364
f 1289 1364 1290
f 1290 1364 1365
f 1290 1365 1291
f 1291 1365 1366
f 1291 1366 1292
f 1292 1366 1367
f 1292 1367 1293
f 1293 1367 1368
f 1293 1368 1294
f 1294 1368 1369
f 1294 1369 1295
f 1295 1369 1370
f 1295 1370 1296
f 1296 1370 1371
f 1296 1371 1297
f 1297 1371 1372
f 1297 1372 1298
f 1298 1372 1373
f 1298 1373 1299
f 1299 1373 1374
f 1299 1374 1300
f 1300 1374 1375
f 1300 1375 1301
f 1301 1375 1376
f 1301 1376 1302
f 1302 1376 1377
f 1302 1377 1303
f 1303 1377 1378
f 1303 1378 1304
f 1304 1378 1379
f 1304 1379 1305
f 1305 1379 1380
f 1305 1380 1306
f 1306 1380 1381
f 1306 1381 1307
f 1307 1381 1382
f 1307 1382 1308
f 1308 1382 1383
f 1308 1383 1309
f 1309 1383 1384
f 1309 1384 1310
f 1310 1384 1385
f 1310 1385 1311
f 1311 1385 1386
f 1311 1386 1312
f 1312 1386 1387
f 1312 1387 1313
f 1313 1387 1388
f 1313 1388 1315
f 1315 1388 1389
f 1315 1389 1316
f 1316 1389 1390
f 1316 1390 1317
f 1317 1390 1391
f 1317 1391 1318
f 1318 1391 1392
f 1318 1392 1319
f 1319 1392 1393
f 1319 1393 1320
f 1320 1393 1394
f 1320 1394 1321
f 1321 1394 1395
f 1321 1395 1322
f 1322 1395 1396
f 1322 1396 1323
f 1323 1396 1397
f 1323 1397 1324
f 1324 1397 1398
f 1324 1398 1325
f 1325 1398 1399
f 1325 1399 1326
f 1326 1399 1400
f 1326 1400 1327
f 1327 1400 1401
f 1327 1401 1328
f 1328 1401 1402
f 1328 1402 1329
f 1329 1402 1403
f 1329 1403 1330
f 1330 1403 1404
f 1330 1404 1331
f 1331 1404 1405
f 1331 1405 1332
f 1332 1405 1406
f 1332 1406 1333
f 1333 1406 1407
f 1333 1407 1334
f 1334 1407 1408
f 1334 1408 1335
f 1335 1408 1409
f 1335 1409 1336
f 1336 1409 1410
f 1336 1410 1337
f 1337 1410 1411
f 1337 1411 1338
f 1338 1411 1412
f 1338 1412 1339
f 1339 1412 1413
f 1339 1413 1340
f 1340 1413 1414
f 1340 1414 1341
f 1341 1414 1415
f 1341 1415 1342
f 1342 1415 1416
f 1342 1416 1343
f 1343 1416 1417
f 1343 1417 1344
f 1344 1417 1418
f 1344 1418 1345
f 1345 1418 1419
f 1345 1419 1346
f 1346 1419 1420
f 1346 1420 1347
f 1347 1420 1421
f 1347 1421 1348
f 1348 1421 1422
f 1348 1422 1349
f 1349 1422 1423
f 1349 1423 1350
f 1350 1423 1424
f 1350 1424 1351
f 1351 1424 1425
f 1351 1425 1352
f 1352 1425 1426
f 1352 1426 1278
f 1278 1426 1353
f 1353 1225 1354
f 1354 1225 1224
f 1354 1224 1355
f 1355 1224 1160
f 1355 1160 1356
f 1356 1160 1161
f 1356 1161 1357
f 1357 1161 1162
f 1357 1162 1358
f 1358 1162 1163
f 1358 1163 1359
f 1359 1163 1164
f 1359 1164 1360
f 1360 1164 1165
f 1360 1165 1361
f 1361 1165 1168
f 1361 1168 1362
f 1362 1168 1167
f 1362 1167 1363
f 1363 1167 1166
f 1363 1166 1364
f 1364 1166 1159
f 1364 1159 1365
f 1365 1159 1158
f 1365 1158 1366
f 1366 1158 1169
f 1366 1169 1367
f 1367 1169 1170
f 1367 1170 1368
f 1368 1170 1171
f 1368 1171 1369
f 1369 1171 1172
f 1369 1172 1370
f 1370 1172 1173
f 1370 1173 1371
f 1371 1173 1174
f 1371 1174 1372
f 1372 1174 1175
f 1372 1175 1373
f 1373 1175 1176
f 1373 1176 1374
f 1374 1176 1177
f 1374 1177 1375
f 1375 1177 1182
f 1375 1182 1376
f 1376 1182 1181
f 1376 1181 1377
f 1377 1181 1180
f 1377 1180 1378
f 1378 1180 1179
f 1378 1179 1379
f 1379 1179 1178
f 1379 1178 1380
f 1380 1178 1183
f 1380 1183 1381
f 1381 1183 1184
f 1381 1184 1382
f 1382 1184 1185
f 1382 1185 1383
f 1383 1185 1186
f 1383 1186 1384
f 1384 1186 1187
f 1384 1187 1385
f 1385 1187 1190
f 1385 1190 1386
f 1386 1190 1189
f 1386 1189 1387
f 1387 1189 1188
f 1387 1188 1388
f 1388 1188 1195
f 1388 1195 1389
f 1389 1195 1194
f 1389 1194 1390
f 1390 1194 1193
f 1390 1193 1391
f 1391 1193 1192
f 1391 1192 1392
f 1392 1192 1191
f 1392 1191 1393
f 1393 1191 1199
f 1393 1199 1394
f 1394 1199 1198
f 1394 1198 1395
f 1395 1198 1197
f 1395 1197 1396
f 1396 1197 1196
f 1396 1196 1397
f 1397 1196 1203
f 1397 1203 1398
f 1398 1203 1202
f 1398 1202 1399
f 1399 1202 1201
f 1399 1201 1400
f 1400 1201 1200
f 1400 1200 1401
f 1401 1200 1206
f 1401 1206 1402
f 1402 1206 1205
f 1402 1205 1403
f 1403 1205 1204
f 1403 1204 1404
f 1404 1204 1157
f 1404 1157 1405
f 1405 1157 1156
f 1405 1156 1406
f 1406 1156 1207
f 1406 1207 1407
f 1407 1207 1208
f 1407 1208 1408
f 1408 1208 1209
f 1408 1209 1409
f 1409 1209 1210
f 1409 1210 1410
f 1410 1210 1211
f 1410 1211 1411
f 1411 1211 1212
f 1411 1212 1412
f 1412 1212 1213
f 1412 1213 1413
f 1413 1213 1214
f 1413 1214 1414
f 1414 1214 1215
f 1414 1215 1415
f 1415 1215 1216
f 1415 1216 1416
f 1416 1216 1155
f 1416 1155 1417
f 1417 1155 1154
f 1417 1154 1418
f 1418 1154 1217
f 1418 1217 1419
f 1419 1217 1218
f 1419 1218 1420
f 1420 1218 1219
f 1420 1219 1421
f 1421 1219 1220
f 1421 1220 1422
f 1422 1220 1221
f 1422 1221 1423
f 1423 1221 1222
f 1423 1222 1424
f 1424 1222 1223
f 1424 1223 1425
f 1425 1223 1227
f 1425 1227 1426
f 1426 1227 1226
f 1426 1226 1353
f 1353 1226 1225
f 1277 1427 1273
f 1273 1427 1428
f 1273 1428 1272
f 1272 1428 1429
f 1272 1429 1271
f 1271 1429 1430
f 1271 1430 1266
f 1266 1430 1431
f 1266 1431 1267
f 1267 1431 1432
f 1267 1432 1268
f 1268 1432 1433
f 1268 1433 1269
f 1269 1433 1434
f 1269 1434 1270
f 1270 1434 1435
f 1270 1435 1264
f 1264 1435 1436
f 1264 1436 1265
f 1265 1436 1437
f 1265 1437 1263
f 1263 1437 1438
f 1263 1438 1262
f 1262 1438 1439
f 1262 1439 1261
f 1261 1439 1440
f 1261 1440 1228
f 1228 1440 1441
f 1228 1441 1229
f 1229 1441 1442
f 1229 1442 1260
f 1260 1442 1443
f 1260 1443 1259
f 1259 1443 1444
f 1259 1444 1258
f 1258 1444 1445
f 1258 1445 1257
f 1257 1445 1446
f 1257 1446 1256
f 1256 1446 1447
f 1256 1447 1255
f 1255 1447 1448
f 1255 1448 1254
f 1254 1448 1449
f 1254 1449 1253
f 1253 1449 1450
f 1253 1450 1252
f 1252 1450 1451
f 1252 1451 1251
f 1251 1451 1452
f 1251 1452 1250
f 1250 1452 1453
f 1250 1453 1249
f 1249 1453 1454
f 1249 1454 1248
f 1248 1454 1455
f 1248 1455 1247
f 1247 1455 1456
f 1247 1456 1246
f 1246 1456 1457
f 1246 1457 1245
f 1245 1457 1458
f 1245 1458 1244
f 1244 1458 1459
f 1244 1459 1243
f 1243 1459 1460
f 1243 1460 1242
f 1242 1460 1461
f 1242 1461 1241
f 1241 1461 1462
f 1241 1462 1237
f 1237 1462 1463
f 1237 1463 1238
f 1238 1463 1464
f 1238 1464 1239
f 1239 1464 1465
f 1239 1465 1240
f 1240 1465 1466
f 1240 1466 1235
f 1235 1466 1467
f 1235 1467 1236
f 1236 1467 1468
f 1236 1468 1233
f 1233 1468 1469
f 1233 1469 1234
f 1234 1469 1470
f 1234 1470 1231
f 1231 1470 1471
f 1231 1471 1232
f 1232 1471 1472
f 1232 1472 1230
f 1230 1472 1473
f 1230 1473 1274
f 1274 1473 1474
f 1274 1474 1275
f 1275 1474 1475
f 1275 1475 1276
f 1276 1475 1476
f 1276 1476 1277
f 1277 1476 1427
f 1427 1477 1428
f 1428 1477 1478
f 1428 1478 1429
f 1429 1478 1479
f 1429 1479 1430
f 1430 1479 1480
f 1430 1480 1431
f 1431 1480 1481
f 1431 1481 1432
f 1432 1481 1482
f 1432 1482 1433
f 1433 1482 1483
f 1433 1483 1434
f 1434 1483 1484
f 1434 1484 1435
f 1435 1484 1485
f 1435 1485 1436
f 1436 1485 1486
f 1436 1486 1437
f 1437 1486 1487
f 1437 1487 1438
f 1438 1487 1488
f 1438 1488 1439
f 1439 1488 1489
f 1439 1489 1440
f 1440 1489 1490
f 1440 1490 1441
f 1441 1490 1491
f 1441 1491 1442
f 1442 1491 1492
f 1442 1492 1443
f 1443 1492 1493
f 1443 1493 1444
f 1444 1493 1494
f 1444 1494 1445
f 1445 1494 1495
f 1445 1495 1446
f 1446 1495 1496
f 1446 1496 1447
f 1447 1496 1497
f 1447 1497 1448
f 1448 1497 1498
f 1448 1498 1449
f 1449 1498 1499
f 1449 1499 1450
f 1450 1499 1500
f 1450 1500 1451
f 1451 1500 1501
f 1451 1501 1452
f 1452 1501 1502
f 1452 1502 1453
f 1453 1502 1503
f 1453 1503 1454
f 1454 1503 1504
f 1454 1504 1455
f 1455 1504 1505
f 1455 1505 1456
f 1456 1505 1506
f 1456 1506 1457
f 1457 1506 1507
f 1457 1507 1458
f 1458 1507 1508
f 1458 1508 1459
f 1459 1508 1509
f 1459 1509 1460
f 1460 1509 1510
f 1460 1510 1461
f 1461 1510 1511
f 1461 1511 1462
f 1462 1511 1512
f 1462 1512 1463
f 1463 1512 1513
f 1463 1513 1464
f 1464 1513 1514
f 1464 1514 1465
f 1465 1514 1515
f 1465 1515 1466
f 1466 1515 1516
f 1466 1516 1467
f 1467 1516 1517
f 1467 1517 1468
f 1468 1517 1518
f 1468 1518 1469
f 1469 1518 1519
f 1469 1519 1470
f 1470 1519 1520
f 1470 1520 1471
f 1471 1520 1521
f 1471 1521 1472
f 1472 1521 1522
f 1472 1522 1473
f 1473 1522 1523
f 1473 1523 1474
f 1474 1523 1524
f 1474 1524 1475
f 1475 1524 1525
f 1475 1525 1476
f 1476 1525 1526
f 1476 1526 1427
f 1427 1526 1477
f 1477 424 1478
f 1478 424 419
f 1478 419 1479
f 1479 419 418
f 1479 418 1480
f 1480 418 417
f 1480 417 1481
f 1481 417 526
f 1481 526 1482
f 1482 526 524
f 1482 524 1483
f 1483 524 365
f 1483 365 1484
f 1484 365 366
f 1484 366 1485
f 1485 366 427
f 1485 427 1486
f 1486 427 428
f 1486 428 1487
f 1487 428 435
f 1487 435 1488
f 1488 435 434
f 1488 434 1489
f 1489 434 433
f 1489 433 1490
f 1490 433 432
f 1490 432 1491
f 1491 432 431
f 1491 431 1492
f 1492 431 430
f 1492 430 1493
f 1493 430 429
f 1493 429 1494
f 1494 429 334
f 1494 334 1495
f 1495 334 332
f 1495 332 1496
f 1496 332 328
f 1496 328 1497
f 1497 328 336
f 1497 336 1498
f 1498 336 440
f 1498 440 1499
f 1499 440 439
f 1499 439 1500
f 1500 439 437
f 1500 437 1501
f 1501 437 436
f 1501 436 1502
f 1502 436 442
f 1502 442 1503
f 1503 442 441
f 1503 441 1504
f 1504 441 438
f 1504 438 1505
f 1505 438 302
f 1505 302 1506
f 1506 302 304
f 1506 304 1507
f 1507 304 306
f 1507 306 1508
f 1508 306 300
f 1508 300 1509
f 1509 300 299
f 1509 299 1510
f 1510 299 443
f 1510 443 1511
f 1511 443 444
f 1511 444 1512
f 1512 444 450
f 1512 450 1513
f 1513 450 449
f 1513 449 1514
f 1514 449 448
f 1514 448 1515
f 1515 448 447
f 1515 447 1516
f 1516 447 446
f 1516 446 1517
f 1517 446 445
f 1517 445 1518
f 1518 445 375
f 1518 375 1519
f 1519 375 374
f 1519 374 1520
f 1520 374 379
f 1520 379 1521
f 1521 379 381
f 1521 381 1522
f 1522 381 421
f 1522 421 1523
f 1523 421 422
f 1523 422 1524
f 1524 422 423
f 1524 423 1525
f 1525 423 426
f 1525 426 1526
f 1526 426 425
f 1526 425 1477
f 1477 425 424
f 1153 1527 1149
f 1149 1527 1528
f 1149 1528 1148
f 1148 1528 1529
f 1148 1529 1147
f 1147 1529 1530
f 1147 1530 1142
f 1142 1530 1531
f 1142 1531 1143
f 1143 1531 1532
f 1143 1532 1144
f 1144 1532 1533
f 1144 1533 1145
f 1145 1533 1534
f 1145 1534 1146
f 1146 1534 1535
f 1146 1535 1140
f 1140 1535 1536
f 1140 1536 1141
f 1141 1536 1537
f 1141 1537 1139
f 1139 1537 1538
f 1139 1538 1138
f 1138 1538 1539
f 1138 1539 1137
f 1137 1539 1540
f 1137 1540 1104
f 1104 1540 1541
f 1104 1541 1105
f 1105 1541 1542
f 1105 1542 1136
f 1136 1542 1543
f 1136 1543 1135
f 1135 1543 1544
f 1135 1544 1134
f 1134 1544 1545
f 1134 1545 1133
f 1133 1545 1546
f 1133 1546 1132
f 1132 1546 1547
f 1132 1547 1131
f 1131 1547 1548
f 1131 1548 1127
f 1127 1548 1549
f 1127 1549 1128
f 1128 1549 1550
f 1128 1550 1129
f 1129 1550 1551
f 1129 1551 1130
f 1130 1551 1552
f 1130 1552 1125
f 1125 1552 1553
f 1125 1553 1126
f 1126 1553 1554
f 1126 1554 1123
f 1123 1554 1555
f 1123 1555 1124
f 1124 1555 1556
f 1124 1556 1121
f 1121 1556 1557
f 1121 1557 1122
f 1122 1557 1558
f 1122 1558 1119
f 1119 1558 1559
f 1119 1559 1120
f 1120 1559 1560
f 1120 1560 1116
f 1116 1560 1561
f 1116 1561 1117
f 1117 1561 1562
f 1117 1562 1118
f 1118 1562 1563
f 1118 1563 1115
f 1115 1563 1564
f 1115 1564 1114
f 1114 1564 1565
f 1114 1565 1113
f 1113 1565 1566
f 1113 1566 1112
f 1112 1566 1567
f 1112 1567 1111
f 1111 1567 1568
f 1111 1568 1110
f 1110 1568 1569
f 1110 1569 1109
f 1109 1569 1570
f 1109 1570 1108
f 1108 1570 1571
f 1108 1571 1106
f 1106 1571 1572
f 1106 1572 1107
f 1107 1572 1573
f 1107 1573 1150
f 1150 1573 1574
f 1150 1574 1151
f 1151 1574 1575
f 1151 1575 1152
f 1152 1575 1576
f 1152 1576 1153
f 1153 1576 1527
f 1527 1577 1528
f 1528 1577 1578
f 1528 1578 1529
f 1529 1578 1579
f 1529 1579 1530
f 1530 1579 1580
f 1530 1580 1531
f 1531 1580 1581
f 1531 1581 1532
f 1532 1581 1582
f 1532 1582 1533
f 1533 1582 1583
f 1533 1583 1534
f 1534 1583 1584
f 1534 1584 1535
f 1535 1584 1585
f 1535 1585 1536
f 1536 1585 1586
f 1536 1586 1537
f 1537 1586 1587
f 1537 1587 1538
f 1538 1587 1588
f 1538 1588 1539
f 1539 1588 1589
f 1539 1589 1540
f 1540 1589 1590
f 1540 1590 1541
f 1541 1590 1591
f 1541 1591 1542
f 1542 1591 1592
f 1542 1592 1543
f 1543 1592 1593
f 1543 1593 1544
f 1544 1593 1594
f 1544 1594 1545
f 1545 1594 1595
f 1545 1595 1546
f 1546 1595 1596
f 1546 1596 1547
f 1547 1596 1597
f 1547 1597 1548
f 1548 1597 1598
f 1548 1598 1549
f 1549 1598 1599
f 1549 1599 1550
f 1550 1599 1600
f 1550 1600 1551
f 1551 1600 1601
f 1551 1601 1552
f 1552 1601 1602
f 1552 1602 1553
f 1553 1602 1603
f 1553 1603 1554
f 1554 1603 1604
f 1554 1604 1555
f 1555 1604 1605
f 1555 1605 1556
f 1556 1605 1606
f 1556 1606 1557
f 1557 1606 1607
f 1557 1607 1558
f 1558 1607 1608
f 1558 1608 1559
f 1559 1608 1609
f 1559 1609 1560
f 1560 1609 1610
f 1560 1610 1561
f 1561 1610 1611
f 1561 1611 1562
f 1562 1611 1612
f 1562 1612 1563
f 1563 1612 1613
f 1563 1613 1564
f 1564 1613 1614
f 1564 1614 1565
f 1565 1614 1615
f 1565 1615 1566
f 1566 1615 1616
f 1566 1616 1567
f 1567 1616 1617
f 1567 1617 1568
f 1568 1617 1618
f 1568 1618 1569
f 1569 1618 1619
f 1569 1619 1570
f 1570 1619 1620
f 1570 1620 1571
f 1571 1620 1621
f 1571 1621 1572
f 1572 1621 1622
f 1572 1622 1573
f 1573 1622 1623
f 1573 1623 1574
f 1574 1623 1624
f 1574 1624 1575
f 1575 1624 1625
f 1575 1625 1576
f 1576 1625 1626
f 1576 1626 1527
f 1527 1626 1577
f 1577 233 1578
f 1578 233 228
f 1578 228 1579
f 1579 228 227
f 1579 227 1580
f 1580 227 85
f 1580 85 1581
f 1581 85 86
f 1581 86 1582
f 1582 86 88
f 1582 88 1583
f 1583 88 90
f 1583 90 1584
f 1584 90 94
f 1584 94 1585
f 1585 94 240
f 1585 240 1586
f 1586 240 239
f 1586 239 1587
f 1587 239 238
f 1587 238 1588
f 1588 238 243
f 1588 243 1589
f 1589 243 242
f 1589 242 1590
f 1590 242 241
f 1590 241 1591
f 1591 241 237
f 1591 237 1592
f 1592 237 236
f 1592 236 1593
f 1593 236 102
f 1593 102 1594
f 1594 102 103
f 1594 103 1595
f 1595 103 106
f 1595 106 1596
f 1596 106 108
f 1596 108 1597
f 1597 108 245
f 1597 245 1598
f 1598 245 246
f 1598 246 1599
f 1599 246 247
f 1599 247 1600
f 1600 247 252
f 1600 252 1601
f 1601 252 251
f 1601 251 1602
f 1602 251 250
f 1602 250 1603
f 1603 250 249
f 1603 249 1604
f 1604 249 248
f 1604 248 1605
f 1605 248 113
f 1605 113 1606
f 1606 113 114
f 1606 114 1607
f 1607 114 116
f 1607 116 1608
f 1608 116 118
f 1608 118 1609
f 1609 118 121
f 1609 121 1610
f 1610 121 253
f 1610 253 1611
f 1611 253 254
f 1611 254 1612
f 1612 254 260
f 1612 260 1613
f 1613 260 259
f 1613 259 1614
f 1614 259 258
f 1614 258 1615
f 1615 258 257
f 1615 257 1616
f 1616 257 256
f 1616 256 1617
f 1617 256 255
f 1617 255 1618
f 1618 255 66
f 1618 66 1619
f 1619 66 60
f 1619 60 1620
f 1620 60 62
f 1620 62 1621
f 1621 62 64
f 1621 64 1622
f 1622 64 230
f 1622 230 1623
f 1623 230 231
f 1623 231 1624
f 1624 231 232
f 1624 232 1625
f 1625 232 235
f 1625 235 1626
f 1626 235 234
f 1626 234 1577
f 1577 234 233
f 158 1627 156
f 156 1627 1628
f 156 1628 148
f 148 1628 1629
f 148 1629 149
f 149 1629 1630
f 149 1630 98
f 98 1630 1631
f 98 1631 70
f 70 1631 1632
f 70 1632 71
f 71 1632 1633
f 71 1633 74
f 74 1633 1634
f 74 1634 76
f 76 1634 1635
f 76 1635 78
f 78 1635 1636
f 78 1636 80
f 80 1636 1637
f 80 1637 91
f 91 1637 1638
f 91 1638 82
f 82 1638 1639
f 82 1639 16
f 16 1639 1640
f 16 1640 17
f 17 1640 1641
f 17 1641 215
f 215 1641 1642
f 215 1642 226
f 226 1642 1643
f 226 1643 225
f 225 1643 1644
f 225 1644 223
f 223 1644 1645
f 223 1645 221
f 221 1645 1646
f 221 1646 219
f 219 1646 1647
f 219 1647 199
f 199 1647 1648
f 199 1648 200
f 200 1648 1649
f 200 1649 201
f 201 1649 1650
f 201 1650 203
f 203 1650 1651
f 203 1651 205
f 205 1651 1652
f 205 1652 207
f 207 1652 1653
f 207 1653 209
f 209 1653 1654
f 209 1654 211
f 211 1654 1655
f 211 1655 3
f 3 1655 1656
f 3 1656 1
f 1 1656 1657
f 1 1657 189
f 189 1657 1658
f 189 1658 146
f 146 1658 1659
f 146 1659 145
f 145 1659 1660
f 145 1660 136
f 136 1660 1661
f 136 1661 138
f 138 1661 1662
f 138 1662 140
f 140 1662 1663
f 140 1663 142
f 142 1663 1664
f 142 1664 143
f 143 1664 1665
f 143 1665 144
f 144 1665 1666
f 144 1666 186
f 186 1666 1667
f 186 1667 187
f 187 1667 1668
f 187 1668 188
f 188 1668 1669
f 188 1669 174
f 174 1669 1670
f 174 1670 176
f 176 1670 1671
f 176 1671 178
f 178 1671 1672
f 178 1672 180
f 180 1672 1673
f 180 1673 182
f 182 1673 1674
f 182 1674 183
f 183 1674 1675
f 183 1675 184
f 184 1675 1676
f 184 1676 185
f 185 1676 1677
f 185 1677 4
f 4 1677 1678
f 4 1678 5
f 5 1678 1679
f 5 1679 45
f 45 1679 1680
f 45 1680 44
f 44 1680 1681
f 44 1681 42
f 42 1681 1682
f 42 1682 40
f 40 1682 1683
f 40 1683 38
f 38 1683 1684
f 38 1684 169
f 169 1684 1685
f 169 1685 170
f 170 1685 1686
f 170 1686 171
f 171 1686 1687
f 171 1687 172
f 172 1687 1688
f 172 1688 56
f 56 1688 1689
f 56 1689 54
f 54 1689 1690
f 54 1690 52
f 52 1690 1691
f 52 1691 50
f 50 1691 1692
f 50 1692 48
f 48 1692 1693
f 48 1693 46
f 46 1693 1694
f 46 1694 59
f 59 1694 1695
f 59 1695 22
f 22 1695 1696
f 22 1696 23
f 23 1696 1697
f 23 1697 164
f 164 1697 1698
f 164 1698 162
f 162 1698 1699
f 162 1699 160
f 160 1699 1700
f 160 1700 158
f 158 1700 1627
f 1627 1701 1628
f 1628 1701 1702
f 1628 1702 1629
f 1629 1702 1703
f 1629 1703 1630
f 1630 1703 1704
f 1630 1704 1631
f 1631 1704 1705
f 1631 1705 1632
f 1632 1705 1706
f 1632 1706 1633
f 1633 1706 1707
f 1633 1707 1634
f 1634 1707 1708
f 1634 1708 1635
f 1635 1708 1709
f 1635 1709 1636
f 1636 1709 1710
f 1636 1710 1637
f 1637 1710 1711
f 1637 1711 1638
f 1638 1711 1712
f 1638 1712 1639
f 1639 1712 1713
f 1639 1713 1640
f 1640 1713 1714
f 1640 1714 1641
f 1641 1714 1715
f 1641 1715 1642
f 1642 1715 1716
f 1642 1716 1643
f 1643 1716 1717
f 1643 1717 1644
f 1644 1717 1718
f 1644 1718 1645
f 1645 1718 1719
f 1645 1719 1646
f 1646 1719 1720
f 1646 1720 1647
f 1647 1720 1721
f 1647 1721 1648
f 1648 1721 1722
f 1648 1722 1649
f 1649 1722 1723
f 1649 1723 1650
f 1650 1723 1724
f 1650 1724 1651
f 1651 1724 1725
f 1651 1725 1652
f 1652 1725 1726
f 1652 1726 1653
f 1653 1726 1727
f 1653 1727 1654
f 1654 1727 1728
f 1654 1728 1655
f 1655 1728 1729
f 1655 1729 1656
f 1656 1729 1730
f 1656 1730 1657
f 1657 1730 1731
f 1657 1731 1658
f 1658 1731 1732
f 1658 1732 1659
f 1659 1732 1733
f 1659 1733 1660
f 1660 1733 1734
f 1660 1734 1661
f 1661 1734 1735
f 1661 1735 1662
f 1662 1735 1736
f 1662 1736 1663
f 1663 1736 1737
f 1663 1737 1664
f 1664 1737 1738
f 1664 1738 1665
f 1665 1738 1739
f 1665 1739 1666
f 1666 1739 1740
f 1666 1740 1667
f 1667 1740 1741
f 1667 1741 1668
f 1668 1741 1742
f 1668 1742 1669
f 1669 1742 1743
f 1669 1743 1670
f 1670 1743 1744
f 1670 1744 1671
f 1671 1744 1745
f 1671 1745 1672
f 1672 1745 1746
f 1672 1746 1673
f 1673 1746 1747
f 1673 1747 1674
f 1674 1747 1748
f 1674 1748 1675
f 1675 1748 1749
f 1675 1749 1676
f 1676 1749 1750
f 1676 1750 1677
f 1677 1750 1751
f 1677 1751 1678
f 1678 1751 1752
f 1678 1752 1679
f 1679 1752 1753
f 1679 1753 1680
f 1680 1753 1754
f 1680 1754 1681
f 1681 1754 1755
f 1681 1755 1682
f 1682 1755 1756
f 1682 1756 1683
f 1683 1756 1757
f 1683 1757 1684
f 1684 1757 1758
f 1684 1758 1685
f 1685 1758 1759
f 1685 1759 1686
f 1686 1759 1760
f 1686 1760 1687
f 1687 1760 1761
f 1687 1761 1688
f 1688 1761 1762
f 1688 1762 1689
f 1689 1762 1763
f 1689 1763 1690
f 1690 1763 1764
f 1690 1764 1691
f 1691 1764 1765
f 1691 1765 1692
f 1692 1765 1766
f 1692 1766 1693
f 1693 1766 1767
f 1693 1767 1694
f 1694 1767 1768
f 1694 1768 1695
f 1695 1768 1769
f 1695 1769 1696
f 1696 1769 1770
f 1696 1770 1697
f 1697 1770 1771
f 1697 1771 1698
f 1698 1771 1772
f 1698 1772 1699
f 1699 1772 1773
f 1699 1773 1700
f 1700 1773 1774
f 1700 1774 1627
f 1627 1774 1701
f 1701 1101 1702
f 1702 1101 1100
f 1702 1100 1703
f 1703 1100 1034
f 1703 1034 1704
f 1704 1034 1035
f 1704 1035 1705
f 1705 1035 1036
f 1705 1036 1706
f 1706 1036 1037
f 1706 1037 1707
f 1707 1037 1038
f 1707 1038 1708
f 1708 1038 1039
f 1708 1039 1709
f 1709 1039 1043
f 1709 1043 1710
f 1710 1043 1042
f 1710 1042 1711
f 1711 1042 1041
f 1711 1041 1712
f 1712 1041 1040
f 1712 1040 1713
f 1713 1040 1046
f 1713 1046 1714
f 1714 1046 1045
f 1714 1045 1715
f 1715 1045 1044
f 1715 1044 1716
f 1716 1044 1048
f 1716 1048 1717
f 1717 1048 1047
f 1717 1047 1718
f 1718 1047 1050
f 1718 1050 1719
f 1719 1050 1049
f 1719 1049 1720
f 1720 1049 1054
f 1720 1054 1721
f 1721 1054 1053
f 1721 1053 1722
f 1722 1053 1052
f 1722 1052 1723
f 1723 1052 1051
f 1723 1051 1724
f 1724 1051 1055
f 1724 1055 1725
f 1725 1055 1056
f 1725 1056 1726
f 1726 1056 1057
f 1726 1057 1727
f 1727 1057 1060
f 1727 1060 1728
f 1728 1060 1059
f 1728 1059 1729
f 1729 1059 1058
f 1729 1058 1730
f 1730 1058 1064
f 1730 1064 1731
f 1731 1064 1063
f 1731 1063 1732
f 1732 1063 1062
f 1732 1062 1733
f 1733 1062 1061
f 1733 1061 1734
f 1734 1061 1065
f 1734 1065 1735
f 1735 1065 1066
f 1735 1066 1736
f 1736 1066 1067
f 1736 1067 1737
f 1737 1067 1775
f 1737 1775 1738
f 1738 1775 1070
f 1738 1070 1739
f 1739 1070 1069
f 1739 1069 1740
f 1740 1069 1068
f 1740 1068 1741
f 1741 1068 1075
f 1741 1075 1742
f 1742 1075 1074
f 1742 1074 1743
f 1743 1074 1073
f 1743 1073 1744
f 1744 1073 1072
f 1744 1072 1745
f 1745 1072 1079
f 1745 1079 1746
f 1746 1079 1078
f 1746 1078 1747
f 1747 1078 1077
f 1747 1077 1748
f 1748 1077 1076
f 1748 1076 1749
f 1749 1076 1082
f 1749 1082 1750
f 1750 1082 1081
f 1750 1081 1751
f 1751 1081 1080
f 1751 1080 1752
f 1752 1080 1033
f 1752 1033 1753
f 1753 1033 1032
f 1753 1032 1754
f 1754 1032 1083
f 1754 1083 1755
f 1755 1083 1084
f 1755 1084 1756
f 1756 1084 1085
f 1756 1085 1757
f 1757 1085 1086
f 1757 1086 1758
f 1758 1086 1087
f 1758 1087 1759
f 1759 1087 1088
f 1759 1088 1760
f 1760 1088 1089
f 1760 1089 1761
f 1761 1089 1090
f 1761 1090 1762
f 1762 1090 1091
f 1762 1091 1763
f 1763 1091 1092
f 1763 1092 1764
f 1764 1092 1031
f 1764 1031 1765
f 1765 1031 1030
f 1765 1030 1766
f 1766 1030 1093
f 1766 1093 1767
f 1767 1093 1094
f 1767 1094 1768
f 1768 1094 1095
f 1768 1095 1769
f 1769 1095 1096
f 1769 1096 1770
f 1770 1096 1097
f 1770 1097 1771
f 1771 1097 1098
f 1771 1098 1772
f 1772 1098 1099
f 1772 1099 1773
f 1773 1099 1103
f 1773 1103 1774
f 1774 1103 1102
f 1774 1102 1701
f 1701 1102 1101
# 3594 faces, 0 coords texture

# End of File
